"lon","lat","A_growth","n_A_end","mean_Temp","tot_mu"
-117.1,32.6,0.0456172875031757,14364522.3911218,21.9780521621688,99499540.4261039
-117,32.6,0.0456172875031757,14364522.3911218,21.9780521621688,99499540.4261039
-116.9,32.6,0.0456172875031757,14364522.3911218,21.9780521621688,99499540.4261039
-116.8,32.6,0.0456172875031757,14364522.3911218,21.9780521621688,99499540.4261039
-116.7,32.6,0.0456172875031757,14364522.3911218,21.9780521621688,99499540.4261039
-116.6,32.6,0.0456172875031757,14364522.3911218,21.9780521621688,99499540.4261039
-116.5,32.6,0.0374881553783433,748741.361863633,22.9787991078213,8551447.4643843
-116.4,32.6,0.0374881553783433,748741.361863633,22.9787991078213,8551447.4643843
-117.1,32.7,0.0456172875031757,14364522.3911218,21.9780521621688,99499540.4261039
-117,32.7,0.0456172875031757,14364522.3911218,21.9780521621688,99499540.4261039
-116.9,32.7,0.0456172875031757,14364522.3911218,21.9780521621688,99499540.4261039
-116.8,32.7,0.0456172875031757,14364522.3911218,21.9780521621688,99499540.4261039
-116.7,32.7,0.0456172875031757,14364522.3911218,21.9780521621688,99499540.4261039
-116.6,32.7,0.0456172875031757,14364522.3911218,21.9780521621688,99499540.4261039
-116.5,32.7,0.0374881553783433,748741.361863633,22.9787991078213,8551447.4643843
-116.4,32.7,0.0374881553783433,748741.361863633,22.9787991078213,8551447.4643843
-116.3,32.7,0.0374881553783433,748741.361863633,22.9787991078213,8551447.4643843
-116.2,32.7,0.0374881553783433,748741.361863633,22.9787991078213,8551447.4643843
-116.1,32.7,0.0374881553783433,748741.361863633,22.9787991078213,8551447.4643843
-116,32.7,0.0374881553783433,748741.361863633,22.9787991078213,8551447.4643843
-115.9,32.7,0.0287193153632812,34697.5009995112,28.4387465281718,201922.383079624
-115.8,32.7,0.0287193153632812,34697.5009995112,28.4387465281718,201922.383079624
-115.7,32.7,0.0287193153632812,34697.5009995112,28.4387465281718,201922.383079624
-115.6,32.7,0.0287193153632812,34697.5009995112,28.4387465281718,201922.383079624
-115.5,32.7,0.0287193153632812,34697.5009995112,28.4387465281718,201922.383079624
-115.4,32.7,0.0287193153632812,34697.5009995112,28.4387465281718,201922.383079624
-115.3,32.7,0.0283601482183835,30546.1920766777,28.6516943351508,191733.299515331
-115.2,32.7,0.0283601482183835,30546.1920766777,28.6516943351508,191733.299515331
-117.2,32.8,0.0365131757536325,495420.200701988,20.2694262043299,3154045.75869024
-117.1,32.8,0.0456518511430939,14671694.5352446,22.4039623178359,125144229.991574
-117,32.8,0.0456518511430939,14671694.5352446,22.4039623178359,125144229.991574
-116.9,32.8,0.0456518511430939,14671694.5352446,22.4039623178359,125144229.991574
-116.8,32.8,0.0456518511430939,14671694.5352446,22.4039623178359,125144229.991574
-116.7,32.8,0.0456518511430939,14671694.5352446,22.4039623178359,125144229.991574
-116.6,32.8,0.0456518511430939,14671694.5352446,22.4039623178359,125144229.991574
-116.5,32.8,0.0310925269112516,77036.6449334589,25.2871355742978,594258.18052264
-116.4,32.8,0.0310925269112516,77036.6449334589,25.2871355742978,594258.18052264
-116.3,32.8,0.0310925269112516,77036.6449334589,25.2871355742978,594258.18052264
-116.2,32.8,0.0310925269112516,77036.6449334589,25.2871355742978,594258.18052264
-116.1,32.8,0.0310925269112516,77036.6449334589,25.2871355742978,594258.18052264
-116,32.8,0.0310925269112516,77036.6449334589,25.2871355742978,594258.18052264
-115.9,32.8,0.0288761275531754,36830.919589852,28.5050629302463,210991.889322363
-115.8,32.8,0.0288761275531754,36830.919589852,28.5050629302463,210991.889322363
-115.7,32.8,0.0288761275531754,36830.919589852,28.5050629302463,210991.889322363
-115.6,32.8,0.0288761275531754,36830.919589852,28.5050629302463,210991.889322363
-115.5,32.8,0.0288761275531754,36830.919589852,28.5050629302463,210991.889322363
-115.4,32.8,0.0288761275531754,36830.919589852,28.5050629302463,210991.889322363
-115.3,32.8,0.0287953044303092,35318.8235270109,27.729870710342,226881.95433184
-115.2,32.8,0.0287953044303092,35318.8235270109,27.729870710342,226881.95433184
-115.1,32.8,0.0287953044303092,35318.8235270109,27.729870710342,226881.95433184
-115,32.8,0.0287953044303092,35318.8235270109,27.729870710342,226881.95433184
-114.9,32.8,0.0287953044303092,35318.8235270109,27.729870710342,226881.95433184
-114.8,32.8,0.0287953044303092,35318.8235270109,27.729870710342,226881.95433184
-114.7,32.8,0.0287953044303092,35318.8235270109,27.729870710342,226881.95433184
-114.6,32.8,0.0288247693565146,35868.2210400896,28.0136832658182,219016.231701763
-117.2,32.9,0.0365131757536325,495420.200701988,20.2694262043299,3154045.75869024
-117.1,32.9,0.0456518511430939,14671694.5352446,22.4039623178359,125144229.991574
-117,32.9,0.0456518511430939,14671694.5352446,22.4039623178359,125144229.991574
-116.9,32.9,0.0456518511430939,14671694.5352446,22.4039623178359,125144229.991574
-116.8,32.9,0.0456518511430939,14671694.5352446,22.4039623178359,125144229.991574
-116.7,32.9,0.0456518511430939,14671694.5352446,22.4039623178359,125144229.991574
-116.6,32.9,0.0456518511430939,14671694.5352446,22.4039623178359,125144229.991574
-116.5,32.9,0.0310925269112516,77036.6449334589,25.2871355742978,594258.18052264
-116.4,32.9,0.0310925269112516,77036.6449334589,25.2871355742978,594258.18052264
-116.3,32.9,0.0310925269112516,77036.6449334589,25.2871355742978,594258.18052264
-116.2,32.9,0.0310925269112516,77036.6449334589,25.2871355742978,594258.18052264
-116.1,32.9,0.0310925269112516,77036.6449334589,25.2871355742978,594258.18052264
-116,32.9,0.0310925269112516,77036.6449334589,25.2871355742978,594258.18052264
-115.9,32.9,0.0288761275531754,36830.919589852,28.5050629302463,210991.889322363
-115.8,32.9,0.0288761275531754,36830.919589852,28.5050629302463,210991.889322363
-115.7,32.9,0.0288761275531754,36830.919589852,28.5050629302463,210991.889322363
-115.6,32.9,0.0288761275531754,36830.919589852,28.5050629302463,210991.889322363
-115.5,32.9,0.0288761275531754,36830.919589852,28.5050629302463,210991.889322363
-115.4,32.9,0.0288761275531754,36830.919589852,28.5050629302463,210991.889322363
-115.3,32.9,0.0287953044303092,35318.8235270109,27.729870710342,226881.95433184
-115.2,32.9,0.0287953044303092,35318.8235270109,27.729870710342,226881.95433184
-115.1,32.9,0.0287953044303092,35318.8235270109,27.729870710342,226881.95433184
-115,32.9,0.0287953044303092,35318.8235270109,27.729870710342,226881.95433184
-114.9,32.9,0.0287953044303092,35318.8235270109,27.729870710342,226881.95433184
-114.8,32.9,0.0287953044303092,35318.8235270109,27.729870710342,226881.95433184
-114.7,32.9,0.0287953044303092,35318.8235270109,27.729870710342,226881.95433184
-114.6,32.9,0.0288247693565146,35868.2210400896,28.0136832658182,219016.231701763
-114.5,32.9,0.0288247693565146,35868.2210400896,28.0136832658182,219016.231701763
-117.2,33,0.0365131757536325,495420.200701988,20.2694262043299,3154045.75869024
-117.1,33,0.0456518511430939,14671694.5352446,22.4039623178359,125144229.991574
-117,33,0.0456518511430939,14671694.5352446,22.4039623178359,125144229.991574
-116.9,33,0.0456518511430939,14671694.5352446,22.4039623178359,125144229.991574
-116.8,33,0.0456518511430939,14671694.5352446,22.4039623178359,125144229.991574
-116.7,33,0.0456518511430939,14671694.5352446,22.4039623178359,125144229.991574
-116.6,33,0.0456518511430939,14671694.5352446,22.4039623178359,125144229.991574
-116.5,33,0.0310925269112516,77036.6449334589,25.2871355742978,594258.18052264
-116.4,33,0.0310925269112516,77036.6449334589,25.2871355742978,594258.18052264
-116.3,33,0.0310925269112516,77036.6449334589,25.2871355742978,594258.18052264
-116.2,33,0.0310925269112516,77036.6449334589,25.2871355742978,594258.18052264
-116.1,33,0.0310925269112516,77036.6449334589,25.2871355742978,594258.18052264
-116,33,0.0310925269112516,77036.6449334589,25.2871355742978,594258.18052264
-115.9,33,0.0288761275531754,36830.919589852,28.5050629302463,210991.889322363
-115.8,33,0.0288761275531754,36830.919589852,28.5050629302463,210991.889322363
-115.7,33,0.0288761275531754,36830.919589852,28.5050629302463,210991.889322363
-115.6,33,0.0288761275531754,36830.919589852,28.5050629302463,210991.889322363
-115.5,33,0.0288761275531754,36830.919589852,28.5050629302463,210991.889322363
-115.4,33,0.0288761275531754,36830.919589852,28.5050629302463,210991.889322363
-115.3,33,0.0287953044303092,35318.8235270109,27.729870710342,226881.95433184
-115.2,33,0.0287953044303092,35318.8235270109,27.729870710342,226881.95433184
-115.1,33,0.0287953044303092,35318.8235270109,27.729870710342,226881.95433184
-115,33,0.0287953044303092,35318.8235270109,27.729870710342,226881.95433184
-114.9,33,0.0287953044303092,35318.8235270109,27.729870710342,226881.95433184
-114.8,33,0.0287953044303092,35318.8235270109,27.729870710342,226881.95433184
-114.7,33,0.0287953044303092,35318.8235270109,27.729870710342,226881.95433184
-114.6,33,0.0288247693565146,35868.2210400896,28.0136832658182,219016.231701763
-114.5,33,0.0288247693565146,35868.2210400896,28.0136832658182,219016.231701763
-117.2,33.1,0.0365131757536325,495420.200701988,20.2694262043299,3154045.75869024
-117.1,33.1,0.0456518511430939,14671694.5352446,22.4039623178359,125144229.991574
-117,33.1,0.0456518511430939,14671694.5352446,22.4039623178359,125144229.991574
-116.9,33.1,0.0456518511430939,14671694.5352446,22.4039623178359,125144229.991574
-116.8,33.1,0.0456518511430939,14671694.5352446,22.4039623178359,125144229.991574
-116.7,33.1,0.0456518511430939,14671694.5352446,22.4039623178359,125144229.991574
-116.6,33.1,0.0456518511430939,14671694.5352446,22.4039623178359,125144229.991574
-116.5,33.1,0.0310925269112516,77036.6449334589,25.2871355742978,594258.18052264
-116.4,33.1,0.0310925269112516,77036.6449334589,25.2871355742978,594258.18052264
-116.3,33.1,0.0310925269112516,77036.6449334589,25.2871355742978,594258.18052264
-116.2,33.1,0.0310925269112516,77036.6449334589,25.2871355742978,594258.18052264
-116.1,33.1,0.0310925269112516,77036.6449334589,25.2871355742978,594258.18052264
-116,33.1,0.0310925269112516,77036.6449334589,25.2871355742978,594258.18052264
-115.9,33.1,0.0288761275531754,36830.919589852,28.5050629302463,210991.889322363
-115.8,33.1,0.0288761275531754,36830.919589852,28.5050629302463,210991.889322363
-115.7,33.1,0.0288761275531754,36830.919589852,28.5050629302463,210991.889322363
-115.6,33.1,0.0288761275531754,36830.919589852,28.5050629302463,210991.889322363
-115.5,33.1,0.0288761275531754,36830.919589852,28.5050629302463,210991.889322363
-115.4,33.1,0.0288761275531754,36830.919589852,28.5050629302463,210991.889322363
-115.3,33.1,0.0287953044303092,35318.8235270109,27.729870710342,226881.95433184
-115.2,33.1,0.0287953044303092,35318.8235270109,27.729870710342,226881.95433184
-115.1,33.1,0.0287953044303092,35318.8235270109,27.729870710342,226881.95433184
-115,33.1,0.0287953044303092,35318.8235270109,27.729870710342,226881.95433184
-114.9,33.1,0.0287953044303092,35318.8235270109,27.729870710342,226881.95433184
-114.8,33.1,0.0287953044303092,35318.8235270109,27.729870710342,226881.95433184
-117.3,33.2,0.0365131757536325,495420.200701988,20.2694262043299,3154045.75869024
-117.2,33.2,0.0365131757536325,495420.200701988,20.2694262043299,3154045.75869024
-117.1,33.2,0.0456518511430939,14671694.5352446,22.4039623178359,125144229.991574
-117,33.2,0.0456518511430939,14671694.5352446,22.4039623178359,125144229.991574
-116.9,33.2,0.0456518511430939,14671694.5352446,22.4039623178359,125144229.991574
-116.8,33.2,0.0456518511430939,14671694.5352446,22.4039623178359,125144229.991574
-116.7,33.2,0.0456518511430939,14671694.5352446,22.4039623178359,125144229.991574
-116.6,33.2,0.0456518511430939,14671694.5352446,22.4039623178359,125144229.991574
-116.5,33.2,0.0310925269112516,77036.6449334589,25.2871355742978,594258.18052264
-116.4,33.2,0.0310925269112516,77036.6449334589,25.2871355742978,594258.18052264
-116.3,33.2,0.0310925269112516,77036.6449334589,25.2871355742978,594258.18052264
-116.2,33.2,0.0310925269112516,77036.6449334589,25.2871355742978,594258.18052264
-116.1,33.2,0.0310925269112516,77036.6449334589,25.2871355742978,594258.18052264
-116,33.2,0.0310925269112516,77036.6449334589,25.2871355742978,594258.18052264
-115.9,33.2,0.0288761275531754,36830.919589852,28.5050629302463,210991.889322363
-115.8,33.2,0.0288761275531754,36830.919589852,28.5050629302463,210991.889322363
-115.7,33.2,0.0288761275531754,36830.919589852,28.5050629302463,210991.889322363
-115.6,33.2,0.0288761275531754,36830.919589852,28.5050629302463,210991.889322363
-115.5,33.2,0.0288761275531754,36830.919589852,28.5050629302463,210991.889322363
-115.4,33.2,0.0288761275531754,36830.919589852,28.5050629302463,210991.889322363
-115.3,33.2,0.0287953044303092,35318.8235270109,27.729870710342,226881.95433184
-115.2,33.2,0.0287953044303092,35318.8235270109,27.729870710342,226881.95433184
-115.1,33.2,0.0287953044303092,35318.8235270109,27.729870710342,226881.95433184
-115,33.2,0.0287953044303092,35318.8235270109,27.729870710342,226881.95433184
-114.9,33.2,0.0287953044303092,35318.8235270109,27.729870710342,226881.95433184
-114.8,33.2,0.0287953044303092,35318.8235270109,27.729870710342,226881.95433184
-117.4,33.3,0.0472216918100112,25976064.2950405,22.1065477184653,148584927.727531
-117.3,33.3,0.0472216918100112,25976064.2950405,22.1065477184653,148584927.727531
-117.2,33.3,0.0472216918100112,25976064.2950405,22.1065477184653,148584927.727531
-117.1,33.3,0.0418902504092618,3669399.98251134,22.099103183114,41397169.4978407
-117,33.3,0.0418902504092618,3669399.98251134,22.099103183114,41397169.4978407
-116.9,33.3,0.0418902504092618,3669399.98251134,22.099103183114,41397169.4978407
-116.8,33.3,0.0418902504092618,3669399.98251134,22.099103183114,41397169.4978407
-116.7,33.3,0.0418902504092618,3669399.98251134,22.099103183114,41397169.4978407
-116.6,33.3,0.0418902504092618,3669399.98251134,22.099103183114,41397169.4978407
-116.5,33.3,0.0296685368432445,46278.2813598516,25.6764334966237,351605.242988797
-116.4,33.3,0.0296685368432445,46278.2813598516,25.6764334966237,351605.242988797
-116.3,33.3,0.0296685368432445,46278.2813598516,25.6764334966237,351605.242988797
-116.2,33.3,0.0296685368432445,46278.2813598516,25.6764334966237,351605.242988797
-116.1,33.3,0.0296685368432445,46278.2813598516,25.6764334966237,351605.242988797
-116,33.3,0.0296685368432445,46278.2813598516,25.6764334966237,351605.242988797
-115.9,33.3,0.0286542585253635,32480.0195510723,26.3032386653756,252702.433223633
-115.8,33.3,0.0286542585253635,32480.0195510723,26.3032386653756,252702.433223633
-115.7,33.3,0.0286542585253635,32480.0195510723,26.3032386653756,252702.433223633
-115.6,33.3,0.0286542585253635,32480.0195510723,26.3032386653756,252702.433223633
-115.5,33.3,0.0286542585253635,32480.0195510723,26.3032386653756,252702.433223633
-115.4,33.3,0.0286542585253635,32480.0195510723,26.3032386653756,252702.433223633
-115.3,33.3,0.0274181212954686,21075.2999491856,27.1619304825603,159366.039091576
-115.2,33.3,0.0274181212954686,21075.2999491856,27.1619304825603,159366.039091576
-115.1,33.3,0.0274181212954686,21075.2999491856,27.1619304825603,159366.039091576
-115,33.3,0.0274181212954686,21075.2999491856,27.1619304825603,159366.039091576
-114.9,33.3,0.0274181212954686,21075.2999491856,27.1619304825603,159366.039091576
-114.8,33.3,0.0274181212954686,21075.2999491856,27.1619304825603,159366.039091576
-117.5,33.4,0.0472216918100112,25976064.2950405,22.1065477184653,148584927.727531
-117.4,33.4,0.0472216918100112,25976064.2950405,22.1065477184653,148584927.727531
-117.3,33.4,0.0472216918100112,25976064.2950405,22.1065477184653,148584927.727531
-117.2,33.4,0.0472216918100112,25976064.2950405,22.1065477184653,148584927.727531
-117.1,33.4,0.0418902504092618,3669399.98251134,22.099103183114,41397169.4978407
-117,33.4,0.0418902504092618,3669399.98251134,22.099103183114,41397169.4978407
-116.9,33.4,0.0418902504092618,3669399.98251134,22.099103183114,41397169.4978407
-116.8,33.4,0.0418902504092618,3669399.98251134,22.099103183114,41397169.4978407
-116.7,33.4,0.0418902504092618,3669399.98251134,22.099103183114,41397169.4978407
-116.6,33.4,0.0418902504092618,3669399.98251134,22.099103183114,41397169.4978407
-116.5,33.4,0.0296685368432445,46278.2813598516,25.6764334966237,351605.242988797
-116.4,33.4,0.0296685368432445,46278.2813598516,25.6764334966237,351605.242988797
-116.3,33.4,0.0296685368432445,46278.2813598516,25.6764334966237,351605.242988797
-116.2,33.4,0.0296685368432445,46278.2813598516,25.6764334966237,351605.242988797
-116.1,33.4,0.0296685368432445,46278.2813598516,25.6764334966237,351605.242988797
-116,33.4,0.0296685368432445,46278.2813598516,25.6764334966237,351605.242988797
-115.9,33.4,0.0286542585253635,32480.0195510723,26.3032386653756,252702.433223633
-115.8,33.4,0.0286542585253635,32480.0195510723,26.3032386653756,252702.433223633
-115.7,33.4,0.0286542585253635,32480.0195510723,26.3032386653756,252702.433223633
-115.6,33.4,0.0286542585253635,32480.0195510723,26.3032386653756,252702.433223633
-115.5,33.4,0.0286542585253635,32480.0195510723,26.3032386653756,252702.433223633
-115.4,33.4,0.0286542585253635,32480.0195510723,26.3032386653756,252702.433223633
-115.3,33.4,0.0274181212954686,21075.2999491856,27.1619304825603,159366.039091576
-115.2,33.4,0.0274181212954686,21075.2999491856,27.1619304825603,159366.039091576
-115.1,33.4,0.0274181212954686,21075.2999491856,27.1619304825603,159366.039091576
-115,33.4,0.0274181212954686,21075.2999491856,27.1619304825603,159366.039091576
-114.9,33.4,0.0274181212954686,21075.2999491856,27.1619304825603,159366.039091576
-114.8,33.4,0.0274181212954686,21075.2999491856,27.1619304825603,159366.039091576
-117.7,33.5,0.0472216918100112,25976064.2950405,22.1065477184653,148584927.727531
-117.6,33.5,0.0472216918100112,25976064.2950405,22.1065477184653,148584927.727531
-117.5,33.5,0.0472216918100112,25976064.2950405,22.1065477184653,148584927.727531
-117.4,33.5,0.0472216918100112,25976064.2950405,22.1065477184653,148584927.727531
-117.3,33.5,0.0472216918100112,25976064.2950405,22.1065477184653,148584927.727531
-117.2,33.5,0.0472216918100112,25976064.2950405,22.1065477184653,148584927.727531
-117.1,33.5,0.0418902504092618,3669399.98251134,22.099103183114,41397169.4978407
-117,33.5,0.0418902504092618,3669399.98251134,22.099103183114,41397169.4978407
-116.9,33.5,0.0418902504092618,3669399.98251134,22.099103183114,41397169.4978407
-116.8,33.5,0.0418902504092618,3669399.98251134,22.099103183114,41397169.4978407
-116.7,33.5,0.0418902504092618,3669399.98251134,22.099103183114,41397169.4978407
-116.6,33.5,0.0418902504092618,3669399.98251134,22.099103183114,41397169.4978407
-116.5,33.5,0.0296685368432445,46278.2813598516,25.6764334966237,351605.242988797
-116.4,33.5,0.0296685368432445,46278.2813598516,25.6764334966237,351605.242988797
-116.3,33.5,0.0296685368432445,46278.2813598516,25.6764334966237,351605.242988797
-116.2,33.5,0.0296685368432445,46278.2813598516,25.6764334966237,351605.242988797
-116.1,33.5,0.0296685368432445,46278.2813598516,25.6764334966237,351605.242988797
-116,33.5,0.0296685368432445,46278.2813598516,25.6764334966237,351605.242988797
-115.9,33.5,0.0286542585253635,32480.0195510723,26.3032386653756,252702.433223633
-115.8,33.5,0.0286542585253635,32480.0195510723,26.3032386653756,252702.433223633
-115.7,33.5,0.0286542585253635,32480.0195510723,26.3032386653756,252702.433223633
-115.6,33.5,0.0286542585253635,32480.0195510723,26.3032386653756,252702.433223633
-115.5,33.5,0.0286542585253635,32480.0195510723,26.3032386653756,252702.433223633
-115.4,33.5,0.0286542585253635,32480.0195510723,26.3032386653756,252702.433223633
-115.3,33.5,0.0274181212954686,21075.2999491856,27.1619304825603,159366.039091576
-115.2,33.5,0.0274181212954686,21075.2999491856,27.1619304825603,159366.039091576
-115.1,33.5,0.0274181212954686,21075.2999491856,27.1619304825603,159366.039091576
-115,33.5,0.0274181212954686,21075.2999491856,27.1619304825603,159366.039091576
-114.9,33.5,0.0274181212954686,21075.2999491856,27.1619304825603,159366.039091576
-114.8,33.5,0.0274181212954686,21075.2999491856,27.1619304825603,159366.039091576
-114.7,33.5,0.0274181212954686,21075.2999491856,27.1619304825603,159366.039091576
-117.8,33.6,0.0472216918100112,25976064.2950405,22.1065477184653,148584927.727531
-117.7,33.6,0.0472216918100112,25976064.2950405,22.1065477184653,148584927.727531
-117.6,33.6,0.0472216918100112,25976064.2950405,22.1065477184653,148584927.727531
-117.5,33.6,0.0472216918100112,25976064.2950405,22.1065477184653,148584927.727531
-117.4,33.6,0.0472216918100112,25976064.2950405,22.1065477184653,148584927.727531
-117.3,33.6,0.0472216918100112,25976064.2950405,22.1065477184653,148584927.727531
-117.2,33.6,0.0472216918100112,25976064.2950405,22.1065477184653,148584927.727531
-117.1,33.6,0.0418902504092618,3669399.98251134,22.099103183114,41397169.4978407
-117,33.6,0.0418902504092618,3669399.98251134,22.099103183114,41397169.4978407
-116.9,33.6,0.0418902504092618,3669399.98251134,22.099103183114,41397169.4978407
-116.8,33.6,0.0418902504092618,3669399.98251134,22.099103183114,41397169.4978407
-116.7,33.6,0.0418902504092618,3669399.98251134,22.099103183114,41397169.4978407
-116.6,33.6,0.0418902504092618,3669399.98251134,22.099103183114,41397169.4978407
-116.5,33.6,0.0296685368432445,46278.2813598516,25.6764334966237,351605.242988797
-116.4,33.6,0.0296685368432445,46278.2813598516,25.6764334966237,351605.242988797
-116.3,33.6,0.0296685368432445,46278.2813598516,25.6764334966237,351605.242988797
-116.2,33.6,0.0296685368432445,46278.2813598516,25.6764334966237,351605.242988797
-116.1,33.6,0.0296685368432445,46278.2813598516,25.6764334966237,351605.242988797
-116,33.6,0.0296685368432445,46278.2813598516,25.6764334966237,351605.242988797
-115.9,33.6,0.0286542585253635,32480.0195510723,26.3032386653756,252702.433223633
-115.8,33.6,0.0286542585253635,32480.0195510723,26.3032386653756,252702.433223633
-115.7,33.6,0.0286542585253635,32480.0195510723,26.3032386653756,252702.433223633
-115.6,33.6,0.0286542585253635,32480.0195510723,26.3032386653756,252702.433223633
-115.5,33.6,0.0286542585253635,32480.0195510723,26.3032386653756,252702.433223633
-115.4,33.6,0.0286542585253635,32480.0195510723,26.3032386653756,252702.433223633
-115.3,33.6,0.0274181212954686,21075.2999491856,27.1619304825603,159366.039091576
-115.2,33.6,0.0274181212954686,21075.2999491856,27.1619304825603,159366.039091576
-115.1,33.6,0.0274181212954686,21075.2999491856,27.1619304825603,159366.039091576
-115,33.6,0.0274181212954686,21075.2999491856,27.1619304825603,159366.039091576
-114.9,33.6,0.0274181212954686,21075.2999491856,27.1619304825603,159366.039091576
-114.8,33.6,0.0274181212954686,21075.2999491856,27.1619304825603,159366.039091576
-114.7,33.6,0.0274181212954686,21075.2999491856,27.1619304825603,159366.039091576
-114.6,33.6,0.0273250259908507,20449.0789510952,27.3993445013818,148103.47049461
-117.9,33.7,0.0328685695469117,129176.961951628,19.7093558536749,843502.988422325
-117.8,33.7,0.0472216918100112,25976064.2950405,22.1065477184653,148584927.727531
-117.7,33.7,0.0472216918100112,25976064.2950405,22.1065477184653,148584927.727531
-117.6,33.7,0.0472216918100112,25976064.2950405,22.1065477184653,148584927.727531
-117.5,33.7,0.0472216918100112,25976064.2950405,22.1065477184653,148584927.727531
-117.4,33.7,0.0472216918100112,25976064.2950405,22.1065477184653,148584927.727531
-117.3,33.7,0.0472216918100112,25976064.2950405,22.1065477184653,148584927.727531
-117.2,33.7,0.0472216918100112,25976064.2950405,22.1065477184653,148584927.727531
-117.1,33.7,0.0418902504092618,3669399.98251134,22.099103183114,41397169.4978407
-117,33.7,0.0418902504092618,3669399.98251134,22.099103183114,41397169.4978407
-116.9,33.7,0.0418902504092618,3669399.98251134,22.099103183114,41397169.4978407
-116.8,33.7,0.0418902504092618,3669399.98251134,22.099103183114,41397169.4978407
-116.7,33.7,0.0418902504092618,3669399.98251134,22.099103183114,41397169.4978407
-116.6,33.7,0.0418902504092618,3669399.98251134,22.099103183114,41397169.4978407
-116.5,33.7,0.0296685368432445,46278.2813598516,25.6764334966237,351605.242988797
-116.4,33.7,0.0296685368432445,46278.2813598516,25.6764334966237,351605.242988797
-116.3,33.7,0.0296685368432445,46278.2813598516,25.6764334966237,351605.242988797
-116.2,33.7,0.0296685368432445,46278.2813598516,25.6764334966237,351605.242988797
-116.1,33.7,0.0296685368432445,46278.2813598516,25.6764334966237,351605.242988797
-116,33.7,0.0296685368432445,46278.2813598516,25.6764334966237,351605.242988797
-115.9,33.7,0.0286542585253635,32480.0195510723,26.3032386653756,252702.433223633
-115.8,33.7,0.0286542585253635,32480.0195510723,26.3032386653756,252702.433223633
-115.7,33.7,0.0286542585253635,32480.0195510723,26.3032386653756,252702.433223633
-115.6,33.7,0.0286542585253635,32480.0195510723,26.3032386653756,252702.433223633
-115.5,33.7,0.0286542585253635,32480.0195510723,26.3032386653756,252702.433223633
-115.4,33.7,0.0286542585253635,32480.0195510723,26.3032386653756,252702.433223633
-115.3,33.7,0.0274181212954686,21075.2999491856,27.1619304825603,159366.039091576
-115.2,33.7,0.0274181212954686,21075.2999491856,27.1619304825603,159366.039091576
-115.1,33.7,0.0274181212954686,21075.2999491856,27.1619304825603,159366.039091576
-115,33.7,0.0274181212954686,21075.2999491856,27.1619304825603,159366.039091576
-114.9,33.7,0.0274181212954686,21075.2999491856,27.1619304825603,159366.039091576
-114.8,33.7,0.0274181212954686,21075.2999491856,27.1619304825603,159366.039091576
-114.7,33.7,0.0274181212954686,21075.2999491856,27.1619304825603,159366.039091576
-114.6,33.7,0.0273250259908507,20449.0789510952,27.3993445013818,148103.47049461
-118.3,33.8,0.0472889264759929,26699312.693794,22.2849322476483,178871961.442816
-118.2,33.8,0.0472889264759929,26699312.693794,22.2849322476483,178871961.442816
-118.1,33.8,0.0472889264759929,26699312.693794,22.2849322476483,178871961.442816
-118,33.8,0.0472889264759929,26699312.693794,22.2849322476483,178871961.442816
-117.9,33.8,0.0472889264759929,26699312.693794,22.2849322476483,178871961.442816
-117.8,33.8,0.0470965811633332,25319995.1114812,23.0050125291776,209872672.625076
-117.7,33.8,0.0470965811633332,25319995.1114812,23.0050125291776,209872672.625076
-117.6,33.8,0.0470965811633332,25319995.1114812,23.0050125291776,209872672.625076
-117.5,33.8,0.0470965811633332,25319995.1114812,23.0050125291776,209872672.625076
-117.4,33.8,0.0470965811633332,25319995.1114812,23.0050125291776,209872672.625076
-117.3,33.8,0.0470965811633332,25319995.1114812,23.0050125291776,209872672.625076
-117.2,33.8,0.0470965811633332,25319995.1114812,23.0050125291776,209872672.625076
-117.1,33.8,0.0383366724210773,994668.18550913,21.9350209435447,14230144.7131259
-117,33.8,0.0383366724210773,994668.18550913,21.9350209435447,14230144.7131259
-116.9,33.8,0.0383366724210773,994668.18550913,21.9350209435447,14230144.7131259
-116.8,33.8,0.0383366724210773,994668.18550913,21.9350209435447,14230144.7131259
-116.7,33.8,0.0383366724210773,994668.18550913,21.9350209435447,14230144.7131259
-116.6,33.8,0.0383366724210773,994668.18550913,21.9350209435447,14230144.7131259
-116.5,33.8,0.0309582999282111,68609.8423716777,22.973216850665,1002212.77413783
-116.4,33.8,0.0309582999282111,68609.8423716777,22.973216850665,1002212.77413783
-116.3,33.8,0.0309582999282111,68609.8423716777,22.973216850665,1002212.77413783
-116.2,33.8,0.0309582999282111,68609.8423716777,22.973216850665,1002212.77413783
-116.1,33.8,0.0309582999282111,68609.8423716777,22.973216850665,1002212.77413783
-116,33.8,0.0309582999282111,68609.8423716777,22.973216850665,1002212.77413783
-115.9,33.8,0.0265179929097513,14490.7305820844,25.3855656230562,149271.884638358
-115.8,33.8,0.0265179929097513,14490.7305820844,25.3855656230562,149271.884638358
-115.7,33.8,0.0265179929097513,14490.7305820844,25.3855656230562,149271.884638358
-115.6,33.8,0.0265179929097513,14490.7305820844,25.3855656230562,149271.884638358
-115.5,33.8,0.0265179929097513,14490.7305820844,25.3855656230562,149271.884638358
-115.4,33.8,0.0265179929097513,14490.7305820844,25.3855656230562,149271.884638358
-115.3,33.8,0.0257114068503816,11184.9923280213,26.7971007675671,99117.1875087231
-115.2,33.8,0.0257114068503816,11184.9923280213,26.7971007675671,99117.1875087231
-115.1,33.8,0.0257114068503816,11184.9923280213,26.7971007675671,99117.1875087231
-115,33.8,0.0257114068503816,11184.9923280213,26.7971007675671,99117.1875087231
-114.9,33.8,0.0257114068503816,11184.9923280213,26.7971007675671,99117.1875087231
-114.8,33.8,0.0257114068503816,11184.9923280213,26.7971007675671,99117.1875087231
-114.7,33.8,0.0257114068503816,11184.9923280213,26.7971007675671,99117.1875087231
-114.6,33.8,0.0262873480791352,13992.075320654,27.4218740991792,107983.65878658
-118.3,33.9,0.0472889264759929,26699312.693794,22.2849322476483,178871961.442816
-118.2,33.9,0.0472889264759929,26699312.693794,22.2849322476483,178871961.442816
-118.1,33.9,0.0472889264759929,26699312.693794,22.2849322476483,178871961.442816
-118,33.9,0.0472889264759929,26699312.693794,22.2849322476483,178871961.442816
-117.9,33.9,0.0472889264759929,26699312.693794,22.2849322476483,178871961.442816
-117.8,33.9,0.0470965811633332,25319995.1114812,23.0050125291776,209872672.625076
-117.7,33.9,0.0470965811633332,25319995.1114812,23.0050125291776,209872672.625076
-117.6,33.9,0.0470965811633332,25319995.1114812,23.0050125291776,209872672.625076
-117.5,33.9,0.0470965811633332,25319995.1114812,23.0050125291776,209872672.625076
-117.4,33.9,0.0470965811633332,25319995.1114812,23.0050125291776,209872672.625076
-117.3,33.9,0.0470965811633332,25319995.1114812,23.0050125291776,209872672.625076
-117.2,33.9,0.0470965811633332,25319995.1114812,23.0050125291776,209872672.625076
-117.1,33.9,0.0383366724210773,994668.18550913,21.9350209435447,14230144.7131259
-117,33.9,0.0383366724210773,994668.18550913,21.9350209435447,14230144.7131259
-116.9,33.9,0.0383366724210773,994668.18550913,21.9350209435447,14230144.7131259
-116.8,33.9,0.0383366724210773,994668.18550913,21.9350209435447,14230144.7131259
-116.7,33.9,0.0383366724210773,994668.18550913,21.9350209435447,14230144.7131259
-116.6,33.9,0.0383366724210773,994668.18550913,21.9350209435447,14230144.7131259
-116.5,33.9,0.0309582999282111,68609.8423716777,22.973216850665,1002212.77413783
-116.4,33.9,0.0309582999282111,68609.8423716777,22.973216850665,1002212.77413783
-116.3,33.9,0.0309582999282111,68609.8423716777,22.973216850665,1002212.77413783
-116.2,33.9,0.0309582999282111,68609.8423716777,22.973216850665,1002212.77413783
-116.1,33.9,0.0309582999282111,68609.8423716777,22.973216850665,1002212.77413783
-116,33.9,0.0309582999282111,68609.8423716777,22.973216850665,1002212.77413783
-115.9,33.9,0.0265179929097513,14490.7305820844,25.3855656230562,149271.884638358
-115.8,33.9,0.0265179929097513,14490.7305820844,25.3855656230562,149271.884638358
-115.7,33.9,0.0265179929097513,14490.7305820844,25.3855656230562,149271.884638358
-115.6,33.9,0.0265179929097513,14490.7305820844,25.3855656230562,149271.884638358
-115.5,33.9,0.0265179929097513,14490.7305820844,25.3855656230562,149271.884638358
-115.4,33.9,0.0265179929097513,14490.7305820844,25.3855656230562,149271.884638358
-115.3,33.9,0.0257114068503816,11184.9923280213,26.7971007675671,99117.1875087231
-115.2,33.9,0.0257114068503816,11184.9923280213,26.7971007675671,99117.1875087231
-115.1,33.9,0.0257114068503816,11184.9923280213,26.7971007675671,99117.1875087231
-115,33.9,0.0257114068503816,11184.9923280213,26.7971007675671,99117.1875087231
-114.9,33.9,0.0257114068503816,11184.9923280213,26.7971007675671,99117.1875087231
-114.8,33.9,0.0257114068503816,11184.9923280213,26.7971007675671,99117.1875087231
-114.7,33.9,0.0257114068503816,11184.9923280213,26.7971007675671,99117.1875087231
-114.6,33.9,0.0262873480791352,13992.075320654,27.4218740991792,107983.65878658
-118.4,34,0.0472889264759929,26699312.693794,22.2849322476483,178871961.442816
-118.3,34,0.0472889264759929,26699312.693794,22.2849322476483,178871961.442816
-118.2,34,0.0472889264759929,26699312.693794,22.2849322476483,178871961.442816
-118.1,34,0.0472889264759929,26699312.693794,22.2849322476483,178871961.442816
-118,34,0.0472889264759929,26699312.693794,22.2849322476483,178871961.442816
-117.9,34,0.0472889264759929,26699312.693794,22.2849322476483,178871961.442816
-117.8,34,0.0470965811633332,25319995.1114812,23.0050125291776,209872672.625076
-117.7,34,0.0470965811633332,25319995.1114812,23.0050125291776,209872672.625076
-117.6,34,0.0470965811633332,25319995.1114812,23.0050125291776,209872672.625076
-117.5,34,0.0470965811633332,25319995.1114812,23.0050125291776,209872672.625076
-117.4,34,0.0470965811633332,25319995.1114812,23.0050125291776,209872672.625076
-117.3,34,0.0470965811633332,25319995.1114812,23.0050125291776,209872672.625076
-117.2,34,0.0470965811633332,25319995.1114812,23.0050125291776,209872672.625076
-117.1,34,0.0383366724210773,994668.18550913,21.9350209435447,14230144.7131259
-117,34,0.0383366724210773,994668.18550913,21.9350209435447,14230144.7131259
-116.9,34,0.0383366724210773,994668.18550913,21.9350209435447,14230144.7131259
-116.8,34,0.0383366724210773,994668.18550913,21.9350209435447,14230144.7131259
-116.7,34,0.0383366724210773,994668.18550913,21.9350209435447,14230144.7131259
-116.6,34,0.0383366724210773,994668.18550913,21.9350209435447,14230144.7131259
-116.5,34,0.0309582999282111,68609.8423716777,22.973216850665,1002212.77413783
-116.4,34,0.0309582999282111,68609.8423716777,22.973216850665,1002212.77413783
-116.3,34,0.0309582999282111,68609.8423716777,22.973216850665,1002212.77413783
-116.2,34,0.0309582999282111,68609.8423716777,22.973216850665,1002212.77413783
-116.1,34,0.0309582999282111,68609.8423716777,22.973216850665,1002212.77413783
-116,34,0.0309582999282111,68609.8423716777,22.973216850665,1002212.77413783
-115.9,34,0.0265179929097513,14490.7305820844,25.3855656230562,149271.884638358
-115.8,34,0.0265179929097513,14490.7305820844,25.3855656230562,149271.884638358
-115.7,34,0.0265179929097513,14490.7305820844,25.3855656230562,149271.884638358
-115.6,34,0.0265179929097513,14490.7305820844,25.3855656230562,149271.884638358
-115.5,34,0.0265179929097513,14490.7305820844,25.3855656230562,149271.884638358
-115.4,34,0.0265179929097513,14490.7305820844,25.3855656230562,149271.884638358
-115.3,34,0.0257114068503816,11184.9923280213,26.7971007675671,99117.1875087231
-115.2,34,0.0257114068503816,11184.9923280213,26.7971007675671,99117.1875087231
-115.1,34,0.0257114068503816,11184.9923280213,26.7971007675671,99117.1875087231
-115,34,0.0257114068503816,11184.9923280213,26.7971007675671,99117.1875087231
-114.9,34,0.0257114068503816,11184.9923280213,26.7971007675671,99117.1875087231
-114.8,34,0.0257114068503816,11184.9923280213,26.7971007675671,99117.1875087231
-114.7,34,0.0257114068503816,11184.9923280213,26.7971007675671,99117.1875087231
-114.6,34,0.0262873480791352,13992.075320654,27.4218740991792,107983.65878658
-114.5,34,0.0262873480791352,13992.075320654,27.4218740991792,107983.65878658
-119,34.1,0.0426134584397264,4709814.67153756,21.2176303422285,27878287.7447011
-118.9,34.1,0.0426134584397264,4709814.67153756,21.2176303422285,27878287.7447011
-118.8,34.1,0.0426134584397264,4709814.67153756,21.2176303422285,27878287.7447011
-118.7,34.1,0.0426134584397264,4709814.67153756,21.2176303422285,27878287.7447011
-118.6,34.1,0.0426134584397264,4709814.67153756,21.2176303422285,27878287.7447011
-118.5,34.1,0.0426134584397264,4709814.67153756,21.2176303422285,27878287.7447011
-118.4,34.1,0.0472889264759929,26699312.693794,22.2849322476483,178871961.442816
-118.3,34.1,0.0472889264759929,26699312.693794,22.2849322476483,178871961.442816
-118.2,34.1,0.0472889264759929,26699312.693794,22.2849322476483,178871961.442816
-118.1,34.1,0.0472889264759929,26699312.693794,22.2849322476483,178871961.442816
-118,34.1,0.0472889264759929,26699312.693794,22.2849322476483,178871961.442816
-117.9,34.1,0.0472889264759929,26699312.693794,22.2849322476483,178871961.442816
-117.8,34.1,0.0470965811633332,25319995.1114812,23.0050125291776,209872672.625076
-117.7,34.1,0.0470965811633332,25319995.1114812,23.0050125291776,209872672.625076
-117.6,34.1,0.0470965811633332,25319995.1114812,23.0050125291776,209872672.625076
-117.5,34.1,0.0470965811633332,25319995.1114812,23.0050125291776,209872672.625076
-117.4,34.1,0.0470965811633332,25319995.1114812,23.0050125291776,209872672.625076
-117.3,34.1,0.0470965811633332,25319995.1114812,23.0050125291776,209872672.625076
-117.2,34.1,0.0470965811633332,25319995.1114812,23.0050125291776,209872672.625076
-117.1,34.1,0.0383366724210773,994668.18550913,21.9350209435447,14230144.7131259
-117,34.1,0.0383366724210773,994668.18550913,21.9350209435447,14230144.7131259
-116.9,34.1,0.0383366724210773,994668.18550913,21.9350209435447,14230144.7131259
-116.8,34.1,0.0383366724210773,994668.18550913,21.9350209435447,14230144.7131259
-116.7,34.1,0.0383366724210773,994668.18550913,21.9350209435447,14230144.7131259
-116.6,34.1,0.0383366724210773,994668.18550913,21.9350209435447,14230144.7131259
-116.5,34.1,0.0309582999282111,68609.8423716777,22.973216850665,1002212.77413783
-116.4,34.1,0.0309582999282111,68609.8423716777,22.973216850665,1002212.77413783
-116.3,34.1,0.0309582999282111,68609.8423716777,22.973216850665,1002212.77413783
-116.2,34.1,0.0309582999282111,68609.8423716777,22.973216850665,1002212.77413783
-116.1,34.1,0.0309582999282111,68609.8423716777,22.973216850665,1002212.77413783
-116,34.1,0.0309582999282111,68609.8423716777,22.973216850665,1002212.77413783
-115.9,34.1,0.0265179929097513,14490.7305820844,25.3855656230562,149271.884638358
-115.8,34.1,0.0265179929097513,14490.7305820844,25.3855656230562,149271.884638358
-115.7,34.1,0.0265179929097513,14490.7305820844,25.3855656230562,149271.884638358
-115.6,34.1,0.0265179929097513,14490.7305820844,25.3855656230562,149271.884638358
-115.5,34.1,0.0265179929097513,14490.7305820844,25.3855656230562,149271.884638358
-115.4,34.1,0.0265179929097513,14490.7305820844,25.3855656230562,149271.884638358
-115.3,34.1,0.0257114068503816,11184.9923280213,26.7971007675671,99117.1875087231
-115.2,34.1,0.0257114068503816,11184.9923280213,26.7971007675671,99117.1875087231
-115.1,34.1,0.0257114068503816,11184.9923280213,26.7971007675671,99117.1875087231
-115,34.1,0.0257114068503816,11184.9923280213,26.7971007675671,99117.1875087231
-114.9,34.1,0.0257114068503816,11184.9923280213,26.7971007675671,99117.1875087231
-114.8,34.1,0.0257114068503816,11184.9923280213,26.7971007675671,99117.1875087231
-114.7,34.1,0.0257114068503816,11184.9923280213,26.7971007675671,99117.1875087231
-114.6,34.1,0.0262873480791352,13992.075320654,27.4218740991792,107983.65878658
-114.5,34.1,0.0262873480791352,13992.075320654,27.4218740991792,107983.65878658
-119.1,34.2,0.0290342191986988,31481.3282171476,19.1537386632841,225314.949655239
-119,34.2,0.0426134584397264,4709814.67153756,21.2176303422285,27878287.7447011
-118.9,34.2,0.0426134584397264,4709814.67153756,21.2176303422285,27878287.7447011
-118.8,34.2,0.0426134584397264,4709814.67153756,21.2176303422285,27878287.7447011
-118.7,34.2,0.0426134584397264,4709814.67153756,21.2176303422285,27878287.7447011
-118.6,34.2,0.0426134584397264,4709814.67153756,21.2176303422285,27878287.7447011
-118.5,34.2,0.0426134584397264,4709814.67153756,21.2176303422285,27878287.7447011
-118.4,34.2,0.0472889264759929,26699312.693794,22.2849322476483,178871961.442816
-118.3,34.2,0.0472889264759929,26699312.693794,22.2849322476483,178871961.442816
-118.2,34.2,0.0472889264759929,26699312.693794,22.2849322476483,178871961.442816
-118.1,34.2,0.0472889264759929,26699312.693794,22.2849322476483,178871961.442816
-118,34.2,0.0472889264759929,26699312.693794,22.2849322476483,178871961.442816
-117.9,34.2,0.0472889264759929,26699312.693794,22.2849322476483,178871961.442816
-117.8,34.2,0.0470965811633332,25319995.1114812,23.0050125291776,209872672.625076
-117.7,34.2,0.0470965811633332,25319995.1114812,23.0050125291776,209872672.625076
-117.6,34.2,0.0470965811633332,25319995.1114812,23.0050125291776,209872672.625076
-117.5,34.2,0.0470965811633332,25319995.1114812,23.0050125291776,209872672.625076
-117.4,34.2,0.0470965811633332,25319995.1114812,23.0050125291776,209872672.625076
-117.3,34.2,0.0470965811633332,25319995.1114812,23.0050125291776,209872672.625076
-117.2,34.2,0.0470965811633332,25319995.1114812,23.0050125291776,209872672.625076
-117.1,34.2,0.0383366724210773,994668.18550913,21.9350209435447,14230144.7131259
-117,34.2,0.0383366724210773,994668.18550913,21.9350209435447,14230144.7131259
-116.9,34.2,0.0383366724210773,994668.18550913,21.9350209435447,14230144.7131259
-116.8,34.2,0.0383366724210773,994668.18550913,21.9350209435447,14230144.7131259
-116.7,34.2,0.0383366724210773,994668.18550913,21.9350209435447,14230144.7131259
-116.6,34.2,0.0383366724210773,994668.18550913,21.9350209435447,14230144.7131259
-116.5,34.2,0.0309582999282111,68609.8423716777,22.973216850665,1002212.77413783
-116.4,34.2,0.0309582999282111,68609.8423716777,22.973216850665,1002212.77413783
-116.3,34.2,0.0309582999282111,68609.8423716777,22.973216850665,1002212.77413783
-116.2,34.2,0.0309582999282111,68609.8423716777,22.973216850665,1002212.77413783
-116.1,34.2,0.0309582999282111,68609.8423716777,22.973216850665,1002212.77413783
-116,34.2,0.0309582999282111,68609.8423716777,22.973216850665,1002212.77413783
-115.9,34.2,0.0265179929097513,14490.7305820844,25.3855656230562,149271.884638358
-115.8,34.2,0.0265179929097513,14490.7305820844,25.3855656230562,149271.884638358
-115.7,34.2,0.0265179929097513,14490.7305820844,25.3855656230562,149271.884638358
-115.6,34.2,0.0265179929097513,14490.7305820844,25.3855656230562,149271.884638358
-115.5,34.2,0.0265179929097513,14490.7305820844,25.3855656230562,149271.884638358
-115.4,34.2,0.0265179929097513,14490.7305820844,25.3855656230562,149271.884638358
-115.3,34.2,0.0257114068503816,11184.9923280213,26.7971007675671,99117.1875087231
-115.2,34.2,0.0257114068503816,11184.9923280213,26.7971007675671,99117.1875087231
-115.1,34.2,0.0257114068503816,11184.9923280213,26.7971007675671,99117.1875087231
-115,34.2,0.0257114068503816,11184.9923280213,26.7971007675671,99117.1875087231
-114.9,34.2,0.0257114068503816,11184.9923280213,26.7971007675671,99117.1875087231
-114.8,34.2,0.0257114068503816,11184.9923280213,26.7971007675671,99117.1875087231
-114.7,34.2,0.0257114068503816,11184.9923280213,26.7971007675671,99117.1875087231
-114.6,34.2,0.0262873480791352,13992.075320654,27.4218740991792,107983.65878658
-114.5,34.2,0.0262873480791352,13992.075320654,27.4218740991792,107983.65878658
-114.4,34.2,0.0262873480791352,13992.075320654,27.4218740991792,107983.65878658
-114.3,34.2,0.0262873480791352,13992.075320654,27.4218740991792,107983.65878658
-119.2,34.3,0.0406017895022748,2258356.7414831,21.4885587462069,26146854.3284059
-119.1,34.3,0.0406017895022748,2258356.7414831,21.4885587462069,26146854.3284059
-119,34.3,0.0410237375283055,2661812.65722512,21.9400875256979,33743934.137506
-118.9,34.3,0.0410237375283055,2661812.65722512,21.9400875256979,33743934.137506
-118.8,34.3,0.0410237375283055,2661812.65722512,21.9400875256979,33743934.137506
-118.7,34.3,0.0410237375283055,2661812.65722512,21.9400875256979,33743934.137506
-118.6,34.3,0.0410237375283055,2661812.65722512,21.9400875256979,33743934.137506
-118.5,34.3,0.0410237375283055,2661812.65722512,21.9400875256979,33743934.137506
-118.4,34.3,0.0397882589079642,1708193.37975886,22.2978324561354,21725025.4439455
-118.3,34.3,0.0397882589079642,1708193.37975886,22.2978324561354,21725025.4439455
-118.2,34.3,0.0397882589079642,1708193.37975886,22.2978324561354,21725025.4439455
-118.1,34.3,0.0397882589079642,1708193.37975886,22.2978324561354,21725025.4439455
-118,34.3,0.0397882589079642,1708193.37975886,22.2978324561354,21725025.4439455
-117.9,34.3,0.0397882589079642,1708193.37975886,22.2978324561354,21725025.4439455
-117.8,34.3,0.0347578105962573,265172.306386037,21.4430308250688,4779383.68904263
-117.7,34.3,0.0347578105962573,265172.306386037,21.4430308250688,4779383.68904263
-117.6,34.3,0.0347578105962573,265172.306386037,21.4430308250688,4779383.68904263
-117.5,34.3,0.0347578105962573,265172.306386037,21.4430308250688,4779383.68904263
-117.4,34.3,0.0347578105962573,265172.306386037,21.4430308250688,4779383.68904263
-117.3,34.3,0.0347578105962573,265172.306386037,21.4430308250688,4779383.68904263
-117.2,34.3,0.0347578105962573,265172.306386037,21.4430308250688,4779383.68904263
-117.1,34.3,0.0322123619476848,103708.463364428,21.1315218383052,2227030.01151895
-117,34.3,0.0322123619476848,103708.463364428,21.1315218383052,2227030.01151895
-116.9,34.3,0.0322123619476848,103708.463364428,21.1315218383052,2227030.01151895
-116.8,34.3,0.0322123619476848,103708.463364428,21.1315218383052,2227030.01151895
-116.7,34.3,0.0322123619476848,103708.463364428,21.1315218383052,2227030.01151895
-116.6,34.3,0.0322123619476848,103708.463364428,21.1315218383052,2227030.01151895
-116.5,34.3,0.0263548791535496,12994.295258801,23.7178718429853,180654.075122887
-116.4,34.3,0.0263548791535496,12994.295258801,23.7178718429853,180654.075122887
-116.3,34.3,0.0263548791535496,12994.295258801,23.7178718429853,180654.075122887
-116.2,34.3,0.0263548791535496,12994.295258801,23.7178718429853,180654.075122887
-116.1,34.3,0.0263548791535496,12994.295258801,23.7178718429853,180654.075122887
-116,34.3,0.0263548791535496,12994.295258801,23.7178718429853,180654.075122887
-115.9,34.3,0.0257562345964157,11085.6369432611,25.765095941358,109656.35633713
-115.8,34.3,0.0257562345964157,11085.6369432611,25.765095941358,109656.35633713
-115.7,34.3,0.0257562345964157,11085.6369432611,25.765095941358,109656.35633713
-115.6,34.3,0.0257562345964157,11085.6369432611,25.765095941358,109656.35633713
-115.5,34.3,0.0257562345964157,11085.6369432611,25.765095941358,109656.35633713
-115.4,34.3,0.0257562345964157,11085.6369432611,25.765095941358,109656.35633713
-115.3,34.3,0.0249514219994981,8129.25469545422,25.2672193660375,91584.0984983924
-115.2,34.3,0.0249514219994981,8129.25469545422,25.2672193660375,91584.0984983924
-115.1,34.3,0.0249514219994981,8129.25469545422,25.2672193660375,91584.0984983924
-115,34.3,0.0249514219994981,8129.25469545422,25.2672193660375,91584.0984983924
-114.9,34.3,0.0249514219994981,8129.25469545422,25.2672193660375,91584.0984983924
-114.8,34.3,0.0249514219994981,8129.25469545422,25.2672193660375,91584.0984983924
-114.7,34.3,0.0249514219994981,8129.25469545422,25.2672193660375,91584.0984983924
-114.6,34.3,0.0256988956405617,11010.1393406293,26.3561027653306,97756.1304120124
-114.5,34.3,0.0256988956405617,11010.1393406293,26.3561027653306,97756.1304120124
-114.4,34.3,0.0256988956405617,11010.1393406293,26.3561027653306,97756.1304120124
-114.3,34.3,0.0256988956405617,11010.1393406293,26.3561027653306,97756.1304120124
-114.2,34.3,0.0256988956405617,11010.1393406293,26.3561027653306,97756.1304120124
-119.4,34.4,0.0406017895022748,2258356.7414831,21.4885587462069,26146854.3284059
-119.3,34.4,0.0406017895022748,2258356.7414831,21.4885587462069,26146854.3284059
-119.2,34.4,0.0406017895022748,2258356.7414831,21.4885587462069,26146854.3284059
-119.1,34.4,0.0406017895022748,2258356.7414831,21.4885587462069,26146854.3284059
-119,34.4,0.0410237375283055,2661812.65722512,21.9400875256979,33743934.137506
-118.9,34.4,0.0410237375283055,2661812.65722512,21.9400875256979,33743934.137506
-118.8,34.4,0.0410237375283055,2661812.65722512,21.9400875256979,33743934.137506
-118.7,34.4,0.0410237375283055,2661812.65722512,21.9400875256979,33743934.137506
-118.6,34.4,0.0410237375283055,2661812.65722512,21.9400875256979,33743934.137506
-118.5,34.4,0.0410237375283055,2661812.65722512,21.9400875256979,33743934.137506
-118.4,34.4,0.0397882589079642,1708193.37975886,22.2978324561354,21725025.4439455
-118.3,34.4,0.0397882589079642,1708193.37975886,22.2978324561354,21725025.4439455
-118.2,34.4,0.0397882589079642,1708193.37975886,22.2978324561354,21725025.4439455
-118.1,34.4,0.0397882589079642,1708193.37975886,22.2978324561354,21725025.4439455
-118,34.4,0.0397882589079642,1708193.37975886,22.2978324561354,21725025.4439455
-117.9,34.4,0.0397882589079642,1708193.37975886,22.2978324561354,21725025.4439455
-117.8,34.4,0.0347578105962573,265172.306386037,21.4430308250688,4779383.68904263
-117.7,34.4,0.0347578105962573,265172.306386037,21.4430308250688,4779383.68904263
-117.6,34.4,0.0347578105962573,265172.306386037,21.4430308250688,4779383.68904263
-117.5,34.4,0.0347578105962573,265172.306386037,21.4430308250688,4779383.68904263
-117.4,34.4,0.0347578105962573,265172.306386037,21.4430308250688,4779383.68904263
-117.3,34.4,0.0347578105962573,265172.306386037,21.4430308250688,4779383.68904263
-117.2,34.4,0.0347578105962573,265172.306386037,21.4430308250688,4779383.68904263
-117.1,34.4,0.0322123619476848,103708.463364428,21.1315218383052,2227030.01151895
-117,34.4,0.0322123619476848,103708.463364428,21.1315218383052,2227030.01151895
-116.9,34.4,0.0322123619476848,103708.463364428,21.1315218383052,2227030.01151895
-116.8,34.4,0.0322123619476848,103708.463364428,21.1315218383052,2227030.01151895
-116.7,34.4,0.0322123619476848,103708.463364428,21.1315218383052,2227030.01151895
-116.6,34.4,0.0322123619476848,103708.463364428,21.1315218383052,2227030.01151895
-116.5,34.4,0.0263548791535496,12994.295258801,23.7178718429853,180654.075122887
-116.4,34.4,0.0263548791535496,12994.295258801,23.7178718429853,180654.075122887
-116.3,34.4,0.0263548791535496,12994.295258801,23.7178718429853,180654.075122887
-116.2,34.4,0.0263548791535496,12994.295258801,23.7178718429853,180654.075122887
-116.1,34.4,0.0263548791535496,12994.295258801,23.7178718429853,180654.075122887
-116,34.4,0.0263548791535496,12994.295258801,23.7178718429853,180654.075122887
-115.9,34.4,0.0257562345964157,11085.6369432611,25.765095941358,109656.35633713
-115.8,34.4,0.0257562345964157,11085.6369432611,25.765095941358,109656.35633713
-115.7,34.4,0.0257562345964157,11085.6369432611,25.765095941358,109656.35633713
-115.6,34.4,0.0257562345964157,11085.6369432611,25.765095941358,109656.35633713
-115.5,34.4,0.0257562345964157,11085.6369432611,25.765095941358,109656.35633713
-115.4,34.4,0.0257562345964157,11085.6369432611,25.765095941358,109656.35633713
-115.3,34.4,0.0249514219994981,8129.25469545422,25.2672193660375,91584.0984983924
-115.2,34.4,0.0249514219994981,8129.25469545422,25.2672193660375,91584.0984983924
-115.1,34.4,0.0249514219994981,8129.25469545422,25.2672193660375,91584.0984983924
-115,34.4,0.0249514219994981,8129.25469545422,25.2672193660375,91584.0984983924
-114.9,34.4,0.0249514219994981,8129.25469545422,25.2672193660375,91584.0984983924
-114.8,34.4,0.0249514219994981,8129.25469545422,25.2672193660375,91584.0984983924
-114.7,34.4,0.0249514219994981,8129.25469545422,25.2672193660375,91584.0984983924
-114.6,34.4,0.0256988956405617,11010.1393406293,26.3561027653306,97756.1304120124
-114.5,34.4,0.0256988956405617,11010.1393406293,26.3561027653306,97756.1304120124
-114.4,34.4,0.0256988956405617,11010.1393406293,26.3561027653306,97756.1304120124
-114.3,34.4,0.0256988956405617,11010.1393406293,26.3561027653306,97756.1304120124
-120.4,34.5,0.0150910958424248,187.320883072709,17.1765691257846,2552.40433933119
-120.3,34.5,0.0351144080398012,295352.95464374,20.131839897707,2776755.38714018
-120.2,34.5,0.0351144080398012,295352.95464374,20.131839897707,2776755.38714018
-120.1,34.5,0.0351144080398012,295352.95464374,20.131839897707,2776755.38714018
-120,34.5,0.0351144080398012,295352.95464374,20.131839897707,2776755.38714018
-119.9,34.5,0.0351144080398012,295352.95464374,20.131839897707,2776755.38714018
-119.8,34.5,0.0351144080398012,295352.95464374,20.131839897707,2776755.38714018
-119.7,34.5,0.0351144080398012,295352.95464374,20.131839897707,2776755.38714018
-119.6,34.5,0.0406017895022748,2258356.7414831,21.4885587462069,26146854.3284059
-119.5,34.5,0.0406017895022748,2258356.7414831,21.4885587462069,26146854.3284059
-119.4,34.5,0.0406017895022748,2258356.7414831,21.4885587462069,26146854.3284059
-119.3,34.5,0.0406017895022748,2258356.7414831,21.4885587462069,26146854.3284059
-119.2,34.5,0.0406017895022748,2258356.7414831,21.4885587462069,26146854.3284059
-119.1,34.5,0.0406017895022748,2258356.7414831,21.4885587462069,26146854.3284059
-119,34.5,0.0410237375283055,2661812.65722512,21.9400875256979,33743934.137506
-118.9,34.5,0.0410237375283055,2661812.65722512,21.9400875256979,33743934.137506
-118.8,34.5,0.0410237375283055,2661812.65722512,21.9400875256979,33743934.137506
-118.7,34.5,0.0410237375283055,2661812.65722512,21.9400875256979,33743934.137506
-118.6,34.5,0.0410237375283055,2661812.65722512,21.9400875256979,33743934.137506
-118.5,34.5,0.0410237375283055,2661812.65722512,21.9400875256979,33743934.137506
-118.4,34.5,0.0397882589079642,1708193.37975886,22.2978324561354,21725025.4439455
-118.3,34.5,0.0397882589079642,1708193.37975886,22.2978324561354,21725025.4439455
-118.2,34.5,0.0397882589079642,1708193.37975886,22.2978324561354,21725025.4439455
-118.1,34.5,0.0397882589079642,1708193.37975886,22.2978324561354,21725025.4439455
-118,34.5,0.0397882589079642,1708193.37975886,22.2978324561354,21725025.4439455
-117.9,34.5,0.0397882589079642,1708193.37975886,22.2978324561354,21725025.4439455
-117.8,34.5,0.0347578105962573,265172.306386037,21.4430308250688,4779383.68904263
-117.7,34.5,0.0347578105962573,265172.306386037,21.4430308250688,4779383.68904263
-117.6,34.5,0.0347578105962573,265172.306386037,21.4430308250688,4779383.68904263
-117.5,34.5,0.0347578105962573,265172.306386037,21.4430308250688,4779383.68904263
-117.4,34.5,0.0347578105962573,265172.306386037,21.4430308250688,4779383.68904263
-117.3,34.5,0.0347578105962573,265172.306386037,21.4430308250688,4779383.68904263
-117.2,34.5,0.0347578105962573,265172.306386037,21.4430308250688,4779383.68904263
-117.1,34.5,0.0322123619476848,103708.463364428,21.1315218383052,2227030.01151895
-117,34.5,0.0322123619476848,103708.463364428,21.1315218383052,2227030.01151895
-116.9,34.5,0.0322123619476848,103708.463364428,21.1315218383052,2227030.01151895
-116.8,34.5,0.0322123619476848,103708.463364428,21.1315218383052,2227030.01151895
-116.7,34.5,0.0322123619476848,103708.463364428,21.1315218383052,2227030.01151895
-116.6,34.5,0.0322123619476848,103708.463364428,21.1315218383052,2227030.01151895
-116.5,34.5,0.0263548791535496,12994.295258801,23.7178718429853,180654.075122887
-116.4,34.5,0.0263548791535496,12994.295258801,23.7178718429853,180654.075122887
-116.3,34.5,0.0263548791535496,12994.295258801,23.7178718429853,180654.075122887
-116.2,34.5,0.0263548791535496,12994.295258801,23.7178718429853,180654.075122887
-116.1,34.5,0.0263548791535496,12994.295258801,23.7178718429853,180654.075122887
-116,34.5,0.0263548791535496,12994.295258801,23.7178718429853,180654.075122887
-115.9,34.5,0.0257562345964157,11085.6369432611,25.765095941358,109656.35633713
-115.8,34.5,0.0257562345964157,11085.6369432611,25.765095941358,109656.35633713
-115.7,34.5,0.0257562345964157,11085.6369432611,25.765095941358,109656.35633713
-115.6,34.5,0.0257562345964157,11085.6369432611,25.765095941358,109656.35633713
-115.5,34.5,0.0257562345964157,11085.6369432611,25.765095941358,109656.35633713
-115.4,34.5,0.0257562345964157,11085.6369432611,25.765095941358,109656.35633713
-115.3,34.5,0.0249514219994981,8129.25469545422,25.2672193660375,91584.0984983924
-115.2,34.5,0.0249514219994981,8129.25469545422,25.2672193660375,91584.0984983924
-115.1,34.5,0.0249514219994981,8129.25469545422,25.2672193660375,91584.0984983924
-115,34.5,0.0249514219994981,8129.25469545422,25.2672193660375,91584.0984983924
-114.9,34.5,0.0249514219994981,8129.25469545422,25.2672193660375,91584.0984983924
-114.8,34.5,0.0249514219994981,8129.25469545422,25.2672193660375,91584.0984983924
-114.7,34.5,0.0249514219994981,8129.25469545422,25.2672193660375,91584.0984983924
-114.6,34.5,0.0256988956405617,11010.1393406293,26.3561027653306,97756.1304120124
-114.5,34.5,0.0256988956405617,11010.1393406293,26.3561027653306,97756.1304120124
-114.4,34.5,0.0256988956405617,11010.1393406293,26.3561027653306,97756.1304120124
-120.6,34.6,0.0150910958424248,187.320883072709,17.1765691257846,2552.40433933119
-120.5,34.6,0.0150910958424248,187.320883072709,17.1765691257846,2552.40433933119
-120.4,34.6,0.0150910958424248,187.320883072709,17.1765691257846,2552.40433933119
-120.3,34.6,0.0351144080398012,295352.95464374,20.131839897707,2776755.38714018
-120.2,34.6,0.0351144080398012,295352.95464374,20.131839897707,2776755.38714018
-120.1,34.6,0.0351144080398012,295352.95464374,20.131839897707,2776755.38714018
-120,34.6,0.0351144080398012,295352.95464374,20.131839897707,2776755.38714018
-119.9,34.6,0.0351144080398012,295352.95464374,20.131839897707,2776755.38714018
-119.8,34.6,0.0351144080398012,295352.95464374,20.131839897707,2776755.38714018
-119.7,34.6,0.0351144080398012,295352.95464374,20.131839897707,2776755.38714018
-119.6,34.6,0.0406017895022748,2258356.7414831,21.4885587462069,26146854.3284059
-119.5,34.6,0.0406017895022748,2258356.7414831,21.4885587462069,26146854.3284059
-119.4,34.6,0.0406017895022748,2258356.7414831,21.4885587462069,26146854.3284059
-119.3,34.6,0.0406017895022748,2258356.7414831,21.4885587462069,26146854.3284059
-119.2,34.6,0.0406017895022748,2258356.7414831,21.4885587462069,26146854.3284059
-119.1,34.6,0.0406017895022748,2258356.7414831,21.4885587462069,26146854.3284059
-119,34.6,0.0410237375283055,2661812.65722512,21.9400875256979,33743934.137506
-118.9,34.6,0.0410237375283055,2661812.65722512,21.9400875256979,33743934.137506
-118.8,34.6,0.0410237375283055,2661812.65722512,21.9400875256979,33743934.137506
-118.7,34.6,0.0410237375283055,2661812.65722512,21.9400875256979,33743934.137506
-118.6,34.6,0.0410237375283055,2661812.65722512,21.9400875256979,33743934.137506
-118.5,34.6,0.0410237375283055,2661812.65722512,21.9400875256979,33743934.137506
-118.4,34.6,0.0397882589079642,1708193.37975886,22.2978324561354,21725025.4439455
-118.3,34.6,0.0397882589079642,1708193.37975886,22.2978324561354,21725025.4439455
-118.2,34.6,0.0397882589079642,1708193.37975886,22.2978324561354,21725025.4439455
-118.1,34.6,0.0397882589079642,1708193.37975886,22.2978324561354,21725025.4439455
-118,34.6,0.0397882589079642,1708193.37975886,22.2978324561354,21725025.4439455
-117.9,34.6,0.0397882589079642,1708193.37975886,22.2978324561354,21725025.4439455
-117.8,34.6,0.0347578105962573,265172.306386037,21.4430308250688,4779383.68904263
-117.7,34.6,0.0347578105962573,265172.306386037,21.4430308250688,4779383.68904263
-117.6,34.6,0.0347578105962573,265172.306386037,21.4430308250688,4779383.68904263
-117.5,34.6,0.0347578105962573,265172.306386037,21.4430308250688,4779383.68904263
-117.4,34.6,0.0347578105962573,265172.306386037,21.4430308250688,4779383.68904263
-117.3,34.6,0.0347578105962573,265172.306386037,21.4430308250688,4779383.68904263
-117.2,34.6,0.0347578105962573,265172.306386037,21.4430308250688,4779383.68904263
-117.1,34.6,0.0322123619476848,103708.463364428,21.1315218383052,2227030.01151895
-117,34.6,0.0322123619476848,103708.463364428,21.1315218383052,2227030.01151895
-116.9,34.6,0.0322123619476848,103708.463364428,21.1315218383052,2227030.01151895
-116.8,34.6,0.0322123619476848,103708.463364428,21.1315218383052,2227030.01151895
-116.7,34.6,0.0322123619476848,103708.463364428,21.1315218383052,2227030.01151895
-116.6,34.6,0.0322123619476848,103708.463364428,21.1315218383052,2227030.01151895
-116.5,34.6,0.0263548791535496,12994.295258801,23.7178718429853,180654.075122887
-116.4,34.6,0.0263548791535496,12994.295258801,23.7178718429853,180654.075122887
-116.3,34.6,0.0263548791535496,12994.295258801,23.7178718429853,180654.075122887
-116.2,34.6,0.0263548791535496,12994.295258801,23.7178718429853,180654.075122887
-116.1,34.6,0.0263548791535496,12994.295258801,23.7178718429853,180654.075122887
-116,34.6,0.0263548791535496,12994.295258801,23.7178718429853,180654.075122887
-115.9,34.6,0.0257562345964157,11085.6369432611,25.765095941358,109656.35633713
-115.8,34.6,0.0257562345964157,11085.6369432611,25.765095941358,109656.35633713
-115.7,34.6,0.0257562345964157,11085.6369432611,25.765095941358,109656.35633713
-115.6,34.6,0.0257562345964157,11085.6369432611,25.765095941358,109656.35633713
-115.5,34.6,0.0257562345964157,11085.6369432611,25.765095941358,109656.35633713
-115.4,34.6,0.0257562345964157,11085.6369432611,25.765095941358,109656.35633713
-115.3,34.6,0.0249514219994981,8129.25469545422,25.2672193660375,91584.0984983924
-115.2,34.6,0.0249514219994981,8129.25469545422,25.2672193660375,91584.0984983924
-115.1,34.6,0.0249514219994981,8129.25469545422,25.2672193660375,91584.0984983924
-115,34.6,0.0249514219994981,8129.25469545422,25.2672193660375,91584.0984983924
-114.9,34.6,0.0249514219994981,8129.25469545422,25.2672193660375,91584.0984983924
-114.8,34.6,0.0249514219994981,8129.25469545422,25.2672193660375,91584.0984983924
-114.7,34.6,0.0249514219994981,8129.25469545422,25.2672193660375,91584.0984983924
-114.6,34.6,0.0256988956405617,11010.1393406293,26.3561027653306,97756.1304120124
-114.5,34.6,0.0256988956405617,11010.1393406293,26.3561027653306,97756.1304120124
-120.5,34.7,0.0150910958424248,187.320883072709,17.1765691257846,2552.40433933119
-120.4,34.7,0.0150910958424248,187.320883072709,17.1765691257846,2552.40433933119
-120.3,34.7,0.0351144080398012,295352.95464374,20.131839897707,2776755.38714018
-120.2,34.7,0.0351144080398012,295352.95464374,20.131839897707,2776755.38714018
-120.1,34.7,0.0351144080398012,295352.95464374,20.131839897707,2776755.38714018
-120,34.7,0.0351144080398012,295352.95464374,20.131839897707,2776755.38714018
-119.9,34.7,0.0351144080398012,295352.95464374,20.131839897707,2776755.38714018
-119.8,34.7,0.0351144080398012,295352.95464374,20.131839897707,2776755.38714018
-119.7,34.7,0.0351144080398012,295352.95464374,20.131839897707,2776755.38714018
-119.6,34.7,0.0406017895022748,2258356.7414831,21.4885587462069,26146854.3284059
-119.5,34.7,0.0406017895022748,2258356.7414831,21.4885587462069,26146854.3284059
-119.4,34.7,0.0406017895022748,2258356.7414831,21.4885587462069,26146854.3284059
-119.3,34.7,0.0406017895022748,2258356.7414831,21.4885587462069,26146854.3284059
-119.2,34.7,0.0406017895022748,2258356.7414831,21.4885587462069,26146854.3284059
-119.1,34.7,0.0406017895022748,2258356.7414831,21.4885587462069,26146854.3284059
-119,34.7,0.0410237375283055,2661812.65722512,21.9400875256979,33743934.137506
-118.9,34.7,0.0410237375283055,2661812.65722512,21.9400875256979,33743934.137506
-118.8,34.7,0.0410237375283055,2661812.65722512,21.9400875256979,33743934.137506
-118.7,34.7,0.0410237375283055,2661812.65722512,21.9400875256979,33743934.137506
-118.6,34.7,0.0410237375283055,2661812.65722512,21.9400875256979,33743934.137506
-118.5,34.7,0.0410237375283055,2661812.65722512,21.9400875256979,33743934.137506
-118.4,34.7,0.0397882589079642,1708193.37975886,22.2978324561354,21725025.4439455
-118.3,34.7,0.0397882589079642,1708193.37975886,22.2978324561354,21725025.4439455
-118.2,34.7,0.0397882589079642,1708193.37975886,22.2978324561354,21725025.4439455
-118.1,34.7,0.0397882589079642,1708193.37975886,22.2978324561354,21725025.4439455
-118,34.7,0.0397882589079642,1708193.37975886,22.2978324561354,21725025.4439455
-117.9,34.7,0.0397882589079642,1708193.37975886,22.2978324561354,21725025.4439455
-117.8,34.7,0.0347578105962573,265172.306386037,21.4430308250688,4779383.68904263
-117.7,34.7,0.0347578105962573,265172.306386037,21.4430308250688,4779383.68904263
-117.6,34.7,0.0347578105962573,265172.306386037,21.4430308250688,4779383.68904263
-117.5,34.7,0.0347578105962573,265172.306386037,21.4430308250688,4779383.68904263
-117.4,34.7,0.0347578105962573,265172.306386037,21.4430308250688,4779383.68904263
-117.3,34.7,0.0347578105962573,265172.306386037,21.4430308250688,4779383.68904263
-117.2,34.7,0.0347578105962573,265172.306386037,21.4430308250688,4779383.68904263
-117.1,34.7,0.0322123619476848,103708.463364428,21.1315218383052,2227030.01151895
-117,34.7,0.0322123619476848,103708.463364428,21.1315218383052,2227030.01151895
-116.9,34.7,0.0322123619476848,103708.463364428,21.1315218383052,2227030.01151895
-116.8,34.7,0.0322123619476848,103708.463364428,21.1315218383052,2227030.01151895
-116.7,34.7,0.0322123619476848,103708.463364428,21.1315218383052,2227030.01151895
-116.6,34.7,0.0322123619476848,103708.463364428,21.1315218383052,2227030.01151895
-116.5,34.7,0.0263548791535496,12994.295258801,23.7178718429853,180654.075122887
-116.4,34.7,0.0263548791535496,12994.295258801,23.7178718429853,180654.075122887
-116.3,34.7,0.0263548791535496,12994.295258801,23.7178718429853,180654.075122887
-116.2,34.7,0.0263548791535496,12994.295258801,23.7178718429853,180654.075122887
-116.1,34.7,0.0263548791535496,12994.295258801,23.7178718429853,180654.075122887
-116,34.7,0.0263548791535496,12994.295258801,23.7178718429853,180654.075122887
-115.9,34.7,0.0257562345964157,11085.6369432611,25.765095941358,109656.35633713
-115.8,34.7,0.0257562345964157,11085.6369432611,25.765095941358,109656.35633713
-115.7,34.7,0.0257562345964157,11085.6369432611,25.765095941358,109656.35633713
-115.6,34.7,0.0257562345964157,11085.6369432611,25.765095941358,109656.35633713
-115.5,34.7,0.0257562345964157,11085.6369432611,25.765095941358,109656.35633713
-115.4,34.7,0.0257562345964157,11085.6369432611,25.765095941358,109656.35633713
-115.3,34.7,0.0249514219994981,8129.25469545422,25.2672193660375,91584.0984983924
-115.2,34.7,0.0249514219994981,8129.25469545422,25.2672193660375,91584.0984983924
-115.1,34.7,0.0249514219994981,8129.25469545422,25.2672193660375,91584.0984983924
-115,34.7,0.0249514219994981,8129.25469545422,25.2672193660375,91584.0984983924
-114.9,34.7,0.0249514219994981,8129.25469545422,25.2672193660375,91584.0984983924
-114.8,34.7,0.0249514219994981,8129.25469545422,25.2672193660375,91584.0984983924
-114.7,34.7,0.0249514219994981,8129.25469545422,25.2672193660375,91584.0984983924
-114.6,34.7,0.0256988956405617,11010.1393406293,26.3561027653306,97756.1304120124
-114.5,34.7,0.0256988956405617,11010.1393406293,26.3561027653306,97756.1304120124
-120.6,34.8,0.0291480322954908,32786.2076079098,19.1961861019895,351971.891218382
-120.5,34.8,0.0291480322954908,32786.2076079098,19.1961861019895,351971.891218382
-120.4,34.8,0.0291480322954908,32786.2076079098,19.1961861019895,351971.891218382
-120.3,34.8,0.0410876672016639,2715505.46976947,21.7660555933291,32959212.056711
-120.2,34.8,0.0410876672016639,2715505.46976947,21.7660555933291,32959212.056711
-120.1,34.8,0.0410876672016639,2715505.46976947,21.7660555933291,32959212.056711
-120,34.8,0.0410876672016639,2715505.46976947,21.7660555933291,32959212.056711
-119.9,34.8,0.0410876672016639,2715505.46976947,21.7660555933291,32959212.056711
-119.8,34.8,0.0410876672016639,2715505.46976947,21.7660555933291,32959212.056711
-119.7,34.8,0.0410876672016639,2715505.46976947,21.7660555933291,32959212.056711
-119.6,34.8,0.0361217389223406,440739.623525094,21.7758308615866,6619940.13998604
-119.5,34.8,0.0361217389223406,440739.623525094,21.7758308615866,6619940.13998604
-119.4,34.8,0.0361217389223406,440739.623525094,21.7758308615866,6619940.13998604
-119.3,34.8,0.0361217389223406,440739.623525094,21.7758308615866,6619940.13998604
-119.2,34.8,0.0361217389223406,440739.623525094,21.7758308615866,6619940.13998604
-119.1,34.8,0.0361217389223406,440739.623525094,21.7758308615866,6619940.13998604
-119,34.8,0.0342859038238132,221788.309920934,21.1736390312927,4075992.64562464
-118.9,34.8,0.0342859038238132,221788.309920934,21.1736390312927,4075992.64562464
-118.8,34.8,0.0342859038238132,221788.309920934,21.1736390312927,4075992.64562464
-118.7,34.8,0.0342859038238132,221788.309920934,21.1736390312927,4075992.64562464
-118.6,34.8,0.0342859038238132,221788.309920934,21.1736390312927,4075992.64562464
-118.5,34.8,0.0342859038238132,221788.309920934,21.1736390312927,4075992.64562464
-118.4,34.8,0.0331042757126795,143608.541341811,21.0849320927633,2954102.05216416
-118.3,34.8,0.0331042757126795,143608.541341811,21.0849320927633,2954102.05216416
-118.2,34.8,0.0331042757126795,143608.541341811,21.0849320927633,2954102.05216416
-118.1,34.8,0.0331042757126795,143608.541341811,21.0849320927633,2954102.05216416
-118,34.8,0.0331042757126795,143608.541341811,21.0849320927633,2954102.05216416
-117.9,34.8,0.0331042757126795,143608.541341811,21.0849320927633,2954102.05216416
-117.8,34.8,0.0306374342161849,59852.241063187,22.271610117547,1023331.03193137
-117.7,34.8,0.0306374342161849,59852.241063187,22.271610117547,1023331.03193137
-117.6,34.8,0.0306374342161849,59852.241063187,22.271610117547,1023331.03193137
-117.5,34.8,0.0306374342161849,59852.241063187,22.271610117547,1023331.03193137
-117.4,34.8,0.0306374342161849,59852.241063187,22.271610117547,1023331.03193137
-117.3,34.8,0.0306374342161849,59852.241063187,22.271610117547,1023331.03193137
-117.2,34.8,0.0306374342161849,59852.241063187,22.271610117547,1023331.03193137
-117.1,34.8,0.0272049473960088,17250.8458776787,22.7446791109302,291176.272612712
-117,34.8,0.0272049473960088,17250.8458776787,22.7446791109302,291176.272612712
-116.9,34.8,0.0272049473960088,17250.8458776787,22.7446791109302,291176.272612712
-116.8,34.8,0.0272049473960088,17250.8458776787,22.7446791109302,291176.272612712
-116.7,34.8,0.0272049473960088,17250.8458776787,22.7446791109302,291176.272612712
-116.6,34.8,0.0272049473960088,17250.8458776787,22.7446791109302,291176.272612712
-116.5,34.8,0.0247301132139548,7386.33239138458,24.7426085085506,88407.3813452643
-116.4,34.8,0.0247301132139548,7386.33239138458,24.7426085085506,88407.3813452643
-116.3,34.8,0.0247301132139548,7386.33239138458,24.7426085085506,88407.3813452643
-116.2,34.8,0.0247301132139548,7386.33239138458,24.7426085085506,88407.3813452643
-116.1,34.8,0.0247301132139548,7386.33239138458,24.7426085085506,88407.3813452643
-116,34.8,0.0247301132139548,7386.33239138458,24.7426085085506,88407.3813452643
-115.9,34.8,0.0302273595653957,51096.0220651496,21.9487452471386,1015103.73689684
-115.8,34.8,0.0302273595653957,51096.0220651496,21.9487452471386,1015103.73689684
-115.7,34.8,0.0302273595653957,51096.0220651496,21.9487452471386,1015103.73689684
-115.6,34.8,0.0302273595653957,51096.0220651496,21.9487452471386,1015103.73689684
-115.5,34.8,0.0302273595653957,51096.0220651496,21.9487452471386,1015103.73689684
-115.4,34.8,0.0302273595653957,51096.0220651496,21.9487452471386,1015103.73689684
-115.3,34.8,0.0260421658688625,11326.0318680082,22.9385365758326,202101.057799516
-115.2,34.8,0.0260421658688625,11326.0318680082,22.9385365758326,202101.057799516
-115.1,34.8,0.0260421658688625,11326.0318680082,22.9385365758326,202101.057799516
-115,34.8,0.0260421658688625,11326.0318680082,22.9385365758326,202101.057799516
-114.9,34.8,0.0260421658688625,11326.0318680082,22.9385365758326,202101.057799516
-114.8,34.8,0.0260421658688625,11326.0318680082,22.9385365758326,202101.057799516
-114.7,34.8,0.0260421658688625,11326.0318680082,22.9385365758326,202101.057799516
-114.6,34.8,0.0246276027277077,7067.67053957046,24.5433203532619,88885.3743400558
-120.6,34.9,0.0291480322954908,32786.2076079098,19.1961861019895,351971.891218382
-120.5,34.9,0.0291480322954908,32786.2076079098,19.1961861019895,351971.891218382
-120.4,34.9,0.0291480322954908,32786.2076079098,19.1961861019895,351971.891218382
-120.3,34.9,0.0410876672016639,2715505.46976947,21.7660555933291,32959212.056711
-120.2,34.9,0.0410876672016639,2715505.46976947,21.7660555933291,32959212.056711
-120.1,34.9,0.0410876672016639,2715505.46976947,21.7660555933291,32959212.056711
-120,34.9,0.0410876672016639,2715505.46976947,21.7660555933291,32959212.056711
-119.9,34.9,0.0410876672016639,2715505.46976947,21.7660555933291,32959212.056711
-119.8,34.9,0.0410876672016639,2715505.46976947,21.7660555933291,32959212.056711
-119.7,34.9,0.0410876672016639,2715505.46976947,21.7660555933291,32959212.056711
-119.6,34.9,0.0361217389223406,440739.623525094,21.7758308615866,6619940.13998604
-119.5,34.9,0.0361217389223406,440739.623525094,21.7758308615866,6619940.13998604
-119.4,34.9,0.0361217389223406,440739.623525094,21.7758308615866,6619940.13998604
-119.3,34.9,0.0361217389223406,440739.623525094,21.7758308615866,6619940.13998604
-119.2,34.9,0.0361217389223406,440739.623525094,21.7758308615866,6619940.13998604
-119.1,34.9,0.0361217389223406,440739.623525094,21.7758308615866,6619940.13998604
-119,34.9,0.0342859038238132,221788.309920934,21.1736390312927,4075992.64562464
-118.9,34.9,0.0342859038238132,221788.309920934,21.1736390312927,4075992.64562464
-118.8,34.9,0.0342859038238132,221788.309920934,21.1736390312927,4075992.64562464
-118.7,34.9,0.0342859038238132,221788.309920934,21.1736390312927,4075992.64562464
-118.6,34.9,0.0342859038238132,221788.309920934,21.1736390312927,4075992.64562464
-118.5,34.9,0.0342859038238132,221788.309920934,21.1736390312927,4075992.64562464
-118.4,34.9,0.0331042757126795,143608.541341811,21.0849320927633,2954102.05216416
-118.3,34.9,0.0331042757126795,143608.541341811,21.0849320927633,2954102.05216416
-118.2,34.9,0.0331042757126795,143608.541341811,21.0849320927633,2954102.05216416
-118.1,34.9,0.0331042757126795,143608.541341811,21.0849320927633,2954102.05216416
-118,34.9,0.0331042757126795,143608.541341811,21.0849320927633,2954102.05216416
-117.9,34.9,0.0331042757126795,143608.541341811,21.0849320927633,2954102.05216416
-117.8,34.9,0.0306374342161849,59852.241063187,22.271610117547,1023331.03193137
-117.7,34.9,0.0306374342161849,59852.241063187,22.271610117547,1023331.03193137
-117.6,34.9,0.0306374342161849,59852.241063187,22.271610117547,1023331.03193137
-117.5,34.9,0.0306374342161849,59852.241063187,22.271610117547,1023331.03193137
-117.4,34.9,0.0306374342161849,59852.241063187,22.271610117547,1023331.03193137
-117.3,34.9,0.0306374342161849,59852.241063187,22.271610117547,1023331.03193137
-117.2,34.9,0.0306374342161849,59852.241063187,22.271610117547,1023331.03193137
-117.1,34.9,0.0272049473960088,17250.8458776787,22.7446791109302,291176.272612712
-117,34.9,0.0272049473960088,17250.8458776787,22.7446791109302,291176.272612712
-116.9,34.9,0.0272049473960088,17250.8458776787,22.7446791109302,291176.272612712
-116.8,34.9,0.0272049473960088,17250.8458776787,22.7446791109302,291176.272612712
-116.7,34.9,0.0272049473960088,17250.8458776787,22.7446791109302,291176.272612712
-116.6,34.9,0.0272049473960088,17250.8458776787,22.7446791109302,291176.272612712
-116.5,34.9,0.0247301132139548,7386.33239138458,24.7426085085506,88407.3813452643
-116.4,34.9,0.0247301132139548,7386.33239138458,24.7426085085506,88407.3813452643
-116.3,34.9,0.0247301132139548,7386.33239138458,24.7426085085506,88407.3813452643
-116.2,34.9,0.0247301132139548,7386.33239138458,24.7426085085506,88407.3813452643
-116.1,34.9,0.0247301132139548,7386.33239138458,24.7426085085506,88407.3813452643
-116,34.9,0.0247301132139548,7386.33239138458,24.7426085085506,88407.3813452643
-115.9,34.9,0.0302273595653957,51096.0220651496,21.9487452471386,1015103.73689684
-115.8,34.9,0.0302273595653957,51096.0220651496,21.9487452471386,1015103.73689684
-115.7,34.9,0.0302273595653957,51096.0220651496,21.9487452471386,1015103.73689684
-115.6,34.9,0.0302273595653957,51096.0220651496,21.9487452471386,1015103.73689684
-115.5,34.9,0.0302273595653957,51096.0220651496,21.9487452471386,1015103.73689684
-115.4,34.9,0.0302273595653957,51096.0220651496,21.9487452471386,1015103.73689684
-115.3,34.9,0.0260421658688625,11326.0318680082,22.9385365758326,202101.057799516
-115.2,34.9,0.0260421658688625,11326.0318680082,22.9385365758326,202101.057799516
-115.1,34.9,0.0260421658688625,11326.0318680082,22.9385365758326,202101.057799516
-115,34.9,0.0260421658688625,11326.0318680082,22.9385365758326,202101.057799516
-114.9,34.9,0.0260421658688625,11326.0318680082,22.9385365758326,202101.057799516
-114.8,34.9,0.0260421658688625,11326.0318680082,22.9385365758326,202101.057799516
-114.7,34.9,0.0260421658688625,11326.0318680082,22.9385365758326,202101.057799516
-120.6,35,0.0291480322954908,32786.2076079098,19.1961861019895,351971.891218382
-120.5,35,0.0291480322954908,32786.2076079098,19.1961861019895,351971.891218382
-120.4,35,0.0291480322954908,32786.2076079098,19.1961861019895,351971.891218382
-120.3,35,0.0410876672016639,2715505.46976947,21.7660555933291,32959212.056711
-120.2,35,0.0410876672016639,2715505.46976947,21.7660555933291,32959212.056711
-120.1,35,0.0410876672016639,2715505.46976947,21.7660555933291,32959212.056711
-120,35,0.0410876672016639,2715505.46976947,21.7660555933291,32959212.056711
-119.9,35,0.0410876672016639,2715505.46976947,21.7660555933291,32959212.056711
-119.8,35,0.0410876672016639,2715505.46976947,21.7660555933291,32959212.056711
-119.7,35,0.0410876672016639,2715505.46976947,21.7660555933291,32959212.056711
-119.6,35,0.0361217389223406,440739.623525094,21.7758308615866,6619940.13998604
-119.5,35,0.0361217389223406,440739.623525094,21.7758308615866,6619940.13998604
-119.4,35,0.0361217389223406,440739.623525094,21.7758308615866,6619940.13998604
-119.3,35,0.0361217389223406,440739.623525094,21.7758308615866,6619940.13998604
-119.2,35,0.0361217389223406,440739.623525094,21.7758308615866,6619940.13998604
-119.1,35,0.0361217389223406,440739.623525094,21.7758308615866,6619940.13998604
-119,35,0.0342859038238132,221788.309920934,21.1736390312927,4075992.64562464
-118.9,35,0.0342859038238132,221788.309920934,21.1736390312927,4075992.64562464
-118.8,35,0.0342859038238132,221788.309920934,21.1736390312927,4075992.64562464
-118.7,35,0.0342859038238132,221788.309920934,21.1736390312927,4075992.64562464
-118.6,35,0.0342859038238132,221788.309920934,21.1736390312927,4075992.64562464
-118.5,35,0.0342859038238132,221788.309920934,21.1736390312927,4075992.64562464
-118.4,35,0.0331042757126795,143608.541341811,21.0849320927633,2954102.05216416
-118.3,35,0.0331042757126795,143608.541341811,21.0849320927633,2954102.05216416
-118.2,35,0.0331042757126795,143608.541341811,21.0849320927633,2954102.05216416
-118.1,35,0.0331042757126795,143608.541341811,21.0849320927633,2954102.05216416
-118,35,0.0331042757126795,143608.541341811,21.0849320927633,2954102.05216416
-117.9,35,0.0331042757126795,143608.541341811,21.0849320927633,2954102.05216416
-117.8,35,0.0306374342161849,59852.241063187,22.271610117547,1023331.03193137
-117.7,35,0.0306374342161849,59852.241063187,22.271610117547,1023331.03193137
-117.6,35,0.0306374342161849,59852.241063187,22.271610117547,1023331.03193137
-117.5,35,0.0306374342161849,59852.241063187,22.271610117547,1023331.03193137
-117.4,35,0.0306374342161849,59852.241063187,22.271610117547,1023331.03193137
-117.3,35,0.0306374342161849,59852.241063187,22.271610117547,1023331.03193137
-117.2,35,0.0306374342161849,59852.241063187,22.271610117547,1023331.03193137
-117.1,35,0.0272049473960088,17250.8458776787,22.7446791109302,291176.272612712
-117,35,0.0272049473960088,17250.8458776787,22.7446791109302,291176.272612712
-116.9,35,0.0272049473960088,17250.8458776787,22.7446791109302,291176.272612712
-116.8,35,0.0272049473960088,17250.8458776787,22.7446791109302,291176.272612712
-116.7,35,0.0272049473960088,17250.8458776787,22.7446791109302,291176.272612712
-116.6,35,0.0272049473960088,17250.8458776787,22.7446791109302,291176.272612712
-116.5,35,0.0247301132139548,7386.33239138458,24.7426085085506,88407.3813452643
-116.4,35,0.0247301132139548,7386.33239138458,24.7426085085506,88407.3813452643
-116.3,35,0.0247301132139548,7386.33239138458,24.7426085085506,88407.3813452643
-116.2,35,0.0247301132139548,7386.33239138458,24.7426085085506,88407.3813452643
-116.1,35,0.0247301132139548,7386.33239138458,24.7426085085506,88407.3813452643
-116,35,0.0247301132139548,7386.33239138458,24.7426085085506,88407.3813452643
-115.9,35,0.0302273595653957,51096.0220651496,21.9487452471386,1015103.73689684
-115.8,35,0.0302273595653957,51096.0220651496,21.9487452471386,1015103.73689684
-115.7,35,0.0302273595653957,51096.0220651496,21.9487452471386,1015103.73689684
-115.6,35,0.0302273595653957,51096.0220651496,21.9487452471386,1015103.73689684
-115.5,35,0.0302273595653957,51096.0220651496,21.9487452471386,1015103.73689684
-115.4,35,0.0302273595653957,51096.0220651496,21.9487452471386,1015103.73689684
-115.3,35,0.0260421658688625,11326.0318680082,22.9385365758326,202101.057799516
-115.2,35,0.0260421658688625,11326.0318680082,22.9385365758326,202101.057799516
-115.1,35,0.0260421658688625,11326.0318680082,22.9385365758326,202101.057799516
-115,35,0.0260421658688625,11326.0318680082,22.9385365758326,202101.057799516
-114.9,35,0.0260421658688625,11326.0318680082,22.9385365758326,202101.057799516
-114.8,35,0.0260421658688625,11326.0318680082,22.9385365758326,202101.057799516
-114.7,35,0.0260421658688625,11326.0318680082,22.9385365758326,202101.057799516
-120.5,35.1,0.0291480322954908,32786.2076079098,19.1961861019895,351971.891218382
-120.4,35.1,0.0291480322954908,32786.2076079098,19.1961861019895,351971.891218382
-120.3,35.1,0.0410876672016639,2715505.46976947,21.7660555933291,32959212.056711
-120.2,35.1,0.0410876672016639,2715505.46976947,21.7660555933291,32959212.056711
-120.1,35.1,0.0410876672016639,2715505.46976947,21.7660555933291,32959212.056711
-120,35.1,0.0410876672016639,2715505.46976947,21.7660555933291,32959212.056711
-119.9,35.1,0.0410876672016639,2715505.46976947,21.7660555933291,32959212.056711
-119.8,35.1,0.0410876672016639,2715505.46976947,21.7660555933291,32959212.056711
-119.7,35.1,0.0410876672016639,2715505.46976947,21.7660555933291,32959212.056711
-119.6,35.1,0.0361217389223406,440739.623525094,21.7758308615866,6619940.13998604
-119.5,35.1,0.0361217389223406,440739.623525094,21.7758308615866,6619940.13998604
-119.4,35.1,0.0361217389223406,440739.623525094,21.7758308615866,6619940.13998604
-119.3,35.1,0.0361217389223406,440739.623525094,21.7758308615866,6619940.13998604
-119.2,35.1,0.0361217389223406,440739.623525094,21.7758308615866,6619940.13998604
-119.1,35.1,0.0361217389223406,440739.623525094,21.7758308615866,6619940.13998604
-119,35.1,0.0342859038238132,221788.309920934,21.1736390312927,4075992.64562464
-118.9,35.1,0.0342859038238132,221788.309920934,21.1736390312927,4075992.64562464
-118.8,35.1,0.0342859038238132,221788.309920934,21.1736390312927,4075992.64562464
-118.7,35.1,0.0342859038238132,221788.309920934,21.1736390312927,4075992.64562464
-118.6,35.1,0.0342859038238132,221788.309920934,21.1736390312927,4075992.64562464
-118.5,35.1,0.0342859038238132,221788.309920934,21.1736390312927,4075992.64562464
-118.4,35.1,0.0331042757126795,143608.541341811,21.0849320927633,2954102.05216416
-118.3,35.1,0.0331042757126795,143608.541341811,21.0849320927633,2954102.05216416
-118.2,35.1,0.0331042757126795,143608.541341811,21.0849320927633,2954102.05216416
-118.1,35.1,0.0331042757126795,143608.541341811,21.0849320927633,2954102.05216416
-118,35.1,0.0331042757126795,143608.541341811,21.0849320927633,2954102.05216416
-117.9,35.1,0.0331042757126795,143608.541341811,21.0849320927633,2954102.05216416
-117.8,35.1,0.0306374342161849,59852.241063187,22.271610117547,1023331.03193137
-117.7,35.1,0.0306374342161849,59852.241063187,22.271610117547,1023331.03193137
-117.6,35.1,0.0306374342161849,59852.241063187,22.271610117547,1023331.03193137
-117.5,35.1,0.0306374342161849,59852.241063187,22.271610117547,1023331.03193137
-117.4,35.1,0.0306374342161849,59852.241063187,22.271610117547,1023331.03193137
-117.3,35.1,0.0306374342161849,59852.241063187,22.271610117547,1023331.03193137
-117.2,35.1,0.0306374342161849,59852.241063187,22.271610117547,1023331.03193137
-117.1,35.1,0.0272049473960088,17250.8458776787,22.7446791109302,291176.272612712
-117,35.1,0.0272049473960088,17250.8458776787,22.7446791109302,291176.272612712
-116.9,35.1,0.0272049473960088,17250.8458776787,22.7446791109302,291176.272612712
-116.8,35.1,0.0272049473960088,17250.8458776787,22.7446791109302,291176.272612712
-116.7,35.1,0.0272049473960088,17250.8458776787,22.7446791109302,291176.272612712
-116.6,35.1,0.0272049473960088,17250.8458776787,22.7446791109302,291176.272612712
-116.5,35.1,0.0247301132139548,7386.33239138458,24.7426085085506,88407.3813452643
-116.4,35.1,0.0247301132139548,7386.33239138458,24.7426085085506,88407.3813452643
-116.3,35.1,0.0247301132139548,7386.33239138458,24.7426085085506,88407.3813452643
-116.2,35.1,0.0247301132139548,7386.33239138458,24.7426085085506,88407.3813452643
-116.1,35.1,0.0247301132139548,7386.33239138458,24.7426085085506,88407.3813452643
-116,35.1,0.0247301132139548,7386.33239138458,24.7426085085506,88407.3813452643
-115.9,35.1,0.0302273595653957,51096.0220651496,21.9487452471386,1015103.73689684
-115.8,35.1,0.0302273595653957,51096.0220651496,21.9487452471386,1015103.73689684
-115.7,35.1,0.0302273595653957,51096.0220651496,21.9487452471386,1015103.73689684
-115.6,35.1,0.0302273595653957,51096.0220651496,21.9487452471386,1015103.73689684
-115.5,35.1,0.0302273595653957,51096.0220651496,21.9487452471386,1015103.73689684
-115.4,35.1,0.0302273595653957,51096.0220651496,21.9487452471386,1015103.73689684
-115.3,35.1,0.0260421658688625,11326.0318680082,22.9385365758326,202101.057799516
-115.2,35.1,0.0260421658688625,11326.0318680082,22.9385365758326,202101.057799516
-115.1,35.1,0.0260421658688625,11326.0318680082,22.9385365758326,202101.057799516
-115,35.1,0.0260421658688625,11326.0318680082,22.9385365758326,202101.057799516
-114.9,35.1,0.0260421658688625,11326.0318680082,22.9385365758326,202101.057799516
-114.8,35.1,0.0260421658688625,11326.0318680082,22.9385365758326,202101.057799516
-120.7,35.2,0.0291480322954908,32786.2076079098,19.1961861019895,351971.891218382
-120.6,35.2,0.0291480322954908,32786.2076079098,19.1961861019895,351971.891218382
-120.5,35.2,0.0291480322954908,32786.2076079098,19.1961861019895,351971.891218382
-120.4,35.2,0.0291480322954908,32786.2076079098,19.1961861019895,351971.891218382
-120.3,35.2,0.0410876672016639,2715505.46976947,21.7660555933291,32959212.056711
-120.2,35.2,0.0410876672016639,2715505.46976947,21.7660555933291,32959212.056711
-120.1,35.2,0.0410876672016639,2715505.46976947,21.7660555933291,32959212.056711
-120,35.2,0.0410876672016639,2715505.46976947,21.7660555933291,32959212.056711
-119.9,35.2,0.0410876672016639,2715505.46976947,21.7660555933291,32959212.056711
-119.8,35.2,0.0410876672016639,2715505.46976947,21.7660555933291,32959212.056711
-119.7,35.2,0.0410876672016639,2715505.46976947,21.7660555933291,32959212.056711
-119.6,35.2,0.0361217389223406,440739.623525094,21.7758308615866,6619940.13998604
-119.5,35.2,0.0361217389223406,440739.623525094,21.7758308615866,6619940.13998604
-119.4,35.2,0.0361217389223406,440739.623525094,21.7758308615866,6619940.13998604
-119.3,35.2,0.0361217389223406,440739.623525094,21.7758308615866,6619940.13998604
-119.2,35.2,0.0361217389223406,440739.623525094,21.7758308615866,6619940.13998604
-119.1,35.2,0.0361217389223406,440739.623525094,21.7758308615866,6619940.13998604
-119,35.2,0.0342859038238132,221788.309920934,21.1736390312927,4075992.64562464
-118.9,35.2,0.0342859038238132,221788.309920934,21.1736390312927,4075992.64562464
-118.8,35.2,0.0342859038238132,221788.309920934,21.1736390312927,4075992.64562464
-118.7,35.2,0.0342859038238132,221788.309920934,21.1736390312927,4075992.64562464
-118.6,35.2,0.0342859038238132,221788.309920934,21.1736390312927,4075992.64562464
-118.5,35.2,0.0342859038238132,221788.309920934,21.1736390312927,4075992.64562464
-118.4,35.2,0.0331042757126795,143608.541341811,21.0849320927633,2954102.05216416
-118.3,35.2,0.0331042757126795,143608.541341811,21.0849320927633,2954102.05216416
-118.2,35.2,0.0331042757126795,143608.541341811,21.0849320927633,2954102.05216416
-118.1,35.2,0.0331042757126795,143608.541341811,21.0849320927633,2954102.05216416
-118,35.2,0.0331042757126795,143608.541341811,21.0849320927633,2954102.05216416
-117.9,35.2,0.0331042757126795,143608.541341811,21.0849320927633,2954102.05216416
-117.8,35.2,0.0306374342161849,59852.241063187,22.271610117547,1023331.03193137
-117.7,35.2,0.0306374342161849,59852.241063187,22.271610117547,1023331.03193137
-117.6,35.2,0.0306374342161849,59852.241063187,22.271610117547,1023331.03193137
-117.5,35.2,0.0306374342161849,59852.241063187,22.271610117547,1023331.03193137
-117.4,35.2,0.0306374342161849,59852.241063187,22.271610117547,1023331.03193137
-117.3,35.2,0.0306374342161849,59852.241063187,22.271610117547,1023331.03193137
-117.2,35.2,0.0306374342161849,59852.241063187,22.271610117547,1023331.03193137
-117.1,35.2,0.0272049473960088,17250.8458776787,22.7446791109302,291176.272612712
-117,35.2,0.0272049473960088,17250.8458776787,22.7446791109302,291176.272612712
-116.9,35.2,0.0272049473960088,17250.8458776787,22.7446791109302,291176.272612712
-116.8,35.2,0.0272049473960088,17250.8458776787,22.7446791109302,291176.272612712
-116.7,35.2,0.0272049473960088,17250.8458776787,22.7446791109302,291176.272612712
-116.6,35.2,0.0272049473960088,17250.8458776787,22.7446791109302,291176.272612712
-116.5,35.2,0.0247301132139548,7386.33239138458,24.7426085085506,88407.3813452643
-116.4,35.2,0.0247301132139548,7386.33239138458,24.7426085085506,88407.3813452643
-116.3,35.2,0.0247301132139548,7386.33239138458,24.7426085085506,88407.3813452643
-116.2,35.2,0.0247301132139548,7386.33239138458,24.7426085085506,88407.3813452643
-116.1,35.2,0.0247301132139548,7386.33239138458,24.7426085085506,88407.3813452643
-116,35.2,0.0247301132139548,7386.33239138458,24.7426085085506,88407.3813452643
-115.9,35.2,0.0302273595653957,51096.0220651496,21.9487452471386,1015103.73689684
-115.8,35.2,0.0302273595653957,51096.0220651496,21.9487452471386,1015103.73689684
-115.7,35.2,0.0302273595653957,51096.0220651496,21.9487452471386,1015103.73689684
-115.6,35.2,0.0302273595653957,51096.0220651496,21.9487452471386,1015103.73689684
-115.5,35.2,0.0302273595653957,51096.0220651496,21.9487452471386,1015103.73689684
-115.4,35.2,0.0302273595653957,51096.0220651496,21.9487452471386,1015103.73689684
-115.3,35.2,0.0260421658688625,11326.0318680082,22.9385365758326,202101.057799516
-115.2,35.2,0.0260421658688625,11326.0318680082,22.9385365758326,202101.057799516
-115.1,35.2,0.0260421658688625,11326.0318680082,22.9385365758326,202101.057799516
-115,35.2,0.0260421658688625,11326.0318680082,22.9385365758326,202101.057799516
-114.9,35.2,0.0260421658688625,11326.0318680082,22.9385365758326,202101.057799516
-120.8,35.3,0.0395950546720226,1546514.38908513,20.9907578327209,17284750.2070199
-120.7,35.3,0.0395950546720226,1546514.38908513,20.9907578327209,17284750.2070199
-120.6,35.3,0.0395950546720226,1546514.38908513,20.9907578327209,17284750.2070199
-120.5,35.3,0.0395950546720226,1546514.38908513,20.9907578327209,17284750.2070199
-120.4,35.3,0.0395950546720226,1546514.38908513,20.9907578327209,17284750.2070199
-120.3,35.3,0.0399222476371789,1831440.26622112,23.0197063135753,20807293.3055346
-120.2,35.3,0.0399222476371789,1831440.26622112,23.0197063135753,20807293.3055346
-120.1,35.3,0.0399222476371789,1831440.26622112,23.0197063135753,20807293.3055346
-120,35.3,0.0399222476371789,1831440.26622112,23.0197063135753,20807293.3055346
-119.9,35.3,0.0399222476371789,1831440.26622112,23.0197063135753,20807293.3055346
-119.8,35.3,0.0399222476371789,1831440.26622112,23.0197063135753,20807293.3055346
-119.7,35.3,0.0399222476371789,1831440.26622112,23.0197063135753,20807293.3055346
-119.6,35.3,0.0320130045774959,106583.160915753,24.7730008751021,868877.293367294
-119.5,35.3,0.0320130045774959,106583.160915753,24.7730008751021,868877.293367294
-119.4,35.3,0.0320130045774959,106583.160915753,24.7730008751021,868877.293367294
-119.3,35.3,0.0320130045774959,106583.160915753,24.7730008751021,868877.293367294
-119.2,35.3,0.0320130045774959,106583.160915753,24.7730008751021,868877.293367294
-119.1,35.3,0.0320130045774959,106583.160915753,24.7730008751021,868877.293367294
-119,35.3,0.0382140277588229,949223.82721231,21.8535649341409,13562967.1349183
-118.9,35.3,0.0382140277588229,949223.82721231,21.8535649341409,13562967.1349183
-118.8,35.3,0.0382140277588229,949223.82721231,21.8535649341409,13562967.1349183
-118.7,35.3,0.0382140277588229,949223.82721231,21.8535649341409,13562967.1349183
-118.6,35.3,0.0382140277588229,949223.82721231,21.8535649341409,13562967.1349183
-118.5,35.3,0.0382140277588229,949223.82721231,21.8535649341409,13562967.1349183
-118.4,35.3,0.0292849051520536,34591.758833486,19.6586913090056,956082.00515398
-118.3,35.3,0.0292849051520536,34591.758833486,19.6586913090056,956082.00515398
-118.2,35.3,0.0292849051520536,34591.758833486,19.6586913090056,956082.00515398
-118.1,35.3,0.0292849051520536,34591.758833486,19.6586913090056,956082.00515398
-118,35.3,0.0292849051520536,34591.758833486,19.6586913090056,956082.00515398
-117.9,35.3,0.0292849051520536,34591.758833486,19.6586913090056,956082.00515398
-117.8,35.3,0.0277222759020434,20797.8861782181,22.649315785931,353692.47963034
-117.7,35.3,0.0277222759020434,20797.8861782181,22.649315785931,353692.47963034
-117.6,35.3,0.0277222759020434,20797.8861782181,22.649315785931,353692.47963034
-117.5,35.3,0.0277222759020434,20797.8861782181,22.649315785931,353692.47963034
-117.4,35.3,0.0277222759020434,20797.8861782181,22.649315785931,353692.47963034
-117.3,35.3,0.0277222759020434,20797.8861782181,22.649315785931,353692.47963034
-117.2,35.3,0.0277222759020434,20797.8861782181,22.649315785931,353692.47963034
-117.1,35.3,0.0258281681245293,10447.7258931105,22.83142109693,185074.010132501
-117,35.3,0.0258281681245293,10447.7258931105,22.83142109693,185074.010132501
-116.9,35.3,0.0258281681245293,10447.7258931105,22.83142109693,185074.010132501
-116.8,35.3,0.0258281681245293,10447.7258931105,22.83142109693,185074.010132501
-116.7,35.3,0.0258281681245293,10447.7258931105,22.83142109693,185074.010132501
-116.6,35.3,0.0258281681245293,10447.7258931105,22.83142109693,185074.010132501
-116.5,35.3,0.0242853098273681,6146.38251029283,24.0269957553509,86436.6020577182
-116.4,35.3,0.0242853098273681,6146.38251029283,24.0269957553509,86436.6020577182
-116.3,35.3,0.0242853098273681,6146.38251029283,24.0269957553509,86436.6020577182
-116.2,35.3,0.0242853098273681,6146.38251029283,24.0269957553509,86436.6020577182
-116.1,35.3,0.0242853098273681,6146.38251029283,24.0269957553509,86436.6020577182
-116,35.3,0.0242853098273681,6146.38251029283,24.0269957553509,86436.6020577182
-115.9,35.3,0.0290564701289302,32722.8517627101,21.2124078189633,783617.268452332
-115.8,35.3,0.0290564701289302,32722.8517627101,21.2124078189633,783617.268452332
-115.7,35.3,0.0290564701289302,32722.8517627101,21.2124078189633,783617.268452332
-115.6,35.3,0.0290564701289302,32722.8517627101,21.2124078189633,783617.268452332
-115.5,35.3,0.0290564701289302,32722.8517627101,21.2124078189633,783617.268452332
-115.4,35.3,0.0290564701289302,32722.8517627101,21.2124078189633,783617.268452332
-115.3,35.3,0.0257040910024197,9655.99115057278,21.5249129304618,240968.000944559
-115.2,35.3,0.0257040910024197,9655.99115057278,21.5249129304618,240968.000944559
-115.1,35.3,0.0257040910024197,9655.99115057278,21.5249129304618,240968.000944559
-115,35.3,0.0257040910024197,9655.99115057278,21.5249129304618,240968.000944559
-120.8,35.4,0.0395950546720226,1546514.38908513,20.9907578327209,17284750.2070199
-120.7,35.4,0.0395950546720226,1546514.38908513,20.9907578327209,17284750.2070199
-120.6,35.4,0.0395950546720226,1546514.38908513,20.9907578327209,17284750.2070199
-120.5,35.4,0.0395950546720226,1546514.38908513,20.9907578327209,17284750.2070199
-120.4,35.4,0.0395950546720226,1546514.38908513,20.9907578327209,17284750.2070199
-120.3,35.4,0.0399222476371789,1831440.26622112,23.0197063135753,20807293.3055346
-120.2,35.4,0.0399222476371789,1831440.26622112,23.0197063135753,20807293.3055346
-120.1,35.4,0.0399222476371789,1831440.26622112,23.0197063135753,20807293.3055346
-120,35.4,0.0399222476371789,1831440.26622112,23.0197063135753,20807293.3055346
-119.9,35.4,0.0399222476371789,1831440.26622112,23.0197063135753,20807293.3055346
-119.8,35.4,0.0399222476371789,1831440.26622112,23.0197063135753,20807293.3055346
-119.7,35.4,0.0399222476371789,1831440.26622112,23.0197063135753,20807293.3055346
-119.6,35.4,0.0320130045774959,106583.160915753,24.7730008751021,868877.293367294
-119.5,35.4,0.0320130045774959,106583.160915753,24.7730008751021,868877.293367294
-119.4,35.4,0.0320130045774959,106583.160915753,24.7730008751021,868877.293367294
-119.3,35.4,0.0320130045774959,106583.160915753,24.7730008751021,868877.293367294
-119.2,35.4,0.0320130045774959,106583.160915753,24.7730008751021,868877.293367294
-119.1,35.4,0.0320130045774959,106583.160915753,24.7730008751021,868877.293367294
-119,35.4,0.0382140277588229,949223.82721231,21.8535649341409,13562967.1349183
-118.9,35.4,0.0382140277588229,949223.82721231,21.8535649341409,13562967.1349183
-118.8,35.4,0.0382140277588229,949223.82721231,21.8535649341409,13562967.1349183
-118.7,35.4,0.0382140277588229,949223.82721231,21.8535649341409,13562967.1349183
-118.6,35.4,0.0382140277588229,949223.82721231,21.8535649341409,13562967.1349183
-118.5,35.4,0.0382140277588229,949223.82721231,21.8535649341409,13562967.1349183
-118.4,35.4,0.0292849051520536,34591.758833486,19.6586913090056,956082.00515398
-118.3,35.4,0.0292849051520536,34591.758833486,19.6586913090056,956082.00515398
-118.2,35.4,0.0292849051520536,34591.758833486,19.6586913090056,956082.00515398
-118.1,35.4,0.0292849051520536,34591.758833486,19.6586913090056,956082.00515398
-118,35.4,0.0292849051520536,34591.758833486,19.6586913090056,956082.00515398
-117.9,35.4,0.0292849051520536,34591.758833486,19.6586913090056,956082.00515398
-117.8,35.4,0.0277222759020434,20797.8861782181,22.649315785931,353692.47963034
-117.7,35.4,0.0277222759020434,20797.8861782181,22.649315785931,353692.47963034
-117.6,35.4,0.0277222759020434,20797.8861782181,22.649315785931,353692.47963034
-117.5,35.4,0.0277222759020434,20797.8861782181,22.649315785931,353692.47963034
-117.4,35.4,0.0277222759020434,20797.8861782181,22.649315785931,353692.47963034
-117.3,35.4,0.0277222759020434,20797.8861782181,22.649315785931,353692.47963034
-117.2,35.4,0.0277222759020434,20797.8861782181,22.649315785931,353692.47963034
-117.1,35.4,0.0258281681245293,10447.7258931105,22.83142109693,185074.010132501
-117,35.4,0.0258281681245293,10447.7258931105,22.83142109693,185074.010132501
-116.9,35.4,0.0258281681245293,10447.7258931105,22.83142109693,185074.010132501
-116.8,35.4,0.0258281681245293,10447.7258931105,22.83142109693,185074.010132501
-116.7,35.4,0.0258281681245293,10447.7258931105,22.83142109693,185074.010132501
-116.6,35.4,0.0258281681245293,10447.7258931105,22.83142109693,185074.010132501
-116.5,35.4,0.0242853098273681,6146.38251029283,24.0269957553509,86436.6020577182
-116.4,35.4,0.0242853098273681,6146.38251029283,24.0269957553509,86436.6020577182
-116.3,35.4,0.0242853098273681,6146.38251029283,24.0269957553509,86436.6020577182
-116.2,35.4,0.0242853098273681,6146.38251029283,24.0269957553509,86436.6020577182
-116.1,35.4,0.0242853098273681,6146.38251029283,24.0269957553509,86436.6020577182
-116,35.4,0.0242853098273681,6146.38251029283,24.0269957553509,86436.6020577182
-115.9,35.4,0.0290564701289302,32722.8517627101,21.2124078189633,783617.268452332
-115.8,35.4,0.0290564701289302,32722.8517627101,21.2124078189633,783617.268452332
-115.7,35.4,0.0290564701289302,32722.8517627101,21.2124078189633,783617.268452332
-115.6,35.4,0.0290564701289302,32722.8517627101,21.2124078189633,783617.268452332
-115.5,35.4,0.0290564701289302,32722.8517627101,21.2124078189633,783617.268452332
-115.4,35.4,0.0290564701289302,32722.8517627101,21.2124078189633,783617.268452332
-115.3,35.4,0.0257040910024197,9655.99115057278,21.5249129304618,240968.000944559
-115.2,35.4,0.0257040910024197,9655.99115057278,21.5249129304618,240968.000944559
-120.9,35.5,0.0395950546720226,1546514.38908513,20.9907578327209,17284750.2070199
-120.8,35.5,0.0395950546720226,1546514.38908513,20.9907578327209,17284750.2070199
-120.7,35.5,0.0395950546720226,1546514.38908513,20.9907578327209,17284750.2070199
-120.6,35.5,0.0395950546720226,1546514.38908513,20.9907578327209,17284750.2070199
-120.5,35.5,0.0395950546720226,1546514.38908513,20.9907578327209,17284750.2070199
-120.4,35.5,0.0395950546720226,1546514.38908513,20.9907578327209,17284750.2070199
-120.3,35.5,0.0399222476371789,1831440.26622112,23.0197063135753,20807293.3055346
-120.2,35.5,0.0399222476371789,1831440.26622112,23.0197063135753,20807293.3055346
-120.1,35.5,0.0399222476371789,1831440.26622112,23.0197063135753,20807293.3055346
-120,35.5,0.0399222476371789,1831440.26622112,23.0197063135753,20807293.3055346
-119.9,35.5,0.0399222476371789,1831440.26622112,23.0197063135753,20807293.3055346
-119.8,35.5,0.0399222476371789,1831440.26622112,23.0197063135753,20807293.3055346
-119.7,35.5,0.0399222476371789,1831440.26622112,23.0197063135753,20807293.3055346
-119.6,35.5,0.0320130045774959,106583.160915753,24.7730008751021,868877.293367294
-119.5,35.5,0.0320130045774959,106583.160915753,24.7730008751021,868877.293367294
-119.4,35.5,0.0320130045774959,106583.160915753,24.7730008751021,868877.293367294
-119.3,35.5,0.0320130045774959,106583.160915753,24.7730008751021,868877.293367294
-119.2,35.5,0.0320130045774959,106583.160915753,24.7730008751021,868877.293367294
-119.1,35.5,0.0320130045774959,106583.160915753,24.7730008751021,868877.293367294
-119,35.5,0.0382140277588229,949223.82721231,21.8535649341409,13562967.1349183
-118.9,35.5,0.0382140277588229,949223.82721231,21.8535649341409,13562967.1349183
-118.8,35.5,0.0382140277588229,949223.82721231,21.8535649341409,13562967.1349183
-118.7,35.5,0.0382140277588229,949223.82721231,21.8535649341409,13562967.1349183
-118.6,35.5,0.0382140277588229,949223.82721231,21.8535649341409,13562967.1349183
-118.5,35.5,0.0382140277588229,949223.82721231,21.8535649341409,13562967.1349183
-118.4,35.5,0.0292849051520536,34591.758833486,19.6586913090056,956082.00515398
-118.3,35.5,0.0292849051520536,34591.758833486,19.6586913090056,956082.00515398
-118.2,35.5,0.0292849051520536,34591.758833486,19.6586913090056,956082.00515398
-118.1,35.5,0.0292849051520536,34591.758833486,19.6586913090056,956082.00515398
-118,35.5,0.0292849051520536,34591.758833486,19.6586913090056,956082.00515398
-117.9,35.5,0.0292849051520536,34591.758833486,19.6586913090056,956082.00515398
-117.8,35.5,0.0277222759020434,20797.8861782181,22.649315785931,353692.47963034
-117.7,35.5,0.0277222759020434,20797.8861782181,22.649315785931,353692.47963034
-117.6,35.5,0.0277222759020434,20797.8861782181,22.649315785931,353692.47963034
-117.5,35.5,0.0277222759020434,20797.8861782181,22.649315785931,353692.47963034
-117.4,35.5,0.0277222759020434,20797.8861782181,22.649315785931,353692.47963034
-117.3,35.5,0.0277222759020434,20797.8861782181,22.649315785931,353692.47963034
-117.2,35.5,0.0277222759020434,20797.8861782181,22.649315785931,353692.47963034
-117.1,35.5,0.0258281681245293,10447.7258931105,22.83142109693,185074.010132501
-117,35.5,0.0258281681245293,10447.7258931105,22.83142109693,185074.010132501
-116.9,35.5,0.0258281681245293,10447.7258931105,22.83142109693,185074.010132501
-116.8,35.5,0.0258281681245293,10447.7258931105,22.83142109693,185074.010132501
-116.7,35.5,0.0258281681245293,10447.7258931105,22.83142109693,185074.010132501
-116.6,35.5,0.0258281681245293,10447.7258931105,22.83142109693,185074.010132501
-116.5,35.5,0.0242853098273681,6146.38251029283,24.0269957553509,86436.6020577182
-116.4,35.5,0.0242853098273681,6146.38251029283,24.0269957553509,86436.6020577182
-116.3,35.5,0.0242853098273681,6146.38251029283,24.0269957553509,86436.6020577182
-116.2,35.5,0.0242853098273681,6146.38251029283,24.0269957553509,86436.6020577182
-116.1,35.5,0.0242853098273681,6146.38251029283,24.0269957553509,86436.6020577182
-116,35.5,0.0242853098273681,6146.38251029283,24.0269957553509,86436.6020577182
-115.9,35.5,0.0290564701289302,32722.8517627101,21.2124078189633,783617.268452332
-115.8,35.5,0.0290564701289302,32722.8517627101,21.2124078189633,783617.268452332
-115.7,35.5,0.0290564701289302,32722.8517627101,21.2124078189633,783617.268452332
-115.6,35.5,0.0290564701289302,32722.8517627101,21.2124078189633,783617.268452332
-115.5,35.5,0.0290564701289302,32722.8517627101,21.2124078189633,783617.268452332
-115.4,35.5,0.0290564701289302,32722.8517627101,21.2124078189633,783617.268452332
-115.3,35.5,0.0257040910024197,9655.99115057278,21.5249129304618,240968.000944559
-121,35.6,0.013958434293964,123.600960280826,17.0149233369412,1945.27296094849
-120.9,35.6,0.0395950546720226,1546514.38908513,20.9907578327209,17284750.2070199
-120.8,35.6,0.0395950546720226,1546514.38908513,20.9907578327209,17284750.2070199
-120.7,35.6,0.0395950546720226,1546514.38908513,20.9907578327209,17284750.2070199
-120.6,35.6,0.0395950546720226,1546514.38908513,20.9907578327209,17284750.2070199
-120.5,35.6,0.0395950546720226,1546514.38908513,20.9907578327209,17284750.2070199
-120.4,35.6,0.0395950546720226,1546514.38908513,20.9907578327209,17284750.2070199
-120.3,35.6,0.0399222476371789,1831440.26622112,23.0197063135753,20807293.3055346
-120.2,35.6,0.0399222476371789,1831440.26622112,23.0197063135753,20807293.3055346
-120.1,35.6,0.0399222476371789,1831440.26622112,23.0197063135753,20807293.3055346
-120,35.6,0.0399222476371789,1831440.26622112,23.0197063135753,20807293.3055346
-119.9,35.6,0.0399222476371789,1831440.26622112,23.0197063135753,20807293.3055346
-119.8,35.6,0.0399222476371789,1831440.26622112,23.0197063135753,20807293.3055346
-119.7,35.6,0.0399222476371789,1831440.26622112,23.0197063135753,20807293.3055346
-119.6,35.6,0.0320130045774959,106583.160915753,24.7730008751021,868877.293367294
-119.5,35.6,0.0320130045774959,106583.160915753,24.7730008751021,868877.293367294
-119.4,35.6,0.0320130045774959,106583.160915753,24.7730008751021,868877.293367294
-119.3,35.6,0.0320130045774959,106583.160915753,24.7730008751021,868877.293367294
-119.2,35.6,0.0320130045774959,106583.160915753,24.7730008751021,868877.293367294
-119.1,35.6,0.0320130045774959,106583.160915753,24.7730008751021,868877.293367294
-119,35.6,0.0382140277588229,949223.82721231,21.8535649341409,13562967.1349183
-118.9,35.6,0.0382140277588229,949223.82721231,21.8535649341409,13562967.1349183
-118.8,35.6,0.0382140277588229,949223.82721231,21.8535649341409,13562967.1349183
-118.7,35.6,0.0382140277588229,949223.82721231,21.8535649341409,13562967.1349183
-118.6,35.6,0.0382140277588229,949223.82721231,21.8535649341409,13562967.1349183
-118.5,35.6,0.0382140277588229,949223.82721231,21.8535649341409,13562967.1349183
-118.4,35.6,0.0292849051520536,34591.758833486,19.6586913090056,956082.00515398
-118.3,35.6,0.0292849051520536,34591.758833486,19.6586913090056,956082.00515398
-118.2,35.6,0.0292849051520536,34591.758833486,19.6586913090056,956082.00515398
-118.1,35.6,0.0292849051520536,34591.758833486,19.6586913090056,956082.00515398
-118,35.6,0.0292849051520536,34591.758833486,19.6586913090056,956082.00515398
-117.9,35.6,0.0292849051520536,34591.758833486,19.6586913090056,956082.00515398
-117.8,35.6,0.0277222759020434,20797.8861782181,22.649315785931,353692.47963034
-117.7,35.6,0.0277222759020434,20797.8861782181,22.649315785931,353692.47963034
-117.6,35.6,0.0277222759020434,20797.8861782181,22.649315785931,353692.47963034
-117.5,35.6,0.0277222759020434,20797.8861782181,22.649315785931,353692.47963034
-117.4,35.6,0.0277222759020434,20797.8861782181,22.649315785931,353692.47963034
-117.3,35.6,0.0277222759020434,20797.8861782181,22.649315785931,353692.47963034
-117.2,35.6,0.0277222759020434,20797.8861782181,22.649315785931,353692.47963034
-117.1,35.6,0.0258281681245293,10447.7258931105,22.83142109693,185074.010132501
-117,35.6,0.0258281681245293,10447.7258931105,22.83142109693,185074.010132501
-116.9,35.6,0.0258281681245293,10447.7258931105,22.83142109693,185074.010132501
-116.8,35.6,0.0258281681245293,10447.7258931105,22.83142109693,185074.010132501
-116.7,35.6,0.0258281681245293,10447.7258931105,22.83142109693,185074.010132501
-116.6,35.6,0.0258281681245293,10447.7258931105,22.83142109693,185074.010132501
-116.5,35.6,0.0242853098273681,6146.38251029283,24.0269957553509,86436.6020577182
-116.4,35.6,0.0242853098273681,6146.38251029283,24.0269957553509,86436.6020577182
-116.3,35.6,0.0242853098273681,6146.38251029283,24.0269957553509,86436.6020577182
-116.2,35.6,0.0242853098273681,6146.38251029283,24.0269957553509,86436.6020577182
-116.1,35.6,0.0242853098273681,6146.38251029283,24.0269957553509,86436.6020577182
-116,35.6,0.0242853098273681,6146.38251029283,24.0269957553509,86436.6020577182
-115.9,35.6,0.0290564701289302,32722.8517627101,21.2124078189633,783617.268452332
-115.8,35.6,0.0290564701289302,32722.8517627101,21.2124078189633,783617.268452332
-115.7,35.6,0.0290564701289302,32722.8517627101,21.2124078189633,783617.268452332
-115.6,35.6,0.0290564701289302,32722.8517627101,21.2124078189633,783617.268452332
-115.5,35.6,0.0290564701289302,32722.8517627101,21.2124078189633,783617.268452332
-115.4,35.6,0.0290564701289302,32722.8517627101,21.2124078189633,783617.268452332
-121.2,35.7,0.013958434293964,123.600960280826,17.0149233369412,1945.27296094849
-121.1,35.7,0.013958434293964,123.600960280826,17.0149233369412,1945.27296094849
-121,35.7,0.013958434293964,123.600960280826,17.0149233369412,1945.27296094849
-120.9,35.7,0.0395950546720226,1546514.38908513,20.9907578327209,17284750.2070199
-120.8,35.7,0.0395950546720226,1546514.38908513,20.9907578327209,17284750.2070199
-120.7,35.7,0.0395950546720226,1546514.38908513,20.9907578327209,17284750.2070199
-120.6,35.7,0.0395950546720226,1546514.38908513,20.9907578327209,17284750.2070199
-120.5,35.7,0.0395950546720226,1546514.38908513,20.9907578327209,17284750.2070199
-120.4,35.7,0.0395950546720226,1546514.38908513,20.9907578327209,17284750.2070199
-120.3,35.7,0.0399222476371789,1831440.26622112,23.0197063135753,20807293.3055346
-120.2,35.7,0.0399222476371789,1831440.26622112,23.0197063135753,20807293.3055346
-120.1,35.7,0.0399222476371789,1831440.26622112,23.0197063135753,20807293.3055346
-120,35.7,0.0399222476371789,1831440.26622112,23.0197063135753,20807293.3055346
-119.9,35.7,0.0399222476371789,1831440.26622112,23.0197063135753,20807293.3055346
-119.8,35.7,0.0399222476371789,1831440.26622112,23.0197063135753,20807293.3055346
-119.7,35.7,0.0399222476371789,1831440.26622112,23.0197063135753,20807293.3055346
-119.6,35.7,0.0320130045774959,106583.160915753,24.7730008751021,868877.293367294
-119.5,35.7,0.0320130045774959,106583.160915753,24.7730008751021,868877.293367294
-119.4,35.7,0.0320130045774959,106583.160915753,24.7730008751021,868877.293367294
-119.3,35.7,0.0320130045774959,106583.160915753,24.7730008751021,868877.293367294
-119.2,35.7,0.0320130045774959,106583.160915753,24.7730008751021,868877.293367294
-119.1,35.7,0.0320130045774959,106583.160915753,24.7730008751021,868877.293367294
-119,35.7,0.0382140277588229,949223.82721231,21.8535649341409,13562967.1349183
-118.9,35.7,0.0382140277588229,949223.82721231,21.8535649341409,13562967.1349183
-118.8,35.7,0.0382140277588229,949223.82721231,21.8535649341409,13562967.1349183
-118.7,35.7,0.0382140277588229,949223.82721231,21.8535649341409,13562967.1349183
-118.6,35.7,0.0382140277588229,949223.82721231,21.8535649341409,13562967.1349183
-118.5,35.7,0.0382140277588229,949223.82721231,21.8535649341409,13562967.1349183
-118.4,35.7,0.0292849051520536,34591.758833486,19.6586913090056,956082.00515398
-118.3,35.7,0.0292849051520536,34591.758833486,19.6586913090056,956082.00515398
-118.2,35.7,0.0292849051520536,34591.758833486,19.6586913090056,956082.00515398
-118.1,35.7,0.0292849051520536,34591.758833486,19.6586913090056,956082.00515398
-118,35.7,0.0292849051520536,34591.758833486,19.6586913090056,956082.00515398
-117.9,35.7,0.0292849051520536,34591.758833486,19.6586913090056,956082.00515398
-117.8,35.7,0.0277222759020434,20797.8861782181,22.649315785931,353692.47963034
-117.7,35.7,0.0277222759020434,20797.8861782181,22.649315785931,353692.47963034
-117.6,35.7,0.0277222759020434,20797.8861782181,22.649315785931,353692.47963034
-117.5,35.7,0.0277222759020434,20797.8861782181,22.649315785931,353692.47963034
-117.4,35.7,0.0277222759020434,20797.8861782181,22.649315785931,353692.47963034
-117.3,35.7,0.0277222759020434,20797.8861782181,22.649315785931,353692.47963034
-117.2,35.7,0.0277222759020434,20797.8861782181,22.649315785931,353692.47963034
-117.1,35.7,0.0258281681245293,10447.7258931105,22.83142109693,185074.010132501
-117,35.7,0.0258281681245293,10447.7258931105,22.83142109693,185074.010132501
-116.9,35.7,0.0258281681245293,10447.7258931105,22.83142109693,185074.010132501
-116.8,35.7,0.0258281681245293,10447.7258931105,22.83142109693,185074.010132501
-116.7,35.7,0.0258281681245293,10447.7258931105,22.83142109693,185074.010132501
-116.6,35.7,0.0258281681245293,10447.7258931105,22.83142109693,185074.010132501
-116.5,35.7,0.0242853098273681,6146.38251029283,24.0269957553509,86436.6020577182
-116.4,35.7,0.0242853098273681,6146.38251029283,24.0269957553509,86436.6020577182
-116.3,35.7,0.0242853098273681,6146.38251029283,24.0269957553509,86436.6020577182
-116.2,35.7,0.0242853098273681,6146.38251029283,24.0269957553509,86436.6020577182
-116.1,35.7,0.0242853098273681,6146.38251029283,24.0269957553509,86436.6020577182
-116,35.7,0.0242853098273681,6146.38251029283,24.0269957553509,86436.6020577182
-115.9,35.7,0.0290564701289302,32722.8517627101,21.2124078189633,783617.268452332
-115.8,35.7,0.0290564701289302,32722.8517627101,21.2124078189633,783617.268452332
-115.7,35.7,0.0290564701289302,32722.8517627101,21.2124078189633,783617.268452332
-115.6,35.7,0.0290564701289302,32722.8517627101,21.2124078189633,783617.268452332
-121.3,35.8,0.0352714195187721,313190.703795337,20.2938459678488,4127241.54373754
-121.2,35.8,0.0352714195187721,313190.703795337,20.2938459678488,4127241.54373754
-121.1,35.8,0.0352714195187721,313190.703795337,20.2938459678488,4127241.54373754
-121,35.8,0.0352714195187721,313190.703795337,20.2938459678488,4127241.54373754
-120.9,35.8,0.0404974404847595,2227153.61654145,22.5087894604364,26644230.3985993
-120.8,35.8,0.0404974404847595,2227153.61654145,22.5087894604364,26644230.3985993
-120.7,35.8,0.0404974404847595,2227153.61654145,22.5087894604364,26644230.3985993
-120.6,35.8,0.0404974404847595,2227153.61654145,22.5087894604364,26644230.3985993
-120.5,35.8,0.0404974404847595,2227153.61654145,22.5087894604364,26644230.3985993
-120.4,35.8,0.0404974404847595,2227153.61654145,22.5087894604364,26644230.3985993
-120.3,35.8,0.0310187071529665,72534.4322645421,24.1054159103525,773520.212718453
-120.2,35.8,0.0310187071529665,72534.4322645421,24.1054159103525,773520.212718453
-120.1,35.8,0.0310187071529665,72534.4322645421,24.1054159103525,773520.212718453
-120,35.8,0.0310187071529665,72534.4322645421,24.1054159103525,773520.212718453
-119.9,35.8,0.0310187071529665,72534.4322645421,24.1054159103525,773520.212718453
-119.8,35.8,0.0310187071529665,72534.4322645421,24.1054159103525,773520.212718453
-119.7,35.8,0.0310187071529665,72534.4322645421,24.1054159103525,773520.212718453
-119.6,35.8,0.0292869583610488,39018.2296668295,24.6262605218362,375242.405276596
-119.5,35.8,0.0292869583610488,39018.2296668295,24.6262605218362,375242.405276596
-119.4,35.8,0.0292869583610488,39018.2296668295,24.6262605218362,375242.405276596
-119.3,35.8,0.0292869583610488,39018.2296668295,24.6262605218362,375242.405276596
-119.2,35.8,0.0292869583610488,39018.2296668295,24.6262605218362,375242.405276596
-119.1,35.8,0.0292869583610488,39018.2296668295,24.6262605218362,375242.405276596
-119,35.8,0.0306552712996088,57306.0029778415,19.8383517034538,1300196.73884328
-118.9,35.8,0.0306552712996088,57306.0029778415,19.8383517034538,1300196.73884328
-118.8,35.8,0.0306552712996088,57306.0029778415,19.8383517034538,1300196.73884328
-118.7,35.8,0.0306552712996088,57306.0029778415,19.8383517034538,1300196.73884328
-118.6,35.8,0.0306552712996088,57306.0029778415,19.8383517034538,1300196.73884328
-118.5,35.8,0.0306552712996088,57306.0029778415,19.8383517034538,1300196.73884328
-118.4,35.8,0.0126274260913341,75.3978176804242,15.7566347742152,4444.53531065384
-118.3,35.8,0.0126274260913341,75.3978176804242,15.7566347742152,4444.53531065384
-118.2,35.8,0.0126274260913341,75.3978176804242,15.7566347742152,4444.53531065384
-118.1,35.8,0.0126274260913341,75.3978176804242,15.7566347742152,4444.53531065384
-118,35.8,0.0126274260913341,75.3978176804242,15.7566347742152,4444.53531065384
-117.9,35.8,0.0126274260913341,75.3978176804242,15.7566347742152,4444.53531065384
-117.8,35.8,0.0289815359682872,31618.9748683667,20.8727607944985,801196.514213544
-117.7,35.8,0.0289815359682872,31618.9748683667,20.8727607944985,801196.514213544
-117.6,35.8,0.0289815359682872,31618.9748683667,20.8727607944985,801196.514213544
-117.5,35.8,0.0289815359682872,31618.9748683667,20.8727607944985,801196.514213544
-117.4,35.8,0.0289815359682872,31618.9748683667,20.8727607944985,801196.514213544
-117.3,35.8,0.0289815359682872,31618.9748683667,20.8727607944985,801196.514213544
-117.2,35.8,0.0289815359682872,31618.9748683667,20.8727607944985,801196.514213544
-117.1,35.8,0.0231314994153301,3977.46053463965,23.5860845398557,66482.3218509001
-117,35.8,0.0231314994153301,3977.46053463965,23.5860845398557,66482.3218509001
-116.9,35.8,0.0231314994153301,3977.46053463965,23.5860845398557,66482.3218509001
-116.8,35.8,0.0231314994153301,3977.46053463965,23.5860845398557,66482.3218509001
-116.7,35.8,0.0231314994153301,3977.46053463965,23.5860845398557,66482.3218509001
-116.6,35.8,0.0231314994153301,3977.46053463965,23.5860845398557,66482.3218509001
-116.5,35.8,0.0238956826196679,5265.9539170975,23.6116666412539,82116.0229647915
-116.4,35.8,0.0238956826196679,5265.9539170975,23.6116666412539,82116.0229647915
-116.3,35.8,0.0238956826196679,5265.9539170975,23.6116666412539,82116.0229647915
-116.2,35.8,0.0238956826196679,5265.9539170975,23.6116666412539,82116.0229647915
-116.1,35.8,0.0238956826196679,5265.9539170975,23.6116666412539,82116.0229647915
-116,35.8,0.0238956826196679,5265.9539170975,23.6116666412539,82116.0229647915
-115.9,35.8,0.0286321999723613,27660.0028783319,20.5743113718071,758288.562961864
-115.8,35.8,0.0286321999723613,27660.0028783319,20.5743113718071,758288.562961864
-115.7,35.8,0.0286321999723613,27660.0028783319,20.5743113718071,758288.562961864
-121.4,35.9,0.0352714195187721,313190.703795337,20.2938459678488,4127241.54373754
-121.3,35.9,0.0352714195187721,313190.703795337,20.2938459678488,4127241.54373754
-121.2,35.9,0.0352714195187721,313190.703795337,20.2938459678488,4127241.54373754
-121.1,35.9,0.0352714195187721,313190.703795337,20.2938459678488,4127241.54373754
-121,35.9,0.0352714195187721,313190.703795337,20.2938459678488,4127241.54373754
-120.9,35.9,0.0404974404847595,2227153.61654145,22.5087894604364,26644230.3985993
-120.8,35.9,0.0404974404847595,2227153.61654145,22.5087894604364,26644230.3985993
-120.7,35.9,0.0404974404847595,2227153.61654145,22.5087894604364,26644230.3985993
-120.6,35.9,0.0404974404847595,2227153.61654145,22.5087894604364,26644230.3985993
-120.5,35.9,0.0404974404847595,2227153.61654145,22.5087894604364,26644230.3985993
-120.4,35.9,0.0404974404847595,2227153.61654145,22.5087894604364,26644230.3985993
-120.3,35.9,0.0310187071529665,72534.4322645421,24.1054159103525,773520.212718453
-120.2,35.9,0.0310187071529665,72534.4322645421,24.1054159103525,773520.212718453
-120.1,35.9,0.0310187071529665,72534.4322645421,24.1054159103525,773520.212718453
-120,35.9,0.0310187071529665,72534.4322645421,24.1054159103525,773520.212718453
-119.9,35.9,0.0310187071529665,72534.4322645421,24.1054159103525,773520.212718453
-119.8,35.9,0.0310187071529665,72534.4322645421,24.1054159103525,773520.212718453
-119.7,35.9,0.0310187071529665,72534.4322645421,24.1054159103525,773520.212718453
-119.6,35.9,0.0292869583610488,39018.2296668295,24.6262605218362,375242.405276596
-119.5,35.9,0.0292869583610488,39018.2296668295,24.6262605218362,375242.405276596
-119.4,35.9,0.0292869583610488,39018.2296668295,24.6262605218362,375242.405276596
-119.3,35.9,0.0292869583610488,39018.2296668295,24.6262605218362,375242.405276596
-119.2,35.9,0.0292869583610488,39018.2296668295,24.6262605218362,375242.405276596
-119.1,35.9,0.0292869583610488,39018.2296668295,24.6262605218362,375242.405276596
-119,35.9,0.0306552712996088,57306.0029778415,19.8383517034538,1300196.73884328
-118.9,35.9,0.0306552712996088,57306.0029778415,19.8383517034538,1300196.73884328
-118.8,35.9,0.0306552712996088,57306.0029778415,19.8383517034538,1300196.73884328
-118.7,35.9,0.0306552712996088,57306.0029778415,19.8383517034538,1300196.73884328
-118.6,35.9,0.0306552712996088,57306.0029778415,19.8383517034538,1300196.73884328
-118.5,35.9,0.0306552712996088,57306.0029778415,19.8383517034538,1300196.73884328
-118.4,35.9,0.0126274260913341,75.3978176804242,15.7566347742152,4444.53531065384
-118.3,35.9,0.0126274260913341,75.3978176804242,15.7566347742152,4444.53531065384
-118.2,35.9,0.0126274260913341,75.3978176804242,15.7566347742152,4444.53531065384
-118.1,35.9,0.0126274260913341,75.3978176804242,15.7566347742152,4444.53531065384
-118,35.9,0.0126274260913341,75.3978176804242,15.7566347742152,4444.53531065384
-117.9,35.9,0.0126274260913341,75.3978176804242,15.7566347742152,4444.53531065384
-117.8,35.9,0.0289815359682872,31618.9748683667,20.8727607944985,801196.514213544
-117.7,35.9,0.0289815359682872,31618.9748683667,20.8727607944985,801196.514213544
-117.6,35.9,0.0289815359682872,31618.9748683667,20.8727607944985,801196.514213544
-117.5,35.9,0.0289815359682872,31618.9748683667,20.8727607944985,801196.514213544
-117.4,35.9,0.0289815359682872,31618.9748683667,20.8727607944985,801196.514213544
-117.3,35.9,0.0289815359682872,31618.9748683667,20.8727607944985,801196.514213544
-117.2,35.9,0.0289815359682872,31618.9748683667,20.8727607944985,801196.514213544
-117.1,35.9,0.0231314994153301,3977.46053463965,23.5860845398557,66482.3218509001
-117,35.9,0.0231314994153301,3977.46053463965,23.5860845398557,66482.3218509001
-116.9,35.9,0.0231314994153301,3977.46053463965,23.5860845398557,66482.3218509001
-116.8,35.9,0.0231314994153301,3977.46053463965,23.5860845398557,66482.3218509001
-116.7,35.9,0.0231314994153301,3977.46053463965,23.5860845398557,66482.3218509001
-116.6,35.9,0.0231314994153301,3977.46053463965,23.5860845398557,66482.3218509001
-116.5,35.9,0.0238956826196679,5265.9539170975,23.6116666412539,82116.0229647915
-116.4,35.9,0.0238956826196679,5265.9539170975,23.6116666412539,82116.0229647915
-116.3,35.9,0.0238956826196679,5265.9539170975,23.6116666412539,82116.0229647915
-116.2,35.9,0.0238956826196679,5265.9539170975,23.6116666412539,82116.0229647915
-116.1,35.9,0.0238956826196679,5265.9539170975,23.6116666412539,82116.0229647915
-116,35.9,0.0238956826196679,5265.9539170975,23.6116666412539,82116.0229647915
-115.9,35.9,0.0286321999723613,27660.0028783319,20.5743113718071,758288.562961864
-115.8,35.9,0.0286321999723613,27660.0028783319,20.5743113718071,758288.562961864
-121.4,36,0.0352714195187721,313190.703795337,20.2938459678488,4127241.54373754
-121.3,36,0.0352714195187721,313190.703795337,20.2938459678488,4127241.54373754
-121.2,36,0.0352714195187721,313190.703795337,20.2938459678488,4127241.54373754
-121.1,36,0.0352714195187721,313190.703795337,20.2938459678488,4127241.54373754
-121,36,0.0352714195187721,313190.703795337,20.2938459678488,4127241.54373754
-120.9,36,0.0404974404847595,2227153.61654145,22.5087894604364,26644230.3985993
-120.8,36,0.0404974404847595,2227153.61654145,22.5087894604364,26644230.3985993
-120.7,36,0.0404974404847595,2227153.61654145,22.5087894604364,26644230.3985993
-120.6,36,0.0404974404847595,2227153.61654145,22.5087894604364,26644230.3985993
-120.5,36,0.0404974404847595,2227153.61654145,22.5087894604364,26644230.3985993
-120.4,36,0.0404974404847595,2227153.61654145,22.5087894604364,26644230.3985993
-120.3,36,0.0310187071529665,72534.4322645421,24.1054159103525,773520.212718453
-120.2,36,0.0310187071529665,72534.4322645421,24.1054159103525,773520.212718453
-120.1,36,0.0310187071529665,72534.4322645421,24.1054159103525,773520.212718453
-120,36,0.0310187071529665,72534.4322645421,24.1054159103525,773520.212718453
-119.9,36,0.0310187071529665,72534.4322645421,24.1054159103525,773520.212718453
-119.8,36,0.0310187071529665,72534.4322645421,24.1054159103525,773520.212718453
-119.7,36,0.0310187071529665,72534.4322645421,24.1054159103525,773520.212718453
-119.6,36,0.0292869583610488,39018.2296668295,24.6262605218362,375242.405276596
-119.5,36,0.0292869583610488,39018.2296668295,24.6262605218362,375242.405276596
-119.4,36,0.0292869583610488,39018.2296668295,24.6262605218362,375242.405276596
-119.3,36,0.0292869583610488,39018.2296668295,24.6262605218362,375242.405276596
-119.2,36,0.0292869583610488,39018.2296668295,24.6262605218362,375242.405276596
-119.1,36,0.0292869583610488,39018.2296668295,24.6262605218362,375242.405276596
-119,36,0.0306552712996088,57306.0029778415,19.8383517034538,1300196.73884328
-118.9,36,0.0306552712996088,57306.0029778415,19.8383517034538,1300196.73884328
-118.8,36,0.0306552712996088,57306.0029778415,19.8383517034538,1300196.73884328
-118.7,36,0.0306552712996088,57306.0029778415,19.8383517034538,1300196.73884328
-118.6,36,0.0306552712996088,57306.0029778415,19.8383517034538,1300196.73884328
-118.5,36,0.0306552712996088,57306.0029778415,19.8383517034538,1300196.73884328
-118.4,36,0.0126274260913341,75.3978176804242,15.7566347742152,4444.53531065384
-118.3,36,0.0126274260913341,75.3978176804242,15.7566347742152,4444.53531065384
-118.2,36,0.0126274260913341,75.3978176804242,15.7566347742152,4444.53531065384
-118.1,36,0.0126274260913341,75.3978176804242,15.7566347742152,4444.53531065384
-118,36,0.0126274260913341,75.3978176804242,15.7566347742152,4444.53531065384
-117.9,36,0.0126274260913341,75.3978176804242,15.7566347742152,4444.53531065384
-117.8,36,0.0289815359682872,31618.9748683667,20.8727607944985,801196.514213544
-117.7,36,0.0289815359682872,31618.9748683667,20.8727607944985,801196.514213544
-117.6,36,0.0289815359682872,31618.9748683667,20.8727607944985,801196.514213544
-117.5,36,0.0289815359682872,31618.9748683667,20.8727607944985,801196.514213544
-117.4,36,0.0289815359682872,31618.9748683667,20.8727607944985,801196.514213544
-117.3,36,0.0289815359682872,31618.9748683667,20.8727607944985,801196.514213544
-117.2,36,0.0289815359682872,31618.9748683667,20.8727607944985,801196.514213544
-117.1,36,0.0231314994153301,3977.46053463965,23.5860845398557,66482.3218509001
-117,36,0.0231314994153301,3977.46053463965,23.5860845398557,66482.3218509001
-116.9,36,0.0231314994153301,3977.46053463965,23.5860845398557,66482.3218509001
-116.8,36,0.0231314994153301,3977.46053463965,23.5860845398557,66482.3218509001
-116.7,36,0.0231314994153301,3977.46053463965,23.5860845398557,66482.3218509001
-116.6,36,0.0231314994153301,3977.46053463965,23.5860845398557,66482.3218509001
-116.5,36,0.0238956826196679,5265.9539170975,23.6116666412539,82116.0229647915
-116.4,36,0.0238956826196679,5265.9539170975,23.6116666412539,82116.0229647915
-116.3,36,0.0238956826196679,5265.9539170975,23.6116666412539,82116.0229647915
-116.2,36,0.0238956826196679,5265.9539170975,23.6116666412539,82116.0229647915
-116.1,36,0.0238956826196679,5265.9539170975,23.6116666412539,82116.0229647915
-116,36,0.0238956826196679,5265.9539170975,23.6116666412539,82116.0229647915
-115.9,36,0.0286321999723613,27660.0028783319,20.5743113718071,758288.562961864
-121.5,36.1,0.0352714195187721,313190.703795337,20.2938459678488,4127241.54373754
-121.4,36.1,0.0352714195187721,313190.703795337,20.2938459678488,4127241.54373754
-121.3,36.1,0.0352714195187721,313190.703795337,20.2938459678488,4127241.54373754
-121.2,36.1,0.0352714195187721,313190.703795337,20.2938459678488,4127241.54373754
-121.1,36.1,0.0352714195187721,313190.703795337,20.2938459678488,4127241.54373754
-121,36.1,0.0352714195187721,313190.703795337,20.2938459678488,4127241.54373754
-120.9,36.1,0.0404974404847595,2227153.61654145,22.5087894604364,26644230.3985993
-120.8,36.1,0.0404974404847595,2227153.61654145,22.5087894604364,26644230.3985993
-120.7,36.1,0.0404974404847595,2227153.61654145,22.5087894604364,26644230.3985993
-120.6,36.1,0.0404974404847595,2227153.61654145,22.5087894604364,26644230.3985993
-120.5,36.1,0.0404974404847595,2227153.61654145,22.5087894604364,26644230.3985993
-120.4,36.1,0.0404974404847595,2227153.61654145,22.5087894604364,26644230.3985993
-120.3,36.1,0.0310187071529665,72534.4322645421,24.1054159103525,773520.212718453
-120.2,36.1,0.0310187071529665,72534.4322645421,24.1054159103525,773520.212718453
-120.1,36.1,0.0310187071529665,72534.4322645421,24.1054159103525,773520.212718453
-120,36.1,0.0310187071529665,72534.4322645421,24.1054159103525,773520.212718453
-119.9,36.1,0.0310187071529665,72534.4322645421,24.1054159103525,773520.212718453
-119.8,36.1,0.0310187071529665,72534.4322645421,24.1054159103525,773520.212718453
-119.7,36.1,0.0310187071529665,72534.4322645421,24.1054159103525,773520.212718453
-119.6,36.1,0.0292869583610488,39018.2296668295,24.6262605218362,375242.405276596
-119.5,36.1,0.0292869583610488,39018.2296668295,24.6262605218362,375242.405276596
-119.4,36.1,0.0292869583610488,39018.2296668295,24.6262605218362,375242.405276596
-119.3,36.1,0.0292869583610488,39018.2296668295,24.6262605218362,375242.405276596
-119.2,36.1,0.0292869583610488,39018.2296668295,24.6262605218362,375242.405276596
-119.1,36.1,0.0292869583610488,39018.2296668295,24.6262605218362,375242.405276596
-119,36.1,0.0306552712996088,57306.0029778415,19.8383517034538,1300196.73884328
-118.9,36.1,0.0306552712996088,57306.0029778415,19.8383517034538,1300196.73884328
-118.8,36.1,0.0306552712996088,57306.0029778415,19.8383517034538,1300196.73884328
-118.7,36.1,0.0306552712996088,57306.0029778415,19.8383517034538,1300196.73884328
-118.6,36.1,0.0306552712996088,57306.0029778415,19.8383517034538,1300196.73884328
-118.5,36.1,0.0306552712996088,57306.0029778415,19.8383517034538,1300196.73884328
-118.4,36.1,0.0126274260913341,75.3978176804242,15.7566347742152,4444.53531065384
-118.3,36.1,0.0126274260913341,75.3978176804242,15.7566347742152,4444.53531065384
-118.2,36.1,0.0126274260913341,75.3978176804242,15.7566347742152,4444.53531065384
-118.1,36.1,0.0126274260913341,75.3978176804242,15.7566347742152,4444.53531065384
-118,36.1,0.0126274260913341,75.3978176804242,15.7566347742152,4444.53531065384
-117.9,36.1,0.0126274260913341,75.3978176804242,15.7566347742152,4444.53531065384
-117.8,36.1,0.0289815359682872,31618.9748683667,20.8727607944985,801196.514213544
-117.7,36.1,0.0289815359682872,31618.9748683667,20.8727607944985,801196.514213544
-117.6,36.1,0.0289815359682872,31618.9748683667,20.8727607944985,801196.514213544
-117.5,36.1,0.0289815359682872,31618.9748683667,20.8727607944985,801196.514213544
-117.4,36.1,0.0289815359682872,31618.9748683667,20.8727607944985,801196.514213544
-117.3,36.1,0.0289815359682872,31618.9748683667,20.8727607944985,801196.514213544
-117.2,36.1,0.0289815359682872,31618.9748683667,20.8727607944985,801196.514213544
-117.1,36.1,0.0231314994153301,3977.46053463965,23.5860845398557,66482.3218509001
-117,36.1,0.0231314994153301,3977.46053463965,23.5860845398557,66482.3218509001
-116.9,36.1,0.0231314994153301,3977.46053463965,23.5860845398557,66482.3218509001
-116.8,36.1,0.0231314994153301,3977.46053463965,23.5860845398557,66482.3218509001
-116.7,36.1,0.0231314994153301,3977.46053463965,23.5860845398557,66482.3218509001
-116.6,36.1,0.0231314994153301,3977.46053463965,23.5860845398557,66482.3218509001
-116.5,36.1,0.0238956826196679,5265.9539170975,23.6116666412539,82116.0229647915
-116.4,36.1,0.0238956826196679,5265.9539170975,23.6116666412539,82116.0229647915
-116.3,36.1,0.0238956826196679,5265.9539170975,23.6116666412539,82116.0229647915
-116.2,36.1,0.0238956826196679,5265.9539170975,23.6116666412539,82116.0229647915
-116.1,36.1,0.0238956826196679,5265.9539170975,23.6116666412539,82116.0229647915
-121.6,36.2,0.00342630376111624,2.59873059262676,15.4561135482967,75.0460432063939
-121.5,36.2,0.0352714195187721,313190.703795337,20.2938459678488,4127241.54373754
-121.4,36.2,0.0352714195187721,313190.703795337,20.2938459678488,4127241.54373754
-121.3,36.2,0.0352714195187721,313190.703795337,20.2938459678488,4127241.54373754
-121.2,36.2,0.0352714195187721,313190.703795337,20.2938459678488,4127241.54373754
-121.1,36.2,0.0352714195187721,313190.703795337,20.2938459678488,4127241.54373754
-121,36.2,0.0352714195187721,313190.703795337,20.2938459678488,4127241.54373754
-120.9,36.2,0.0404974404847595,2227153.61654145,22.5087894604364,26644230.3985993
-120.8,36.2,0.0404974404847595,2227153.61654145,22.5087894604364,26644230.3985993
-120.7,36.2,0.0404974404847595,2227153.61654145,22.5087894604364,26644230.3985993
-120.6,36.2,0.0404974404847595,2227153.61654145,22.5087894604364,26644230.3985993
-120.5,36.2,0.0404974404847595,2227153.61654145,22.5087894604364,26644230.3985993
-120.4,36.2,0.0404974404847595,2227153.61654145,22.5087894604364,26644230.3985993
-120.3,36.2,0.0310187071529665,72534.4322645421,24.1054159103525,773520.212718453
-120.2,36.2,0.0310187071529665,72534.4322645421,24.1054159103525,773520.212718453
-120.1,36.2,0.0310187071529665,72534.4322645421,24.1054159103525,773520.212718453
-120,36.2,0.0310187071529665,72534.4322645421,24.1054159103525,773520.212718453
-119.9,36.2,0.0310187071529665,72534.4322645421,24.1054159103525,773520.212718453
-119.8,36.2,0.0310187071529665,72534.4322645421,24.1054159103525,773520.212718453
-119.7,36.2,0.0310187071529665,72534.4322645421,24.1054159103525,773520.212718453
-119.6,36.2,0.0292869583610488,39018.2296668295,24.6262605218362,375242.405276596
-119.5,36.2,0.0292869583610488,39018.2296668295,24.6262605218362,375242.405276596
-119.4,36.2,0.0292869583610488,39018.2296668295,24.6262605218362,375242.405276596
-119.3,36.2,0.0292869583610488,39018.2296668295,24.6262605218362,375242.405276596
-119.2,36.2,0.0292869583610488,39018.2296668295,24.6262605218362,375242.405276596
-119.1,36.2,0.0292869583610488,39018.2296668295,24.6262605218362,375242.405276596
-119,36.2,0.0306552712996088,57306.0029778415,19.8383517034538,1300196.73884328
-118.9,36.2,0.0306552712996088,57306.0029778415,19.8383517034538,1300196.73884328
-118.8,36.2,0.0306552712996088,57306.0029778415,19.8383517034538,1300196.73884328
-118.7,36.2,0.0306552712996088,57306.0029778415,19.8383517034538,1300196.73884328
-118.6,36.2,0.0306552712996088,57306.0029778415,19.8383517034538,1300196.73884328
-118.5,36.2,0.0306552712996088,57306.0029778415,19.8383517034538,1300196.73884328
-118.4,36.2,0.0126274260913341,75.3978176804242,15.7566347742152,4444.53531065384
-118.3,36.2,0.0126274260913341,75.3978176804242,15.7566347742152,4444.53531065384
-118.2,36.2,0.0126274260913341,75.3978176804242,15.7566347742152,4444.53531065384
-118.1,36.2,0.0126274260913341,75.3978176804242,15.7566347742152,4444.53531065384
-118,36.2,0.0126274260913341,75.3978176804242,15.7566347742152,4444.53531065384
-117.9,36.2,0.0126274260913341,75.3978176804242,15.7566347742152,4444.53531065384
-117.8,36.2,0.0289815359682872,31618.9748683667,20.8727607944985,801196.514213544
-117.7,36.2,0.0289815359682872,31618.9748683667,20.8727607944985,801196.514213544
-117.6,36.2,0.0289815359682872,31618.9748683667,20.8727607944985,801196.514213544
-117.5,36.2,0.0289815359682872,31618.9748683667,20.8727607944985,801196.514213544
-117.4,36.2,0.0289815359682872,31618.9748683667,20.8727607944985,801196.514213544
-117.3,36.2,0.0289815359682872,31618.9748683667,20.8727607944985,801196.514213544
-117.2,36.2,0.0289815359682872,31618.9748683667,20.8727607944985,801196.514213544
-117.1,36.2,0.0231314994153301,3977.46053463965,23.5860845398557,66482.3218509001
-117,36.2,0.0231314994153301,3977.46053463965,23.5860845398557,66482.3218509001
-116.9,36.2,0.0231314994153301,3977.46053463965,23.5860845398557,66482.3218509001
-116.8,36.2,0.0231314994153301,3977.46053463965,23.5860845398557,66482.3218509001
-116.7,36.2,0.0231314994153301,3977.46053463965,23.5860845398557,66482.3218509001
-116.6,36.2,0.0231314994153301,3977.46053463965,23.5860845398557,66482.3218509001
-116.5,36.2,0.0238956826196679,5265.9539170975,23.6116666412539,82116.0229647915
-116.4,36.2,0.0238956826196679,5265.9539170975,23.6116666412539,82116.0229647915
-116.3,36.2,0.0238956826196679,5265.9539170975,23.6116666412539,82116.0229647915
-116.2,36.2,0.0238956826196679,5265.9539170975,23.6116666412539,82116.0229647915
-121.8,36.3,0.0139716305151841,124.154095118251,16.9978647332037,2133.76074638435
-121.7,36.3,0.0139716305151841,124.154095118251,16.9978647332037,2133.76074638435
-121.6,36.3,0.0139716305151841,124.154095118251,16.9978647332037,2133.76074638435
-121.5,36.3,0.0378750069701301,824568.425030938,21.1079053336529,12008835.0464546
-121.4,36.3,0.0378750069701301,824568.425030938,21.1079053336529,12008835.0464546
-121.3,36.3,0.0378750069701301,824568.425030938,21.1079053336529,12008835.0464546
-121.2,36.3,0.0378750069701301,824568.425030938,21.1079053336529,12008835.0464546
-121.1,36.3,0.0378750069701301,824568.425030938,21.1079053336529,12008835.0464546
-121,36.3,0.0378750069701301,824568.425030938,21.1079053336529,12008835.0464546
-120.9,36.3,0.0333695649667011,164354.696624953,22.631833714941,2327054.37925245
-120.8,36.3,0.0333695649667011,164354.696624953,22.631833714941,2327054.37925245
-120.7,36.3,0.0333695649667011,164354.696624953,22.631833714941,2327054.37925245
-120.6,36.3,0.0333695649667011,164354.696624953,22.631833714941,2327054.37925245
-120.5,36.3,0.0333695649667011,164354.696624953,22.631833714941,2327054.37925245
-120.4,36.3,0.0333695649667011,164354.696624953,22.631833714941,2327054.37925245
-120.3,36.3,0.0276851528300698,21359.612599325,24.0716680353179,256446.043745349
-120.2,36.3,0.0276851528300698,21359.612599325,24.0716680353179,256446.043745349
-120.1,36.3,0.0276851528300698,21359.612599325,24.0716680353179,256446.043745349
-120,36.3,0.0276851528300698,21359.612599325,24.0716680353179,256446.043745349
-119.9,36.3,0.0276851528300698,21359.612599325,24.0716680353179,256446.043745349
-119.8,36.3,0.0276851528300698,21359.612599325,24.0716680353179,256446.043745349
-119.7,36.3,0.0276851528300698,21359.612599325,24.0716680353179,256446.043745349
-119.6,36.3,0.0293252631111476,38755.5620533277,23.9126391811337,421089.277768937
-119.5,36.3,0.0293252631111476,38755.5620533277,23.9126391811337,421089.277768937
-119.4,36.3,0.0293252631111476,38755.5620533277,23.9126391811337,421089.277768937
-119.3,36.3,0.0293252631111476,38755.5620533277,23.9126391811337,421089.277768937
-119.2,36.3,0.0293252631111476,38755.5620533277,23.9126391811337,421089.277768937
-119.1,36.3,0.0293252631111476,38755.5620533277,23.9126391811337,421089.277768937
-119,36.3,0.0127812257381301,79.824199846569,15.9651136261532,4202.82074019007
-118.9,36.3,0.0127812257381301,79.824199846569,15.9651136261532,4202.82074019007
-118.8,36.3,0.0127812257381301,79.824199846569,15.9651136261532,4202.82074019007
-118.7,36.3,0.0127812257381301,79.824199846569,15.9651136261532,4202.82074019007
-118.6,36.3,0.0127812257381301,79.824199846569,15.9651136261532,4202.82074019007
-118.5,36.3,0.0127812257381301,79.824199846569,15.9651136261532,4202.82074019007
-118.4,36.3,0.0038746260955486,3.04907615000087,13.3946230694171,272.794549784617
-118.3,36.3,0.0038746260955486,3.04907615000087,13.3946230694171,272.794549784617
-118.2,36.3,0.0038746260955486,3.04907615000087,13.3946230694171,272.794549784617
-118.1,36.3,0.0038746260955486,3.04907615000087,13.3946230694171,272.794549784617
-118,36.3,0.0038746260955486,3.04907615000087,13.3946230694171,272.794549784617
-117.9,36.3,0.0038746260955486,3.04907615000087,13.3946230694171,272.794549784617
-117.8,36.3,0.0264259578925181,12612.1450998396,21.6256343541876,289299.842417323
-117.7,36.3,0.0264259578925181,12612.1450998396,21.6256343541876,289299.842417323
-117.6,36.3,0.0264259578925181,12612.1450998396,21.6256343541876,289299.842417323
-117.5,36.3,0.0264259578925181,12612.1450998396,21.6256343541876,289299.842417323
-117.4,36.3,0.0264259578925181,12612.1450998396,21.6256343541876,289299.842417323
-117.3,36.3,0.0264259578925181,12612.1450998396,21.6256343541876,289299.842417323
-117.2,36.3,0.0264259578925181,12612.1450998396,21.6256343541876,289299.842417323
-117.1,36.3,0.0224462301008173,3082.30026578369,23.435324587128,55070.3594881057
-117,36.3,0.0224462301008173,3082.30026578369,23.435324587128,55070.3594881057
-116.9,36.3,0.0224462301008173,3082.30026578369,23.435324587128,55070.3594881057
-116.8,36.3,0.0224462301008173,3082.30026578369,23.435324587128,55070.3594881057
-116.7,36.3,0.0224462301008173,3082.30026578369,23.435324587128,55070.3594881057
-116.6,36.3,0.0224462301008173,3082.30026578369,23.435324587128,55070.3594881057
-116.5,36.3,0.0257869612342846,10104.4299383993,22.1265356090064,213823.021107404
-116.4,36.3,0.0257869612342846,10104.4299383993,22.1265356090064,213823.021107404
-116.3,36.3,0.0257869612342846,10104.4299383993,22.1265356090064,213823.021107404
-121.8,36.4,0.0139716305151841,124.154095118251,16.9978647332037,2133.76074638435
-121.7,36.4,0.0139716305151841,124.154095118251,16.9978647332037,2133.76074638435
-121.6,36.4,0.0139716305151841,124.154095118251,16.9978647332037,2133.76074638435
-121.5,36.4,0.0378750069701301,824568.425030938,21.1079053336529,12008835.0464546
-121.4,36.4,0.0378750069701301,824568.425030938,21.1079053336529,12008835.0464546
-121.3,36.4,0.0378750069701301,824568.425030938,21.1079053336529,12008835.0464546
-121.2,36.4,0.0378750069701301,824568.425030938,21.1079053336529,12008835.0464546
-121.1,36.4,0.0378750069701301,824568.425030938,21.1079053336529,12008835.0464546
-121,36.4,0.0378750069701301,824568.425030938,21.1079053336529,12008835.0464546
-120.9,36.4,0.0333695649667011,164354.696624953,22.631833714941,2327054.37925245
-120.8,36.4,0.0333695649667011,164354.696624953,22.631833714941,2327054.37925245
-120.7,36.4,0.0333695649667011,164354.696624953,22.631833714941,2327054.37925245
-120.6,36.4,0.0333695649667011,164354.696624953,22.631833714941,2327054.37925245
-120.5,36.4,0.0333695649667011,164354.696624953,22.631833714941,2327054.37925245
-120.4,36.4,0.0333695649667011,164354.696624953,22.631833714941,2327054.37925245
-120.3,36.4,0.0276851528300698,21359.612599325,24.0716680353179,256446.043745349
-120.2,36.4,0.0276851528300698,21359.612599325,24.0716680353179,256446.043745349
-120.1,36.4,0.0276851528300698,21359.612599325,24.0716680353179,256446.043745349
-120,36.4,0.0276851528300698,21359.612599325,24.0716680353179,256446.043745349
-119.9,36.4,0.0276851528300698,21359.612599325,24.0716680353179,256446.043745349
-119.8,36.4,0.0276851528300698,21359.612599325,24.0716680353179,256446.043745349
-119.7,36.4,0.0276851528300698,21359.612599325,24.0716680353179,256446.043745349
-119.6,36.4,0.0293252631111476,38755.5620533277,23.9126391811337,421089.277768937
-119.5,36.4,0.0293252631111476,38755.5620533277,23.9126391811337,421089.277768937
-119.4,36.4,0.0293252631111476,38755.5620533277,23.9126391811337,421089.277768937
-119.3,36.4,0.0293252631111476,38755.5620533277,23.9126391811337,421089.277768937
-119.2,36.4,0.0293252631111476,38755.5620533277,23.9126391811337,421089.277768937
-119.1,36.4,0.0293252631111476,38755.5620533277,23.9126391811337,421089.277768937
-119,36.4,0.0127812257381301,79.824199846569,15.9651136261532,4202.82074019007
-118.9,36.4,0.0127812257381301,79.824199846569,15.9651136261532,4202.82074019007
-118.8,36.4,0.0127812257381301,79.824199846569,15.9651136261532,4202.82074019007
-118.7,36.4,0.0127812257381301,79.824199846569,15.9651136261532,4202.82074019007
-118.6,36.4,0.0127812257381301,79.824199846569,15.9651136261532,4202.82074019007
-118.5,36.4,0.0127812257381301,79.824199846569,15.9651136261532,4202.82074019007
-118.4,36.4,0.0038746260955486,3.04907615000087,13.3946230694171,272.794549784617
-118.3,36.4,0.0038746260955486,3.04907615000087,13.3946230694171,272.794549784617
-118.2,36.4,0.0038746260955486,3.04907615000087,13.3946230694171,272.794549784617
-118.1,36.4,0.0038746260955486,3.04907615000087,13.3946230694171,272.794549784617
-118,36.4,0.0038746260955486,3.04907615000087,13.3946230694171,272.794549784617
-117.9,36.4,0.0038746260955486,3.04907615000087,13.3946230694171,272.794549784617
-117.8,36.4,0.0264259578925181,12612.1450998396,21.6256343541876,289299.842417323
-117.7,36.4,0.0264259578925181,12612.1450998396,21.6256343541876,289299.842417323
-117.6,36.4,0.0264259578925181,12612.1450998396,21.6256343541876,289299.842417323
-117.5,36.4,0.0264259578925181,12612.1450998396,21.6256343541876,289299.842417323
-117.4,36.4,0.0264259578925181,12612.1450998396,21.6256343541876,289299.842417323
-117.3,36.4,0.0264259578925181,12612.1450998396,21.6256343541876,289299.842417323
-117.2,36.4,0.0264259578925181,12612.1450998396,21.6256343541876,289299.842417323
-117.1,36.4,0.0224462301008173,3082.30026578369,23.435324587128,55070.3594881057
-117,36.4,0.0224462301008173,3082.30026578369,23.435324587128,55070.3594881057
-116.9,36.4,0.0224462301008173,3082.30026578369,23.435324587128,55070.3594881057
-116.8,36.4,0.0224462301008173,3082.30026578369,23.435324587128,55070.3594881057
-116.7,36.4,0.0224462301008173,3082.30026578369,23.435324587128,55070.3594881057
-116.6,36.4,0.0224462301008173,3082.30026578369,23.435324587128,55070.3594881057
-116.5,36.4,0.0257869612342846,10104.4299383993,22.1265356090064,213823.021107404
-121.8,36.5,0.0139716305151841,124.154095118251,16.9978647332037,2133.76074638435
-121.7,36.5,0.0139716305151841,124.154095118251,16.9978647332037,2133.76074638435
-121.6,36.5,0.0139716305151841,124.154095118251,16.9978647332037,2133.76074638435
-121.5,36.5,0.0378750069701301,824568.425030938,21.1079053336529,12008835.0464546
-121.4,36.5,0.0378750069701301,824568.425030938,21.1079053336529,12008835.0464546
-121.3,36.5,0.0378750069701301,824568.425030938,21.1079053336529,12008835.0464546
-121.2,36.5,0.0378750069701301,824568.425030938,21.1079053336529,12008835.0464546
-121.1,36.5,0.0378750069701301,824568.425030938,21.1079053336529,12008835.0464546
-121,36.5,0.0378750069701301,824568.425030938,21.1079053336529,12008835.0464546
-120.9,36.5,0.0333695649667011,164354.696624953,22.631833714941,2327054.37925245
-120.8,36.5,0.0333695649667011,164354.696624953,22.631833714941,2327054.37925245
-120.7,36.5,0.0333695649667011,164354.696624953,22.631833714941,2327054.37925245
-120.6,36.5,0.0333695649667011,164354.696624953,22.631833714941,2327054.37925245
-120.5,36.5,0.0333695649667011,164354.696624953,22.631833714941,2327054.37925245
-120.4,36.5,0.0333695649667011,164354.696624953,22.631833714941,2327054.37925245
-120.3,36.5,0.0276851528300698,21359.612599325,24.0716680353179,256446.043745349
-120.2,36.5,0.0276851528300698,21359.612599325,24.0716680353179,256446.043745349
-120.1,36.5,0.0276851528300698,21359.612599325,24.0716680353179,256446.043745349
-120,36.5,0.0276851528300698,21359.612599325,24.0716680353179,256446.043745349
-119.9,36.5,0.0276851528300698,21359.612599325,24.0716680353179,256446.043745349
-119.8,36.5,0.0276851528300698,21359.612599325,24.0716680353179,256446.043745349
-119.7,36.5,0.0276851528300698,21359.612599325,24.0716680353179,256446.043745349
-119.6,36.5,0.0293252631111476,38755.5620533277,23.9126391811337,421089.277768937
-119.5,36.5,0.0293252631111476,38755.5620533277,23.9126391811337,421089.277768937
-119.4,36.5,0.0293252631111476,38755.5620533277,23.9126391811337,421089.277768937
-119.3,36.5,0.0293252631111476,38755.5620533277,23.9126391811337,421089.277768937
-119.2,36.5,0.0293252631111476,38755.5620533277,23.9126391811337,421089.277768937
-119.1,36.5,0.0293252631111476,38755.5620533277,23.9126391811337,421089.277768937
-119,36.5,0.0127812257381301,79.824199846569,15.9651136261532,4202.82074019007
-118.9,36.5,0.0127812257381301,79.824199846569,15.9651136261532,4202.82074019007
-118.8,36.5,0.0127812257381301,79.824199846569,15.9651136261532,4202.82074019007
-118.7,36.5,0.0127812257381301,79.824199846569,15.9651136261532,4202.82074019007
-118.6,36.5,0.0127812257381301,79.824199846569,15.9651136261532,4202.82074019007
-118.5,36.5,0.0127812257381301,79.824199846569,15.9651136261532,4202.82074019007
-118.4,36.5,0.0038746260955486,3.04907615000087,13.3946230694171,272.794549784617
-118.3,36.5,0.0038746260955486,3.04907615000087,13.3946230694171,272.794549784617
-118.2,36.5,0.0038746260955486,3.04907615000087,13.3946230694171,272.794549784617
-118.1,36.5,0.0038746260955486,3.04907615000087,13.3946230694171,272.794549784617
-118,36.5,0.0038746260955486,3.04907615000087,13.3946230694171,272.794549784617
-117.9,36.5,0.0038746260955486,3.04907615000087,13.3946230694171,272.794549784617
-117.8,36.5,0.0264259578925181,12612.1450998396,21.6256343541876,289299.842417323
-117.7,36.5,0.0264259578925181,12612.1450998396,21.6256343541876,289299.842417323
-117.6,36.5,0.0264259578925181,12612.1450998396,21.6256343541876,289299.842417323
-117.5,36.5,0.0264259578925181,12612.1450998396,21.6256343541876,289299.842417323
-117.4,36.5,0.0264259578925181,12612.1450998396,21.6256343541876,289299.842417323
-117.3,36.5,0.0264259578925181,12612.1450998396,21.6256343541876,289299.842417323
-117.2,36.5,0.0264259578925181,12612.1450998396,21.6256343541876,289299.842417323
-117.1,36.5,0.0224462301008173,3082.30026578369,23.435324587128,55070.3594881057
-117,36.5,0.0224462301008173,3082.30026578369,23.435324587128,55070.3594881057
-116.9,36.5,0.0224462301008173,3082.30026578369,23.435324587128,55070.3594881057
-116.8,36.5,0.0224462301008173,3082.30026578369,23.435324587128,55070.3594881057
-116.7,36.5,0.0224462301008173,3082.30026578369,23.435324587128,55070.3594881057
-116.6,36.5,0.0224462301008173,3082.30026578369,23.435324587128,55070.3594881057
-121.9,36.6,0.0139716305151841,124.154095118251,16.9978647332037,2133.76074638435
-121.8,36.6,0.0139716305151841,124.154095118251,16.9978647332037,2133.76074638435
-121.7,36.6,0.0139716305151841,124.154095118251,16.9978647332037,2133.76074638435
-121.6,36.6,0.0139716305151841,124.154095118251,16.9978647332037,2133.76074638435
-121.5,36.6,0.0378750069701301,824568.425030938,21.1079053336529,12008835.0464546
-121.4,36.6,0.0378750069701301,824568.425030938,21.1079053336529,12008835.0464546
-121.3,36.6,0.0378750069701301,824568.425030938,21.1079053336529,12008835.0464546
-121.2,36.6,0.0378750069701301,824568.425030938,21.1079053336529,12008835.0464546
-121.1,36.6,0.0378750069701301,824568.425030938,21.1079053336529,12008835.0464546
-121,36.6,0.0378750069701301,824568.425030938,21.1079053336529,12008835.0464546
-120.9,36.6,0.0333695649667011,164354.696624953,22.631833714941,2327054.37925245
-120.8,36.6,0.0333695649667011,164354.696624953,22.631833714941,2327054.37925245
-120.7,36.6,0.0333695649667011,164354.696624953,22.631833714941,2327054.37925245
-120.6,36.6,0.0333695649667011,164354.696624953,22.631833714941,2327054.37925245
-120.5,36.6,0.0333695649667011,164354.696624953,22.631833714941,2327054.37925245
-120.4,36.6,0.0333695649667011,164354.696624953,22.631833714941,2327054.37925245
-120.3,36.6,0.0276851528300698,21359.612599325,24.0716680353179,256446.043745349
-120.2,36.6,0.0276851528300698,21359.612599325,24.0716680353179,256446.043745349
-120.1,36.6,0.0276851528300698,21359.612599325,24.0716680353179,256446.043745349
-120,36.6,0.0276851528300698,21359.612599325,24.0716680353179,256446.043745349
-119.9,36.6,0.0276851528300698,21359.612599325,24.0716680353179,256446.043745349
-119.8,36.6,0.0276851528300698,21359.612599325,24.0716680353179,256446.043745349
-119.7,36.6,0.0276851528300698,21359.612599325,24.0716680353179,256446.043745349
-119.6,36.6,0.0293252631111476,38755.5620533277,23.9126391811337,421089.277768937
-119.5,36.6,0.0293252631111476,38755.5620533277,23.9126391811337,421089.277768937
-119.4,36.6,0.0293252631111476,38755.5620533277,23.9126391811337,421089.277768937
-119.3,36.6,0.0293252631111476,38755.5620533277,23.9126391811337,421089.277768937
-119.2,36.6,0.0293252631111476,38755.5620533277,23.9126391811337,421089.277768937
-119.1,36.6,0.0293252631111476,38755.5620533277,23.9126391811337,421089.277768937
-119,36.6,0.0127812257381301,79.824199846569,15.9651136261532,4202.82074019007
-118.9,36.6,0.0127812257381301,79.824199846569,15.9651136261532,4202.82074019007
-118.8,36.6,0.0127812257381301,79.824199846569,15.9651136261532,4202.82074019007
-118.7,36.6,0.0127812257381301,79.824199846569,15.9651136261532,4202.82074019007
-118.6,36.6,0.0127812257381301,79.824199846569,15.9651136261532,4202.82074019007
-118.5,36.6,0.0127812257381301,79.824199846569,15.9651136261532,4202.82074019007
-118.4,36.6,0.0038746260955486,3.04907615000087,13.3946230694171,272.794549784617
-118.3,36.6,0.0038746260955486,3.04907615000087,13.3946230694171,272.794549784617
-118.2,36.6,0.0038746260955486,3.04907615000087,13.3946230694171,272.794549784617
-118.1,36.6,0.0038746260955486,3.04907615000087,13.3946230694171,272.794549784617
-118,36.6,0.0038746260955486,3.04907615000087,13.3946230694171,272.794549784617
-117.9,36.6,0.0038746260955486,3.04907615000087,13.3946230694171,272.794549784617
-117.8,36.6,0.0264259578925181,12612.1450998396,21.6256343541876,289299.842417323
-117.7,36.6,0.0264259578925181,12612.1450998396,21.6256343541876,289299.842417323
-117.6,36.6,0.0264259578925181,12612.1450998396,21.6256343541876,289299.842417323
-117.5,36.6,0.0264259578925181,12612.1450998396,21.6256343541876,289299.842417323
-117.4,36.6,0.0264259578925181,12612.1450998396,21.6256343541876,289299.842417323
-117.3,36.6,0.0264259578925181,12612.1450998396,21.6256343541876,289299.842417323
-117.2,36.6,0.0264259578925181,12612.1450998396,21.6256343541876,289299.842417323
-117.1,36.6,0.0224462301008173,3082.30026578369,23.435324587128,55070.3594881057
-117,36.6,0.0224462301008173,3082.30026578369,23.435324587128,55070.3594881057
-116.9,36.6,0.0224462301008173,3082.30026578369,23.435324587128,55070.3594881057
-116.8,36.6,0.0224462301008173,3082.30026578369,23.435324587128,55070.3594881057
-116.7,36.6,0.0224462301008173,3082.30026578369,23.435324587128,55070.3594881057
-121.7,36.7,0.0139716305151841,124.154095118251,16.9978647332037,2133.76074638435
-121.6,36.7,0.0139716305151841,124.154095118251,16.9978647332037,2133.76074638435
-121.5,36.7,0.0378750069701301,824568.425030938,21.1079053336529,12008835.0464546
-121.4,36.7,0.0378750069701301,824568.425030938,21.1079053336529,12008835.0464546
-121.3,36.7,0.0378750069701301,824568.425030938,21.1079053336529,12008835.0464546
-121.2,36.7,0.0378750069701301,824568.425030938,21.1079053336529,12008835.0464546
-121.1,36.7,0.0378750069701301,824568.425030938,21.1079053336529,12008835.0464546
-121,36.7,0.0378750069701301,824568.425030938,21.1079053336529,12008835.0464546
-120.9,36.7,0.0333695649667011,164354.696624953,22.631833714941,2327054.37925245
-120.8,36.7,0.0333695649667011,164354.696624953,22.631833714941,2327054.37925245
-120.7,36.7,0.0333695649667011,164354.696624953,22.631833714941,2327054.37925245
-120.6,36.7,0.0333695649667011,164354.696624953,22.631833714941,2327054.37925245
-120.5,36.7,0.0333695649667011,164354.696624953,22.631833714941,2327054.37925245
-120.4,36.7,0.0333695649667011,164354.696624953,22.631833714941,2327054.37925245
-120.3,36.7,0.0276851528300698,21359.612599325,24.0716680353179,256446.043745349
-120.2,36.7,0.0276851528300698,21359.612599325,24.0716680353179,256446.043745349
-120.1,36.7,0.0276851528300698,21359.612599325,24.0716680353179,256446.043745349
-120,36.7,0.0276851528300698,21359.612599325,24.0716680353179,256446.043745349
-119.9,36.7,0.0276851528300698,21359.612599325,24.0716680353179,256446.043745349
-119.8,36.7,0.0276851528300698,21359.612599325,24.0716680353179,256446.043745349
-119.7,36.7,0.0276851528300698,21359.612599325,24.0716680353179,256446.043745349
-119.6,36.7,0.0293252631111476,38755.5620533277,23.9126391811337,421089.277768937
-119.5,36.7,0.0293252631111476,38755.5620533277,23.9126391811337,421089.277768937
-119.4,36.7,0.0293252631111476,38755.5620533277,23.9126391811337,421089.277768937
-119.3,36.7,0.0293252631111476,38755.5620533277,23.9126391811337,421089.277768937
-119.2,36.7,0.0293252631111476,38755.5620533277,23.9126391811337,421089.277768937
-119.1,36.7,0.0293252631111476,38755.5620533277,23.9126391811337,421089.277768937
-119,36.7,0.0127812257381301,79.824199846569,15.9651136261532,4202.82074019007
-118.9,36.7,0.0127812257381301,79.824199846569,15.9651136261532,4202.82074019007
-118.8,36.7,0.0127812257381301,79.824199846569,15.9651136261532,4202.82074019007
-118.7,36.7,0.0127812257381301,79.824199846569,15.9651136261532,4202.82074019007
-118.6,36.7,0.0127812257381301,79.824199846569,15.9651136261532,4202.82074019007
-118.5,36.7,0.0127812257381301,79.824199846569,15.9651136261532,4202.82074019007
-118.4,36.7,0.0038746260955486,3.04907615000087,13.3946230694171,272.794549784617
-118.3,36.7,0.0038746260955486,3.04907615000087,13.3946230694171,272.794549784617
-118.2,36.7,0.0038746260955486,3.04907615000087,13.3946230694171,272.794549784617
-118.1,36.7,0.0038746260955486,3.04907615000087,13.3946230694171,272.794549784617
-118,36.7,0.0038746260955486,3.04907615000087,13.3946230694171,272.794549784617
-117.9,36.7,0.0038746260955486,3.04907615000087,13.3946230694171,272.794549784617
-117.8,36.7,0.0264259578925181,12612.1450998396,21.6256343541876,289299.842417323
-117.7,36.7,0.0264259578925181,12612.1450998396,21.6256343541876,289299.842417323
-117.6,36.7,0.0264259578925181,12612.1450998396,21.6256343541876,289299.842417323
-117.5,36.7,0.0264259578925181,12612.1450998396,21.6256343541876,289299.842417323
-117.4,36.7,0.0264259578925181,12612.1450998396,21.6256343541876,289299.842417323
-117.3,36.7,0.0264259578925181,12612.1450998396,21.6256343541876,289299.842417323
-117.2,36.7,0.0264259578925181,12612.1450998396,21.6256343541876,289299.842417323
-117.1,36.7,0.0224462301008173,3082.30026578369,23.435324587128,55070.3594881057
-117,36.7,0.0224462301008173,3082.30026578369,23.435324587128,55070.3594881057
-116.9,36.7,0.0224462301008173,3082.30026578369,23.435324587128,55070.3594881057
-121.7,36.8,0.0287325157738997,28104.9712043822,19.1359531967477,409017.340413669
-121.6,36.8,0.0287325157738997,28104.9712043822,19.1359531967477,409017.340413669
-121.5,36.8,0.039934872270106,1772818.26689094,21.642150962704,25334659.9268921
-121.4,36.8,0.039934872270106,1772818.26689094,21.642150962704,25334659.9268921
-121.3,36.8,0.039934872270106,1772818.26689094,21.642150962704,25334659.9268921
-121.2,36.8,0.039934872270106,1772818.26689094,21.642150962704,25334659.9268921
-121.1,36.8,0.039934872270106,1772818.26689094,21.642150962704,25334659.9268921
-121,36.8,0.039934872270106,1772818.26689094,21.642150962704,25334659.9268921
-120.9,36.8,0.0334773672064391,174424.124245125,23.3702217337801,2166895.20352557
-120.8,36.8,0.0334773672064391,174424.124245125,23.3702217337801,2166895.20352557
-120.7,36.8,0.0334773672064391,174424.124245125,23.3702217337801,2166895.20352557
-120.6,36.8,0.0334773672064391,174424.124245125,23.3702217337801,2166895.20352557
-120.5,36.8,0.0334773672064391,174424.124245125,23.3702217337801,2166895.20352557
-120.4,36.8,0.0334773672064391,174424.124245125,23.3702217337801,2166895.20352557
-120.3,36.8,0.0285489689973513,28852.6589480978,23.5613846770098,372903.960967045
-120.2,36.8,0.0285489689973513,28852.6589480978,23.5613846770098,372903.960967045
-120.1,36.8,0.0285489689973513,28852.6589480978,23.5613846770098,372903.960967045
-120,36.8,0.0285489689973513,28852.6589480978,23.5613846770098,372903.960967045
-119.9,36.8,0.0285489689973513,28852.6589480978,23.5613846770098,372903.960967045
-119.8,36.8,0.0285489689973513,28852.6589480978,23.5613846770098,372903.960967045
-119.7,36.8,0.0285489689973513,28852.6589480978,23.5613846770098,372903.960967045
-119.6,36.8,0.0290048365694824,31168.1386194561,19.5194380528928,791955.273612048
-119.5,36.8,0.0290048365694824,31168.1386194561,19.5194380528928,791955.273612048
-119.4,36.8,0.0290048365694824,31168.1386194561,19.5194380528928,791955.273612048
-119.3,36.8,0.0290048365694824,31168.1386194561,19.5194380528928,791955.273612048
-119.2,36.8,0.0290048365694824,31168.1386194561,19.5194380528928,791955.273612048
-119.1,36.8,0.0290048365694824,31168.1386194561,19.5194380528928,791955.273612048
-119,36.8,-0.00704728329049081,0.0559249388468927,10.4666011089413,8.59526440124933
-118.9,36.8,-0.00704728329049081,0.0559249388468927,10.4666011089413,8.59526440124933
-118.8,36.8,-0.00704728329049081,0.0559249388468927,10.4666011089413,8.59526440124933
-118.7,36.8,-0.00704728329049081,0.0559249388468927,10.4666011089413,8.59526440124933
-118.6,36.8,-0.00704728329049081,0.0559249388468927,10.4666011089413,8.59526440124933
-118.5,36.8,-0.00704728329049081,0.0559249388468927,10.4666011089413,8.59526440124933
-118.4,36.8,0.00943822988444727,23.4011309346871,14.6630926882883,1676.78952659089
-118.3,36.8,0.00943822988444727,23.4011309346871,14.6630926882883,1676.78952659089
-118.2,36.8,0.00943822988444727,23.4011309346871,14.6630926882883,1676.78952659089
-118.1,36.8,0.00943822988444727,23.4011309346871,14.6630926882883,1676.78952659089
-118,36.8,0.00943822988444727,23.4011309346871,14.6630926882883,1676.78952659089
-117.9,36.8,0.00943822988444727,23.4011309346871,14.6630926882883,1676.78952659089
-117.8,36.8,0.0272921332047546,16750.2771220423,19.9304951472411,540356.761206037
-117.7,36.8,0.0272921332047546,16750.2771220423,19.9304951472411,540356.761206037
-117.6,36.8,0.0272921332047546,16750.2771220423,19.9304951472411,540356.761206037
-117.5,36.8,0.0272921332047546,16750.2771220423,19.9304951472411,540356.761206037
-117.4,36.8,0.0272921332047546,16750.2771220423,19.9304951472411,540356.761206037
-117.3,36.8,0.0272921332047546,16750.2771220423,19.9304951472411,540356.761206037
-117.2,36.8,0.0272921332047546,16750.2771220423,19.9304951472411,540356.761206037
-117.1,36.8,0.0276756789659195,19259.1571596753,19.8794115064308,633475.587905392
-117,36.8,0.0276756789659195,19259.1571596753,19.8794115064308,633475.587905392
-121.7,36.9,0.0287325157738997,28104.9712043822,19.1359531967477,409017.340413669
-121.6,36.9,0.0287325157738997,28104.9712043822,19.1359531967477,409017.340413669
-121.5,36.9,0.039934872270106,1772818.26689094,21.642150962704,25334659.9268921
-121.4,36.9,0.039934872270106,1772818.26689094,21.642150962704,25334659.9268921
-121.3,36.9,0.039934872270106,1772818.26689094,21.642150962704,25334659.9268921
-121.2,36.9,0.039934872270106,1772818.26689094,21.642150962704,25334659.9268921
-121.1,36.9,0.039934872270106,1772818.26689094,21.642150962704,25334659.9268921
-121,36.9,0.039934872270106,1772818.26689094,21.642150962704,25334659.9268921
-120.9,36.9,0.0334773672064391,174424.124245125,23.3702217337801,2166895.20352557
-120.8,36.9,0.0334773672064391,174424.124245125,23.3702217337801,2166895.20352557
-120.7,36.9,0.0334773672064391,174424.124245125,23.3702217337801,2166895.20352557
-120.6,36.9,0.0334773672064391,174424.124245125,23.3702217337801,2166895.20352557
-120.5,36.9,0.0334773672064391,174424.124245125,23.3702217337801,2166895.20352557
-120.4,36.9,0.0334773672064391,174424.124245125,23.3702217337801,2166895.20352557
-120.3,36.9,0.0285489689973513,28852.6589480978,23.5613846770098,372903.960967045
-120.2,36.9,0.0285489689973513,28852.6589480978,23.5613846770098,372903.960967045
-120.1,36.9,0.0285489689973513,28852.6589480978,23.5613846770098,372903.960967045
-120,36.9,0.0285489689973513,28852.6589480978,23.5613846770098,372903.960967045
-119.9,36.9,0.0285489689973513,28852.6589480978,23.5613846770098,372903.960967045
-119.8,36.9,0.0285489689973513,28852.6589480978,23.5613846770098,372903.960967045
-119.7,36.9,0.0285489689973513,28852.6589480978,23.5613846770098,372903.960967045
-119.6,36.9,0.0290048365694824,31168.1386194561,19.5194380528928,791955.273612048
-119.5,36.9,0.0290048365694824,31168.1386194561,19.5194380528928,791955.273612048
-119.4,36.9,0.0290048365694824,31168.1386194561,19.5194380528928,791955.273612048
-119.3,36.9,0.0290048365694824,31168.1386194561,19.5194380528928,791955.273612048
-119.2,36.9,0.0290048365694824,31168.1386194561,19.5194380528928,791955.273612048
-119.1,36.9,0.0290048365694824,31168.1386194561,19.5194380528928,791955.273612048
-119,36.9,-0.00704728329049081,0.0559249388468927,10.4666011089413,8.59526440124933
-118.9,36.9,-0.00704728329049081,0.0559249388468927,10.4666011089413,8.59526440124933
-118.8,36.9,-0.00704728329049081,0.0559249388468927,10.4666011089413,8.59526440124933
-118.7,36.9,-0.00704728329049081,0.0559249388468927,10.4666011089413,8.59526440124933
-118.6,36.9,-0.00704728329049081,0.0559249388468927,10.4666011089413,8.59526440124933
-118.5,36.9,-0.00704728329049081,0.0559249388468927,10.4666011089413,8.59526440124933
-118.4,36.9,0.00943822988444727,23.4011309346871,14.6630926882883,1676.78952659089
-118.3,36.9,0.00943822988444727,23.4011309346871,14.6630926882883,1676.78952659089
-118.2,36.9,0.00943822988444727,23.4011309346871,14.6630926882883,1676.78952659089
-118.1,36.9,0.00943822988444727,23.4011309346871,14.6630926882883,1676.78952659089
-118,36.9,0.00943822988444727,23.4011309346871,14.6630926882883,1676.78952659089
-117.9,36.9,0.00943822988444727,23.4011309346871,14.6630926882883,1676.78952659089
-117.8,36.9,0.0272921332047546,16750.2771220423,19.9304951472411,540356.761206037
-117.7,36.9,0.0272921332047546,16750.2771220423,19.9304951472411,540356.761206037
-117.6,36.9,0.0272921332047546,16750.2771220423,19.9304951472411,540356.761206037
-117.5,36.9,0.0272921332047546,16750.2771220423,19.9304951472411,540356.761206037
-117.4,36.9,0.0272921332047546,16750.2771220423,19.9304951472411,540356.761206037
-117.3,36.9,0.0272921332047546,16750.2771220423,19.9304951472411,540356.761206037
-117.2,36.9,0.0272921332047546,16750.2771220423,19.9304951472411,540356.761206037
-117.1,36.9,0.0276756789659195,19259.1571596753,19.8794115064308,633475.587905392
-122.1,37,0.0287325157738997,28104.9712043822,19.1359531967477,409017.340413669
-122,37,0.0287325157738997,28104.9712043822,19.1359531967477,409017.340413669
-121.9,37,0.0287325157738997,28104.9712043822,19.1359531967477,409017.340413669
-121.8,37,0.0287325157738997,28104.9712043822,19.1359531967477,409017.340413669
-121.7,37,0.0287325157738997,28104.9712043822,19.1359531967477,409017.340413669
-121.6,37,0.0287325157738997,28104.9712043822,19.1359531967477,409017.340413669
-121.5,37,0.039934872270106,1772818.26689094,21.642150962704,25334659.9268921
-121.4,37,0.039934872270106,1772818.26689094,21.642150962704,25334659.9268921
-121.3,37,0.039934872270106,1772818.26689094,21.642150962704,25334659.9268921
-121.2,37,0.039934872270106,1772818.26689094,21.642150962704,25334659.9268921
-121.1,37,0.039934872270106,1772818.26689094,21.642150962704,25334659.9268921
-121,37,0.039934872270106,1772818.26689094,21.642150962704,25334659.9268921
-120.9,37,0.0334773672064391,174424.124245125,23.3702217337801,2166895.20352557
-120.8,37,0.0334773672064391,174424.124245125,23.3702217337801,2166895.20352557
-120.7,37,0.0334773672064391,174424.124245125,23.3702217337801,2166895.20352557
-120.6,37,0.0334773672064391,174424.124245125,23.3702217337801,2166895.20352557
-120.5,37,0.0334773672064391,174424.124245125,23.3702217337801,2166895.20352557
-120.4,37,0.0334773672064391,174424.124245125,23.3702217337801,2166895.20352557
-120.3,37,0.0285489689973513,28852.6589480978,23.5613846770098,372903.960967045
-120.2,37,0.0285489689973513,28852.6589480978,23.5613846770098,372903.960967045
-120.1,37,0.0285489689973513,28852.6589480978,23.5613846770098,372903.960967045
-120,37,0.0285489689973513,28852.6589480978,23.5613846770098,372903.960967045
-119.9,37,0.0285489689973513,28852.6589480978,23.5613846770098,372903.960967045
-119.8,37,0.0285489689973513,28852.6589480978,23.5613846770098,372903.960967045
-119.7,37,0.0285489689973513,28852.6589480978,23.5613846770098,372903.960967045
-119.6,37,0.0290048365694824,31168.1386194561,19.5194380528928,791955.273612048
-119.5,37,0.0290048365694824,31168.1386194561,19.5194380528928,791955.273612048
-119.4,37,0.0290048365694824,31168.1386194561,19.5194380528928,791955.273612048
-119.3,37,0.0290048365694824,31168.1386194561,19.5194380528928,791955.273612048
-119.2,37,0.0290048365694824,31168.1386194561,19.5194380528928,791955.273612048
-119.1,37,0.0290048365694824,31168.1386194561,19.5194380528928,791955.273612048
-119,37,-0.00704728329049081,0.0559249388468927,10.4666011089413,8.59526440124933
-118.9,37,-0.00704728329049081,0.0559249388468927,10.4666011089413,8.59526440124933
-118.8,37,-0.00704728329049081,0.0559249388468927,10.4666011089413,8.59526440124933
-118.7,37,-0.00704728329049081,0.0559249388468927,10.4666011089413,8.59526440124933
-118.6,37,-0.00704728329049081,0.0559249388468927,10.4666011089413,8.59526440124933
-118.5,37,-0.00704728329049081,0.0559249388468927,10.4666011089413,8.59526440124933
-118.4,37,0.00943822988444727,23.4011309346871,14.6630926882883,1676.78952659089
-118.3,37,0.00943822988444727,23.4011309346871,14.6630926882883,1676.78952659089
-118.2,37,0.00943822988444727,23.4011309346871,14.6630926882883,1676.78952659089
-118.1,37,0.00943822988444727,23.4011309346871,14.6630926882883,1676.78952659089
-118,37,0.00943822988444727,23.4011309346871,14.6630926882883,1676.78952659089
-117.9,37,0.00943822988444727,23.4011309346871,14.6630926882883,1676.78952659089
-117.8,37,0.0272921332047546,16750.2771220423,19.9304951472411,540356.761206037
-117.7,37,0.0272921332047546,16750.2771220423,19.9304951472411,540356.761206037
-117.6,37,0.0272921332047546,16750.2771220423,19.9304951472411,540356.761206037
-117.5,37,0.0272921332047546,16750.2771220423,19.9304951472411,540356.761206037
-117.4,37,0.0272921332047546,16750.2771220423,19.9304951472411,540356.761206037
-117.3,37,0.0272921332047546,16750.2771220423,19.9304951472411,540356.761206037
-122.2,37.1,-0.0015719150367589,0.416311005685383,14.6639707955348,21.1647449949946
-122.1,37.1,0.0287325157738997,28104.9712043822,19.1359531967477,409017.340413669
-122,37.1,0.0287325157738997,28104.9712043822,19.1359531967477,409017.340413669
-121.9,37.1,0.0287325157738997,28104.9712043822,19.1359531967477,409017.340413669
-121.8,37.1,0.0287325157738997,28104.9712043822,19.1359531967477,409017.340413669
-121.7,37.1,0.0287325157738997,28104.9712043822,19.1359531967477,409017.340413669
-121.6,37.1,0.0287325157738997,28104.9712043822,19.1359531967477,409017.340413669
-121.5,37.1,0.039934872270106,1772818.26689094,21.642150962704,25334659.9268921
-121.4,37.1,0.039934872270106,1772818.26689094,21.642150962704,25334659.9268921
-121.3,37.1,0.039934872270106,1772818.26689094,21.642150962704,25334659.9268921
-121.2,37.1,0.039934872270106,1772818.26689094,21.642150962704,25334659.9268921
-121.1,37.1,0.039934872270106,1772818.26689094,21.642150962704,25334659.9268921
-121,37.1,0.039934872270106,1772818.26689094,21.642150962704,25334659.9268921
-120.9,37.1,0.0334773672064391,174424.124245125,23.3702217337801,2166895.20352557
-120.8,37.1,0.0334773672064391,174424.124245125,23.3702217337801,2166895.20352557
-120.7,37.1,0.0334773672064391,174424.124245125,23.3702217337801,2166895.20352557
-120.6,37.1,0.0334773672064391,174424.124245125,23.3702217337801,2166895.20352557
-120.5,37.1,0.0334773672064391,174424.124245125,23.3702217337801,2166895.20352557
-120.4,37.1,0.0334773672064391,174424.124245125,23.3702217337801,2166895.20352557
-120.3,37.1,0.0285489689973513,28852.6589480978,23.5613846770098,372903.960967045
-120.2,37.1,0.0285489689973513,28852.6589480978,23.5613846770098,372903.960967045
-120.1,37.1,0.0285489689973513,28852.6589480978,23.5613846770098,372903.960967045
-120,37.1,0.0285489689973513,28852.6589480978,23.5613846770098,372903.960967045
-119.9,37.1,0.0285489689973513,28852.6589480978,23.5613846770098,372903.960967045
-119.8,37.1,0.0285489689973513,28852.6589480978,23.5613846770098,372903.960967045
-119.7,37.1,0.0285489689973513,28852.6589480978,23.5613846770098,372903.960967045
-119.6,37.1,0.0290048365694824,31168.1386194561,19.5194380528928,791955.273612048
-119.5,37.1,0.0290048365694824,31168.1386194561,19.5194380528928,791955.273612048
-119.4,37.1,0.0290048365694824,31168.1386194561,19.5194380528928,791955.273612048
-119.3,37.1,0.0290048365694824,31168.1386194561,19.5194380528928,791955.273612048
-119.2,37.1,0.0290048365694824,31168.1386194561,19.5194380528928,791955.273612048
-119.1,37.1,0.0290048365694824,31168.1386194561,19.5194380528928,791955.273612048
-119,37.1,-0.00704728329049081,0.0559249388468927,10.4666011089413,8.59526440124933
-118.9,37.1,-0.00704728329049081,0.0559249388468927,10.4666011089413,8.59526440124933
-118.8,37.1,-0.00704728329049081,0.0559249388468927,10.4666011089413,8.59526440124933
-118.7,37.1,-0.00704728329049081,0.0559249388468927,10.4666011089413,8.59526440124933
-118.6,37.1,-0.00704728329049081,0.0559249388468927,10.4666011089413,8.59526440124933
-118.5,37.1,-0.00704728329049081,0.0559249388468927,10.4666011089413,8.59526440124933
-118.4,37.1,0.00943822988444727,23.4011309346871,14.6630926882883,1676.78952659089
-118.3,37.1,0.00943822988444727,23.4011309346871,14.6630926882883,1676.78952659089
-118.2,37.1,0.00943822988444727,23.4011309346871,14.6630926882883,1676.78952659089
-118.1,37.1,0.00943822988444727,23.4011309346871,14.6630926882883,1676.78952659089
-118,37.1,0.00943822988444727,23.4011309346871,14.6630926882883,1676.78952659089
-117.9,37.1,0.00943822988444727,23.4011309346871,14.6630926882883,1676.78952659089
-117.8,37.1,0.0272921332047546,16750.2771220423,19.9304951472411,540356.761206037
-117.7,37.1,0.0272921332047546,16750.2771220423,19.9304951472411,540356.761206037
-117.6,37.1,0.0272921332047546,16750.2771220423,19.9304951472411,540356.761206037
-117.5,37.1,0.0272921332047546,16750.2771220423,19.9304951472411,540356.761206037
-117.4,37.1,0.0272921332047546,16750.2771220423,19.9304951472411,540356.761206037
-122.3,37.2,-0.0015719150367589,0.416311005685383,14.6639707955348,21.1647449949946
-122.2,37.2,-0.0015719150367589,0.416311005685383,14.6639707955348,21.1647449949946
-122.1,37.2,0.0287325157738997,28104.9712043822,19.1359531967477,409017.340413669
-122,37.2,0.0287325157738997,28104.9712043822,19.1359531967477,409017.340413669
-121.9,37.2,0.0287325157738997,28104.9712043822,19.1359531967477,409017.340413669
-121.8,37.2,0.0287325157738997,28104.9712043822,19.1359531967477,409017.340413669
-121.7,37.2,0.0287325157738997,28104.9712043822,19.1359531967477,409017.340413669
-121.6,37.2,0.0287325157738997,28104.9712043822,19.1359531967477,409017.340413669
-121.5,37.2,0.039934872270106,1772818.26689094,21.642150962704,25334659.9268921
-121.4,37.2,0.039934872270106,1772818.26689094,21.642150962704,25334659.9268921
-121.3,37.2,0.039934872270106,1772818.26689094,21.642150962704,25334659.9268921
-121.2,37.2,0.039934872270106,1772818.26689094,21.642150962704,25334659.9268921
-121.1,37.2,0.039934872270106,1772818.26689094,21.642150962704,25334659.9268921
-121,37.2,0.039934872270106,1772818.26689094,21.642150962704,25334659.9268921
-120.9,37.2,0.0334773672064391,174424.124245125,23.3702217337801,2166895.20352557
-120.8,37.2,0.0334773672064391,174424.124245125,23.3702217337801,2166895.20352557
-120.7,37.2,0.0334773672064391,174424.124245125,23.3702217337801,2166895.20352557
-120.6,37.2,0.0334773672064391,174424.124245125,23.3702217337801,2166895.20352557
-120.5,37.2,0.0334773672064391,174424.124245125,23.3702217337801,2166895.20352557
-120.4,37.2,0.0334773672064391,174424.124245125,23.3702217337801,2166895.20352557
-120.3,37.2,0.0285489689973513,28852.6589480978,23.5613846770098,372903.960967045
-120.2,37.2,0.0285489689973513,28852.6589480978,23.5613846770098,372903.960967045
-120.1,37.2,0.0285489689973513,28852.6589480978,23.5613846770098,372903.960967045
-120,37.2,0.0285489689973513,28852.6589480978,23.5613846770098,372903.960967045
-119.9,37.2,0.0285489689973513,28852.6589480978,23.5613846770098,372903.960967045
-119.8,37.2,0.0285489689973513,28852.6589480978,23.5613846770098,372903.960967045
-119.7,37.2,0.0285489689973513,28852.6589480978,23.5613846770098,372903.960967045
-119.6,37.2,0.0290048365694824,31168.1386194561,19.5194380528928,791955.273612048
-119.5,37.2,0.0290048365694824,31168.1386194561,19.5194380528928,791955.273612048
-119.4,37.2,0.0290048365694824,31168.1386194561,19.5194380528928,791955.273612048
-119.3,37.2,0.0290048365694824,31168.1386194561,19.5194380528928,791955.273612048
-119.2,37.2,0.0290048365694824,31168.1386194561,19.5194380528928,791955.273612048
-119.1,37.2,0.0290048365694824,31168.1386194561,19.5194380528928,791955.273612048
-119,37.2,-0.00704728329049081,0.0559249388468927,10.4666011089413,8.59526440124933
-118.9,37.2,-0.00704728329049081,0.0559249388468927,10.4666011089413,8.59526440124933
-118.8,37.2,-0.00704728329049081,0.0559249388468927,10.4666011089413,8.59526440124933
-118.7,37.2,-0.00704728329049081,0.0559249388468927,10.4666011089413,8.59526440124933
-118.6,37.2,-0.00704728329049081,0.0559249388468927,10.4666011089413,8.59526440124933
-118.5,37.2,-0.00704728329049081,0.0559249388468927,10.4666011089413,8.59526440124933
-118.4,37.2,0.00943822988444727,23.4011309346871,14.6630926882883,1676.78952659089
-118.3,37.2,0.00943822988444727,23.4011309346871,14.6630926882883,1676.78952659089
-118.2,37.2,0.00943822988444727,23.4011309346871,14.6630926882883,1676.78952659089
-118.1,37.2,0.00943822988444727,23.4011309346871,14.6630926882883,1676.78952659089
-118,37.2,0.00943822988444727,23.4011309346871,14.6630926882883,1676.78952659089
-117.9,37.2,0.00943822988444727,23.4011309346871,14.6630926882883,1676.78952659089
-117.8,37.2,0.0272921332047546,16750.2771220423,19.9304951472411,540356.761206037
-117.7,37.2,0.0272921332047546,16750.2771220423,19.9304951472411,540356.761206037
-117.6,37.2,0.0272921332047546,16750.2771220423,19.9304951472411,540356.761206037
-117.5,37.2,0.0272921332047546,16750.2771220423,19.9304951472411,540356.761206037
-122.3,37.3,0.00719032579390883,10.323162330618,15.9874991459672,254.302799207034
-122.2,37.3,0.00719032579390883,10.323162330618,15.9874991459672,254.302799207034
-122.1,37.3,0.0333530765772586,154213.353198372,19.9584229551204,2492637.30561744
-122,37.3,0.0333530765772586,154213.353198372,19.9584229551204,2492637.30561744
-121.9,37.3,0.0333530765772586,154213.353198372,19.9584229551204,2492637.30561744
-121.8,37.3,0.0333530765772586,154213.353198372,19.9584229551204,2492637.30561744
-121.7,37.3,0.0333530765772586,154213.353198372,19.9584229551204,2492637.30561744
-121.6,37.3,0.0333530765772586,154213.353198372,19.9584229551204,2492637.30561744
-121.5,37.3,0.0384637049177512,1040081.90833305,21.8816821102219,16354204.1127927
-121.4,37.3,0.0384637049177512,1040081.90833305,21.8816821102219,16354204.1127927
-121.3,37.3,0.0384637049177512,1040081.90833305,21.8816821102219,16354204.1127927
-121.2,37.3,0.0384637049177512,1040081.90833305,21.8816821102219,16354204.1127927
-121.1,37.3,0.0384637049177512,1040081.90833305,21.8816821102219,16354204.1127927
-121,37.3,0.0384637049177512,1040081.90833305,21.8816821102219,16354204.1127927
-120.9,37.3,0.0325004296715995,120844.90245145,23.0556316154011,1634717.24015549
-120.8,37.3,0.0325004296715995,120844.90245145,23.0556316154011,1634717.24015549
-120.7,37.3,0.0325004296715995,120844.90245145,23.0556316154011,1634717.24015549
-120.6,37.3,0.0325004296715995,120844.90245145,23.0556316154011,1634717.24015549
-120.5,37.3,0.0325004296715995,120844.90245145,23.0556316154011,1634717.24015549
-120.4,37.3,0.0325004296715995,120844.90245145,23.0556316154011,1634717.24015549
-120.3,37.3,0.0313368066780434,73910.6941300026,20.1613759510009,1684526.21038387
-120.2,37.3,0.0313368066780434,73910.6941300026,20.1613759510009,1684526.21038387
-120.1,37.3,0.0313368066780434,73910.6941300026,20.1613759510009,1684526.21038387
-120,37.3,0.0313368066780434,73910.6941300026,20.1613759510009,1684526.21038387
-119.9,37.3,0.0313368066780434,73910.6941300026,20.1613759510009,1684526.21038387
-119.8,37.3,0.0313368066780434,73910.6941300026,20.1613759510009,1684526.21038387
-119.7,37.3,0.0313368066780434,73910.6941300026,20.1613759510009,1684526.21038387
-119.6,37.3,-0.000745790416664659,0.561624668379535,12.3302866051329,59.8035737095951
-119.5,37.3,-0.000745790416664659,0.561624668379535,12.3302866051329,59.8035737095951
-119.4,37.3,-0.000745790416664659,0.561624668379535,12.3302866051329,59.8035737095951
-119.3,37.3,-0.000745790416664659,0.561624668379535,12.3302866051329,59.8035737095951
-119.2,37.3,-0.000745790416664659,0.561624668379535,12.3302866051329,59.8035737095951
-119.1,37.3,-0.000745790416664659,0.561624668379535,12.3302866051329,59.8035737095951
-119,37.3,-0.00747087769035684,0.0478907592540178,9.95039348805126,7.75300402107353
-118.9,37.3,-0.00747087769035684,0.0478907592540178,9.95039348805126,7.75300402107353
-118.8,37.3,-0.00747087769035684,0.0478907592540178,9.95039348805126,7.75300402107353
-118.7,37.3,-0.00747087769035684,0.0478907592540178,9.95039348805126,7.75300402107353
-118.6,37.3,-0.00747087769035684,0.0478907592540178,9.95039348805126,7.75300402107353
-118.5,37.3,-0.00747087769035684,0.0478907592540178,9.95039348805126,7.75300402107353
-118.4,37.3,0.0122361295205776,65.2639626098698,15.3858076570393,4283.24801560326
-118.3,37.3,0.0122361295205776,65.2639626098698,15.3858076570393,4283.24801560326
-118.2,37.3,0.0122361295205776,65.2639626098698,15.3858076570393,4283.24801560326
-118.1,37.3,0.0122361295205776,65.2639626098698,15.3858076570393,4283.24801560326
-118,37.3,0.0122361295205776,65.2639626098698,15.3858076570393,4283.24801560326
-117.9,37.3,0.0122361295205776,65.2639626098698,15.3858076570393,4283.24801560326
-117.8,37.3,0.0192337807859925,851.651109888881,17.1682710735419,45163.0654976769
-117.7,37.3,0.0192337807859925,851.651109888881,17.1682710735419,45163.0654976769
-122.3,37.4,0.00719032579390883,10.323162330618,15.9874991459672,254.302799207034
-122.2,37.4,0.00719032579390883,10.323162330618,15.9874991459672,254.302799207034
-122.1,37.4,0.0333530765772586,154213.353198372,19.9584229551204,2492637.30561744
-122,37.4,0.0333530765772586,154213.353198372,19.9584229551204,2492637.30561744
-121.9,37.4,0.0333530765772586,154213.353198372,19.9584229551204,2492637.30561744
-121.8,37.4,0.0333530765772586,154213.353198372,19.9584229551204,2492637.30561744
-121.7,37.4,0.0333530765772586,154213.353198372,19.9584229551204,2492637.30561744
-121.6,37.4,0.0333530765772586,154213.353198372,19.9584229551204,2492637.30561744
-121.5,37.4,0.0384637049177512,1040081.90833305,21.8816821102219,16354204.1127927
-121.4,37.4,0.0384637049177512,1040081.90833305,21.8816821102219,16354204.1127927
-121.3,37.4,0.0384637049177512,1040081.90833305,21.8816821102219,16354204.1127927
-121.2,37.4,0.0384637049177512,1040081.90833305,21.8816821102219,16354204.1127927
-121.1,37.4,0.0384637049177512,1040081.90833305,21.8816821102219,16354204.1127927
-121,37.4,0.0384637049177512,1040081.90833305,21.8816821102219,16354204.1127927
-120.9,37.4,0.0325004296715995,120844.90245145,23.0556316154011,1634717.24015549
-120.8,37.4,0.0325004296715995,120844.90245145,23.0556316154011,1634717.24015549
-120.7,37.4,0.0325004296715995,120844.90245145,23.0556316154011,1634717.24015549
-120.6,37.4,0.0325004296715995,120844.90245145,23.0556316154011,1634717.24015549
-120.5,37.4,0.0325004296715995,120844.90245145,23.0556316154011,1634717.24015549
-120.4,37.4,0.0325004296715995,120844.90245145,23.0556316154011,1634717.24015549
-120.3,37.4,0.0313368066780434,73910.6941300026,20.1613759510009,1684526.21038387
-120.2,37.4,0.0313368066780434,73910.6941300026,20.1613759510009,1684526.21038387
-120.1,37.4,0.0313368066780434,73910.6941300026,20.1613759510009,1684526.21038387
-120,37.4,0.0313368066780434,73910.6941300026,20.1613759510009,1684526.21038387
-119.9,37.4,0.0313368066780434,73910.6941300026,20.1613759510009,1684526.21038387
-119.8,37.4,0.0313368066780434,73910.6941300026,20.1613759510009,1684526.21038387
-119.7,37.4,0.0313368066780434,73910.6941300026,20.1613759510009,1684526.21038387
-119.6,37.4,-0.000745790416664659,0.561624668379535,12.3302866051329,59.8035737095951
-119.5,37.4,-0.000745790416664659,0.561624668379535,12.3302866051329,59.8035737095951
-119.4,37.4,-0.000745790416664659,0.561624668379535,12.3302866051329,59.8035737095951
-119.3,37.4,-0.000745790416664659,0.561624668379535,12.3302866051329,59.8035737095951
-119.2,37.4,-0.000745790416664659,0.561624668379535,12.3302866051329,59.8035737095951
-119.1,37.4,-0.000745790416664659,0.561624668379535,12.3302866051329,59.8035737095951
-119,37.4,-0.00747087769035684,0.0478907592540178,9.95039348805126,7.75300402107353
-118.9,37.4,-0.00747087769035684,0.0478907592540178,9.95039348805126,7.75300402107353
-118.8,37.4,-0.00747087769035684,0.0478907592540178,9.95039348805126,7.75300402107353
-118.7,37.4,-0.00747087769035684,0.0478907592540178,9.95039348805126,7.75300402107353
-118.6,37.4,-0.00747087769035684,0.0478907592540178,9.95039348805126,7.75300402107353
-118.5,37.4,-0.00747087769035684,0.0478907592540178,9.95039348805126,7.75300402107353
-118.4,37.4,0.0122361295205776,65.2639626098698,15.3858076570393,4283.24801560326
-118.3,37.4,0.0122361295205776,65.2639626098698,15.3858076570393,4283.24801560326
-118.2,37.4,0.0122361295205776,65.2639626098698,15.3858076570393,4283.24801560326
-118.1,37.4,0.0122361295205776,65.2639626098698,15.3858076570393,4283.24801560326
-118,37.4,0.0122361295205776,65.2639626098698,15.3858076570393,4283.24801560326
-117.9,37.4,0.0122361295205776,65.2639626098698,15.3858076570393,4283.24801560326
-117.8,37.4,0.0192337807859925,851.651109888881,17.1682710735419,45163.0654976769
-122.4,37.5,0.00719032579390883,10.323162330618,15.9874991459672,254.302799207034
-122.3,37.5,0.00719032579390883,10.323162330618,15.9874991459672,254.302799207034
-122.2,37.5,0.00719032579390883,10.323162330618,15.9874991459672,254.302799207034
-122.1,37.5,0.0333530765772586,154213.353198372,19.9584229551204,2492637.30561744
-121.9,37.5,0.0333530765772586,154213.353198372,19.9584229551204,2492637.30561744
-121.8,37.5,0.0333530765772586,154213.353198372,19.9584229551204,2492637.30561744
-121.7,37.5,0.0333530765772586,154213.353198372,19.9584229551204,2492637.30561744
-121.6,37.5,0.0333530765772586,154213.353198372,19.9584229551204,2492637.30561744
-121.5,37.5,0.0384637049177512,1040081.90833305,21.8816821102219,16354204.1127927
-121.4,37.5,0.0384637049177512,1040081.90833305,21.8816821102219,16354204.1127927
-121.3,37.5,0.0384637049177512,1040081.90833305,21.8816821102219,16354204.1127927
-121.2,37.5,0.0384637049177512,1040081.90833305,21.8816821102219,16354204.1127927
-121.1,37.5,0.0384637049177512,1040081.90833305,21.8816821102219,16354204.1127927
-121,37.5,0.0384637049177512,1040081.90833305,21.8816821102219,16354204.1127927
-120.9,37.5,0.0325004296715995,120844.90245145,23.0556316154011,1634717.24015549
-120.8,37.5,0.0325004296715995,120844.90245145,23.0556316154011,1634717.24015549
-120.7,37.5,0.0325004296715995,120844.90245145,23.0556316154011,1634717.24015549
-120.6,37.5,0.0325004296715995,120844.90245145,23.0556316154011,1634717.24015549
-120.5,37.5,0.0325004296715995,120844.90245145,23.0556316154011,1634717.24015549
-120.4,37.5,0.0325004296715995,120844.90245145,23.0556316154011,1634717.24015549
-120.3,37.5,0.0313368066780434,73910.6941300026,20.1613759510009,1684526.21038387
-120.2,37.5,0.0313368066780434,73910.6941300026,20.1613759510009,1684526.21038387
-120.1,37.5,0.0313368066780434,73910.6941300026,20.1613759510009,1684526.21038387
-120,37.5,0.0313368066780434,73910.6941300026,20.1613759510009,1684526.21038387
-119.9,37.5,0.0313368066780434,73910.6941300026,20.1613759510009,1684526.21038387
-119.8,37.5,0.0313368066780434,73910.6941300026,20.1613759510009,1684526.21038387
-119.7,37.5,0.0313368066780434,73910.6941300026,20.1613759510009,1684526.21038387
-119.6,37.5,-0.000745790416664659,0.561624668379535,12.3302866051329,59.8035737095951
-119.5,37.5,-0.000745790416664659,0.561624668379535,12.3302866051329,59.8035737095951
-119.4,37.5,-0.000745790416664659,0.561624668379535,12.3302866051329,59.8035737095951
-119.3,37.5,-0.000745790416664659,0.561624668379535,12.3302866051329,59.8035737095951
-119.2,37.5,-0.000745790416664659,0.561624668379535,12.3302866051329,59.8035737095951
-119.1,37.5,-0.000745790416664659,0.561624668379535,12.3302866051329,59.8035737095951
-119,37.5,-0.00747087769035684,0.0478907592540178,9.95039348805126,7.75300402107353
-118.9,37.5,-0.00747087769035684,0.0478907592540178,9.95039348805126,7.75300402107353
-118.8,37.5,-0.00747087769035684,0.0478907592540178,9.95039348805126,7.75300402107353
-118.7,37.5,-0.00747087769035684,0.0478907592540178,9.95039348805126,7.75300402107353
-118.6,37.5,-0.00747087769035684,0.0478907592540178,9.95039348805126,7.75300402107353
-118.5,37.5,-0.00747087769035684,0.0478907592540178,9.95039348805126,7.75300402107353
-118.4,37.5,0.0122361295205776,65.2639626098698,15.3858076570393,4283.24801560326
-118.3,37.5,0.0122361295205776,65.2639626098698,15.3858076570393,4283.24801560326
-118.2,37.5,0.0122361295205776,65.2639626098698,15.3858076570393,4283.24801560326
-118.1,37.5,0.0122361295205776,65.2639626098698,15.3858076570393,4283.24801560326
-118,37.5,0.0122361295205776,65.2639626098698,15.3858076570393,4283.24801560326
-117.9,37.5,0.0122361295205776,65.2639626098698,15.3858076570393,4283.24801560326
-122.4,37.6,0.00719032579390883,10.323162330618,15.9874991459672,254.302799207034
-122.3,37.6,0.00719032579390883,10.323162330618,15.9874991459672,254.302799207034
-122,37.6,0.0333530765772586,154213.353198372,19.9584229551204,2492637.30561744
-121.9,37.6,0.0333530765772586,154213.353198372,19.9584229551204,2492637.30561744
-121.8,37.6,0.0333530765772586,154213.353198372,19.9584229551204,2492637.30561744
-121.7,37.6,0.0333530765772586,154213.353198372,19.9584229551204,2492637.30561744
-121.6,37.6,0.0333530765772586,154213.353198372,19.9584229551204,2492637.30561744
-121.5,37.6,0.0384637049177512,1040081.90833305,21.8816821102219,16354204.1127927
-121.4,37.6,0.0384637049177512,1040081.90833305,21.8816821102219,16354204.1127927
-121.3,37.6,0.0384637049177512,1040081.90833305,21.8816821102219,16354204.1127927
-121.2,37.6,0.0384637049177512,1040081.90833305,21.8816821102219,16354204.1127927
-121.1,37.6,0.0384637049177512,1040081.90833305,21.8816821102219,16354204.1127927
-121,37.6,0.0384637049177512,1040081.90833305,21.8816821102219,16354204.1127927
-120.9,37.6,0.0325004296715995,120844.90245145,23.0556316154011,1634717.24015549
-120.8,37.6,0.0325004296715995,120844.90245145,23.0556316154011,1634717.24015549
-120.7,37.6,0.0325004296715995,120844.90245145,23.0556316154011,1634717.24015549
-120.6,37.6,0.0325004296715995,120844.90245145,23.0556316154011,1634717.24015549
-120.5,37.6,0.0325004296715995,120844.90245145,23.0556316154011,1634717.24015549
-120.4,37.6,0.0325004296715995,120844.90245145,23.0556316154011,1634717.24015549
-120.3,37.6,0.0313368066780434,73910.6941300026,20.1613759510009,1684526.21038387
-120.2,37.6,0.0313368066780434,73910.6941300026,20.1613759510009,1684526.21038387
-120.1,37.6,0.0313368066780434,73910.6941300026,20.1613759510009,1684526.21038387
-120,37.6,0.0313368066780434,73910.6941300026,20.1613759510009,1684526.21038387
-119.9,37.6,0.0313368066780434,73910.6941300026,20.1613759510009,1684526.21038387
-119.8,37.6,0.0313368066780434,73910.6941300026,20.1613759510009,1684526.21038387
-119.7,37.6,0.0313368066780434,73910.6941300026,20.1613759510009,1684526.21038387
-119.6,37.6,-0.000745790416664659,0.561624668379535,12.3302866051329,59.8035737095951
-119.5,37.6,-0.000745790416664659,0.561624668379535,12.3302866051329,59.8035737095951
-119.4,37.6,-0.000745790416664659,0.561624668379535,12.3302866051329,59.8035737095951
-119.3,37.6,-0.000745790416664659,0.561624668379535,12.3302866051329,59.8035737095951
-119.2,37.6,-0.000745790416664659,0.561624668379535,12.3302866051329,59.8035737095951
-119.1,37.6,-0.000745790416664659,0.561624668379535,12.3302866051329,59.8035737095951
-119,37.6,-0.00747087769035684,0.0478907592540178,9.95039348805126,7.75300402107353
-118.9,37.6,-0.00747087769035684,0.0478907592540178,9.95039348805126,7.75300402107353
-118.8,37.6,-0.00747087769035684,0.0478907592540178,9.95039348805126,7.75300402107353
-118.7,37.6,-0.00747087769035684,0.0478907592540178,9.95039348805126,7.75300402107353
-118.6,37.6,-0.00747087769035684,0.0478907592540178,9.95039348805126,7.75300402107353
-118.5,37.6,-0.00747087769035684,0.0478907592540178,9.95039348805126,7.75300402107353
-118.4,37.6,0.0122361295205776,65.2639626098698,15.3858076570393,4283.24801560326
-118.3,37.6,0.0122361295205776,65.2639626098698,15.3858076570393,4283.24801560326
-118.2,37.6,0.0122361295205776,65.2639626098698,15.3858076570393,4283.24801560326
-118.1,37.6,0.0122361295205776,65.2639626098698,15.3858076570393,4283.24801560326
-122.4,37.7,0.00719032579390883,10.323162330618,15.9874991459672,254.302799207034
-122.1,37.7,0.0333530765772586,154213.353198372,19.9584229551204,2492637.30561744
-122,37.7,0.0333530765772586,154213.353198372,19.9584229551204,2492637.30561744
-121.9,37.7,0.0333530765772586,154213.353198372,19.9584229551204,2492637.30561744
-121.8,37.7,0.0333530765772586,154213.353198372,19.9584229551204,2492637.30561744
-121.7,37.7,0.0333530765772586,154213.353198372,19.9584229551204,2492637.30561744
-121.6,37.7,0.0333530765772586,154213.353198372,19.9584229551204,2492637.30561744
-121.5,37.7,0.0384637049177512,1040081.90833305,21.8816821102219,16354204.1127927
-121.4,37.7,0.0384637049177512,1040081.90833305,21.8816821102219,16354204.1127927
-121.3,37.7,0.0384637049177512,1040081.90833305,21.8816821102219,16354204.1127927
-121.2,37.7,0.0384637049177512,1040081.90833305,21.8816821102219,16354204.1127927
-121.1,37.7,0.0384637049177512,1040081.90833305,21.8816821102219,16354204.1127927
-121,37.7,0.0384637049177512,1040081.90833305,21.8816821102219,16354204.1127927
-120.9,37.7,0.0325004296715995,120844.90245145,23.0556316154011,1634717.24015549
-120.8,37.7,0.0325004296715995,120844.90245145,23.0556316154011,1634717.24015549
-120.7,37.7,0.0325004296715995,120844.90245145,23.0556316154011,1634717.24015549
-120.6,37.7,0.0325004296715995,120844.90245145,23.0556316154011,1634717.24015549
-120.5,37.7,0.0325004296715995,120844.90245145,23.0556316154011,1634717.24015549
-120.4,37.7,0.0325004296715995,120844.90245145,23.0556316154011,1634717.24015549
-120.3,37.7,0.0313368066780434,73910.6941300026,20.1613759510009,1684526.21038387
-120.2,37.7,0.0313368066780434,73910.6941300026,20.1613759510009,1684526.21038387
-120.1,37.7,0.0313368066780434,73910.6941300026,20.1613759510009,1684526.21038387
-120,37.7,0.0313368066780434,73910.6941300026,20.1613759510009,1684526.21038387
-119.9,37.7,0.0313368066780434,73910.6941300026,20.1613759510009,1684526.21038387
-119.8,37.7,0.0313368066780434,73910.6941300026,20.1613759510009,1684526.21038387
-119.7,37.7,0.0313368066780434,73910.6941300026,20.1613759510009,1684526.21038387
-119.6,37.7,-0.000745790416664659,0.561624668379535,12.3302866051329,59.8035737095951
-119.5,37.7,-0.000745790416664659,0.561624668379535,12.3302866051329,59.8035737095951
-119.4,37.7,-0.000745790416664659,0.561624668379535,12.3302866051329,59.8035737095951
-119.3,37.7,-0.000745790416664659,0.561624668379535,12.3302866051329,59.8035737095951
-119.2,37.7,-0.000745790416664659,0.561624668379535,12.3302866051329,59.8035737095951
-119.1,37.7,-0.000745790416664659,0.561624668379535,12.3302866051329,59.8035737095951
-119,37.7,-0.00747087769035684,0.0478907592540178,9.95039348805126,7.75300402107353
-118.9,37.7,-0.00747087769035684,0.0478907592540178,9.95039348805126,7.75300402107353
-118.8,37.7,-0.00747087769035684,0.0478907592540178,9.95039348805126,7.75300402107353
-118.7,37.7,-0.00747087769035684,0.0478907592540178,9.95039348805126,7.75300402107353
-118.6,37.7,-0.00747087769035684,0.0478907592540178,9.95039348805126,7.75300402107353
-118.5,37.7,-0.00747087769035684,0.0478907592540178,9.95039348805126,7.75300402107353
-118.4,37.7,0.0122361295205776,65.2639626098698,15.3858076570393,4283.24801560326
-118.3,37.7,0.0122361295205776,65.2639626098698,15.3858076570393,4283.24801560326
-118.2,37.7,0.0122361295205776,65.2639626098698,15.3858076570393,4283.24801560326
-122.4,37.8,0.0223501211502569,2687.99175051378,18.1463553867083,49961.3713090666
-122.2,37.8,0.0223501211502569,2687.99175051378,18.1463553867083,49961.3713090666
-122.1,37.8,0.036925746475548,576635.820994335,20.6001997604287,9436522.26161345
-122,37.8,0.036925746475548,576635.820994335,20.6001997604287,9436522.26161345
-121.9,37.8,0.036925746475548,576635.820994335,20.6001997604287,9436522.26161345
-121.8,37.8,0.036925746475548,576635.820994335,20.6001997604287,9436522.26161345
-121.7,37.8,0.036925746475548,576635.820994335,20.6001997604287,9436522.26161345
-121.6,37.8,0.036925746475548,576635.820994335,20.6001997604287,9436522.26161345
-121.5,37.8,0.0410700237929299,2721054.74565744,22.1848086507099,39075701.2428774
-121.4,37.8,0.0410700237929299,2721054.74565744,22.1848086507099,39075701.2428774
-121.3,37.8,0.0410700237929299,2721054.74565744,22.1848086507099,39075701.2428774
-121.2,37.8,0.0410700237929299,2721054.74565744,22.1848086507099,39075701.2428774
-121.1,37.8,0.0410700237929299,2721054.74565744,22.1848086507099,39075701.2428774
-121,37.8,0.0410700237929299,2721054.74565744,22.1848086507099,39075701.2428774
-120.9,37.8,0.0345301795905796,241456.695855138,20.964772538741,4653675.2616294
-120.8,37.8,0.0345301795905796,241456.695855138,20.964772538741,4653675.2616294
-120.7,37.8,0.0345301795905796,241456.695855138,20.964772538741,4653675.2616294
-120.6,37.8,0.0345301795905796,241456.695855138,20.964772538741,4653675.2616294
-120.5,37.8,0.0345301795905796,241456.695855138,20.964772538741,4653675.2616294
-120.4,37.8,0.0345301795905796,241456.695855138,20.964772538741,4653675.2616294
-120.3,37.8,0.011970847596488,59.2538425198402,15.5492878398452,3310.96120696924
-120.2,37.8,0.011970847596488,59.2538425198402,15.5492878398452,3310.96120696924
-120.1,37.8,0.011970847596488,59.2538425198402,15.5492878398452,3310.96120696924
-120,37.8,0.011970847596488,59.2538425198402,15.5492878398452,3310.96120696924
-119.9,37.8,0.011970847596488,59.2538425198402,15.5492878398452,3310.96120696924
-119.8,37.8,0.011970847596488,59.2538425198402,15.5492878398452,3310.96120696924
-119.7,37.8,0.011970847596488,59.2538425198402,15.5492878398452,3310.96120696924
-119.6,37.8,-0.00950850045624312,0.0227171263865962,9.46134232805787,4.22963450241526
-119.5,37.8,-0.00950850045624312,0.0227171263865962,9.46134232805787,4.22963450241526
-119.4,37.8,-0.00950850045624312,0.0227171263865962,9.46134232805787,4.22963450241526
-119.3,37.8,-0.00950850045624312,0.0227171263865962,9.46134232805787,4.22963450241526
-119.2,37.8,-0.00950850045624312,0.0227171263865962,9.46134232805787,4.22963450241526
-119.1,37.8,-0.00950850045624312,0.0227171263865962,9.46134232805787,4.22963450241526
-119,37.8,0.00284910281371233,2.09407233626135,12.8896403029511,204.351403335609
-118.9,37.8,0.00284910281371233,2.09407233626135,12.8896403029511,204.351403335609
-118.8,37.8,0.00284910281371233,2.09407233626135,12.8896403029511,204.351403335609
-118.7,37.8,0.00284910281371233,2.09407233626135,12.8896403029511,204.351403335609
-118.6,37.8,0.00284910281371233,2.09407233626135,12.8896403029511,204.351403335609
-118.5,37.8,0.00284910281371233,2.09407233626135,12.8896403029511,204.351403335609
-118.4,37.8,0.0126851747587457,76.9445075643255,15.4938260593167,5161.7383145294
-122.6,37.9,0.0223501211502569,2687.99175051378,18.1463553867083,49961.3713090666
-122.5,37.9,0.0223501211502569,2687.99175051378,18.1463553867083,49961.3713090666
-122.2,37.9,0.0223501211502569,2687.99175051378,18.1463553867083,49961.3713090666
-122.1,37.9,0.036925746475548,576635.820994335,20.6001997604287,9436522.26161345
-122,37.9,0.036925746475548,576635.820994335,20.6001997604287,9436522.26161345
-121.9,37.9,0.036925746475548,576635.820994335,20.6001997604287,9436522.26161345
-121.8,37.9,0.036925746475548,576635.820994335,20.6001997604287,9436522.26161345
-121.7,37.9,0.036925746475548,576635.820994335,20.6001997604287,9436522.26161345
-121.6,37.9,0.036925746475548,576635.820994335,20.6001997604287,9436522.26161345
-121.5,37.9,0.0410700237929299,2721054.74565744,22.1848086507099,39075701.2428774
-121.4,37.9,0.0410700237929299,2721054.74565744,22.1848086507099,39075701.2428774
-121.3,37.9,0.0410700237929299,2721054.74565744,22.1848086507099,39075701.2428774
-121.2,37.9,0.0410700237929299,2721054.74565744,22.1848086507099,39075701.2428774
-121.1,37.9,0.0410700237929299,2721054.74565744,22.1848086507099,39075701.2428774
-121,37.9,0.0410700237929299,2721054.74565744,22.1848086507099,39075701.2428774
-120.9,37.9,0.0345301795905796,241456.695855138,20.964772538741,4653675.2616294
-120.8,37.9,0.0345301795905796,241456.695855138,20.964772538741,4653675.2616294
-120.7,37.9,0.0345301795905796,241456.695855138,20.964772538741,4653675.2616294
-120.6,37.9,0.0345301795905796,241456.695855138,20.964772538741,4653675.2616294
-120.5,37.9,0.0345301795905796,241456.695855138,20.964772538741,4653675.2616294
-120.4,37.9,0.0345301795905796,241456.695855138,20.964772538741,4653675.2616294
-120.3,37.9,0.011970847596488,59.2538425198402,15.5492878398452,3310.96120696924
-120.2,37.9,0.011970847596488,59.2538425198402,15.5492878398452,3310.96120696924
-120.1,37.9,0.011970847596488,59.2538425198402,15.5492878398452,3310.96120696924
-120,37.9,0.011970847596488,59.2538425198402,15.5492878398452,3310.96120696924
-119.9,37.9,0.011970847596488,59.2538425198402,15.5492878398452,3310.96120696924
-119.8,37.9,0.011970847596488,59.2538425198402,15.5492878398452,3310.96120696924
-119.7,37.9,0.011970847596488,59.2538425198402,15.5492878398452,3310.96120696924
-119.6,37.9,-0.00950850045624312,0.0227171263865962,9.46134232805787,4.22963450241526
-119.5,37.9,-0.00950850045624312,0.0227171263865962,9.46134232805787,4.22963450241526
-119.4,37.9,-0.00950850045624312,0.0227171263865962,9.46134232805787,4.22963450241526
-119.3,37.9,-0.00950850045624312,0.0227171263865962,9.46134232805787,4.22963450241526
-119.2,37.9,-0.00950850045624312,0.0227171263865962,9.46134232805787,4.22963450241526
-119.1,37.9,-0.00950850045624312,0.0227171263865962,9.46134232805787,4.22963450241526
-119,37.9,0.00284910281371233,2.09407233626135,12.8896403029511,204.351403335609
-118.9,37.9,0.00284910281371233,2.09407233626135,12.8896403029511,204.351403335609
-118.8,37.9,0.00284910281371233,2.09407233626135,12.8896403029511,204.351403335609
-118.7,37.9,0.00284910281371233,2.09407233626135,12.8896403029511,204.351403335609
-118.6,37.9,0.00284910281371233,2.09407233626135,12.8896403029511,204.351403335609
-118.5,37.9,0.00284910281371233,2.09407233626135,12.8896403029511,204.351403335609
-122.7,38,0.0223501211502569,2687.99175051378,18.1463553867083,49961.3713090666
-122.6,38,0.0223501211502569,2687.99175051378,18.1463553867083,49961.3713090666
-122.5,38,0.0223501211502569,2687.99175051378,18.1463553867083,49961.3713090666
-122.3,38,0.0223501211502569,2687.99175051378,18.1463553867083,49961.3713090666
-122.2,38,0.0223501211502569,2687.99175051378,18.1463553867083,49961.3713090666
-122.1,38,0.036925746475548,576635.820994335,20.6001997604287,9436522.26161345
-122,38,0.036925746475548,576635.820994335,20.6001997604287,9436522.26161345
-121.9,38,0.036925746475548,576635.820994335,20.6001997604287,9436522.26161345
-121.8,38,0.036925746475548,576635.820994335,20.6001997604287,9436522.26161345
-121.7,38,0.036925746475548,576635.820994335,20.6001997604287,9436522.26161345
-121.6,38,0.036925746475548,576635.820994335,20.6001997604287,9436522.26161345
-121.5,38,0.0410700237929299,2721054.74565744,22.1848086507099,39075701.2428774
-121.4,38,0.0410700237929299,2721054.74565744,22.1848086507099,39075701.2428774
-121.3,38,0.0410700237929299,2721054.74565744,22.1848086507099,39075701.2428774
-121.2,38,0.0410700237929299,2721054.74565744,22.1848086507099,39075701.2428774
-121.1,38,0.0410700237929299,2721054.74565744,22.1848086507099,39075701.2428774
-121,38,0.0410700237929299,2721054.74565744,22.1848086507099,39075701.2428774
-120.9,38,0.0345301795905796,241456.695855138,20.964772538741,4653675.2616294
-120.8,38,0.0345301795905796,241456.695855138,20.964772538741,4653675.2616294
-120.7,38,0.0345301795905796,241456.695855138,20.964772538741,4653675.2616294
-120.6,38,0.0345301795905796,241456.695855138,20.964772538741,4653675.2616294
-120.5,38,0.0345301795905796,241456.695855138,20.964772538741,4653675.2616294
-120.4,38,0.0345301795905796,241456.695855138,20.964772538741,4653675.2616294
-120.3,38,0.011970847596488,59.2538425198402,15.5492878398452,3310.96120696924
-120.2,38,0.011970847596488,59.2538425198402,15.5492878398452,3310.96120696924
-120.1,38,0.011970847596488,59.2538425198402,15.5492878398452,3310.96120696924
-120,38,0.011970847596488,59.2538425198402,15.5492878398452,3310.96120696924
-119.9,38,0.011970847596488,59.2538425198402,15.5492878398452,3310.96120696924
-119.8,38,0.011970847596488,59.2538425198402,15.5492878398452,3310.96120696924
-119.7,38,0.011970847596488,59.2538425198402,15.5492878398452,3310.96120696924
-119.6,38,-0.00950850045624312,0.0227171263865962,9.46134232805787,4.22963450241526
-119.5,38,-0.00950850045624312,0.0227171263865962,9.46134232805787,4.22963450241526
-119.4,38,-0.00950850045624312,0.0227171263865962,9.46134232805787,4.22963450241526
-119.3,38,-0.00950850045624312,0.0227171263865962,9.46134232805787,4.22963450241526
-119.2,38,-0.00950850045624312,0.0227171263865962,9.46134232805787,4.22963450241526
-119.1,38,-0.00950850045624312,0.0227171263865962,9.46134232805787,4.22963450241526
-119,38,0.00284910281371233,2.09407233626135,12.8896403029511,204.351403335609
-118.9,38,0.00284910281371233,2.09407233626135,12.8896403029511,204.351403335609
-118.8,38,0.00284910281371233,2.09407233626135,12.8896403029511,204.351403335609
-118.7,38,0.00284910281371233,2.09407233626135,12.8896403029511,204.351403335609
-118.6,38,0.00284910281371233,2.09407233626135,12.8896403029511,204.351403335609
-122.9,38.1,9.8005678073723e-05,0.767368613489415,14.8794694492336,32.1127983565632
-122.8,38.1,0.0223501211502569,2687.99175051378,18.1463553867083,49961.3713090666
-122.7,38.1,0.0223501211502569,2687.99175051378,18.1463553867083,49961.3713090666
-122.6,38.1,0.0223501211502569,2687.99175051378,18.1463553867083,49961.3713090666
-122.5,38.1,0.0223501211502569,2687.99175051378,18.1463553867083,49961.3713090666
-122.2,38.1,0.0223501211502569,2687.99175051378,18.1463553867083,49961.3713090666
-122.1,38.1,0.036925746475548,576635.820994335,20.6001997604287,9436522.26161345
-122,38.1,0.036925746475548,576635.820994335,20.6001997604287,9436522.26161345
-121.9,38.1,0.036925746475548,576635.820994335,20.6001997604287,9436522.26161345
-121.8,38.1,0.036925746475548,576635.820994335,20.6001997604287,9436522.26161345
-121.7,38.1,0.036925746475548,576635.820994335,20.6001997604287,9436522.26161345
-121.6,38.1,0.036925746475548,576635.820994335,20.6001997604287,9436522.26161345
-121.5,38.1,0.0410700237929299,2721054.74565744,22.1848086507099,39075701.2428774
-121.4,38.1,0.0410700237929299,2721054.74565744,22.1848086507099,39075701.2428774
-121.3,38.1,0.0410700237929299,2721054.74565744,22.1848086507099,39075701.2428774
-121.2,38.1,0.0410700237929299,2721054.74565744,22.1848086507099,39075701.2428774
-121.1,38.1,0.0410700237929299,2721054.74565744,22.1848086507099,39075701.2428774
-121,38.1,0.0410700237929299,2721054.74565744,22.1848086507099,39075701.2428774
-120.9,38.1,0.0345301795905796,241456.695855138,20.964772538741,4653675.2616294
-120.8,38.1,0.0345301795905796,241456.695855138,20.964772538741,4653675.2616294
-120.7,38.1,0.0345301795905796,241456.695855138,20.964772538741,4653675.2616294
-120.6,38.1,0.0345301795905796,241456.695855138,20.964772538741,4653675.2616294
-120.5,38.1,0.0345301795905796,241456.695855138,20.964772538741,4653675.2616294
-120.4,38.1,0.0345301795905796,241456.695855138,20.964772538741,4653675.2616294
-120.3,38.1,0.011970847596488,59.2538425198402,15.5492878398452,3310.96120696924
-120.2,38.1,0.011970847596488,59.2538425198402,15.5492878398452,3310.96120696924
-120.1,38.1,0.011970847596488,59.2538425198402,15.5492878398452,3310.96120696924
-120,38.1,0.011970847596488,59.2538425198402,15.5492878398452,3310.96120696924
-119.9,38.1,0.011970847596488,59.2538425198402,15.5492878398452,3310.96120696924
-119.8,38.1,0.011970847596488,59.2538425198402,15.5492878398452,3310.96120696924
-119.7,38.1,0.011970847596488,59.2538425198402,15.5492878398452,3310.96120696924
-119.6,38.1,-0.00950850045624312,0.0227171263865962,9.46134232805787,4.22963450241526
-119.5,38.1,-0.00950850045624312,0.0227171263865962,9.46134232805787,4.22963450241526
-119.4,38.1,-0.00950850045624312,0.0227171263865962,9.46134232805787,4.22963450241526
-119.3,38.1,-0.00950850045624312,0.0227171263865962,9.46134232805787,4.22963450241526
-119.2,38.1,-0.00950850045624312,0.0227171263865962,9.46134232805787,4.22963450241526
-119.1,38.1,-0.00950850045624312,0.0227171263865962,9.46134232805787,4.22963450241526
-119,38.1,0.00284910281371233,2.09407233626135,12.8896403029511,204.351403335609
-118.9,38.1,0.00284910281371233,2.09407233626135,12.8896403029511,204.351403335609
-118.8,38.1,0.00284910281371233,2.09407233626135,12.8896403029511,204.351403335609
-122.8,38.2,0.0223501211502569,2687.99175051378,18.1463553867083,49961.3713090666
-122.7,38.2,0.0223501211502569,2687.99175051378,18.1463553867083,49961.3713090666
-122.6,38.2,0.0223501211502569,2687.99175051378,18.1463553867083,49961.3713090666
-122.5,38.2,0.0223501211502569,2687.99175051378,18.1463553867083,49961.3713090666
-122.4,38.2,0.0223501211502569,2687.99175051378,18.1463553867083,49961.3713090666
-122.3,38.2,0.0223501211502569,2687.99175051378,18.1463553867083,49961.3713090666
-122.2,38.2,0.0223501211502569,2687.99175051378,18.1463553867083,49961.3713090666
-122.1,38.2,0.036925746475548,576635.820994335,20.6001997604287,9436522.26161345
-122,38.2,0.036925746475548,576635.820994335,20.6001997604287,9436522.26161345
-121.9,38.2,0.036925746475548,576635.820994335,20.6001997604287,9436522.26161345
-121.8,38.2,0.036925746475548,576635.820994335,20.6001997604287,9436522.26161345
-121.7,38.2,0.036925746475548,576635.820994335,20.6001997604287,9436522.26161345
-121.6,38.2,0.036925746475548,576635.820994335,20.6001997604287,9436522.26161345
-121.5,38.2,0.0410700237929299,2721054.74565744,22.1848086507099,39075701.2428774
-121.4,38.2,0.0410700237929299,2721054.74565744,22.1848086507099,39075701.2428774
-121.3,38.2,0.0410700237929299,2721054.74565744,22.1848086507099,39075701.2428774
-121.2,38.2,0.0410700237929299,2721054.74565744,22.1848086507099,39075701.2428774
-121.1,38.2,0.0410700237929299,2721054.74565744,22.1848086507099,39075701.2428774
-121,38.2,0.0410700237929299,2721054.74565744,22.1848086507099,39075701.2428774
-120.9,38.2,0.0345301795905796,241456.695855138,20.964772538741,4653675.2616294
-120.8,38.2,0.0345301795905796,241456.695855138,20.964772538741,4653675.2616294
-120.7,38.2,0.0345301795905796,241456.695855138,20.964772538741,4653675.2616294
-120.6,38.2,0.0345301795905796,241456.695855138,20.964772538741,4653675.2616294
-120.5,38.2,0.0345301795905796,241456.695855138,20.964772538741,4653675.2616294
-120.4,38.2,0.0345301795905796,241456.695855138,20.964772538741,4653675.2616294
-120.3,38.2,0.011970847596488,59.2538425198402,15.5492878398452,3310.96120696924
-120.2,38.2,0.011970847596488,59.2538425198402,15.5492878398452,3310.96120696924
-120.1,38.2,0.011970847596488,59.2538425198402,15.5492878398452,3310.96120696924
-120,38.2,0.011970847596488,59.2538425198402,15.5492878398452,3310.96120696924
-119.9,38.2,0.011970847596488,59.2538425198402,15.5492878398452,3310.96120696924
-119.8,38.2,0.011970847596488,59.2538425198402,15.5492878398452,3310.96120696924
-119.7,38.2,0.011970847596488,59.2538425198402,15.5492878398452,3310.96120696924
-119.6,38.2,-0.00950850045624312,0.0227171263865962,9.46134232805787,4.22963450241526
-119.5,38.2,-0.00950850045624312,0.0227171263865962,9.46134232805787,4.22963450241526
-119.4,38.2,-0.00950850045624312,0.0227171263865962,9.46134232805787,4.22963450241526
-119.3,38.2,-0.00950850045624312,0.0227171263865962,9.46134232805787,4.22963450241526
-119.2,38.2,-0.00950850045624312,0.0227171263865962,9.46134232805787,4.22963450241526
-119.1,38.2,-0.00950850045624312,0.0227171263865962,9.46134232805787,4.22963450241526
-119,38.2,0.00284910281371233,2.09407233626135,12.8896403029511,204.351403335609
-118.9,38.2,0.00284910281371233,2.09407233626135,12.8896403029511,204.351403335609
-122.9,38.3,0.0186492807154235,690.107098243834,17.5529338428688,15310.0304005602
-122.8,38.3,0.0338396110358173,184823.73118832,20.158993308168,3593303.08141431
-122.7,38.3,0.0338396110358173,184823.73118832,20.158993308168,3593303.08141431
-122.6,38.3,0.0338396110358173,184823.73118832,20.158993308168,3593303.08141431
-122.5,38.3,0.0338396110358173,184823.73118832,20.158993308168,3593303.08141431
-122.4,38.3,0.0338396110358173,184823.73118832,20.158993308168,3593303.08141431
-122.3,38.3,0.0338396110358173,184823.73118832,20.158993308168,3593303.08141431
-122.2,38.3,0.0338396110358173,184823.73118832,20.158993308168,3593303.08141431
-122.1,38.3,0.0406222598962196,2288204.47660336,21.8046686848522,36014975.5879811
-122,38.3,0.0406222598962196,2288204.47660336,21.8046686848522,36014975.5879811
-121.9,38.3,0.0406222598962196,2288204.47660336,21.8046686848522,36014975.5879811
-121.8,38.3,0.0406222598962196,2288204.47660336,21.8046686848522,36014975.5879811
-121.7,38.3,0.0406222598962196,2288204.47660336,21.8046686848522,36014975.5879811
-121.6,38.3,0.0406222598962196,2288204.47660336,21.8046686848522,36014975.5879811
-121.5,38.3,0.0396388324928089,1605463.58401762,22.0356462065423,23924599.2672297
-121.4,38.3,0.0396388324928089,1605463.58401762,22.0356462065423,23924599.2672297
-121.3,38.3,0.0396388324928089,1605463.58401762,22.0356462065423,23924599.2672297
-121.2,38.3,0.0396388324928089,1605463.58401762,22.0356462065423,23924599.2672297
-121.1,38.3,0.0396388324928089,1605463.58401762,22.0356462065423,23924599.2672297
-121,38.3,0.0396388324928089,1605463.58401762,22.0356462065423,23924599.2672297
-120.9,38.3,0.0246621862525131,6278.32840792368,18.4863553638896,195086.986990812
-120.8,38.3,0.0246621862525131,6278.32840792368,18.4863553638896,195086.986990812
-120.7,38.3,0.0246621862525131,6278.32840792368,18.4863553638896,195086.986990812
-120.6,38.3,0.0246621862525131,6278.32840792368,18.4863553638896,195086.986990812
-120.5,38.3,0.0246621862525131,6278.32840792368,18.4863553638896,195086.986990812
-120.4,38.3,0.0246621862525131,6278.32840792368,18.4863553638896,195086.986990812
-120.3,38.3,0.00157483467031504,1.31347452994351,12.8024197041651,125.845649991614
-120.2,38.3,0.00157483467031504,1.31347452994351,12.8024197041651,125.845649991614
-120.1,38.3,0.00157483467031504,1.31347452994351,12.8024197041651,125.845649991614
-120,38.3,0.00157483467031504,1.31347452994351,12.8024197041651,125.845649991614
-119.9,38.3,0.00157483467031504,1.31347452994351,12.8024197041651,125.845649991614
-119.8,38.3,0.00157483467031504,1.31347452994351,12.8024197041651,125.845649991614
-119.7,38.3,0.00157483467031504,1.31347452994351,12.8024197041651,125.845649991614
-119.6,38.3,0.00125645311582145,1.1688946892021,12.6518103358303,123.893055051032
-119.5,38.3,0.00125645311582145,1.1688946892021,12.6518103358303,123.893055051032
-119.4,38.3,0.00125645311582145,1.1688946892021,12.6518103358303,123.893055051032
-119.3,38.3,0.00125645311582145,1.1688946892021,12.6518103358303,123.893055051032
-119.2,38.3,0.00125645311582145,1.1688946892021,12.6518103358303,123.893055051032
-119.1,38.3,0.00125645311582145,1.1688946892021,12.6518103358303,123.893055051032
-123,38.4,0.0186492807154235,690.107098243834,17.5529338428688,15310.0304005602
-122.9,38.4,0.0186492807154235,690.107098243834,17.5529338428688,15310.0304005602
-122.8,38.4,0.0338396110358173,184823.73118832,20.158993308168,3593303.08141431
-122.7,38.4,0.0338396110358173,184823.73118832,20.158993308168,3593303.08141431
-122.6,38.4,0.0338396110358173,184823.73118832,20.158993308168,3593303.08141431
-122.5,38.4,0.0338396110358173,184823.73118832,20.158993308168,3593303.08141431
-122.4,38.4,0.0338396110358173,184823.73118832,20.158993308168,3593303.08141431
-122.3,38.4,0.0338396110358173,184823.73118832,20.158993308168,3593303.08141431
-122.2,38.4,0.0338396110358173,184823.73118832,20.158993308168,3593303.08141431
-122.1,38.4,0.0406222598962196,2288204.47660336,21.8046686848522,36014975.5879811
-122,38.4,0.0406222598962196,2288204.47660336,21.8046686848522,36014975.5879811
-121.9,38.4,0.0406222598962196,2288204.47660336,21.8046686848522,36014975.5879811
-121.8,38.4,0.0406222598962196,2288204.47660336,21.8046686848522,36014975.5879811
-121.7,38.4,0.0406222598962196,2288204.47660336,21.8046686848522,36014975.5879811
-121.6,38.4,0.0406222598962196,2288204.47660336,21.8046686848522,36014975.5879811
-121.5,38.4,0.0396388324928089,1605463.58401762,22.0356462065423,23924599.2672297
-121.4,38.4,0.0396388324928089,1605463.58401762,22.0356462065423,23924599.2672297
-121.3,38.4,0.0396388324928089,1605463.58401762,22.0356462065423,23924599.2672297
-121.2,38.4,0.0396388324928089,1605463.58401762,22.0356462065423,23924599.2672297
-121.1,38.4,0.0396388324928089,1605463.58401762,22.0356462065423,23924599.2672297
-121,38.4,0.0396388324928089,1605463.58401762,22.0356462065423,23924599.2672297
-120.9,38.4,0.0246621862525131,6278.32840792368,18.4863553638896,195086.986990812
-120.8,38.4,0.0246621862525131,6278.32840792368,18.4863553638896,195086.986990812
-120.7,38.4,0.0246621862525131,6278.32840792368,18.4863553638896,195086.986990812
-120.6,38.4,0.0246621862525131,6278.32840792368,18.4863553638896,195086.986990812
-120.5,38.4,0.0246621862525131,6278.32840792368,18.4863553638896,195086.986990812
-120.4,38.4,0.0246621862525131,6278.32840792368,18.4863553638896,195086.986990812
-120.3,38.4,0.00157483467031504,1.31347452994351,12.8024197041651,125.845649991614
-120.2,38.4,0.00157483467031504,1.31347452994351,12.8024197041651,125.845649991614
-120.1,38.4,0.00157483467031504,1.31347452994351,12.8024197041651,125.845649991614
-120,38.4,0.00157483467031504,1.31347452994351,12.8024197041651,125.845649991614
-119.9,38.4,0.00157483467031504,1.31347452994351,12.8024197041651,125.845649991614
-119.8,38.4,0.00157483467031504,1.31347452994351,12.8024197041651,125.845649991614
-119.7,38.4,0.00157483467031504,1.31347452994351,12.8024197041651,125.845649991614
-119.6,38.4,0.00125645311582145,1.1688946892021,12.6518103358303,123.893055051032
-119.5,38.4,0.00125645311582145,1.1688946892021,12.6518103358303,123.893055051032
-119.4,38.4,0.00125645311582145,1.1688946892021,12.6518103358303,123.893055051032
-119.3,38.4,0.00125645311582145,1.1688946892021,12.6518103358303,123.893055051032
-119.2,38.4,0.00125645311582145,1.1688946892021,12.6518103358303,123.893055051032
-123.1,38.5,0.0186492807154235,690.107098243834,17.5529338428688,15310.0304005602
-123,38.5,0.0186492807154235,690.107098243834,17.5529338428688,15310.0304005602
-122.9,38.5,0.0186492807154235,690.107098243834,17.5529338428688,15310.0304005602
-122.8,38.5,0.0338396110358173,184823.73118832,20.158993308168,3593303.08141431
-122.7,38.5,0.0338396110358173,184823.73118832,20.158993308168,3593303.08141431
-122.6,38.5,0.0338396110358173,184823.73118832,20.158993308168,3593303.08141431
-122.5,38.5,0.0338396110358173,184823.73118832,20.158993308168,3593303.08141431
-122.4,38.5,0.0338396110358173,184823.73118832,20.158993308168,3593303.08141431
-122.3,38.5,0.0338396110358173,184823.73118832,20.158993308168,3593303.08141431
-122.2,38.5,0.0338396110358173,184823.73118832,20.158993308168,3593303.08141431
-122.1,38.5,0.0406222598962196,2288204.47660336,21.8046686848522,36014975.5879811
-122,38.5,0.0406222598962196,2288204.47660336,21.8046686848522,36014975.5879811
-121.9,38.5,0.0406222598962196,2288204.47660336,21.8046686848522,36014975.5879811
-121.8,38.5,0.0406222598962196,2288204.47660336,21.8046686848522,36014975.5879811
-121.7,38.5,0.0406222598962196,2288204.47660336,21.8046686848522,36014975.5879811
-121.6,38.5,0.0406222598962196,2288204.47660336,21.8046686848522,36014975.5879811
-121.5,38.5,0.0396388324928089,1605463.58401762,22.0356462065423,23924599.2672297
-121.4,38.5,0.0396388324928089,1605463.58401762,22.0356462065423,23924599.2672297
-121.3,38.5,0.0396388324928089,1605463.58401762,22.0356462065423,23924599.2672297
-121.2,38.5,0.0396388324928089,1605463.58401762,22.0356462065423,23924599.2672297
-121.1,38.5,0.0396388324928089,1605463.58401762,22.0356462065423,23924599.2672297
-121,38.5,0.0396388324928089,1605463.58401762,22.0356462065423,23924599.2672297
-120.9,38.5,0.0246621862525131,6278.32840792368,18.4863553638896,195086.986990812
-120.8,38.5,0.0246621862525131,6278.32840792368,18.4863553638896,195086.986990812
-120.7,38.5,0.0246621862525131,6278.32840792368,18.4863553638896,195086.986990812
-120.6,38.5,0.0246621862525131,6278.32840792368,18.4863553638896,195086.986990812
-120.5,38.5,0.0246621862525131,6278.32840792368,18.4863553638896,195086.986990812
-120.4,38.5,0.0246621862525131,6278.32840792368,18.4863553638896,195086.986990812
-120.3,38.5,0.00157483467031504,1.31347452994351,12.8024197041651,125.845649991614
-120.2,38.5,0.00157483467031504,1.31347452994351,12.8024197041651,125.845649991614
-120.1,38.5,0.00157483467031504,1.31347452994351,12.8024197041651,125.845649991614
-120,38.5,0.00157483467031504,1.31347452994351,12.8024197041651,125.845649991614
-119.9,38.5,0.00157483467031504,1.31347452994351,12.8024197041651,125.845649991614
-119.8,38.5,0.00157483467031504,1.31347452994351,12.8024197041651,125.845649991614
-119.7,38.5,0.00157483467031504,1.31347452994351,12.8024197041651,125.845649991614
-119.6,38.5,0.00125645311582145,1.1688946892021,12.6518103358303,123.893055051032
-119.5,38.5,0.00125645311582145,1.1688946892021,12.6518103358303,123.893055051032
-119.4,38.5,0.00125645311582145,1.1688946892021,12.6518103358303,123.893055051032
-119.3,38.5,0.00125645311582145,1.1688946892021,12.6518103358303,123.893055051032
-123.3,38.6,0.0186492807154235,690.107098243834,17.5529338428688,15310.0304005602
-123.2,38.6,0.0186492807154235,690.107098243834,17.5529338428688,15310.0304005602
-123.1,38.6,0.0186492807154235,690.107098243834,17.5529338428688,15310.0304005602
-123,38.6,0.0186492807154235,690.107098243834,17.5529338428688,15310.0304005602
-122.9,38.6,0.0186492807154235,690.107098243834,17.5529338428688,15310.0304005602
-122.8,38.6,0.0338396110358173,184823.73118832,20.158993308168,3593303.08141431
-122.7,38.6,0.0338396110358173,184823.73118832,20.158993308168,3593303.08141431
-122.6,38.6,0.0338396110358173,184823.73118832,20.158993308168,3593303.08141431
-122.5,38.6,0.0338396110358173,184823.73118832,20.158993308168,3593303.08141431
-122.4,38.6,0.0338396110358173,184823.73118832,20.158993308168,3593303.08141431
-122.3,38.6,0.0338396110358173,184823.73118832,20.158993308168,3593303.08141431
-122.2,38.6,0.0338396110358173,184823.73118832,20.158993308168,3593303.08141431
-122.1,38.6,0.0406222598962196,2288204.47660336,21.8046686848522,36014975.5879811
-122,38.6,0.0406222598962196,2288204.47660336,21.8046686848522,36014975.5879811
-121.9,38.6,0.0406222598962196,2288204.47660336,21.8046686848522,36014975.5879811
-121.8,38.6,0.0406222598962196,2288204.47660336,21.8046686848522,36014975.5879811
-121.7,38.6,0.0406222598962196,2288204.47660336,21.8046686848522,36014975.5879811
-121.6,38.6,0.0406222598962196,2288204.47660336,21.8046686848522,36014975.5879811
-121.5,38.6,0.0396388324928089,1605463.58401762,22.0356462065423,23924599.2672297
-121.4,38.6,0.0396388324928089,1605463.58401762,22.0356462065423,23924599.2672297
-121.3,38.6,0.0396388324928089,1605463.58401762,22.0356462065423,23924599.2672297
-121.2,38.6,0.0396388324928089,1605463.58401762,22.0356462065423,23924599.2672297
-121.1,38.6,0.0396388324928089,1605463.58401762,22.0356462065423,23924599.2672297
-121,38.6,0.0396388324928089,1605463.58401762,22.0356462065423,23924599.2672297
-120.9,38.6,0.0246621862525131,6278.32840792368,18.4863553638896,195086.986990812
-120.8,38.6,0.0246621862525131,6278.32840792368,18.4863553638896,195086.986990812
-120.7,38.6,0.0246621862525131,6278.32840792368,18.4863553638896,195086.986990812
-120.6,38.6,0.0246621862525131,6278.32840792368,18.4863553638896,195086.986990812
-120.5,38.6,0.0246621862525131,6278.32840792368,18.4863553638896,195086.986990812
-120.4,38.6,0.0246621862525131,6278.32840792368,18.4863553638896,195086.986990812
-120.3,38.6,0.00157483467031504,1.31347452994351,12.8024197041651,125.845649991614
-120.2,38.6,0.00157483467031504,1.31347452994351,12.8024197041651,125.845649991614
-120.1,38.6,0.00157483467031504,1.31347452994351,12.8024197041651,125.845649991614
-120,38.6,0.00157483467031504,1.31347452994351,12.8024197041651,125.845649991614
-119.9,38.6,0.00157483467031504,1.31347452994351,12.8024197041651,125.845649991614
-119.8,38.6,0.00157483467031504,1.31347452994351,12.8024197041651,125.845649991614
-119.7,38.6,0.00157483467031504,1.31347452994351,12.8024197041651,125.845649991614
-119.6,38.6,0.00125645311582145,1.1688946892021,12.6518103358303,123.893055051032
-119.5,38.6,0.00125645311582145,1.1688946892021,12.6518103358303,123.893055051032
-123.3,38.7,0.0186492807154235,690.107098243834,17.5529338428688,15310.0304005602
-123.2,38.7,0.0186492807154235,690.107098243834,17.5529338428688,15310.0304005602
-123.1,38.7,0.0186492807154235,690.107098243834,17.5529338428688,15310.0304005602
-123,38.7,0.0186492807154235,690.107098243834,17.5529338428688,15310.0304005602
-122.9,38.7,0.0186492807154235,690.107098243834,17.5529338428688,15310.0304005602
-122.8,38.7,0.0338396110358173,184823.73118832,20.158993308168,3593303.08141431
-122.7,38.7,0.0338396110358173,184823.73118832,20.158993308168,3593303.08141431
-122.6,38.7,0.0338396110358173,184823.73118832,20.158993308168,3593303.08141431
-122.5,38.7,0.0338396110358173,184823.73118832,20.158993308168,3593303.08141431
-122.4,38.7,0.0338396110358173,184823.73118832,20.158993308168,3593303.08141431
-122.3,38.7,0.0338396110358173,184823.73118832,20.158993308168,3593303.08141431
-122.2,38.7,0.0338396110358173,184823.73118832,20.158993308168,3593303.08141431
-122.1,38.7,0.0406222598962196,2288204.47660336,21.8046686848522,36014975.5879811
-122,38.7,0.0406222598962196,2288204.47660336,21.8046686848522,36014975.5879811
-121.9,38.7,0.0406222598962196,2288204.47660336,21.8046686848522,36014975.5879811
-121.8,38.7,0.0406222598962196,2288204.47660336,21.8046686848522,36014975.5879811
-121.7,38.7,0.0406222598962196,2288204.47660336,21.8046686848522,36014975.5879811
-121.6,38.7,0.0406222598962196,2288204.47660336,21.8046686848522,36014975.5879811
-121.5,38.7,0.0396388324928089,1605463.58401762,22.0356462065423,23924599.2672297
-121.4,38.7,0.0396388324928089,1605463.58401762,22.0356462065423,23924599.2672297
-121.3,38.7,0.0396388324928089,1605463.58401762,22.0356462065423,23924599.2672297
-121.2,38.7,0.0396388324928089,1605463.58401762,22.0356462065423,23924599.2672297
-121.1,38.7,0.0396388324928089,1605463.58401762,22.0356462065423,23924599.2672297
-121,38.7,0.0396388324928089,1605463.58401762,22.0356462065423,23924599.2672297
-120.9,38.7,0.0246621862525131,6278.32840792368,18.4863553638896,195086.986990812
-120.8,38.7,0.0246621862525131,6278.32840792368,18.4863553638896,195086.986990812
-120.7,38.7,0.0246621862525131,6278.32840792368,18.4863553638896,195086.986990812
-120.6,38.7,0.0246621862525131,6278.32840792368,18.4863553638896,195086.986990812
-120.5,38.7,0.0246621862525131,6278.32840792368,18.4863553638896,195086.986990812
-120.4,38.7,0.0246621862525131,6278.32840792368,18.4863553638896,195086.986990812
-120.3,38.7,0.00157483467031504,1.31347452994351,12.8024197041651,125.845649991614
-120.2,38.7,0.00157483467031504,1.31347452994351,12.8024197041651,125.845649991614
-120.1,38.7,0.00157483467031504,1.31347452994351,12.8024197041651,125.845649991614
-120,38.7,0.00157483467031504,1.31347452994351,12.8024197041651,125.845649991614
-119.9,38.7,0.00157483467031504,1.31347452994351,12.8024197041651,125.845649991614
-119.8,38.7,0.00157483467031504,1.31347452994351,12.8024197041651,125.845649991614
-119.7,38.7,0.00157483467031504,1.31347452994351,12.8024197041651,125.845649991614
-119.6,38.7,0.00125645311582145,1.1688946892021,12.6518103358303,123.893055051032
-123.5,38.8,0.00413582441255718,3.36754537852361,15.3654726318699,127.61745085627
-123.4,38.8,0.0274291522298232,17392.9372431249,18.993852090317,428339.080597318
-123.3,38.8,0.0274291522298232,17392.9372431249,18.993852090317,428339.080597318
-123.2,38.8,0.0274291522298232,17392.9372431249,18.993852090317,428339.080597318
-123.1,38.8,0.0274291522298232,17392.9372431249,18.993852090317,428339.080597318
-123,38.8,0.0274291522298232,17392.9372431249,18.993852090317,428339.080597318
-122.9,38.8,0.0274291522298232,17392.9372431249,18.993852090317,428339.080597318
-122.8,38.8,0.0317709313434268,87380.7257485093,20.6415479053169,2050012.29593531
-122.7,38.8,0.0317709313434268,87380.7257485093,20.6415479053169,2050012.29593531
-122.6,38.8,0.0317709313434268,87380.7257485093,20.6415479053169,2050012.29593531
-122.5,38.8,0.0317709313434268,87380.7257485093,20.6415479053169,2050012.29593531
-122.4,38.8,0.0317709313434268,87380.7257485093,20.6415479053169,2050012.29593531
-122.3,38.8,0.0317709313434268,87380.7257485093,20.6415479053169,2050012.29593531
-122.2,38.8,0.0317709313434268,87380.7257485093,20.6415479053169,2050012.29593531
-122.1,38.8,0.0338022720043738,192781.861186768,22.6912853362957,2936120.1249191
-122,38.8,0.0338022720043738,192781.861186768,22.6912853362957,2936120.1249191
-121.9,38.8,0.0338022720043738,192781.861186768,22.6912853362957,2936120.1249191
-121.8,38.8,0.0338022720043738,192781.861186768,22.6912853362957,2936120.1249191
-121.7,38.8,0.0338022720043738,192781.861186768,22.6912853362957,2936120.1249191
-121.6,38.8,0.0338022720043738,192781.861186768,22.6912853362957,2936120.1249191
-121.5,38.8,0.0361137360529827,435627.341063892,21.4415019213373,7705255.32072005
-121.4,38.8,0.0361137360529827,435627.341063892,21.4415019213373,7705255.32072005
-121.3,38.8,0.0361137360529827,435627.341063892,21.4415019213373,7705255.32072005
-121.2,38.8,0.0361137360529827,435627.341063892,21.4415019213373,7705255.32072005
-121.1,38.8,0.0361137360529827,435627.341063892,21.4415019213373,7705255.32072005
-121,38.8,0.0361137360529827,435627.341063892,21.4415019213373,7705255.32072005
-120.9,38.8,0.0155137257055709,217.315329255181,16.3374687843331,10465.1270622159
-120.8,38.8,0.0155137257055709,217.315329255181,16.3374687843331,10465.1270622159
-120.7,38.8,0.0155137257055709,217.315329255181,16.3374687843331,10465.1270622159
-120.6,38.8,0.0155137257055709,217.315329255181,16.3374687843331,10465.1270622159
-120.5,38.8,0.0155137257055709,217.315329255181,16.3374687843331,10465.1270622159
-120.4,38.8,0.0155137257055709,217.315329255181,16.3374687843331,10465.1270622159
-120.3,38.8,0.0030760816474393,2.2755162592861,12.9252388918278,217.70417492034
-120.2,38.8,0.0030760816474393,2.2755162592861,12.9252388918278,217.70417492034
-120.1,38.8,0.0030760816474393,2.2755162592861,12.9252388918278,217.70417492034
-120,38.8,0.0030760816474393,2.2755162592861,12.9252388918278,217.70417492034
-119.9,38.8,0.0030760816474393,2.2755162592861,12.9252388918278,217.70417492034
-119.8,38.8,0.0030760816474393,2.2755162592861,12.9252388918278,217.70417492034
-123.6,38.9,0.00413582441255718,3.36754537852361,15.3654726318699,127.61745085627
-123.5,38.9,0.00413582441255718,3.36754537852361,15.3654726318699,127.61745085627
-123.4,38.9,0.0274291522298232,17392.9372431249,18.993852090317,428339.080597318
-123.3,38.9,0.0274291522298232,17392.9372431249,18.993852090317,428339.080597318
-123.2,38.9,0.0274291522298232,17392.9372431249,18.993852090317,428339.080597318
-123.1,38.9,0.0274291522298232,17392.9372431249,18.993852090317,428339.080597318
-123,38.9,0.0274291522298232,17392.9372431249,18.993852090317,428339.080597318
-122.9,38.9,0.0274291522298232,17392.9372431249,18.993852090317,428339.080597318
-122.8,38.9,0.0317709313434268,87380.7257485093,20.6415479053169,2050012.29593531
-122.7,38.9,0.0317709313434268,87380.7257485093,20.6415479053169,2050012.29593531
-122.6,38.9,0.0317709313434268,87380.7257485093,20.6415479053169,2050012.29593531
-122.5,38.9,0.0317709313434268,87380.7257485093,20.6415479053169,2050012.29593531
-122.4,38.9,0.0317709313434268,87380.7257485093,20.6415479053169,2050012.29593531
-122.3,38.9,0.0317709313434268,87380.7257485093,20.6415479053169,2050012.29593531
-122.2,38.9,0.0317709313434268,87380.7257485093,20.6415479053169,2050012.29593531
-122.1,38.9,0.0338022720043738,192781.861186768,22.6912853362957,2936120.1249191
-122,38.9,0.0338022720043738,192781.861186768,22.6912853362957,2936120.1249191
-121.9,38.9,0.0338022720043738,192781.861186768,22.6912853362957,2936120.1249191
-121.8,38.9,0.0338022720043738,192781.861186768,22.6912853362957,2936120.1249191
-121.7,38.9,0.0338022720043738,192781.861186768,22.6912853362957,2936120.1249191
-121.6,38.9,0.0338022720043738,192781.861186768,22.6912853362957,2936120.1249191
-121.5,38.9,0.0361137360529827,435627.341063892,21.4415019213373,7705255.32072005
-121.4,38.9,0.0361137360529827,435627.341063892,21.4415019213373,7705255.32072005
-121.3,38.9,0.0361137360529827,435627.341063892,21.4415019213373,7705255.32072005
-121.2,38.9,0.0361137360529827,435627.341063892,21.4415019213373,7705255.32072005
-121.1,38.9,0.0361137360529827,435627.341063892,21.4415019213373,7705255.32072005
-121,38.9,0.0361137360529827,435627.341063892,21.4415019213373,7705255.32072005
-120.9,38.9,0.0155137257055709,217.315329255181,16.3374687843331,10465.1270622159
-120.8,38.9,0.0155137257055709,217.315329255181,16.3374687843331,10465.1270622159
-120.7,38.9,0.0155137257055709,217.315329255181,16.3374687843331,10465.1270622159
-120.6,38.9,0.0155137257055709,217.315329255181,16.3374687843331,10465.1270622159
-120.5,38.9,0.0155137257055709,217.315329255181,16.3374687843331,10465.1270622159
-120.4,38.9,0.0155137257055709,217.315329255181,16.3374687843331,10465.1270622159
-120.3,38.9,0.0030760816474393,2.2755162592861,12.9252388918278,217.70417492034
-120.2,38.9,0.0030760816474393,2.2755162592861,12.9252388918278,217.70417492034
-120.1,38.9,0.0030760816474393,2.2755162592861,12.9252388918278,217.70417492034
-120,38.9,0.0030760816474393,2.2755162592861,12.9252388918278,217.70417492034
-119.9,38.9,0.0030760816474393,2.2755162592861,12.9252388918278,217.70417492034
-123.7,39,0.00413582441255718,3.36754537852361,15.3654726318699,127.61745085627
-123.6,39,0.00413582441255718,3.36754537852361,15.3654726318699,127.61745085627
-123.5,39,0.00413582441255718,3.36754537852361,15.3654726318699,127.61745085627
-123.4,39,0.0274291522298232,17392.9372431249,18.993852090317,428339.080597318
-123.3,39,0.0274291522298232,17392.9372431249,18.993852090317,428339.080597318
-123.2,39,0.0274291522298232,17392.9372431249,18.993852090317,428339.080597318
-123.1,39,0.0274291522298232,17392.9372431249,18.993852090317,428339.080597318
-123,39,0.0274291522298232,17392.9372431249,18.993852090317,428339.080597318
-122.9,39,0.0274291522298232,17392.9372431249,18.993852090317,428339.080597318
-122.8,39,0.0317709313434268,87380.7257485093,20.6415479053169,2050012.29593531
-122.7,39,0.0317709313434268,87380.7257485093,20.6415479053169,2050012.29593531
-122.6,39,0.0317709313434268,87380.7257485093,20.6415479053169,2050012.29593531
-122.5,39,0.0317709313434268,87380.7257485093,20.6415479053169,2050012.29593531
-122.4,39,0.0317709313434268,87380.7257485093,20.6415479053169,2050012.29593531
-122.3,39,0.0317709313434268,87380.7257485093,20.6415479053169,2050012.29593531
-122.2,39,0.0317709313434268,87380.7257485093,20.6415479053169,2050012.29593531
-122.1,39,0.0338022720043738,192781.861186768,22.6912853362957,2936120.1249191
-122,39,0.0338022720043738,192781.861186768,22.6912853362957,2936120.1249191
-121.9,39,0.0338022720043738,192781.861186768,22.6912853362957,2936120.1249191
-121.8,39,0.0338022720043738,192781.861186768,22.6912853362957,2936120.1249191
-121.7,39,0.0338022720043738,192781.861186768,22.6912853362957,2936120.1249191
-121.6,39,0.0338022720043738,192781.861186768,22.6912853362957,2936120.1249191
-121.5,39,0.0361137360529827,435627.341063892,21.4415019213373,7705255.32072005
-121.4,39,0.0361137360529827,435627.341063892,21.4415019213373,7705255.32072005
-121.3,39,0.0361137360529827,435627.341063892,21.4415019213373,7705255.32072005
-121.2,39,0.0361137360529827,435627.341063892,21.4415019213373,7705255.32072005
-121.1,39,0.0361137360529827,435627.341063892,21.4415019213373,7705255.32072005
-121,39,0.0361137360529827,435627.341063892,21.4415019213373,7705255.32072005
-120.9,39,0.0155137257055709,217.315329255181,16.3374687843331,10465.1270622159
-120.8,39,0.0155137257055709,217.315329255181,16.3374687843331,10465.1270622159
-120.7,39,0.0155137257055709,217.315329255181,16.3374687843331,10465.1270622159
-120.6,39,0.0155137257055709,217.315329255181,16.3374687843331,10465.1270622159
-120.5,39,0.0155137257055709,217.315329255181,16.3374687843331,10465.1270622159
-120.4,39,0.0155137257055709,217.315329255181,16.3374687843331,10465.1270622159
-120.3,39,0.0030760816474393,2.2755162592861,12.9252388918278,217.70417492034
-120.2,39,0.0030760816474393,2.2755162592861,12.9252388918278,217.70417492034
-120.1,39,0.0030760816474393,2.2755162592861,12.9252388918278,217.70417492034
-120,39,0.0030760816474393,2.2755162592861,12.9252388918278,217.70417492034
-123.6,39.1,0.00413582441255718,3.36754537852361,15.3654726318699,127.61745085627
-123.5,39.1,0.00413582441255718,3.36754537852361,15.3654726318699,127.61745085627
-123.4,39.1,0.0274291522298232,17392.9372431249,18.993852090317,428339.080597318
-123.3,39.1,0.0274291522298232,17392.9372431249,18.993852090317,428339.080597318
-123.2,39.1,0.0274291522298232,17392.9372431249,18.993852090317,428339.080597318
-123.1,39.1,0.0274291522298232,17392.9372431249,18.993852090317,428339.080597318
-123,39.1,0.0274291522298232,17392.9372431249,18.993852090317,428339.080597318
-122.9,39.1,0.0274291522298232,17392.9372431249,18.993852090317,428339.080597318
-122.8,39.1,0.0317709313434268,87380.7257485093,20.6415479053169,2050012.29593531
-122.7,39.1,0.0317709313434268,87380.7257485093,20.6415479053169,2050012.29593531
-122.6,39.1,0.0317709313434268,87380.7257485093,20.6415479053169,2050012.29593531
-122.5,39.1,0.0317709313434268,87380.7257485093,20.6415479053169,2050012.29593531
-122.4,39.1,0.0317709313434268,87380.7257485093,20.6415479053169,2050012.29593531
-122.3,39.1,0.0317709313434268,87380.7257485093,20.6415479053169,2050012.29593531
-122.2,39.1,0.0317709313434268,87380.7257485093,20.6415479053169,2050012.29593531
-122.1,39.1,0.0338022720043738,192781.861186768,22.6912853362957,2936120.1249191
-122,39.1,0.0338022720043738,192781.861186768,22.6912853362957,2936120.1249191
-121.9,39.1,0.0338022720043738,192781.861186768,22.6912853362957,2936120.1249191
-121.8,39.1,0.0338022720043738,192781.861186768,22.6912853362957,2936120.1249191
-121.7,39.1,0.0338022720043738,192781.861186768,22.6912853362957,2936120.1249191
-121.6,39.1,0.0338022720043738,192781.861186768,22.6912853362957,2936120.1249191
-121.5,39.1,0.0361137360529827,435627.341063892,21.4415019213373,7705255.32072005
-121.4,39.1,0.0361137360529827,435627.341063892,21.4415019213373,7705255.32072005
-121.3,39.1,0.0361137360529827,435627.341063892,21.4415019213373,7705255.32072005
-121.2,39.1,0.0361137360529827,435627.341063892,21.4415019213373,7705255.32072005
-121.1,39.1,0.0361137360529827,435627.341063892,21.4415019213373,7705255.32072005
-121,39.1,0.0361137360529827,435627.341063892,21.4415019213373,7705255.32072005
-120.9,39.1,0.0155137257055709,217.315329255181,16.3374687843331,10465.1270622159
-120.8,39.1,0.0155137257055709,217.315329255181,16.3374687843331,10465.1270622159
-120.7,39.1,0.0155137257055709,217.315329255181,16.3374687843331,10465.1270622159
-120.6,39.1,0.0155137257055709,217.315329255181,16.3374687843331,10465.1270622159
-120.5,39.1,0.0155137257055709,217.315329255181,16.3374687843331,10465.1270622159
-120.4,39.1,0.0155137257055709,217.315329255181,16.3374687843331,10465.1270622159
-120.3,39.1,0.0030760816474393,2.2755162592861,12.9252388918278,217.70417492034
-120.2,39.1,0.0030760816474393,2.2755162592861,12.9252388918278,217.70417492034
-120.1,39.1,0.0030760816474393,2.2755162592861,12.9252388918278,217.70417492034
-123.7,39.2,0.00413582441255718,3.36754537852361,15.3654726318699,127.61745085627
-123.6,39.2,0.00413582441255718,3.36754537852361,15.3654726318699,127.61745085627
-123.5,39.2,0.00413582441255718,3.36754537852361,15.3654726318699,127.61745085627
-123.4,39.2,0.0274291522298232,17392.9372431249,18.993852090317,428339.080597318
-123.3,39.2,0.0274291522298232,17392.9372431249,18.993852090317,428339.080597318
-123.2,39.2,0.0274291522298232,17392.9372431249,18.993852090317,428339.080597318
-123.1,39.2,0.0274291522298232,17392.9372431249,18.993852090317,428339.080597318
-123,39.2,0.0274291522298232,17392.9372431249,18.993852090317,428339.080597318
-122.9,39.2,0.0274291522298232,17392.9372431249,18.993852090317,428339.080597318
-122.8,39.2,0.0317709313434268,87380.7257485093,20.6415479053169,2050012.29593531
-122.7,39.2,0.0317709313434268,87380.7257485093,20.6415479053169,2050012.29593531
-122.6,39.2,0.0317709313434268,87380.7257485093,20.6415479053169,2050012.29593531
-122.5,39.2,0.0317709313434268,87380.7257485093,20.6415479053169,2050012.29593531
-122.4,39.2,0.0317709313434268,87380.7257485093,20.6415479053169,2050012.29593531
-122.3,39.2,0.0317709313434268,87380.7257485093,20.6415479053169,2050012.29593531
-122.2,39.2,0.0317709313434268,87380.7257485093,20.6415479053169,2050012.29593531
-122.1,39.2,0.0338022720043738,192781.861186768,22.6912853362957,2936120.1249191
-122,39.2,0.0338022720043738,192781.861186768,22.6912853362957,2936120.1249191
-121.9,39.2,0.0338022720043738,192781.861186768,22.6912853362957,2936120.1249191
-121.8,39.2,0.0338022720043738,192781.861186768,22.6912853362957,2936120.1249191
-121.7,39.2,0.0338022720043738,192781.861186768,22.6912853362957,2936120.1249191
-121.6,39.2,0.0338022720043738,192781.861186768,22.6912853362957,2936120.1249191
-121.5,39.2,0.0361137360529827,435627.341063892,21.4415019213373,7705255.32072005
-121.4,39.2,0.0361137360529827,435627.341063892,21.4415019213373,7705255.32072005
-121.3,39.2,0.0361137360529827,435627.341063892,21.4415019213373,7705255.32072005
-121.2,39.2,0.0361137360529827,435627.341063892,21.4415019213373,7705255.32072005
-121.1,39.2,0.0361137360529827,435627.341063892,21.4415019213373,7705255.32072005
-121,39.2,0.0361137360529827,435627.341063892,21.4415019213373,7705255.32072005
-120.9,39.2,0.0155137257055709,217.315329255181,16.3374687843331,10465.1270622159
-120.8,39.2,0.0155137257055709,217.315329255181,16.3374687843331,10465.1270622159
-120.7,39.2,0.0155137257055709,217.315329255181,16.3374687843331,10465.1270622159
-120.6,39.2,0.0155137257055709,217.315329255181,16.3374687843331,10465.1270622159
-120.5,39.2,0.0155137257055709,217.315329255181,16.3374687843331,10465.1270622159
-120.4,39.2,0.0155137257055709,217.315329255181,16.3374687843331,10465.1270622159
-120.3,39.2,0.0030760816474393,2.2755162592861,12.9252388918278,217.70417492034
-120.2,39.2,0.0030760816474393,2.2755162592861,12.9252388918278,217.70417492034
-120.1,39.2,0.0030760816474393,2.2755162592861,12.9252388918278,217.70417492034
-123.7,39.3,0.00941733313691383,23.3274290741138,16.0896482211994,794.724820290529
-123.6,39.3,0.00941733313691383,23.3274290741138,16.0896482211994,794.724820290529
-123.5,39.3,0.00941733313691383,23.3274290741138,16.0896482211994,794.724820290529
-123.4,39.3,0.0217788113534446,2172.76517183492,17.8441978865626,76742.0630592527
-123.3,39.3,0.0217788113534446,2172.76517183492,17.8441978865626,76742.0630592527
-123.2,39.3,0.0217788113534446,2172.76517183492,17.8441978865626,76742.0630592527
-123.1,39.3,0.0217788113534446,2172.76517183492,17.8441978865626,76742.0630592527
-123,39.3,0.0217788113534446,2172.76517183492,17.8441978865626,76742.0630592527
-122.9,39.3,0.0217788113534446,2172.76517183492,17.8441978865626,76742.0630592527
-122.8,39.3,0.0285912953524421,27552.4809513115,21.1238620812827,631953.5381787
-122.7,39.3,0.0285912953524421,27552.4809513115,21.1238620812827,631953.5381787
-122.6,39.3,0.0285912953524421,27552.4809513115,21.1238620812827,631953.5381787
-122.5,39.3,0.0285912953524421,27552.4809513115,21.1238620812827,631953.5381787
-122.4,39.3,0.0285912953524421,27552.4809513115,21.1238620812827,631953.5381787
-122.3,39.3,0.0285912953524421,27552.4809513115,21.1238620812827,631953.5381787
-122.2,39.3,0.0285912953524421,27552.4809513115,21.1238620812827,631953.5381787
-122.1,39.3,0.0302247158427068,52334.781474124,22.8809625404665,769469.436296028
-122,39.3,0.0302247158427068,52334.781474124,22.8809625404665,769469.436296028
-121.9,39.3,0.0302247158427068,52334.781474124,22.8809625404665,769469.436296028
-121.8,39.3,0.0302247158427068,52334.781474124,22.8809625404665,769469.436296028
-121.7,39.3,0.0302247158427068,52334.781474124,22.8809625404665,769469.436296028
-121.6,39.3,0.0302247158427068,52334.781474124,22.8809625404665,769469.436296028
-121.5,39.3,0.0271560874993546,15746.5635269059,19.0793908318269,464044.395090773
-121.4,39.3,0.0271560874993546,15746.5635269059,19.0793908318269,464044.395090773
-121.3,39.3,0.0271560874993546,15746.5635269059,19.0793908318269,464044.395090773
-121.2,39.3,0.0271560874993546,15746.5635269059,19.0793908318269,464044.395090773
-121.1,39.3,0.0271560874993546,15746.5635269059,19.0793908318269,464044.395090773
-121,39.3,0.0271560874993546,15746.5635269059,19.0793908318269,464044.395090773
-120.9,39.3,0.0076200074793353,12.0198568323539,14.2001195800227,883.48831265742
-120.8,39.3,0.0076200074793353,12.0198568323539,14.2001195800227,883.48831265742
-120.7,39.3,0.0076200074793353,12.0198568323539,14.2001195800227,883.48831265742
-120.6,39.3,0.0076200074793353,12.0198568323539,14.2001195800227,883.48831265742
-120.5,39.3,0.0076200074793353,12.0198568323539,14.2001195800227,883.48831265742
-120.4,39.3,0.0076200074793353,12.0198568323539,14.2001195800227,883.48831265742
-120.3,39.3,0.00653637846248943,8.07963939880317,13.7160577477609,687.739032024907
-120.2,39.3,0.00653637846248943,8.07963939880317,13.7160577477609,687.739032024907
-120.1,39.3,0.00653637846248943,8.07963939880317,13.7160577477609,687.739032024907
-123.8,39.4,0.00941733313691383,23.3274290741138,16.0896482211994,794.724820290529
-123.7,39.4,0.00941733313691383,23.3274290741138,16.0896482211994,794.724820290529
-123.6,39.4,0.00941733313691383,23.3274290741138,16.0896482211994,794.724820290529
-123.5,39.4,0.00941733313691383,23.3274290741138,16.0896482211994,794.724820290529
-123.4,39.4,0.0217788113534446,2172.76517183492,17.8441978865626,76742.0630592527
-123.3,39.4,0.0217788113534446,2172.76517183492,17.8441978865626,76742.0630592527
-123.2,39.4,0.0217788113534446,2172.76517183492,17.8441978865626,76742.0630592527
-123.1,39.4,0.0217788113534446,2172.76517183492,17.8441978865626,76742.0630592527
-123,39.4,0.0217788113534446,2172.76517183492,17.8441978865626,76742.0630592527
-122.9,39.4,0.0217788113534446,2172.76517183492,17.8441978865626,76742.0630592527
-122.8,39.4,0.0285912953524421,27552.4809513115,21.1238620812827,631953.5381787
-122.7,39.4,0.0285912953524421,27552.4809513115,21.1238620812827,631953.5381787
-122.6,39.4,0.0285912953524421,27552.4809513115,21.1238620812827,631953.5381787
-122.5,39.4,0.0285912953524421,27552.4809513115,21.1238620812827,631953.5381787
-122.4,39.4,0.0285912953524421,27552.4809513115,21.1238620812827,631953.5381787
-122.3,39.4,0.0285912953524421,27552.4809513115,21.1238620812827,631953.5381787
-122.2,39.4,0.0285912953524421,27552.4809513115,21.1238620812827,631953.5381787
-122.1,39.4,0.0302247158427068,52334.781474124,22.8809625404665,769469.436296028
-122,39.4,0.0302247158427068,52334.781474124,22.8809625404665,769469.436296028
-121.9,39.4,0.0302247158427068,52334.781474124,22.8809625404665,769469.436296028
-121.8,39.4,0.0302247158427068,52334.781474124,22.8809625404665,769469.436296028
-121.7,39.4,0.0302247158427068,52334.781474124,22.8809625404665,769469.436296028
-121.6,39.4,0.0302247158427068,52334.781474124,22.8809625404665,769469.436296028
-121.5,39.4,0.0271560874993546,15746.5635269059,19.0793908318269,464044.395090773
-121.4,39.4,0.0271560874993546,15746.5635269059,19.0793908318269,464044.395090773
-121.3,39.4,0.0271560874993546,15746.5635269059,19.0793908318269,464044.395090773
-121.2,39.4,0.0271560874993546,15746.5635269059,19.0793908318269,464044.395090773
-121.1,39.4,0.0271560874993546,15746.5635269059,19.0793908318269,464044.395090773
-121,39.4,0.0271560874993546,15746.5635269059,19.0793908318269,464044.395090773
-120.9,39.4,0.0076200074793353,12.0198568323539,14.2001195800227,883.48831265742
-120.8,39.4,0.0076200074793353,12.0198568323539,14.2001195800227,883.48831265742
-120.7,39.4,0.0076200074793353,12.0198568323539,14.2001195800227,883.48831265742
-120.6,39.4,0.0076200074793353,12.0198568323539,14.2001195800227,883.48831265742
-120.5,39.4,0.0076200074793353,12.0198568323539,14.2001195800227,883.48831265742
-120.4,39.4,0.0076200074793353,12.0198568323539,14.2001195800227,883.48831265742
-120.3,39.4,0.00653637846248943,8.07963939880317,13.7160577477609,687.739032024907
-120.2,39.4,0.00653637846248943,8.07963939880317,13.7160577477609,687.739032024907
-120.1,39.4,0.00653637846248943,8.07963939880317,13.7160577477609,687.739032024907
-120,39.4,0.00653637846248943,8.07963939880317,13.7160577477609,687.739032024907
-123.7,39.5,0.00941733313691383,23.3274290741138,16.0896482211994,794.724820290529
-123.6,39.5,0.00941733313691383,23.3274290741138,16.0896482211994,794.724820290529
-123.5,39.5,0.00941733313691383,23.3274290741138,16.0896482211994,794.724820290529
-123.4,39.5,0.0217788113534446,2172.76517183492,17.8441978865626,76742.0630592527
-123.3,39.5,0.0217788113534446,2172.76517183492,17.8441978865626,76742.0630592527
-123.2,39.5,0.0217788113534446,2172.76517183492,17.8441978865626,76742.0630592527
-123.1,39.5,0.0217788113534446,2172.76517183492,17.8441978865626,76742.0630592527
-123,39.5,0.0217788113534446,2172.76517183492,17.8441978865626,76742.0630592527
-122.9,39.5,0.0217788113534446,2172.76517183492,17.8441978865626,76742.0630592527
-122.8,39.5,0.0285912953524421,27552.4809513115,21.1238620812827,631953.5381787
-122.7,39.5,0.0285912953524421,27552.4809513115,21.1238620812827,631953.5381787
-122.6,39.5,0.0285912953524421,27552.4809513115,21.1238620812827,631953.5381787
-122.5,39.5,0.0285912953524421,27552.4809513115,21.1238620812827,631953.5381787
-122.4,39.5,0.0285912953524421,27552.4809513115,21.1238620812827,631953.5381787
-122.3,39.5,0.0285912953524421,27552.4809513115,21.1238620812827,631953.5381787
-122.2,39.5,0.0285912953524421,27552.4809513115,21.1238620812827,631953.5381787
-122.1,39.5,0.0302247158427068,52334.781474124,22.8809625404665,769469.436296028
-122,39.5,0.0302247158427068,52334.781474124,22.8809625404665,769469.436296028
-121.9,39.5,0.0302247158427068,52334.781474124,22.8809625404665,769469.436296028
-121.8,39.5,0.0302247158427068,52334.781474124,22.8809625404665,769469.436296028
-121.7,39.5,0.0302247158427068,52334.781474124,22.8809625404665,769469.436296028
-121.6,39.5,0.0302247158427068,52334.781474124,22.8809625404665,769469.436296028
-121.5,39.5,0.0271560874993546,15746.5635269059,19.0793908318269,464044.395090773
-121.4,39.5,0.0271560874993546,15746.5635269059,19.0793908318269,464044.395090773
-121.3,39.5,0.0271560874993546,15746.5635269059,19.0793908318269,464044.395090773
-121.2,39.5,0.0271560874993546,15746.5635269059,19.0793908318269,464044.395090773
-121.1,39.5,0.0271560874993546,15746.5635269059,19.0793908318269,464044.395090773
-121,39.5,0.0271560874993546,15746.5635269059,19.0793908318269,464044.395090773
-120.9,39.5,0.0076200074793353,12.0198568323539,14.2001195800227,883.48831265742
-120.8,39.5,0.0076200074793353,12.0198568323539,14.2001195800227,883.48831265742
-120.7,39.5,0.0076200074793353,12.0198568323539,14.2001195800227,883.48831265742
-120.6,39.5,0.0076200074793353,12.0198568323539,14.2001195800227,883.48831265742
-120.5,39.5,0.0076200074793353,12.0198568323539,14.2001195800227,883.48831265742
-120.4,39.5,0.0076200074793353,12.0198568323539,14.2001195800227,883.48831265742
-120.3,39.5,0.00653637846248943,8.07963939880317,13.7160577477609,687.739032024907
-120.2,39.5,0.00653637846248943,8.07963939880317,13.7160577477609,687.739032024907
-120.1,39.5,0.00653637846248943,8.07963939880317,13.7160577477609,687.739032024907
-120,39.5,0.00653637846248943,8.07963939880317,13.7160577477609,687.739032024907
-123.7,39.6,0.00941733313691383,23.3274290741138,16.0896482211994,794.724820290529
-123.6,39.6,0.00941733313691383,23.3274290741138,16.0896482211994,794.724820290529
-123.5,39.6,0.00941733313691383,23.3274290741138,16.0896482211994,794.724820290529
-123.4,39.6,0.0217788113534446,2172.76517183492,17.8441978865626,76742.0630592527
-123.3,39.6,0.0217788113534446,2172.76517183492,17.8441978865626,76742.0630592527
-123.2,39.6,0.0217788113534446,2172.76517183492,17.8441978865626,76742.0630592527
-123.1,39.6,0.0217788113534446,2172.76517183492,17.8441978865626,76742.0630592527
-123,39.6,0.0217788113534446,2172.76517183492,17.8441978865626,76742.0630592527
-122.9,39.6,0.0217788113534446,2172.76517183492,17.8441978865626,76742.0630592527
-122.8,39.6,0.0285912953524421,27552.4809513115,21.1238620812827,631953.5381787
-122.7,39.6,0.0285912953524421,27552.4809513115,21.1238620812827,631953.5381787
-122.6,39.6,0.0285912953524421,27552.4809513115,21.1238620812827,631953.5381787
-122.5,39.6,0.0285912953524421,27552.4809513115,21.1238620812827,631953.5381787
-122.4,39.6,0.0285912953524421,27552.4809513115,21.1238620812827,631953.5381787
-122.3,39.6,0.0285912953524421,27552.4809513115,21.1238620812827,631953.5381787
-122.2,39.6,0.0285912953524421,27552.4809513115,21.1238620812827,631953.5381787
-122.1,39.6,0.0302247158427068,52334.781474124,22.8809625404665,769469.436296028
-122,39.6,0.0302247158427068,52334.781474124,22.8809625404665,769469.436296028
-121.9,39.6,0.0302247158427068,52334.781474124,22.8809625404665,769469.436296028
-121.8,39.6,0.0302247158427068,52334.781474124,22.8809625404665,769469.436296028
-121.7,39.6,0.0302247158427068,52334.781474124,22.8809625404665,769469.436296028
-121.6,39.6,0.0302247158427068,52334.781474124,22.8809625404665,769469.436296028
-121.5,39.6,0.0271560874993546,15746.5635269059,19.0793908318269,464044.395090773
-121.4,39.6,0.0271560874993546,15746.5635269059,19.0793908318269,464044.395090773
-121.3,39.6,0.0271560874993546,15746.5635269059,19.0793908318269,464044.395090773
-121.2,39.6,0.0271560874993546,15746.5635269059,19.0793908318269,464044.395090773
-121.1,39.6,0.0271560874993546,15746.5635269059,19.0793908318269,464044.395090773
-121,39.6,0.0271560874993546,15746.5635269059,19.0793908318269,464044.395090773
-120.9,39.6,0.0076200074793353,12.0198568323539,14.2001195800227,883.48831265742
-120.8,39.6,0.0076200074793353,12.0198568323539,14.2001195800227,883.48831265742
-120.7,39.6,0.0076200074793353,12.0198568323539,14.2001195800227,883.48831265742
-120.6,39.6,0.0076200074793353,12.0198568323539,14.2001195800227,883.48831265742
-120.5,39.6,0.0076200074793353,12.0198568323539,14.2001195800227,883.48831265742
-120.4,39.6,0.0076200074793353,12.0198568323539,14.2001195800227,883.48831265742
-120.3,39.6,0.00653637846248943,8.07963939880317,13.7160577477609,687.739032024907
-120.2,39.6,0.00653637846248943,8.07963939880317,13.7160577477609,687.739032024907
-120.1,39.6,0.00653637846248943,8.07963939880317,13.7160577477609,687.739032024907
-123.7,39.7,0.00941733313691383,23.3274290741138,16.0896482211994,794.724820290529
-123.6,39.7,0.00941733313691383,23.3274290741138,16.0896482211994,794.724820290529
-123.5,39.7,0.00941733313691383,23.3274290741138,16.0896482211994,794.724820290529
-123.4,39.7,0.0217788113534446,2172.76517183492,17.8441978865626,76742.0630592527
-123.3,39.7,0.0217788113534446,2172.76517183492,17.8441978865626,76742.0630592527
-123.2,39.7,0.0217788113534446,2172.76517183492,17.8441978865626,76742.0630592527
-123.1,39.7,0.0217788113534446,2172.76517183492,17.8441978865626,76742.0630592527
-123,39.7,0.0217788113534446,2172.76517183492,17.8441978865626,76742.0630592527
-122.9,39.7,0.0217788113534446,2172.76517183492,17.8441978865626,76742.0630592527
-122.8,39.7,0.0285912953524421,27552.4809513115,21.1238620812827,631953.5381787
-122.7,39.7,0.0285912953524421,27552.4809513115,21.1238620812827,631953.5381787
-122.6,39.7,0.0285912953524421,27552.4809513115,21.1238620812827,631953.5381787
-122.5,39.7,0.0285912953524421,27552.4809513115,21.1238620812827,631953.5381787
-122.4,39.7,0.0285912953524421,27552.4809513115,21.1238620812827,631953.5381787
-122.3,39.7,0.0285912953524421,27552.4809513115,21.1238620812827,631953.5381787
-122.2,39.7,0.0285912953524421,27552.4809513115,21.1238620812827,631953.5381787
-122.1,39.7,0.0302247158427068,52334.781474124,22.8809625404665,769469.436296028
-122,39.7,0.0302247158427068,52334.781474124,22.8809625404665,769469.436296028
-121.9,39.7,0.0302247158427068,52334.781474124,22.8809625404665,769469.436296028
-121.8,39.7,0.0302247158427068,52334.781474124,22.8809625404665,769469.436296028
-121.7,39.7,0.0302247158427068,52334.781474124,22.8809625404665,769469.436296028
-121.6,39.7,0.0302247158427068,52334.781474124,22.8809625404665,769469.436296028
-121.5,39.7,0.0271560874993546,15746.5635269059,19.0793908318269,464044.395090773
-121.4,39.7,0.0271560874993546,15746.5635269059,19.0793908318269,464044.395090773
-121.3,39.7,0.0271560874993546,15746.5635269059,19.0793908318269,464044.395090773
-121.2,39.7,0.0271560874993546,15746.5635269059,19.0793908318269,464044.395090773
-121.1,39.7,0.0271560874993546,15746.5635269059,19.0793908318269,464044.395090773
-121,39.7,0.0271560874993546,15746.5635269059,19.0793908318269,464044.395090773
-120.9,39.7,0.0076200074793353,12.0198568323539,14.2001195800227,883.48831265742
-120.8,39.7,0.0076200074793353,12.0198568323539,14.2001195800227,883.48831265742
-120.7,39.7,0.0076200074793353,12.0198568323539,14.2001195800227,883.48831265742
-120.6,39.7,0.0076200074793353,12.0198568323539,14.2001195800227,883.48831265742
-120.5,39.7,0.0076200074793353,12.0198568323539,14.2001195800227,883.48831265742
-120.4,39.7,0.0076200074793353,12.0198568323539,14.2001195800227,883.48831265742
-120.3,39.7,0.00653637846248943,8.07963939880317,13.7160577477609,687.739032024907
-120.2,39.7,0.00653637846248943,8.07963939880317,13.7160577477609,687.739032024907
-120.1,39.7,0.00653637846248943,8.07963939880317,13.7160577477609,687.739032024907
-123.8,39.8,0.014994970310597,180.152289991131,16.7468094087913,6449.41082815415
-123.7,39.8,0.014994970310597,180.152289991131,16.7468094087913,6449.41082815415
-123.6,39.8,0.014994970310597,180.152289991131,16.7468094087913,6449.41082815415
-123.5,39.8,0.014994970310597,180.152289991131,16.7468094087913,6449.41082815415
-123.4,39.8,0.016801320880997,348.656023027033,16.6490020125578,16562.4529737776
-123.3,39.8,0.016801320880997,348.656023027033,16.6490020125578,16562.4529737776
-123.2,39.8,0.016801320880997,348.656023027033,16.6490020125578,16562.4529737776
-123.1,39.8,0.016801320880997,348.656023027033,16.6490020125578,16562.4529737776
-123,39.8,0.016801320880997,348.656023027033,16.6490020125578,16562.4529737776
-122.9,39.8,0.016801320880997,348.656023027033,16.6490020125578,16562.4529737776
-122.8,39.8,0.0268317873767,14486.9293516354,21.1861465100041,336420.562454211
-122.7,39.8,0.0268317873767,14486.9293516354,21.1861465100041,336420.562454211
-122.6,39.8,0.0268317873767,14486.9293516354,21.1861465100041,336420.562454211
-122.5,39.8,0.0268317873767,14486.9293516354,21.1861465100041,336420.562454211
-122.4,39.8,0.0268317873767,14486.9293516354,21.1861465100041,336420.562454211
-122.3,39.8,0.0268317873767,14486.9293516354,21.1861465100041,336420.562454211
-122.2,39.8,0.0268317873767,14486.9293516354,21.1861465100041,336420.562454211
-122.1,39.8,0.0295381464103807,38765.5219354219,20.8633064058574,862759.119833866
-122,39.8,0.0295381464103807,38765.5219354219,20.8633064058574,862759.119833866
-121.9,39.8,0.0295381464103807,38765.5219354219,20.8633064058574,862759.119833866
-121.8,39.8,0.0295381464103807,38765.5219354219,20.8633064058574,862759.119833866
-121.7,39.8,0.0295381464103807,38765.5219354219,20.8633064058574,862759.119833866
-121.6,39.8,0.0295381464103807,38765.5219354219,20.8633064058574,862759.119833866
-121.5,39.8,0.0113808699681779,47.6938799632091,15.1460071879597,2959.63144640372
-121.4,39.8,0.0113808699681779,47.6938799632091,15.1460071879597,2959.63144640372
-121.3,39.8,0.0113808699681779,47.6938799632091,15.1460071879597,2959.63144640372
-121.2,39.8,0.0113808699681779,47.6938799632091,15.1460071879597,2959.63144640372
-121.1,39.8,0.0113808699681779,47.6938799632091,15.1460071879597,2959.63144640372
-121,39.8,0.0113808699681779,47.6938799632091,15.1460071879597,2959.63144640372
-120.9,39.8,0.00713422296526832,10.0570098821996,13.816801790909,824.129046301936
-120.8,39.8,0.00713422296526832,10.0570098821996,13.816801790909,824.129046301936
-120.7,39.8,0.00713422296526832,10.0570098821996,13.816801790909,824.129046301936
-120.6,39.8,0.00713422296526832,10.0570098821996,13.816801790909,824.129046301936
-120.5,39.8,0.00713422296526832,10.0570098821996,13.816801790909,824.129046301936
-120.4,39.8,0.00713422296526832,10.0570098821996,13.816801790909,824.129046301936
-120.3,39.8,0.0110646008156008,42.451445202884,14.8385877095847,3142.61750858214
-120.2,39.8,0.0110646008156008,42.451445202884,14.8385877095847,3142.61750858214
-120.1,39.8,0.0110646008156008,42.451445202884,14.8385877095847,3142.61750858214
-123.9,39.9,0.014994970310597,180.152289991131,16.7468094087913,6449.41082815415
-123.8,39.9,0.014994970310597,180.152289991131,16.7468094087913,6449.41082815415
-123.7,39.9,0.014994970310597,180.152289991131,16.7468094087913,6449.41082815415
-123.6,39.9,0.014994970310597,180.152289991131,16.7468094087913,6449.41082815415
-123.5,39.9,0.014994970310597,180.152289991131,16.7468094087913,6449.41082815415
-123.4,39.9,0.016801320880997,348.656023027033,16.6490020125578,16562.4529737776
-123.3,39.9,0.016801320880997,348.656023027033,16.6490020125578,16562.4529737776
-123.2,39.9,0.016801320880997,348.656023027033,16.6490020125578,16562.4529737776
-123.1,39.9,0.016801320880997,348.656023027033,16.6490020125578,16562.4529737776
-123,39.9,0.016801320880997,348.656023027033,16.6490020125578,16562.4529737776
-122.9,39.9,0.016801320880997,348.656023027033,16.6490020125578,16562.4529737776
-122.8,39.9,0.0268317873767,14486.9293516354,21.1861465100041,336420.562454211
-122.7,39.9,0.0268317873767,14486.9293516354,21.1861465100041,336420.562454211
-122.6,39.9,0.0268317873767,14486.9293516354,21.1861465100041,336420.562454211
-122.5,39.9,0.0268317873767,14486.9293516354,21.1861465100041,336420.562454211
-122.4,39.9,0.0268317873767,14486.9293516354,21.1861465100041,336420.562454211
-122.3,39.9,0.0268317873767,14486.9293516354,21.1861465100041,336420.562454211
-122.2,39.9,0.0268317873767,14486.9293516354,21.1861465100041,336420.562454211
-122.1,39.9,0.0295381464103807,38765.5219354219,20.8633064058574,862759.119833866
-122,39.9,0.0295381464103807,38765.5219354219,20.8633064058574,862759.119833866
-121.9,39.9,0.0295381464103807,38765.5219354219,20.8633064058574,862759.119833866
-121.8,39.9,0.0295381464103807,38765.5219354219,20.8633064058574,862759.119833866
-121.7,39.9,0.0295381464103807,38765.5219354219,20.8633064058574,862759.119833866
-121.6,39.9,0.0295381464103807,38765.5219354219,20.8633064058574,862759.119833866
-121.5,39.9,0.0113808699681779,47.6938799632091,15.1460071879597,2959.63144640372
-121.4,39.9,0.0113808699681779,47.6938799632091,15.1460071879597,2959.63144640372
-121.3,39.9,0.0113808699681779,47.6938799632091,15.1460071879597,2959.63144640372
-121.2,39.9,0.0113808699681779,47.6938799632091,15.1460071879597,2959.63144640372
-121.1,39.9,0.0113808699681779,47.6938799632091,15.1460071879597,2959.63144640372
-121,39.9,0.0113808699681779,47.6938799632091,15.1460071879597,2959.63144640372
-120.9,39.9,0.00713422296526832,10.0570098821996,13.816801790909,824.129046301936
-120.8,39.9,0.00713422296526832,10.0570098821996,13.816801790909,824.129046301936
-120.7,39.9,0.00713422296526832,10.0570098821996,13.816801790909,824.129046301936
-120.6,39.9,0.00713422296526832,10.0570098821996,13.816801790909,824.129046301936
-120.5,39.9,0.00713422296526832,10.0570098821996,13.816801790909,824.129046301936
-120.4,39.9,0.00713422296526832,10.0570098821996,13.816801790909,824.129046301936
-120.3,39.9,0.0110646008156008,42.451445202884,14.8385877095847,3142.61750858214
-120.2,39.9,0.0110646008156008,42.451445202884,14.8385877095847,3142.61750858214
-120.1,39.9,0.0110646008156008,42.451445202884,14.8385877095847,3142.61750858214
-123.9,40,0.014994970310597,180.152289991131,16.7468094087913,6449.41082815415
-123.8,40,0.014994970310597,180.152289991131,16.7468094087913,6449.41082815415
-123.7,40,0.014994970310597,180.152289991131,16.7468094087913,6449.41082815415
-123.6,40,0.014994970310597,180.152289991131,16.7468094087913,6449.41082815415
-123.5,40,0.014994970310597,180.152289991131,16.7468094087913,6449.41082815415
-123.4,40,0.016801320880997,348.656023027033,16.6490020125578,16562.4529737776
-123.3,40,0.016801320880997,348.656023027033,16.6490020125578,16562.4529737776
-123.2,40,0.016801320880997,348.656023027033,16.6490020125578,16562.4529737776
-123.1,40,0.016801320880997,348.656023027033,16.6490020125578,16562.4529737776
-123,40,0.016801320880997,348.656023027033,16.6490020125578,16562.4529737776
-122.9,40,0.016801320880997,348.656023027033,16.6490020125578,16562.4529737776
-122.8,40,0.0268317873767,14486.9293516354,21.1861465100041,336420.562454211
-122.7,40,0.0268317873767,14486.9293516354,21.1861465100041,336420.562454211
-122.6,40,0.0268317873767,14486.9293516354,21.1861465100041,336420.562454211
-122.5,40,0.0268317873767,14486.9293516354,21.1861465100041,336420.562454211
-122.4,40,0.0268317873767,14486.9293516354,21.1861465100041,336420.562454211
-122.3,40,0.0268317873767,14486.9293516354,21.1861465100041,336420.562454211
-122.2,40,0.0268317873767,14486.9293516354,21.1861465100041,336420.562454211
-122.1,40,0.0295381464103807,38765.5219354219,20.8633064058574,862759.119833866
-122,40,0.0295381464103807,38765.5219354219,20.8633064058574,862759.119833866
-121.9,40,0.0295381464103807,38765.5219354219,20.8633064058574,862759.119833866
-121.8,40,0.0295381464103807,38765.5219354219,20.8633064058574,862759.119833866
-121.7,40,0.0295381464103807,38765.5219354219,20.8633064058574,862759.119833866
-121.6,40,0.0295381464103807,38765.5219354219,20.8633064058574,862759.119833866
-121.5,40,0.0113808699681779,47.6938799632091,15.1460071879597,2959.63144640372
-121.4,40,0.0113808699681779,47.6938799632091,15.1460071879597,2959.63144640372
-121.3,40,0.0113808699681779,47.6938799632091,15.1460071879597,2959.63144640372
-121.2,40,0.0113808699681779,47.6938799632091,15.1460071879597,2959.63144640372
-121.1,40,0.0113808699681779,47.6938799632091,15.1460071879597,2959.63144640372
-121,40,0.0113808699681779,47.6938799632091,15.1460071879597,2959.63144640372
-120.9,40,0.00713422296526832,10.0570098821996,13.816801790909,824.129046301936
-120.8,40,0.00713422296526832,10.0570098821996,13.816801790909,824.129046301936
-120.7,40,0.00713422296526832,10.0570098821996,13.816801790909,824.129046301936
-120.6,40,0.00713422296526832,10.0570098821996,13.816801790909,824.129046301936
-120.5,40,0.00713422296526832,10.0570098821996,13.816801790909,824.129046301936
-120.4,40,0.00713422296526832,10.0570098821996,13.816801790909,824.129046301936
-120.3,40,0.0110646008156008,42.451445202884,14.8385877095847,3142.61750858214
-120.2,40,0.0110646008156008,42.451445202884,14.8385877095847,3142.61750858214
-120.1,40,0.0110646008156008,42.451445202884,14.8385877095847,3142.61750858214
-124,40.1,0.014994970310597,180.152289991131,16.7468094087913,6449.41082815415
-123.9,40.1,0.014994970310597,180.152289991131,16.7468094087913,6449.41082815415
-123.8,40.1,0.014994970310597,180.152289991131,16.7468094087913,6449.41082815415
-123.7,40.1,0.014994970310597,180.152289991131,16.7468094087913,6449.41082815415
-123.6,40.1,0.014994970310597,180.152289991131,16.7468094087913,6449.41082815415
-123.5,40.1,0.014994970310597,180.152289991131,16.7468094087913,6449.41082815415
-123.4,40.1,0.016801320880997,348.656023027033,16.6490020125578,16562.4529737776
-123.3,40.1,0.016801320880997,348.656023027033,16.6490020125578,16562.4529737776
-123.2,40.1,0.016801320880997,348.656023027033,16.6490020125578,16562.4529737776
-123.1,40.1,0.016801320880997,348.656023027033,16.6490020125578,16562.4529737776
-123,40.1,0.016801320880997,348.656023027033,16.6490020125578,16562.4529737776
-122.9,40.1,0.016801320880997,348.656023027033,16.6490020125578,16562.4529737776
-122.8,40.1,0.0268317873767,14486.9293516354,21.1861465100041,336420.562454211
-122.7,40.1,0.0268317873767,14486.9293516354,21.1861465100041,336420.562454211
-122.6,40.1,0.0268317873767,14486.9293516354,21.1861465100041,336420.562454211
-122.5,40.1,0.0268317873767,14486.9293516354,21.1861465100041,336420.562454211
-122.4,40.1,0.0268317873767,14486.9293516354,21.1861465100041,336420.562454211
-122.3,40.1,0.0268317873767,14486.9293516354,21.1861465100041,336420.562454211
-122.2,40.1,0.0268317873767,14486.9293516354,21.1861465100041,336420.562454211
-122.1,40.1,0.0295381464103807,38765.5219354219,20.8633064058574,862759.119833866
-122,40.1,0.0295381464103807,38765.5219354219,20.8633064058574,862759.119833866
-121.9,40.1,0.0295381464103807,38765.5219354219,20.8633064058574,862759.119833866
-121.8,40.1,0.0295381464103807,38765.5219354219,20.8633064058574,862759.119833866
-121.7,40.1,0.0295381464103807,38765.5219354219,20.8633064058574,862759.119833866
-121.6,40.1,0.0295381464103807,38765.5219354219,20.8633064058574,862759.119833866
-121.5,40.1,0.0113808699681779,47.6938799632091,15.1460071879597,2959.63144640372
-121.4,40.1,0.0113808699681779,47.6938799632091,15.1460071879597,2959.63144640372
-121.3,40.1,0.0113808699681779,47.6938799632091,15.1460071879597,2959.63144640372
-121.2,40.1,0.0113808699681779,47.6938799632091,15.1460071879597,2959.63144640372
-121.1,40.1,0.0113808699681779,47.6938799632091,15.1460071879597,2959.63144640372
-121,40.1,0.0113808699681779,47.6938799632091,15.1460071879597,2959.63144640372
-120.9,40.1,0.00713422296526832,10.0570098821996,13.816801790909,824.129046301936
-120.8,40.1,0.00713422296526832,10.0570098821996,13.816801790909,824.129046301936
-120.7,40.1,0.00713422296526832,10.0570098821996,13.816801790909,824.129046301936
-120.6,40.1,0.00713422296526832,10.0570098821996,13.816801790909,824.129046301936
-120.5,40.1,0.00713422296526832,10.0570098821996,13.816801790909,824.129046301936
-120.4,40.1,0.00713422296526832,10.0570098821996,13.816801790909,824.129046301936
-120.3,40.1,0.0110646008156008,42.451445202884,14.8385877095847,3142.61750858214
-120.2,40.1,0.0110646008156008,42.451445202884,14.8385877095847,3142.61750858214
-120.1,40.1,0.0110646008156008,42.451445202884,14.8385877095847,3142.61750858214
-124.2,40.2,-0.00723937847814168,0.0522134864189756,13.5918328507484,6.94803892927005
-124.1,40.2,-0.00723937847814168,0.0522134864189756,13.5918328507484,6.94803892927005
-124,40.2,0.014994970310597,180.152289991131,16.7468094087913,6449.41082815415
-123.9,40.2,0.014994970310597,180.152289991131,16.7468094087913,6449.41082815415
-123.8,40.2,0.014994970310597,180.152289991131,16.7468094087913,6449.41082815415
-123.7,40.2,0.014994970310597,180.152289991131,16.7468094087913,6449.41082815415
-123.6,40.2,0.014994970310597,180.152289991131,16.7468094087913,6449.41082815415
-123.5,40.2,0.014994970310597,180.152289991131,16.7468094087913,6449.41082815415
-123.4,40.2,0.016801320880997,348.656023027033,16.6490020125578,16562.4529737776
-123.3,40.2,0.016801320880997,348.656023027033,16.6490020125578,16562.4529737776
-123.2,40.2,0.016801320880997,348.656023027033,16.6490020125578,16562.4529737776
-123.1,40.2,0.016801320880997,348.656023027033,16.6490020125578,16562.4529737776
-123,40.2,0.016801320880997,348.656023027033,16.6490020125578,16562.4529737776
-122.9,40.2,0.016801320880997,348.656023027033,16.6490020125578,16562.4529737776
-122.8,40.2,0.0268317873767,14486.9293516354,21.1861465100041,336420.562454211
-122.7,40.2,0.0268317873767,14486.9293516354,21.1861465100041,336420.562454211
-122.6,40.2,0.0268317873767,14486.9293516354,21.1861465100041,336420.562454211
-122.5,40.2,0.0268317873767,14486.9293516354,21.1861465100041,336420.562454211
-122.4,40.2,0.0268317873767,14486.9293516354,21.1861465100041,336420.562454211
-122.3,40.2,0.0268317873767,14486.9293516354,21.1861465100041,336420.562454211
-122.2,40.2,0.0268317873767,14486.9293516354,21.1861465100041,336420.562454211
-122.1,40.2,0.0295381464103807,38765.5219354219,20.8633064058574,862759.119833866
-122,40.2,0.0295381464103807,38765.5219354219,20.8633064058574,862759.119833866
-121.9,40.2,0.0295381464103807,38765.5219354219,20.8633064058574,862759.119833866
-121.8,40.2,0.0295381464103807,38765.5219354219,20.8633064058574,862759.119833866
-121.7,40.2,0.0295381464103807,38765.5219354219,20.8633064058574,862759.119833866
-121.6,40.2,0.0295381464103807,38765.5219354219,20.8633064058574,862759.119833866
-121.5,40.2,0.0113808699681779,47.6938799632091,15.1460071879597,2959.63144640372
-121.4,40.2,0.0113808699681779,47.6938799632091,15.1460071879597,2959.63144640372
-121.3,40.2,0.0113808699681779,47.6938799632091,15.1460071879597,2959.63144640372
-121.2,40.2,0.0113808699681779,47.6938799632091,15.1460071879597,2959.63144640372
-121.1,40.2,0.0113808699681779,47.6938799632091,15.1460071879597,2959.63144640372
-121,40.2,0.0113808699681779,47.6938799632091,15.1460071879597,2959.63144640372
-120.9,40.2,0.00713422296526832,10.0570098821996,13.816801790909,824.129046301936
-120.8,40.2,0.00713422296526832,10.0570098821996,13.816801790909,824.129046301936
-120.7,40.2,0.00713422296526832,10.0570098821996,13.816801790909,824.129046301936
-120.6,40.2,0.00713422296526832,10.0570098821996,13.816801790909,824.129046301936
-120.5,40.2,0.00713422296526832,10.0570098821996,13.816801790909,824.129046301936
-120.4,40.2,0.00713422296526832,10.0570098821996,13.816801790909,824.129046301936
-120.3,40.2,0.0110646008156008,42.451445202884,14.8385877095847,3142.61750858214
-120.2,40.2,0.0110646008156008,42.451445202884,14.8385877095847,3142.61750858214
-120.1,40.2,0.0110646008156008,42.451445202884,14.8385877095847,3142.61750858214
-124.3,40.3,-0.00475184382610683,0.129818895891546,13.9340433325207,11.4258288123492
-124.2,40.3,-0.00475184382610683,0.129818895891546,13.9340433325207,11.4258288123492
-124.1,40.3,-0.00475184382610683,0.129818895891546,13.9340433325207,11.4258288123492
-124,40.3,0.016245436605906,284.643767007106,16.7356842302511,11562.6836440499
-123.9,40.3,0.016245436605906,284.643767007106,16.7356842302511,11562.6836440499
-123.8,40.3,0.016245436605906,284.643767007106,16.7356842302511,11562.6836440499
-123.7,40.3,0.016245436605906,284.643767007106,16.7356842302511,11562.6836440499
-123.6,40.3,0.016245436605906,284.643767007106,16.7356842302511,11562.6836440499
-123.5,40.3,0.016245436605906,284.643767007106,16.7356842302511,11562.6836440499
-123.4,40.3,0.0163216947344434,292.178653681238,16.4071641924202,14738.0824399149
-123.3,40.3,0.0163216947344434,292.178653681238,16.4071641924202,14738.0824399149
-123.2,40.3,0.0163216947344434,292.178653681238,16.4071641924202,14738.0824399149
-123.1,40.3,0.0163216947344434,292.178653681238,16.4071641924202,14738.0824399149
-123,40.3,0.0163216947344434,292.178653681238,16.4071641924202,14738.0824399149
-122.9,40.3,0.0163216947344434,292.178653681238,16.4071641924202,14738.0824399149
-122.8,40.3,0.0263685973469304,12062.5542853813,20.5016970155679,322353.945979788
-122.7,40.3,0.0263685973469304,12062.5542853813,20.5016970155679,322353.945979788
-122.6,40.3,0.0263685973469304,12062.5542853813,20.5016970155679,322353.945979788
-122.5,40.3,0.0263685973469304,12062.5542853813,20.5016970155679,322353.945979788
-122.4,40.3,0.0263685973469304,12062.5542853813,20.5016970155679,322353.945979788
-122.3,40.3,0.0263685973469304,12062.5542853813,20.5016970155679,322353.945979788
-122.2,40.3,0.0263685973469304,12062.5542853813,20.5016970155679,322353.945979788
-122.1,40.3,0.0231082877266979,3544.60442735908,18.1928597542045,131509.871420027
-122,40.3,0.0231082877266979,3544.60442735908,18.1928597542045,131509.871420027
-121.9,40.3,0.0231082877266979,3544.60442735908,18.1928597542045,131509.871420027
-121.8,40.3,0.0231082877266979,3544.60442735908,18.1928597542045,131509.871420027
-121.7,40.3,0.0231082877266979,3544.60442735908,18.1928597542045,131509.871420027
-121.6,40.3,0.0231082877266979,3544.60442735908,18.1928597542045,131509.871420027
-121.5,40.3,0.00312139724124751,2.31349070627664,12.8713288320037,220.931879655137
-121.4,40.3,0.00312139724124751,2.31349070627664,12.8713288320037,220.931879655137
-121.3,40.3,0.00312139724124751,2.31349070627664,12.8713288320037,220.931879655137
-121.2,40.3,0.00312139724124751,2.31349070627664,12.8713288320037,220.931879655137
-121.1,40.3,0.00312139724124751,2.31349070627664,12.8713288320037,220.931879655137
-121,40.3,0.00312139724124751,2.31349070627664,12.8713288320037,220.931879655137
-120.9,40.3,0.00726725434900584,10.5574476418738,13.7014800847699,919.240019853367
-120.8,40.3,0.00726725434900584,10.5574476418738,13.7014800847699,919.240019853367
-120.7,40.3,0.00726725434900584,10.5574476418738,13.7014800847699,919.240019853367
-120.6,40.3,0.00726725434900584,10.5574476418738,13.7014800847699,919.240019853367
-120.5,40.3,0.00726725434900584,10.5574476418738,13.7014800847699,919.240019853367
-120.4,40.3,0.00726725434900584,10.5574476418738,13.7014800847699,919.240019853367
-120.3,40.3,0.0124731743737995,71.1297847174395,15.1180556107892,5185.98772461607
-120.2,40.3,0.0124731743737995,71.1297847174395,15.1180556107892,5185.98772461607
-120.1,40.3,0.0124731743737995,71.1297847174395,15.1180556107892,5185.98772461607
-124.3,40.4,-0.00475184382610683,0.129818895891546,13.9340433325207,11.4258288123492
-124.2,40.4,-0.00475184382610683,0.129818895891546,13.9340433325207,11.4258288123492
-124.1,40.4,-0.00475184382610683,0.129818895891546,13.9340433325207,11.4258288123492
-124,40.4,0.016245436605906,284.643767007106,16.7356842302511,11562.6836440499
-123.9,40.4,0.016245436605906,284.643767007106,16.7356842302511,11562.6836440499
-123.8,40.4,0.016245436605906,284.643767007106,16.7356842302511,11562.6836440499
-123.7,40.4,0.016245436605906,284.643767007106,16.7356842302511,11562.6836440499
-123.6,40.4,0.016245436605906,284.643767007106,16.7356842302511,11562.6836440499
-123.5,40.4,0.016245436605906,284.643767007106,16.7356842302511,11562.6836440499
-123.4,40.4,0.0163216947344434,292.178653681238,16.4071641924202,14738.0824399149
-123.3,40.4,0.0163216947344434,292.178653681238,16.4071641924202,14738.0824399149
-123.2,40.4,0.0163216947344434,292.178653681238,16.4071641924202,14738.0824399149
-123.1,40.4,0.0163216947344434,292.178653681238,16.4071641924202,14738.0824399149
-123,40.4,0.0163216947344434,292.178653681238,16.4071641924202,14738.0824399149
-122.9,40.4,0.0163216947344434,292.178653681238,16.4071641924202,14738.0824399149
-122.8,40.4,0.0263685973469304,12062.5542853813,20.5016970155679,322353.945979788
-122.7,40.4,0.0263685973469304,12062.5542853813,20.5016970155679,322353.945979788
-122.6,40.4,0.0263685973469304,12062.5542853813,20.5016970155679,322353.945979788
-122.5,40.4,0.0263685973469304,12062.5542853813,20.5016970155679,322353.945979788
-122.4,40.4,0.0263685973469304,12062.5542853813,20.5016970155679,322353.945979788
-122.3,40.4,0.0263685973469304,12062.5542853813,20.5016970155679,322353.945979788
-122.2,40.4,0.0263685973469304,12062.5542853813,20.5016970155679,322353.945979788
-122.1,40.4,0.0231082877266979,3544.60442735908,18.1928597542045,131509.871420027
-122,40.4,0.0231082877266979,3544.60442735908,18.1928597542045,131509.871420027
-121.9,40.4,0.0231082877266979,3544.60442735908,18.1928597542045,131509.871420027
-121.8,40.4,0.0231082877266979,3544.60442735908,18.1928597542045,131509.871420027
-121.7,40.4,0.0231082877266979,3544.60442735908,18.1928597542045,131509.871420027
-121.6,40.4,0.0231082877266979,3544.60442735908,18.1928597542045,131509.871420027
-121.5,40.4,0.00312139724124751,2.31349070627664,12.8713288320037,220.931879655137
-121.4,40.4,0.00312139724124751,2.31349070627664,12.8713288320037,220.931879655137
-121.3,40.4,0.00312139724124751,2.31349070627664,12.8713288320037,220.931879655137
-121.2,40.4,0.00312139724124751,2.31349070627664,12.8713288320037,220.931879655137
-121.1,40.4,0.00312139724124751,2.31349070627664,12.8713288320037,220.931879655137
-121,40.4,0.00312139724124751,2.31349070627664,12.8713288320037,220.931879655137
-120.9,40.4,0.00726725434900584,10.5574476418738,13.7014800847699,919.240019853367
-120.8,40.4,0.00726725434900584,10.5574476418738,13.7014800847699,919.240019853367
-120.7,40.4,0.00726725434900584,10.5574476418738,13.7014800847699,919.240019853367
-120.6,40.4,0.00726725434900584,10.5574476418738,13.7014800847699,919.240019853367
-120.5,40.4,0.00726725434900584,10.5574476418738,13.7014800847699,919.240019853367
-120.4,40.4,0.00726725434900584,10.5574476418738,13.7014800847699,919.240019853367
-120.3,40.4,0.0124731743737995,71.1297847174395,15.1180556107892,5185.98772461607
-120.2,40.4,0.0124731743737995,71.1297847174395,15.1180556107892,5185.98772461607
-120.1,40.4,0.0124731743737995,71.1297847174395,15.1180556107892,5185.98772461607
-124.3,40.5,-0.00475184382610683,0.129818895891546,13.9340433325207,11.4258288123492
-124.2,40.5,-0.00475184382610683,0.129818895891546,13.9340433325207,11.4258288123492
-124.1,40.5,-0.00475184382610683,0.129818895891546,13.9340433325207,11.4258288123492
-124,40.5,0.016245436605906,284.643767007106,16.7356842302511,11562.6836440499
-123.9,40.5,0.016245436605906,284.643767007106,16.7356842302511,11562.6836440499
-123.8,40.5,0.016245436605906,284.643767007106,16.7356842302511,11562.6836440499
-123.7,40.5,0.016245436605906,284.643767007106,16.7356842302511,11562.6836440499
-123.6,40.5,0.016245436605906,284.643767007106,16.7356842302511,11562.6836440499
-123.5,40.5,0.016245436605906,284.643767007106,16.7356842302511,11562.6836440499
-123.4,40.5,0.0163216947344434,292.178653681238,16.4071641924202,14738.0824399149
-123.3,40.5,0.0163216947344434,292.178653681238,16.4071641924202,14738.0824399149
-123.2,40.5,0.0163216947344434,292.178653681238,16.4071641924202,14738.0824399149
-123.1,40.5,0.0163216947344434,292.178653681238,16.4071641924202,14738.0824399149
-123,40.5,0.0163216947344434,292.178653681238,16.4071641924202,14738.0824399149
-122.9,40.5,0.0163216947344434,292.178653681238,16.4071641924202,14738.0824399149
-122.8,40.5,0.0263685973469304,12062.5542853813,20.5016970155679,322353.945979788
-122.7,40.5,0.0263685973469304,12062.5542853813,20.5016970155679,322353.945979788
-122.6,40.5,0.0263685973469304,12062.5542853813,20.5016970155679,322353.945979788
-122.5,40.5,0.0263685973469304,12062.5542853813,20.5016970155679,322353.945979788
-122.4,40.5,0.0263685973469304,12062.5542853813,20.5016970155679,322353.945979788
-122.3,40.5,0.0263685973469304,12062.5542853813,20.5016970155679,322353.945979788
-122.2,40.5,0.0263685973469304,12062.5542853813,20.5016970155679,322353.945979788
-122.1,40.5,0.0231082877266979,3544.60442735908,18.1928597542045,131509.871420027
-122,40.5,0.0231082877266979,3544.60442735908,18.1928597542045,131509.871420027
-121.9,40.5,0.0231082877266979,3544.60442735908,18.1928597542045,131509.871420027
-121.8,40.5,0.0231082877266979,3544.60442735908,18.1928597542045,131509.871420027
-121.7,40.5,0.0231082877266979,3544.60442735908,18.1928597542045,131509.871420027
-121.6,40.5,0.0231082877266979,3544.60442735908,18.1928597542045,131509.871420027
-121.5,40.5,0.00312139724124751,2.31349070627664,12.8713288320037,220.931879655137
-121.4,40.5,0.00312139724124751,2.31349070627664,12.8713288320037,220.931879655137
-121.3,40.5,0.00312139724124751,2.31349070627664,12.8713288320037,220.931879655137
-121.2,40.5,0.00312139724124751,2.31349070627664,12.8713288320037,220.931879655137
-121.1,40.5,0.00312139724124751,2.31349070627664,12.8713288320037,220.931879655137
-121,40.5,0.00312139724124751,2.31349070627664,12.8713288320037,220.931879655137
-120.9,40.5,0.00726725434900584,10.5574476418738,13.7014800847699,919.240019853367
-120.8,40.5,0.00726725434900584,10.5574476418738,13.7014800847699,919.240019853367
-120.7,40.5,0.00726725434900584,10.5574476418738,13.7014800847699,919.240019853367
-120.6,40.5,0.00726725434900584,10.5574476418738,13.7014800847699,919.240019853367
-120.5,40.5,0.00726725434900584,10.5574476418738,13.7014800847699,919.240019853367
-120.4,40.5,0.00726725434900584,10.5574476418738,13.7014800847699,919.240019853367
-120.3,40.5,0.0124731743737995,71.1297847174395,15.1180556107892,5185.98772461607
-120.2,40.5,0.0124731743737995,71.1297847174395,15.1180556107892,5185.98772461607
-120.1,40.5,0.0124731743737995,71.1297847174395,15.1180556107892,5185.98772461607
-124.3,40.6,-0.00475184382610683,0.129818895891546,13.9340433325207,11.4258288123492
-124.2,40.6,-0.00475184382610683,0.129818895891546,13.9340433325207,11.4258288123492
-124.1,40.6,-0.00475184382610683,0.129818895891546,13.9340433325207,11.4258288123492
-124,40.6,0.016245436605906,284.643767007106,16.7356842302511,11562.6836440499
-123.9,40.6,0.016245436605906,284.643767007106,16.7356842302511,11562.6836440499
-123.8,40.6,0.016245436605906,284.643767007106,16.7356842302511,11562.6836440499
-123.7,40.6,0.016245436605906,284.643767007106,16.7356842302511,11562.6836440499
-123.6,40.6,0.016245436605906,284.643767007106,16.7356842302511,11562.6836440499
-123.5,40.6,0.016245436605906,284.643767007106,16.7356842302511,11562.6836440499
-123.4,40.6,0.0163216947344434,292.178653681238,16.4071641924202,14738.0824399149
-123.3,40.6,0.0163216947344434,292.178653681238,16.4071641924202,14738.0824399149
-123.2,40.6,0.0163216947344434,292.178653681238,16.4071641924202,14738.0824399149
-123.1,40.6,0.0163216947344434,292.178653681238,16.4071641924202,14738.0824399149
-123,40.6,0.0163216947344434,292.178653681238,16.4071641924202,14738.0824399149
-122.9,40.6,0.0163216947344434,292.178653681238,16.4071641924202,14738.0824399149
-122.8,40.6,0.0263685973469304,12062.5542853813,20.5016970155679,322353.945979788
-122.7,40.6,0.0263685973469304,12062.5542853813,20.5016970155679,322353.945979788
-122.6,40.6,0.0263685973469304,12062.5542853813,20.5016970155679,322353.945979788
-122.5,40.6,0.0263685973469304,12062.5542853813,20.5016970155679,322353.945979788
-122.4,40.6,0.0263685973469304,12062.5542853813,20.5016970155679,322353.945979788
-122.3,40.6,0.0263685973469304,12062.5542853813,20.5016970155679,322353.945979788
-122.2,40.6,0.0263685973469304,12062.5542853813,20.5016970155679,322353.945979788
-122.1,40.6,0.0231082877266979,3544.60442735908,18.1928597542045,131509.871420027
-122,40.6,0.0231082877266979,3544.60442735908,18.1928597542045,131509.871420027
-121.9,40.6,0.0231082877266979,3544.60442735908,18.1928597542045,131509.871420027
-121.8,40.6,0.0231082877266979,3544.60442735908,18.1928597542045,131509.871420027
-121.7,40.6,0.0231082877266979,3544.60442735908,18.1928597542045,131509.871420027
-121.6,40.6,0.0231082877266979,3544.60442735908,18.1928597542045,131509.871420027
-121.5,40.6,0.00312139724124751,2.31349070627664,12.8713288320037,220.931879655137
-121.4,40.6,0.00312139724124751,2.31349070627664,12.8713288320037,220.931879655137
-121.3,40.6,0.00312139724124751,2.31349070627664,12.8713288320037,220.931879655137
-121.2,40.6,0.00312139724124751,2.31349070627664,12.8713288320037,220.931879655137
-121.1,40.6,0.00312139724124751,2.31349070627664,12.8713288320037,220.931879655137
-121,40.6,0.00312139724124751,2.31349070627664,12.8713288320037,220.931879655137
-120.9,40.6,0.00726725434900584,10.5574476418738,13.7014800847699,919.240019853367
-120.8,40.6,0.00726725434900584,10.5574476418738,13.7014800847699,919.240019853367
-120.7,40.6,0.00726725434900584,10.5574476418738,13.7014800847699,919.240019853367
-120.6,40.6,0.00726725434900584,10.5574476418738,13.7014800847699,919.240019853367
-120.5,40.6,0.00726725434900584,10.5574476418738,13.7014800847699,919.240019853367
-120.4,40.6,0.00726725434900584,10.5574476418738,13.7014800847699,919.240019853367
-120.3,40.6,0.0124731743737995,71.1297847174395,15.1180556107892,5185.98772461607
-120.2,40.6,0.0124731743737995,71.1297847174395,15.1180556107892,5185.98772461607
-120.1,40.6,0.0124731743737995,71.1297847174395,15.1180556107892,5185.98772461607
-124.2,40.7,-0.00475184382610683,0.129818895891546,13.9340433325207,11.4258288123492
-124.1,40.7,-0.00475184382610683,0.129818895891546,13.9340433325207,11.4258288123492
-124,40.7,0.016245436605906,284.643767007106,16.7356842302511,11562.6836440499
-123.9,40.7,0.016245436605906,284.643767007106,16.7356842302511,11562.6836440499
-123.8,40.7,0.016245436605906,284.643767007106,16.7356842302511,11562.6836440499
-123.7,40.7,0.016245436605906,284.643767007106,16.7356842302511,11562.6836440499
-123.6,40.7,0.016245436605906,284.643767007106,16.7356842302511,11562.6836440499
-123.5,40.7,0.016245436605906,284.643767007106,16.7356842302511,11562.6836440499
-123.4,40.7,0.0163216947344434,292.178653681238,16.4071641924202,14738.0824399149
-123.3,40.7,0.0163216947344434,292.178653681238,16.4071641924202,14738.0824399149
-123.2,40.7,0.0163216947344434,292.178653681238,16.4071641924202,14738.0824399149
-123.1,40.7,0.0163216947344434,292.178653681238,16.4071641924202,14738.0824399149
-123,40.7,0.0163216947344434,292.178653681238,16.4071641924202,14738.0824399149
-122.9,40.7,0.0163216947344434,292.178653681238,16.4071641924202,14738.0824399149
-122.8,40.7,0.0263685973469304,12062.5542853813,20.5016970155679,322353.945979788
-122.7,40.7,0.0263685973469304,12062.5542853813,20.5016970155679,322353.945979788
-122.6,40.7,0.0263685973469304,12062.5542853813,20.5016970155679,322353.945979788
-122.5,40.7,0.0263685973469304,12062.5542853813,20.5016970155679,322353.945979788
-122.4,40.7,0.0263685973469304,12062.5542853813,20.5016970155679,322353.945979788
-122.3,40.7,0.0263685973469304,12062.5542853813,20.5016970155679,322353.945979788
-122.2,40.7,0.0263685973469304,12062.5542853813,20.5016970155679,322353.945979788
-122.1,40.7,0.0231082877266979,3544.60442735908,18.1928597542045,131509.871420027
-122,40.7,0.0231082877266979,3544.60442735908,18.1928597542045,131509.871420027
-121.9,40.7,0.0231082877266979,3544.60442735908,18.1928597542045,131509.871420027
-121.8,40.7,0.0231082877266979,3544.60442735908,18.1928597542045,131509.871420027
-121.7,40.7,0.0231082877266979,3544.60442735908,18.1928597542045,131509.871420027
-121.6,40.7,0.0231082877266979,3544.60442735908,18.1928597542045,131509.871420027
-121.5,40.7,0.00312139724124751,2.31349070627664,12.8713288320037,220.931879655137
-121.4,40.7,0.00312139724124751,2.31349070627664,12.8713288320037,220.931879655137
-121.3,40.7,0.00312139724124751,2.31349070627664,12.8713288320037,220.931879655137
-121.2,40.7,0.00312139724124751,2.31349070627664,12.8713288320037,220.931879655137
-121.1,40.7,0.00312139724124751,2.31349070627664,12.8713288320037,220.931879655137
-121,40.7,0.00312139724124751,2.31349070627664,12.8713288320037,220.931879655137
-120.9,40.7,0.00726725434900584,10.5574476418738,13.7014800847699,919.240019853367
-120.8,40.7,0.00726725434900584,10.5574476418738,13.7014800847699,919.240019853367
-120.7,40.7,0.00726725434900584,10.5574476418738,13.7014800847699,919.240019853367
-120.6,40.7,0.00726725434900584,10.5574476418738,13.7014800847699,919.240019853367
-120.5,40.7,0.00726725434900584,10.5574476418738,13.7014800847699,919.240019853367
-120.4,40.7,0.00726725434900584,10.5574476418738,13.7014800847699,919.240019853367
-120.3,40.7,0.0124731743737995,71.1297847174395,15.1180556107892,5185.98772461607
-120.2,40.7,0.0124731743737995,71.1297847174395,15.1180556107892,5185.98772461607
-120.1,40.7,0.0124731743737995,71.1297847174395,15.1180556107892,5185.98772461607
-124.2,40.8,-0.00901276827899331,0.0272726328122091,13.2486807923258,5.34802709201898
-124.1,40.8,-0.00901276827899331,0.0272726328122091,13.2486807923258,5.34802709201898
-124,40.8,0.0144590193934162,147.80781541472,16.4265176497302,6242.04153545886
-123.9,40.8,0.0144590193934162,147.80781541472,16.4265176497302,6242.04153545886
-123.8,40.8,0.0144590193934162,147.80781541472,16.4265176497302,6242.04153545886
-123.7,40.8,0.0144590193934162,147.80781541472,16.4265176497302,6242.04153545886
-123.6,40.8,0.0144590193934162,147.80781541472,16.4265176497302,6242.04153545886
-123.5,40.8,0.0144590193934162,147.80781541472,16.4265176497302,6242.04153545886
-123.4,40.8,0.00977205923695951,26.4446248965901,14.7058898933124,1776.73869496369
-123.3,40.8,0.00977205923695951,26.4446248965901,14.7058898933124,1776.73869496369
-123.2,40.8,0.00977205923695951,26.4446248965901,14.7058898933124,1776.73869496369
-123.1,40.8,0.00977205923695951,26.4446248965901,14.7058898933124,1776.73869496369
-123,40.8,0.00977205923695951,26.4446248965901,14.7058898933124,1776.73869496369
-122.9,40.8,0.00977205923695951,26.4446248965901,14.7058898933124,1776.73869496369
-122.8,40.8,0.0160731809699499,266.554285063656,16.2167703277596,14296.6716892812
-122.7,40.8,0.0160731809699499,266.554285063656,16.2167703277596,14296.6716892812
-122.6,40.8,0.0160731809699499,266.554285063656,16.2167703277596,14296.6716892812
-122.5,40.8,0.0160731809699499,266.554285063656,16.2167703277596,14296.6716892812
-122.4,40.8,0.0160731809699499,266.554285063656,16.2167703277596,14296.6716892812
-122.3,40.8,0.0160731809699499,266.554285063656,16.2167703277596,14296.6716892812
-122.2,40.8,0.0160731809699499,266.554285063656,16.2167703277596,14296.6716892812
-122.1,40.8,0.0167722419732151,344.56583704748,16.4187339146543,18233.0498000879
-122,40.8,0.0167722419732151,344.56583704748,16.4187339146543,18233.0498000879
-121.9,40.8,0.0167722419732151,344.56583704748,16.4187339146543,18233.0498000879
-121.8,40.8,0.0167722419732151,344.56583704748,16.4187339146543,18233.0498000879
-121.7,40.8,0.0167722419732151,344.56583704748,16.4187339146543,18233.0498000879
-121.6,40.8,0.0167722419732151,344.56583704748,16.4187339146543,18233.0498000879
-121.5,40.8,0.0109937705092242,41.3845698760276,15.0540470176703,2884.43957142722
-121.4,40.8,0.0109937705092242,41.3845698760276,15.0540470176703,2884.43957142722
-121.3,40.8,0.0109937705092242,41.3845698760276,15.0540470176703,2884.43957142722
-121.2,40.8,0.0109937705092242,41.3845698760276,15.0540470176703,2884.43957142722
-121.1,40.8,0.0109937705092242,41.3845698760276,15.0540470176703,2884.43957142722
-121,40.8,0.0109937705092242,41.3845698760276,15.0540470176703,2884.43957142722
-120.9,40.8,0.00442716435736075,3.7315487677061,13.0987336601555,372.208870560756
-120.8,40.8,0.00442716435736075,3.7315487677061,13.0987336601555,372.208870560756
-120.7,40.8,0.00442716435736075,3.7315487677061,13.0987336601555,372.208870560756
-120.6,40.8,0.00442716435736075,3.7315487677061,13.0987336601555,372.208870560756
-120.5,40.8,0.00442716435736075,3.7315487677061,13.0987336601555,372.208870560756
-120.4,40.8,0.00442716435736075,3.7315487677061,13.0987336601555,372.208870560756
-120.3,40.8,0.00465722798664637,4.05921495767466,13.0478358452974,413.745341822166
-120.2,40.8,0.00465722798664637,4.05921495767466,13.0478358452974,413.745341822166
-120.1,40.8,0.00465722798664637,4.05921495767466,13.0478358452974,413.745341822166
-124.1,40.9,-0.00901276827899331,0.0272726328122091,13.2486807923258,5.34802709201898
-124,40.9,0.0144590193934162,147.80781541472,16.4265176497302,6242.04153545886
-123.9,40.9,0.0144590193934162,147.80781541472,16.4265176497302,6242.04153545886
-123.8,40.9,0.0144590193934162,147.80781541472,16.4265176497302,6242.04153545886
-123.7,40.9,0.0144590193934162,147.80781541472,16.4265176497302,6242.04153545886
-123.6,40.9,0.0144590193934162,147.80781541472,16.4265176497302,6242.04153545886
-123.5,40.9,0.0144590193934162,147.80781541472,16.4265176497302,6242.04153545886
-123.4,40.9,0.00977205923695951,26.4446248965901,14.7058898933124,1776.73869496369
-123.3,40.9,0.00977205923695951,26.4446248965901,14.7058898933124,1776.73869496369
-123.2,40.9,0.00977205923695951,26.4446248965901,14.7058898933124,1776.73869496369
-123.1,40.9,0.00977205923695951,26.4446248965901,14.7058898933124,1776.73869496369
-123,40.9,0.00977205923695951,26.4446248965901,14.7058898933124,1776.73869496369
-122.9,40.9,0.00977205923695951,26.4446248965901,14.7058898933124,1776.73869496369
-122.8,40.9,0.0160731809699499,266.554285063656,16.2167703277596,14296.6716892812
-122.7,40.9,0.0160731809699499,266.554285063656,16.2167703277596,14296.6716892812
-122.6,40.9,0.0160731809699499,266.554285063656,16.2167703277596,14296.6716892812
-122.5,40.9,0.0160731809699499,266.554285063656,16.2167703277596,14296.6716892812
-122.4,40.9,0.0160731809699499,266.554285063656,16.2167703277596,14296.6716892812
-122.3,40.9,0.0160731809699499,266.554285063656,16.2167703277596,14296.6716892812
-122.2,40.9,0.0160731809699499,266.554285063656,16.2167703277596,14296.6716892812
-122.1,40.9,0.0167722419732151,344.56583704748,16.4187339146543,18233.0498000879
-122,40.9,0.0167722419732151,344.56583704748,16.4187339146543,18233.0498000879
-121.9,40.9,0.0167722419732151,344.56583704748,16.4187339146543,18233.0498000879
-121.8,40.9,0.0167722419732151,344.56583704748,16.4187339146543,18233.0498000879
-121.7,40.9,0.0167722419732151,344.56583704748,16.4187339146543,18233.0498000879
-121.6,40.9,0.0167722419732151,344.56583704748,16.4187339146543,18233.0498000879
-121.5,40.9,0.0109937705092242,41.3845698760276,15.0540470176703,2884.43957142722
-121.4,40.9,0.0109937705092242,41.3845698760276,15.0540470176703,2884.43957142722
-121.3,40.9,0.0109937705092242,41.3845698760276,15.0540470176703,2884.43957142722
-121.2,40.9,0.0109937705092242,41.3845698760276,15.0540470176703,2884.43957142722
-121.1,40.9,0.0109937705092242,41.3845698760276,15.0540470176703,2884.43957142722
-121,40.9,0.0109937705092242,41.3845698760276,15.0540470176703,2884.43957142722
-120.9,40.9,0.00442716435736075,3.7315487677061,13.0987336601555,372.208870560756
-120.8,40.9,0.00442716435736075,3.7315487677061,13.0987336601555,372.208870560756
-120.7,40.9,0.00442716435736075,3.7315487677061,13.0987336601555,372.208870560756
-120.6,40.9,0.00442716435736075,3.7315487677061,13.0987336601555,372.208870560756
-120.5,40.9,0.00442716435736075,3.7315487677061,13.0987336601555,372.208870560756
-120.4,40.9,0.00442716435736075,3.7315487677061,13.0987336601555,372.208870560756
-120.3,40.9,0.00465722798664637,4.05921495767466,13.0478358452974,413.745341822166
-120.2,40.9,0.00465722798664637,4.05921495767466,13.0478358452974,413.745341822166
-120.1,40.9,0.00465722798664637,4.05921495767466,13.0478358452974,413.745341822166
-124.1,41,-0.00901276827899331,0.0272726328122091,13.2486807923258,5.34802709201898
-124,41,0.0144590193934162,147.80781541472,16.4265176497302,6242.04153545886
-123.9,41,0.0144590193934162,147.80781541472,16.4265176497302,6242.04153545886
-123.8,41,0.0144590193934162,147.80781541472,16.4265176497302,6242.04153545886
-123.7,41,0.0144590193934162,147.80781541472,16.4265176497302,6242.04153545886
-123.6,41,0.0144590193934162,147.80781541472,16.4265176497302,6242.04153545886
-123.5,41,0.0144590193934162,147.80781541472,16.4265176497302,6242.04153545886
-123.4,41,0.00977205923695951,26.4446248965901,14.7058898933124,1776.73869496369
-123.3,41,0.00977205923695951,26.4446248965901,14.7058898933124,1776.73869496369
-123.2,41,0.00977205923695951,26.4446248965901,14.7058898933124,1776.73869496369
-123.1,41,0.00977205923695951,26.4446248965901,14.7058898933124,1776.73869496369
-123,41,0.00977205923695951,26.4446248965901,14.7058898933124,1776.73869496369
-122.9,41,0.00977205923695951,26.4446248965901,14.7058898933124,1776.73869496369
-122.8,41,0.0160731809699499,266.554285063656,16.2167703277596,14296.6716892812
-122.7,41,0.0160731809699499,266.554285063656,16.2167703277596,14296.6716892812
-122.6,41,0.0160731809699499,266.554285063656,16.2167703277596,14296.6716892812
-122.5,41,0.0160731809699499,266.554285063656,16.2167703277596,14296.6716892812
-122.4,41,0.0160731809699499,266.554285063656,16.2167703277596,14296.6716892812
-122.3,41,0.0160731809699499,266.554285063656,16.2167703277596,14296.6716892812
-122.2,41,0.0160731809699499,266.554285063656,16.2167703277596,14296.6716892812
-122.1,41,0.0167722419732151,344.56583704748,16.4187339146543,18233.0498000879
-122,41,0.0167722419732151,344.56583704748,16.4187339146543,18233.0498000879
-121.9,41,0.0167722419732151,344.56583704748,16.4187339146543,18233.0498000879
-121.8,41,0.0167722419732151,344.56583704748,16.4187339146543,18233.0498000879
-121.7,41,0.0167722419732151,344.56583704748,16.4187339146543,18233.0498000879
-121.6,41,0.0167722419732151,344.56583704748,16.4187339146543,18233.0498000879
-121.5,41,0.0109937705092242,41.3845698760276,15.0540470176703,2884.43957142722
-121.4,41,0.0109937705092242,41.3845698760276,15.0540470176703,2884.43957142722
-121.3,41,0.0109937705092242,41.3845698760276,15.0540470176703,2884.43957142722
-121.2,41,0.0109937705092242,41.3845698760276,15.0540470176703,2884.43957142722
-121.1,41,0.0109937705092242,41.3845698760276,15.0540470176703,2884.43957142722
-121,41,0.0109937705092242,41.3845698760276,15.0540470176703,2884.43957142722
-120.9,41,0.00442716435736075,3.7315487677061,13.0987336601555,372.208870560756
-120.8,41,0.00442716435736075,3.7315487677061,13.0987336601555,372.208870560756
-120.7,41,0.00442716435736075,3.7315487677061,13.0987336601555,372.208870560756
-120.6,41,0.00442716435736075,3.7315487677061,13.0987336601555,372.208870560756
-120.5,41,0.00442716435736075,3.7315487677061,13.0987336601555,372.208870560756
-120.4,41,0.00442716435736075,3.7315487677061,13.0987336601555,372.208870560756
-120.3,41,0.00465722798664637,4.05921495767466,13.0478358452974,413.745341822166
-120.2,41,0.00465722798664637,4.05921495767466,13.0478358452974,413.745341822166
-120.1,41,0.00465722798664637,4.05921495767466,13.0478358452974,413.745341822166
-124.1,41.1,-0.00901276827899331,0.0272726328122091,13.2486807923258,5.34802709201898
-124,41.1,0.0144590193934162,147.80781541472,16.4265176497302,6242.04153545886
-123.9,41.1,0.0144590193934162,147.80781541472,16.4265176497302,6242.04153545886
-123.8,41.1,0.0144590193934162,147.80781541472,16.4265176497302,6242.04153545886
-123.7,41.1,0.0144590193934162,147.80781541472,16.4265176497302,6242.04153545886
-123.6,41.1,0.0144590193934162,147.80781541472,16.4265176497302,6242.04153545886
-123.5,41.1,0.0144590193934162,147.80781541472,16.4265176497302,6242.04153545886
-123.4,41.1,0.00977205923695951,26.4446248965901,14.7058898933124,1776.73869496369
-123.3,41.1,0.00977205923695951,26.4446248965901,14.7058898933124,1776.73869496369
-123.2,41.1,0.00977205923695951,26.4446248965901,14.7058898933124,1776.73869496369
-123.1,41.1,0.00977205923695951,26.4446248965901,14.7058898933124,1776.73869496369
-123,41.1,0.00977205923695951,26.4446248965901,14.7058898933124,1776.73869496369
-122.9,41.1,0.00977205923695951,26.4446248965901,14.7058898933124,1776.73869496369
-122.8,41.1,0.0160731809699499,266.554285063656,16.2167703277596,14296.6716892812
-122.7,41.1,0.0160731809699499,266.554285063656,16.2167703277596,14296.6716892812
-122.6,41.1,0.0160731809699499,266.554285063656,16.2167703277596,14296.6716892812
-122.5,41.1,0.0160731809699499,266.554285063656,16.2167703277596,14296.6716892812
-122.4,41.1,0.0160731809699499,266.554285063656,16.2167703277596,14296.6716892812
-122.3,41.1,0.0160731809699499,266.554285063656,16.2167703277596,14296.6716892812
-122.2,41.1,0.0160731809699499,266.554285063656,16.2167703277596,14296.6716892812
-122.1,41.1,0.0167722419732151,344.56583704748,16.4187339146543,18233.0498000879
-122,41.1,0.0167722419732151,344.56583704748,16.4187339146543,18233.0498000879
-121.9,41.1,0.0167722419732151,344.56583704748,16.4187339146543,18233.0498000879
-121.8,41.1,0.0167722419732151,344.56583704748,16.4187339146543,18233.0498000879
-121.7,41.1,0.0167722419732151,344.56583704748,16.4187339146543,18233.0498000879
-121.6,41.1,0.0167722419732151,344.56583704748,16.4187339146543,18233.0498000879
-121.5,41.1,0.0109937705092242,41.3845698760276,15.0540470176703,2884.43957142722
-121.4,41.1,0.0109937705092242,41.3845698760276,15.0540470176703,2884.43957142722
-121.3,41.1,0.0109937705092242,41.3845698760276,15.0540470176703,2884.43957142722
-121.2,41.1,0.0109937705092242,41.3845698760276,15.0540470176703,2884.43957142722
-121.1,41.1,0.0109937705092242,41.3845698760276,15.0540470176703,2884.43957142722
-121,41.1,0.0109937705092242,41.3845698760276,15.0540470176703,2884.43957142722
-120.9,41.1,0.00442716435736075,3.7315487677061,13.0987336601555,372.208870560756
-120.8,41.1,0.00442716435736075,3.7315487677061,13.0987336601555,372.208870560756
-120.7,41.1,0.00442716435736075,3.7315487677061,13.0987336601555,372.208870560756
-120.6,41.1,0.00442716435736075,3.7315487677061,13.0987336601555,372.208870560756
-120.5,41.1,0.00442716435736075,3.7315487677061,13.0987336601555,372.208870560756
-120.4,41.1,0.00442716435736075,3.7315487677061,13.0987336601555,372.208870560756
-120.3,41.1,0.00465722798664637,4.05921495767466,13.0478358452974,413.745341822166
-120.2,41.1,0.00465722798664637,4.05921495767466,13.0478358452974,413.745341822166
-120.1,41.1,0.00465722798664637,4.05921495767466,13.0478358452974,413.745341822166
-124,41.2,0.0144590193934162,147.80781541472,16.4265176497302,6242.04153545886
-123.9,41.2,0.0144590193934162,147.80781541472,16.4265176497302,6242.04153545886
-123.8,41.2,0.0144590193934162,147.80781541472,16.4265176497302,6242.04153545886
-123.7,41.2,0.0144590193934162,147.80781541472,16.4265176497302,6242.04153545886
-123.6,41.2,0.0144590193934162,147.80781541472,16.4265176497302,6242.04153545886
-123.5,41.2,0.0144590193934162,147.80781541472,16.4265176497302,6242.04153545886
-123.4,41.2,0.00977205923695951,26.4446248965901,14.7058898933124,1776.73869496369
-123.3,41.2,0.00977205923695951,26.4446248965901,14.7058898933124,1776.73869496369
-123.2,41.2,0.00977205923695951,26.4446248965901,14.7058898933124,1776.73869496369
-123.1,41.2,0.00977205923695951,26.4446248965901,14.7058898933124,1776.73869496369
-123,41.2,0.00977205923695951,26.4446248965901,14.7058898933124,1776.73869496369
-122.9,41.2,0.00977205923695951,26.4446248965901,14.7058898933124,1776.73869496369
-122.8,41.2,0.0160731809699499,266.554285063656,16.2167703277596,14296.6716892812
-122.7,41.2,0.0160731809699499,266.554285063656,16.2167703277596,14296.6716892812
-122.6,41.2,0.0160731809699499,266.554285063656,16.2167703277596,14296.6716892812
-122.5,41.2,0.0160731809699499,266.554285063656,16.2167703277596,14296.6716892812
-122.4,41.2,0.0160731809699499,266.554285063656,16.2167703277596,14296.6716892812
-122.3,41.2,0.0160731809699499,266.554285063656,16.2167703277596,14296.6716892812
-122.2,41.2,0.0160731809699499,266.554285063656,16.2167703277596,14296.6716892812
-122.1,41.2,0.0167722419732151,344.56583704748,16.4187339146543,18233.0498000879
-122,41.2,0.0167722419732151,344.56583704748,16.4187339146543,18233.0498000879
-121.9,41.2,0.0167722419732151,344.56583704748,16.4187339146543,18233.0498000879
-121.8,41.2,0.0167722419732151,344.56583704748,16.4187339146543,18233.0498000879
-121.7,41.2,0.0167722419732151,344.56583704748,16.4187339146543,18233.0498000879
-121.6,41.2,0.0167722419732151,344.56583704748,16.4187339146543,18233.0498000879
-121.5,41.2,0.0109937705092242,41.3845698760276,15.0540470176703,2884.43957142722
-121.4,41.2,0.0109937705092242,41.3845698760276,15.0540470176703,2884.43957142722
-121.3,41.2,0.0109937705092242,41.3845698760276,15.0540470176703,2884.43957142722
-121.2,41.2,0.0109937705092242,41.3845698760276,15.0540470176703,2884.43957142722
-121.1,41.2,0.0109937705092242,41.3845698760276,15.0540470176703,2884.43957142722
-121,41.2,0.0109937705092242,41.3845698760276,15.0540470176703,2884.43957142722
-120.9,41.2,0.00442716435736075,3.7315487677061,13.0987336601555,372.208870560756
-120.8,41.2,0.00442716435736075,3.7315487677061,13.0987336601555,372.208870560756
-120.7,41.2,0.00442716435736075,3.7315487677061,13.0987336601555,372.208870560756
-120.6,41.2,0.00442716435736075,3.7315487677061,13.0987336601555,372.208870560756
-120.5,41.2,0.00442716435736075,3.7315487677061,13.0987336601555,372.208870560756
-120.4,41.2,0.00442716435736075,3.7315487677061,13.0987336601555,372.208870560756
-120.3,41.2,0.00465722798664637,4.05921495767466,13.0478358452974,413.745341822166
-120.2,41.2,0.00465722798664637,4.05921495767466,13.0478358452974,413.745341822166
-120.1,41.2,0.00465722798664637,4.05921495767466,13.0478358452974,413.745341822166
-124,41.3,0.011303092122443,46.4382344374512,15.7408277189265,2436.12492800212
-123.9,41.3,0.011303092122443,46.4382344374512,15.7408277189265,2436.12492800212
-123.8,41.3,0.011303092122443,46.4382344374512,15.7408277189265,2436.12492800212
-123.7,41.3,0.011303092122443,46.4382344374512,15.7408277189265,2436.12492800212
-123.6,41.3,0.011303092122443,46.4382344374512,15.7408277189265,2436.12492800212
-123.5,41.3,0.011303092122443,46.4382344374512,15.7408277189265,2436.12492800212
-123.4,41.3,0.00843723242811597,16.2164616614598,14.4341925980651,1174.06791675956
-123.3,41.3,0.00843723242811597,16.2164616614598,14.4341925980651,1174.06791675956
-123.2,41.3,0.00843723242811597,16.2164616614598,14.4341925980651,1174.06791675956
-123.1,41.3,0.00843723242811597,16.2164616614598,14.4341925980651,1174.06791675956
-123,41.3,0.00843723242811597,16.2164616614598,14.4341925980651,1174.06791675956
-122.9,41.3,0.00843723242811597,16.2164616614598,14.4341925980651,1174.06791675956
-122.8,41.3,0.00811041461583649,14.3819530981767,14.1475802315648,1119.11632044003
-122.7,41.3,0.00811041461583649,14.3819530981767,14.1475802315648,1119.11632044003
-122.6,41.3,0.00811041461583649,14.3819530981767,14.1475802315648,1119.11632044003
-122.5,41.3,0.00811041461583649,14.3819530981767,14.1475802315648,1119.11632044003
-122.4,41.3,0.00811041461583649,14.3819530981767,14.1475802315648,1119.11632044003
-122.3,41.3,0.00811041461583649,14.3819530981767,14.1475802315648,1119.11632044003
-122.2,41.3,0.00811041461583649,14.3819530981767,14.1475802315648,1119.11632044003
-122.1,41.3,0.00482048460665331,4.30952195416373,13.1622736454819,407.158364459585
-122,41.3,0.00482048460665331,4.30952195416373,13.1622736454819,407.158364459585
-121.9,41.3,0.00482048460665331,4.30952195416373,13.1622736454819,407.158364459585
-121.8,41.3,0.00482048460665331,4.30952195416373,13.1622736454819,407.158364459585
-121.7,41.3,0.00482048460665331,4.30952195416373,13.1622736454819,407.158364459585
-121.6,41.3,0.00482048460665331,4.30952195416373,13.1622736454819,407.158364459585
-121.5,41.3,0.00780795044654005,12.8732723575411,14.0607332851436,1087.33050775688
-121.4,41.3,0.00780795044654005,12.8732723575411,14.0607332851436,1087.33050775688
-121.3,41.3,0.00780795044654005,12.8732723575411,14.0607332851436,1087.33050775688
-121.2,41.3,0.00780795044654005,12.8732723575411,14.0607332851436,1087.33050775688
-121.1,41.3,0.00780795044654005,12.8732723575411,14.0607332851436,1087.33050775688
-121,41.3,0.00780795044654005,12.8732723575411,14.0607332851436,1087.33050775688
-120.9,41.3,0.00620393524130807,7.15378601260601,13.685744668909,668.001977467252
-120.8,41.3,0.00620393524130807,7.15378601260601,13.685744668909,668.001977467252
-120.7,41.3,0.00620393524130807,7.15378601260601,13.685744668909,668.001977467252
-120.6,41.3,0.00620393524130807,7.15378601260601,13.685744668909,668.001977467252
-120.5,41.3,0.00620393524130807,7.15378601260601,13.685744668909,668.001977467252
-120.4,41.3,0.00620393524130807,7.15378601260601,13.685744668909,668.001977467252
-120.3,41.3,0.00321342141775636,2.39252426627531,12.7259641607126,260.891275053097
-120.2,41.3,0.00321342141775636,2.39252426627531,12.7259641607126,260.891275053097
-120.1,41.3,0.00321342141775636,2.39252426627531,12.7259641607126,260.891275053097
-124,41.4,0.011303092122443,46.4382344374512,15.7408277189265,2436.12492800212
-123.9,41.4,0.011303092122443,46.4382344374512,15.7408277189265,2436.12492800212
-123.8,41.4,0.011303092122443,46.4382344374512,15.7408277189265,2436.12492800212
-123.7,41.4,0.011303092122443,46.4382344374512,15.7408277189265,2436.12492800212
-123.6,41.4,0.011303092122443,46.4382344374512,15.7408277189265,2436.12492800212
-123.5,41.4,0.011303092122443,46.4382344374512,15.7408277189265,2436.12492800212
-123.4,41.4,0.00843723242811597,16.2164616614598,14.4341925980651,1174.06791675956
-123.3,41.4,0.00843723242811597,16.2164616614598,14.4341925980651,1174.06791675956
-123.2,41.4,0.00843723242811597,16.2164616614598,14.4341925980651,1174.06791675956
-123.1,41.4,0.00843723242811597,16.2164616614598,14.4341925980651,1174.06791675956
-123,41.4,0.00843723242811597,16.2164616614598,14.4341925980651,1174.06791675956
-122.9,41.4,0.00843723242811597,16.2164616614598,14.4341925980651,1174.06791675956
-122.8,41.4,0.00811041461583649,14.3819530981767,14.1475802315648,1119.11632044003
-122.7,41.4,0.00811041461583649,14.3819530981767,14.1475802315648,1119.11632044003
-122.6,41.4,0.00811041461583649,14.3819530981767,14.1475802315648,1119.11632044003
-122.5,41.4,0.00811041461583649,14.3819530981767,14.1475802315648,1119.11632044003
-122.4,41.4,0.00811041461583649,14.3819530981767,14.1475802315648,1119.11632044003
-122.3,41.4,0.00811041461583649,14.3819530981767,14.1475802315648,1119.11632044003
-122.2,41.4,0.00811041461583649,14.3819530981767,14.1475802315648,1119.11632044003
-122.1,41.4,0.00482048460665331,4.30952195416373,13.1622736454819,407.158364459585
-122,41.4,0.00482048460665331,4.30952195416373,13.1622736454819,407.158364459585
-121.9,41.4,0.00482048460665331,4.30952195416373,13.1622736454819,407.158364459585
-121.8,41.4,0.00482048460665331,4.30952195416373,13.1622736454819,407.158364459585
-121.7,41.4,0.00482048460665331,4.30952195416373,13.1622736454819,407.158364459585
-121.6,41.4,0.00482048460665331,4.30952195416373,13.1622736454819,407.158364459585
-121.5,41.4,0.00780795044654005,12.8732723575411,14.0607332851436,1087.33050775688
-121.4,41.4,0.00780795044654005,12.8732723575411,14.0607332851436,1087.33050775688
-121.3,41.4,0.00780795044654005,12.8732723575411,14.0607332851436,1087.33050775688
-121.2,41.4,0.00780795044654005,12.8732723575411,14.0607332851436,1087.33050775688
-121.1,41.4,0.00780795044654005,12.8732723575411,14.0607332851436,1087.33050775688
-121,41.4,0.00780795044654005,12.8732723575411,14.0607332851436,1087.33050775688
-120.9,41.4,0.00620393524130807,7.15378601260601,13.685744668909,668.001977467252
-120.8,41.4,0.00620393524130807,7.15378601260601,13.685744668909,668.001977467252
-120.7,41.4,0.00620393524130807,7.15378601260601,13.685744668909,668.001977467252
-120.6,41.4,0.00620393524130807,7.15378601260601,13.685744668909,668.001977467252
-120.5,41.4,0.00620393524130807,7.15378601260601,13.685744668909,668.001977467252
-120.4,41.4,0.00620393524130807,7.15378601260601,13.685744668909,668.001977467252
-120.3,41.4,0.00321342141775636,2.39252426627531,12.7259641607126,260.891275053097
-120.2,41.4,0.00321342141775636,2.39252426627531,12.7259641607126,260.891275053097
-120.1,41.4,0.00321342141775636,2.39252426627531,12.7259641607126,260.891275053097
-124,41.5,0.011303092122443,46.4382344374512,15.7408277189265,2436.12492800212
-123.9,41.5,0.011303092122443,46.4382344374512,15.7408277189265,2436.12492800212
-123.8,41.5,0.011303092122443,46.4382344374512,15.7408277189265,2436.12492800212
-123.7,41.5,0.011303092122443,46.4382344374512,15.7408277189265,2436.12492800212
-123.6,41.5,0.011303092122443,46.4382344374512,15.7408277189265,2436.12492800212
-123.5,41.5,0.011303092122443,46.4382344374512,15.7408277189265,2436.12492800212
-123.4,41.5,0.00843723242811597,16.2164616614598,14.4341925980651,1174.06791675956
-123.3,41.5,0.00843723242811597,16.2164616614598,14.4341925980651,1174.06791675956
-123.2,41.5,0.00843723242811597,16.2164616614598,14.4341925980651,1174.06791675956
-123.1,41.5,0.00843723242811597,16.2164616614598,14.4341925980651,1174.06791675956
-123,41.5,0.00843723242811597,16.2164616614598,14.4341925980651,1174.06791675956
-122.9,41.5,0.00843723242811597,16.2164616614598,14.4341925980651,1174.06791675956
-122.8,41.5,0.00811041461583649,14.3819530981767,14.1475802315648,1119.11632044003
-122.7,41.5,0.00811041461583649,14.3819530981767,14.1475802315648,1119.11632044003
-122.6,41.5,0.00811041461583649,14.3819530981767,14.1475802315648,1119.11632044003
-122.5,41.5,0.00811041461583649,14.3819530981767,14.1475802315648,1119.11632044003
-122.4,41.5,0.00811041461583649,14.3819530981767,14.1475802315648,1119.11632044003
-122.3,41.5,0.00811041461583649,14.3819530981767,14.1475802315648,1119.11632044003
-122.2,41.5,0.00811041461583649,14.3819530981767,14.1475802315648,1119.11632044003
-122.1,41.5,0.00482048460665331,4.30952195416373,13.1622736454819,407.158364459585
-122,41.5,0.00482048460665331,4.30952195416373,13.1622736454819,407.158364459585
-121.9,41.5,0.00482048460665331,4.30952195416373,13.1622736454819,407.158364459585
-121.8,41.5,0.00482048460665331,4.30952195416373,13.1622736454819,407.158364459585
-121.7,41.5,0.00482048460665331,4.30952195416373,13.1622736454819,407.158364459585
-121.6,41.5,0.00482048460665331,4.30952195416373,13.1622736454819,407.158364459585
-121.5,41.5,0.00780795044654005,12.8732723575411,14.0607332851436,1087.33050775688
-121.4,41.5,0.00780795044654005,12.8732723575411,14.0607332851436,1087.33050775688
-121.3,41.5,0.00780795044654005,12.8732723575411,14.0607332851436,1087.33050775688
-121.2,41.5,0.00780795044654005,12.8732723575411,14.0607332851436,1087.33050775688
-121.1,41.5,0.00780795044654005,12.8732723575411,14.0607332851436,1087.33050775688
-121,41.5,0.00780795044654005,12.8732723575411,14.0607332851436,1087.33050775688
-120.9,41.5,0.00620393524130807,7.15378601260601,13.685744668909,668.001977467252
-120.8,41.5,0.00620393524130807,7.15378601260601,13.685744668909,668.001977467252
-120.7,41.5,0.00620393524130807,7.15378601260601,13.685744668909,668.001977467252
-120.6,41.5,0.00620393524130807,7.15378601260601,13.685744668909,668.001977467252
-120.5,41.5,0.00620393524130807,7.15378601260601,13.685744668909,668.001977467252
-120.4,41.5,0.00620393524130807,7.15378601260601,13.685744668909,668.001977467252
-120.3,41.5,0.00321342141775636,2.39252426627531,12.7259641607126,260.891275053097
-120.2,41.5,0.00321342141775636,2.39252426627531,12.7259641607126,260.891275053097
-120.1,41.5,0.00321342141775636,2.39252426627531,12.7259641607126,260.891275053097
-124,41.6,0.011303092122443,46.4382344374512,15.7408277189265,2436.12492800212
-123.9,41.6,0.011303092122443,46.4382344374512,15.7408277189265,2436.12492800212
-123.8,41.6,0.011303092122443,46.4382344374512,15.7408277189265,2436.12492800212
-123.7,41.6,0.011303092122443,46.4382344374512,15.7408277189265,2436.12492800212
-123.6,41.6,0.011303092122443,46.4382344374512,15.7408277189265,2436.12492800212
-123.5,41.6,0.011303092122443,46.4382344374512,15.7408277189265,2436.12492800212
-123.4,41.6,0.00843723242811597,16.2164616614598,14.4341925980651,1174.06791675956
-123.3,41.6,0.00843723242811597,16.2164616614598,14.4341925980651,1174.06791675956
-123.2,41.6,0.00843723242811597,16.2164616614598,14.4341925980651,1174.06791675956
-123.1,41.6,0.00843723242811597,16.2164616614598,14.4341925980651,1174.06791675956
-123,41.6,0.00843723242811597,16.2164616614598,14.4341925980651,1174.06791675956
-122.9,41.6,0.00843723242811597,16.2164616614598,14.4341925980651,1174.06791675956
-122.8,41.6,0.00811041461583649,14.3819530981767,14.1475802315648,1119.11632044003
-122.7,41.6,0.00811041461583649,14.3819530981767,14.1475802315648,1119.11632044003
-122.6,41.6,0.00811041461583649,14.3819530981767,14.1475802315648,1119.11632044003
-122.5,41.6,0.00811041461583649,14.3819530981767,14.1475802315648,1119.11632044003
-122.4,41.6,0.00811041461583649,14.3819530981767,14.1475802315648,1119.11632044003
-122.3,41.6,0.00811041461583649,14.3819530981767,14.1475802315648,1119.11632044003
-122.2,41.6,0.00811041461583649,14.3819530981767,14.1475802315648,1119.11632044003
-122.1,41.6,0.00482048460665331,4.30952195416373,13.1622736454819,407.158364459585
-122,41.6,0.00482048460665331,4.30952195416373,13.1622736454819,407.158364459585
-121.9,41.6,0.00482048460665331,4.30952195416373,13.1622736454819,407.158364459585
-121.8,41.6,0.00482048460665331,4.30952195416373,13.1622736454819,407.158364459585
-121.7,41.6,0.00482048460665331,4.30952195416373,13.1622736454819,407.158364459585
-121.6,41.6,0.00482048460665331,4.30952195416373,13.1622736454819,407.158364459585
-121.5,41.6,0.00780795044654005,12.8732723575411,14.0607332851436,1087.33050775688
-121.4,41.6,0.00780795044654005,12.8732723575411,14.0607332851436,1087.33050775688
-121.3,41.6,0.00780795044654005,12.8732723575411,14.0607332851436,1087.33050775688
-121.2,41.6,0.00780795044654005,12.8732723575411,14.0607332851436,1087.33050775688
-121.1,41.6,0.00780795044654005,12.8732723575411,14.0607332851436,1087.33050775688
-121,41.6,0.00780795044654005,12.8732723575411,14.0607332851436,1087.33050775688
-120.9,41.6,0.00620393524130807,7.15378601260601,13.685744668909,668.001977467252
-120.8,41.6,0.00620393524130807,7.15378601260601,13.685744668909,668.001977467252
-120.7,41.6,0.00620393524130807,7.15378601260601,13.685744668909,668.001977467252
-120.6,41.6,0.00620393524130807,7.15378601260601,13.685744668909,668.001977467252
-120.5,41.6,0.00620393524130807,7.15378601260601,13.685744668909,668.001977467252
-120.4,41.6,0.00620393524130807,7.15378601260601,13.685744668909,668.001977467252
-120.3,41.6,0.00321342141775636,2.39252426627531,12.7259641607126,260.891275053097
-120.2,41.6,0.00321342141775636,2.39252426627531,12.7259641607126,260.891275053097
-120.1,41.6,0.00321342141775636,2.39252426627531,12.7259641607126,260.891275053097
-124.1,41.7,-0.00773298714448396,0.0435730097807379,13.4254972575511,6.51650658640231
-124,41.7,0.011303092122443,46.4382344374512,15.7408277189265,2436.12492800212
-123.9,41.7,0.011303092122443,46.4382344374512,15.7408277189265,2436.12492800212
-123.8,41.7,0.011303092122443,46.4382344374512,15.7408277189265,2436.12492800212
-123.7,41.7,0.011303092122443,46.4382344374512,15.7408277189265,2436.12492800212
-123.6,41.7,0.011303092122443,46.4382344374512,15.7408277189265,2436.12492800212
-123.5,41.7,0.011303092122443,46.4382344374512,15.7408277189265,2436.12492800212
-123.4,41.7,0.00843723242811597,16.2164616614598,14.4341925980651,1174.06791675956
-123.3,41.7,0.00843723242811597,16.2164616614598,14.4341925980651,1174.06791675956
-123.2,41.7,0.00843723242811597,16.2164616614598,14.4341925980651,1174.06791675956
-123.1,41.7,0.00843723242811597,16.2164616614598,14.4341925980651,1174.06791675956
-123,41.7,0.00843723242811597,16.2164616614598,14.4341925980651,1174.06791675956
-122.9,41.7,0.00843723242811597,16.2164616614598,14.4341925980651,1174.06791675956
-122.8,41.7,0.00811041461583649,14.3819530981767,14.1475802315648,1119.11632044003
-122.7,41.7,0.00811041461583649,14.3819530981767,14.1475802315648,1119.11632044003
-122.6,41.7,0.00811041461583649,14.3819530981767,14.1475802315648,1119.11632044003
-122.5,41.7,0.00811041461583649,14.3819530981767,14.1475802315648,1119.11632044003
-122.4,41.7,0.00811041461583649,14.3819530981767,14.1475802315648,1119.11632044003
-122.3,41.7,0.00811041461583649,14.3819530981767,14.1475802315648,1119.11632044003
-122.2,41.7,0.00811041461583649,14.3819530981767,14.1475802315648,1119.11632044003
-122.1,41.7,0.00482048460665331,4.30952195416373,13.1622736454819,407.158364459585
-122,41.7,0.00482048460665331,4.30952195416373,13.1622736454819,407.158364459585
-121.9,41.7,0.00482048460665331,4.30952195416373,13.1622736454819,407.158364459585
-121.8,41.7,0.00482048460665331,4.30952195416373,13.1622736454819,407.158364459585
-121.7,41.7,0.00482048460665331,4.30952195416373,13.1622736454819,407.158364459585
-121.6,41.7,0.00482048460665331,4.30952195416373,13.1622736454819,407.158364459585
-121.5,41.7,0.00780795044654005,12.8732723575411,14.0607332851436,1087.33050775688
-121.4,41.7,0.00780795044654005,12.8732723575411,14.0607332851436,1087.33050775688
-121.3,41.7,0.00780795044654005,12.8732723575411,14.0607332851436,1087.33050775688
-121.2,41.7,0.00780795044654005,12.8732723575411,14.0607332851436,1087.33050775688
-121.1,41.7,0.00780795044654005,12.8732723575411,14.0607332851436,1087.33050775688
-121,41.7,0.00780795044654005,12.8732723575411,14.0607332851436,1087.33050775688
-120.9,41.7,0.00620393524130807,7.15378601260601,13.685744668909,668.001977467252
-120.8,41.7,0.00620393524130807,7.15378601260601,13.685744668909,668.001977467252
-120.7,41.7,0.00620393524130807,7.15378601260601,13.685744668909,668.001977467252
-120.6,41.7,0.00620393524130807,7.15378601260601,13.685744668909,668.001977467252
-120.5,41.7,0.00620393524130807,7.15378601260601,13.685744668909,668.001977467252
-120.4,41.7,0.00620393524130807,7.15378601260601,13.685744668909,668.001977467252
-120.3,41.7,0.00321342141775636,2.39252426627531,12.7259641607126,260.891275053097
-120.2,41.7,0.00321342141775636,2.39252426627531,12.7259641607126,260.891275053097
-120.1,41.7,0.00321342141775636,2.39252426627531,12.7259641607126,260.891275053097
-124.2,41.8,-0.0039665032653185,0.173029505304736,13.8993484789874,15.1373900566266
-124.1,41.8,-0.0039665032653185,0.173029505304736,13.8993484789874,15.1373900566266
-124,41.8,0.0115020367885622,49.9203200539794,15.5968090069886,2836.96414872844
-123.9,41.8,0.0115020367885622,49.9203200539794,15.5968090069886,2836.96414872844
-123.8,41.8,0.0115020367885622,49.9203200539794,15.5968090069886,2836.96414872844
-123.7,41.8,0.0115020367885622,49.9203200539794,15.5968090069886,2836.96414872844
-123.6,41.8,0.0115020367885622,49.9203200539794,15.5968090069886,2836.96414872844
-123.5,41.8,0.0115020367885622,49.9203200539794,15.5968090069886,2836.96414872844
-123.4,41.8,0.00776024388120917,12.6555241888292,14.3378314335689,935.07308639709
-123.3,41.8,0.00776024388120917,12.6555241888292,14.3378314335689,935.07308639709
-123.2,41.8,0.00776024388120917,12.6555241888292,14.3378314335689,935.07308639709
-123.1,41.8,0.00776024388120917,12.6555241888292,14.3378314335689,935.07308639709
-123,41.8,0.00776024388120917,12.6555241888292,14.3378314335689,935.07308639709
-122.9,41.8,0.00776024388120917,12.6555241888292,14.3378314335689,935.07308639709
-122.8,41.8,0.0083243182928886,15.554491215431,14.2109840358323,1207.04981380903
-122.7,41.8,0.0083243182928886,15.554491215431,14.2109840358323,1207.04981380903
-122.6,41.8,0.0083243182928886,15.554491215431,14.2109840358323,1207.04981380903
-122.5,41.8,0.0083243182928886,15.554491215431,14.2109840358323,1207.04981380903
-122.4,41.8,0.0083243182928886,15.554491215431,14.2109840358323,1207.04981380903
-122.3,41.8,0.0083243182928886,15.554491215431,14.2109840358323,1207.04981380903
-122.2,41.8,0.0083243182928886,15.554491215431,14.2109840358323,1207.04981380903
-122.1,41.8,0.00523489327930915,5.01629703334562,13.3950385708353,471.898309798689
-122,41.8,0.00523489327930915,5.01629703334562,13.3950385708353,471.898309798689
-121.9,41.8,0.00523489327930915,5.01629703334562,13.3950385708353,471.898309798689
-121.8,41.8,0.00523489327930915,5.01629703334562,13.3950385708353,471.898309798689
-121.7,41.8,0.00523489327930915,5.01629703334562,13.3950385708353,471.898309798689
-121.6,41.8,0.00523489327930915,5.01629703334562,13.3950385708353,471.898309798689
-121.5,41.8,0.00669673274320175,8.56892444729223,13.8108819706622,780.35214340801
-121.4,41.8,0.00669673274320175,8.56892444729223,13.8108819706622,780.35214340801
-121.3,41.8,0.00669673274320175,8.56892444729223,13.8108819706622,780.35214340801
-121.2,41.8,0.00669673274320175,8.56892444729223,13.8108819706622,780.35214340801
-121.1,41.8,0.00669673274320175,8.56892444729223,13.8108819706622,780.35214340801
-121,41.8,0.00669673274320175,8.56892444729223,13.8108819706622,780.35214340801
-120.9,41.8,0.00305636704717754,2.25893793831592,12.7724729757215,246.062245731192
-120.8,41.8,0.00305636704717754,2.25893793831592,12.7724729757215,246.062245731192
-120.7,41.8,0.00305636704717754,2.25893793831592,12.7724729757215,246.062245731192
-120.6,41.8,0.00305636704717754,2.25893793831592,12.7724729757215,246.062245731192
-120.5,41.8,0.00305636704717754,2.25893793831592,12.7724729757215,246.062245731192
-120.4,41.8,0.00305636704717754,2.25893793831592,12.7724729757215,246.062245731192
-120.3,41.8,0.00252136058793756,1.85700500300083,12.5632915575705,210.345446261553
-120.2,41.8,0.00252136058793756,1.85700500300083,12.5632915575705,210.345446261553
-120.1,41.8,0.00252136058793756,1.85700500300083,12.5632915575705,210.345446261553
-124.2,41.9,-0.0039665032653185,0.173029505304736,13.8993484789874,15.1373900566266
-124.1,41.9,-0.0039665032653185,0.173029505304736,13.8993484789874,15.1373900566266
-124,41.9,0.0115020367885622,49.9203200539794,15.5968090069886,2836.96414872844
-123.9,41.9,0.0115020367885622,49.9203200539794,15.5968090069886,2836.96414872844
-123.8,41.9,0.0115020367885622,49.9203200539794,15.5968090069886,2836.96414872844
-123.7,41.9,0.0115020367885622,49.9203200539794,15.5968090069886,2836.96414872844
-123.6,41.9,0.0115020367885622,49.9203200539794,15.5968090069886,2836.96414872844
-123.5,41.9,0.0115020367885622,49.9203200539794,15.5968090069886,2836.96414872844
-123.4,41.9,0.00776024388120917,12.6555241888292,14.3378314335689,935.07308639709
-123.3,41.9,0.00776024388120917,12.6555241888292,14.3378314335689,935.07308639709
-123.2,41.9,0.00776024388120917,12.6555241888292,14.3378314335689,935.07308639709
-123.1,41.9,0.00776024388120917,12.6555241888292,14.3378314335689,935.07308639709
-123,41.9,0.00776024388120917,12.6555241888292,14.3378314335689,935.07308639709
-122.9,41.9,0.00776024388120917,12.6555241888292,14.3378314335689,935.07308639709
-122.8,41.9,0.0083243182928886,15.554491215431,14.2109840358323,1207.04981380903
-122.7,41.9,0.0083243182928886,15.554491215431,14.2109840358323,1207.04981380903
-122.6,41.9,0.0083243182928886,15.554491215431,14.2109840358323,1207.04981380903
-122.5,41.9,0.0083243182928886,15.554491215431,14.2109840358323,1207.04981380903
-122.4,41.9,0.0083243182928886,15.554491215431,14.2109840358323,1207.04981380903
-122.3,41.9,0.0083243182928886,15.554491215431,14.2109840358323,1207.04981380903
-122.2,41.9,0.0083243182928886,15.554491215431,14.2109840358323,1207.04981380903
-122.1,41.9,0.00523489327930915,5.01629703334562,13.3950385708353,471.898309798689
-122,41.9,0.00523489327930915,5.01629703334562,13.3950385708353,471.898309798689
-121.9,41.9,0.00523489327930915,5.01629703334562,13.3950385708353,471.898309798689
-121.8,41.9,0.00523489327930915,5.01629703334562,13.3950385708353,471.898309798689
-121.7,41.9,0.00523489327930915,5.01629703334562,13.3950385708353,471.898309798689
-121.6,41.9,0.00523489327930915,5.01629703334562,13.3950385708353,471.898309798689
-121.5,41.9,0.00669673274320175,8.56892444729223,13.8108819706622,780.35214340801
-121.4,41.9,0.00669673274320175,8.56892444729223,13.8108819706622,780.35214340801
-121.3,41.9,0.00669673274320175,8.56892444729223,13.8108819706622,780.35214340801
-121.2,41.9,0.00669673274320175,8.56892444729223,13.8108819706622,780.35214340801
-121.1,41.9,0.00669673274320175,8.56892444729223,13.8108819706622,780.35214340801
-121,41.9,0.00669673274320175,8.56892444729223,13.8108819706622,780.35214340801
-120.9,41.9,0.00305636704717754,2.25893793831592,12.7724729757215,246.062245731192
-120.8,41.9,0.00305636704717754,2.25893793831592,12.7724729757215,246.062245731192
-120.7,41.9,0.00305636704717754,2.25893793831592,12.7724729757215,246.062245731192
-120.6,41.9,0.00305636704717754,2.25893793831592,12.7724729757215,246.062245731192
-120.5,41.9,0.00305636704717754,2.25893793831592,12.7724729757215,246.062245731192
-120.4,41.9,0.00305636704717754,2.25893793831592,12.7724729757215,246.062245731192
-120.3,41.9,0.00252136058793756,1.85700500300083,12.5632915575705,210.345446261553
-120.2,41.9,0.00252136058793756,1.85700500300083,12.5632915575705,210.345446261553
-120.1,41.9,0.00252136058793756,1.85700500300083,12.5632915575705,210.345446261553
-124.1,42,-0.0039665032653185,0.173029505304736,13.8993484789874,15.1373900566266
-124,42,0.0115020367885622,49.9203200539794,15.5968090069886,2836.96414872844
-123.9,42,0.0115020367885622,49.9203200539794,15.5968090069886,2836.96414872844
-123.8,42,0.0115020367885622,49.9203200539794,15.5968090069886,2836.96414872844
-123.7,42,0.0115020367885622,49.9203200539794,15.5968090069886,2836.96414872844
-123.6,42,0.0115020367885622,49.9203200539794,15.5968090069886,2836.96414872844
-123.5,42,0.0115020367885622,49.9203200539794,15.5968090069886,2836.96414872844
-123.4,42,0.00776024388120917,12.6555241888292,14.3378314335689,935.07308639709
-123.3,42,0.00776024388120917,12.6555241888292,14.3378314335689,935.07308639709
-123.2,42,0.00776024388120917,12.6555241888292,14.3378314335689,935.07308639709
-123.1,42,0.00776024388120917,12.6555241888292,14.3378314335689,935.07308639709
-123,42,0.00776024388120917,12.6555241888292,14.3378314335689,935.07308639709
-122.9,42,0.00776024388120917,12.6555241888292,14.3378314335689,935.07308639709
-122.8,42,0.0083243182928886,15.554491215431,14.2109840358323,1207.04981380903
-122.7,42,0.0083243182928886,15.554491215431,14.2109840358323,1207.04981380903
-122.6,42,0.0083243182928886,15.554491215431,14.2109840358323,1207.04981380903
-122.5,42,0.0083243182928886,15.554491215431,14.2109840358323,1207.04981380903
-122.4,42,0.0083243182928886,15.554491215431,14.2109840358323,1207.04981380903
-122.3,42,0.0083243182928886,15.554491215431,14.2109840358323,1207.04981380903
-122.2,42,0.0083243182928886,15.554491215431,14.2109840358323,1207.04981380903
-122.1,42,0.00523489327930915,5.01629703334562,13.3950385708353,471.898309798689
-122,42,0.00523489327930915,5.01629703334562,13.3950385708353,471.898309798689
-121.9,42,0.00523489327930915,5.01629703334562,13.3950385708353,471.898309798689
-121.8,42,0.00523489327930915,5.01629703334562,13.3950385708353,471.898309798689
-121.7,42,0.00523489327930915,5.01629703334562,13.3950385708353,471.898309798689
-121.6,42,0.00523489327930915,5.01629703334562,13.3950385708353,471.898309798689
-121.5,42,0.00669673274320175,8.56892444729223,13.8108819706622,780.35214340801
-121.4,42,0.00669673274320175,8.56892444729223,13.8108819706622,780.35214340801
-121.3,42,0.00669673274320175,8.56892444729223,13.8108819706622,780.35214340801
-121.2,42,0.00669673274320175,8.56892444729223,13.8108819706622,780.35214340801
-121.1,42,0.00669673274320175,8.56892444729223,13.8108819706622,780.35214340801
-121,42,0.00669673274320175,8.56892444729223,13.8108819706622,780.35214340801
-120.9,42,0.00305636704717754,2.25893793831592,12.7724729757215,246.062245731192
-120.8,42,0.00305636704717754,2.25893793831592,12.7724729757215,246.062245731192
-120.7,42,0.00305636704717754,2.25893793831592,12.7724729757215,246.062245731192
-120.6,42,0.00305636704717754,2.25893793831592,12.7724729757215,246.062245731192
-120.5,42,0.00305636704717754,2.25893793831592,12.7724729757215,246.062245731192
-120.4,42,0.00305636704717754,2.25893793831592,12.7724729757215,246.062245731192
-120.3,42,0.00252136058793756,1.85700500300083,12.5632915575705,210.345446261553
-120.2,42,0.00252136058793756,1.85700500300083,12.5632915575705,210.345446261553
-120.1,42,0.00252136058793756,1.85700500300083,12.5632915575705,210.345446261553
