"lon","lat","A_growth","n_A_end","mean_Temp","tot_mu"
-69.7,-55.2,-0.0300849680499368,1.21803492780054e-05,5.0766145794296,0
-68.7,-55.2,-0.0298891051758064,1.30855808702499e-05,5.01392240145326,0
-67.7,-55.2,-0.0289827122119513,1.82335012891815e-05,6.41180763729185,0
-67.2,-55.2,-0.0289827122119513,1.82335012891815e-05,6.41180763729185,0
-70.7,-54.7,-0.0302635312046316,1.14097417355394e-05,4.12412421113452,0
-70.2,-54.7,-0.0302031257491859,1.16648103741473e-05,4.44457919236817,0
-69.7,-54.7,-0.0302031257491859,1.16648103741473e-05,4.44457919236817,0
-69.2,-54.7,-0.0303012785701301,1.12531875316083e-05,3.4786781618823,0
-68.7,-54.7,-0.0300087590918229,1.25248622617283e-05,4.43025130116992,0
-68.2,-54.7,-0.0290777222717735,1.76102724537082e-05,5.77618394039443,0
-67.7,-54.7,-0.0283576772627675,2.29203534762102e-05,6.39455481522069,0
-67.2,-54.7,-0.0283576772627675,2.29203534762102e-05,6.39455481522069,0
-66.7,-54.7,-0.0275192207617718,3.11530075848985e-05,7.07577073160494,0
-66.2,-54.7,-0.028228148415811,2.40333028250001e-05,7.18611102253953,0
-65.7,-54.7,-0.0284651864389196,2.20361877535239e-05,7.46983517799468,0
-65.2,-54.7,-0.0290636465350047,1.77013678631546e-05,7.25157649543673,0
-36.2,-54.7,-0.0303735155892466,1.09595564446745e-05,1.2820057569369,0
-71.7,-54.2,-0.0296273490948623,1.4401303230267e-05,6.20093109286728,0
-71.2,-54.2,-0.0293602949766213,1.58800493084561e-05,6.38505270367376,0
-70.7,-54.2,-0.0287468780381113,1.98774094696361e-05,6.9514062879831,0
-69.2,-54.2,-0.0289452860526002,1.848500204994e-05,6.30547020277193,0
-68.7,-54.2,-0.0274391797009362,3.20793495659068e-05,7.11912257918545,0
-68.2,-54.2,-0.026283395308167,4.89718550245887e-05,7.66241875257291,0
-67.7,-54.2,-0.0263338885133067,4.807517698315e-05,7.86962605591757,0
-67.2,-54.2,-0.0263338885133067,4.807517698315e-05,7.86962605591757,0
-37.2,-54.2,-0.0303730661467827,1.09613595308235e-05,1.50279617113511,0
-36.7,-54.2,-0.0303735898446794,1.09592586218184e-05,1.27804500209859,0
-73.2,-53.7,-0.0295038510982206,1.50672200766965e-05,6.51159135025036,0
-72.7,-53.7,-0.0297161586334917,1.39407045233105e-05,5.9485600916997,0
-71.7,-53.7,-0.0292161606721368,1.67402840060062e-05,6.39639473319902,0
-71.2,-53.7,-0.0285034890145562,2.17294145478632e-05,7.07416909382744,0
-69.7,-53.7,-0.0277219657105964,2.89253290314438e-05,7.47461420233469,0
-69.2,-53.7,-0.0272260685130535,3.46819088672187e-05,7.42169121213182,0
-68.7,-53.7,-0.0264668253551231,4.57921235936487e-05,7.67773823925345,0
-68.2,-53.7,-0.0251479482996537,7.42065672007858e-05,8.3496393484851,0
-72.7,-53.2,-0.029575361230494,1.46779393671503e-05,5.96910374454117,0
-71.2,-53.2,-0.0267805950185413,4.08241946370358e-05,7.89036030042958,0
-70.2,-53.2,-0.0253411261288957,6.91415043439088e-05,8.44926553623345,0
-69.7,-53.2,-0.0253411261288957,6.91415043439088e-05,8.44926553623345,0
-69.2,-53.2,-0.0246674805030021,8.84745212023532e-05,8.4166075948534,0
-68.7,-53.2,-0.0232389666878227,0.000149244141068733,8.80017425734928,0
-73.2,-52.7,-0.0290046249378775,1.80878906540784e-05,6.70731693758779,0
-72.2,-52.7,-0.0287518733994788,1.98410288221996e-05,6.75718183885944,0
-71.7,-52.7,-0.0282378200987705,2.39484063314264e-05,6.98098004302238,0
-71.2,-52.7,-0.025856571195144,5.72530068374432e-05,8.01149057744286,0
-70.7,-52.7,-0.0237132211465003,0.000125461528415475,8.70097843362895,0
-69.7,-52.7,-0.0230718552190555,0.000158659563394738,8.89910425806827,0
-69.2,-52.7,-0.0224833439333776,0.00019679925650507,9.11566614728971,0
-68.7,-52.7,-0.0243832034123194,9.81777534946063e-05,8.809662197616,0
-74.7,-52.2,-0.0284404785300108,2.22364643588807e-05,7.79652990857875,0
-74.2,-52.2,-0.0284464423559557,2.21879365871154e-05,7.58199981310411,0
-73.7,-52.2,-0.0291331951036198,1.72564225346626e-05,6.77641777527419,0
-73.2,-52.2,-0.028852840821548,1.91211699345621e-05,6.7501360623281,0
-72.7,-52.2,-0.0267686300608722,4.1003160583207e-05,7.77984902320522,0
-72.2,-52.2,-0.0267686300608722,4.1003160583207e-05,7.77984902320522,0
-71.7,-52.2,-0.024789031526029,8.46245394299194e-05,8.39916653935889,0
-71.2,-52.2,-0.0244858687838063,9.45553201094848e-05,8.35583905867697,0
-70.7,-52.2,-0.0229421989554422,0.000166369325659751,8.75464183193574,0
-70.2,-52.2,-0.020252491208501,0.000445303553260084,9.48716635460355,0
-69.7,-52.2,-0.020252491208501,0.000445303553260084,9.48716635460355,0
-69.2,-52.2,-0.0190301886982073,0.000696576618632821,9.81863067885593,0
-68.7,-52.2,-0.0214621030428292,0.000286000031636035,9.47996988901438,0
-59.7,-52.2,-0.0264268176529202,4.64680325395825e-05,8.29794103070665,0
-73.7,-51.7,-0.0287011769280691,2.02126389769761e-05,7.09735868439756,0
-73.2,-51.7,-0.0295780715473254,1.46633625703911e-05,5.93393309703671,0
-72.7,-51.7,-0.0283961925504759,2.25995634334977e-05,6.63525502125843,0
-72.2,-51.7,-0.0283961925504759,2.25995634334977e-05,6.63525502125843,0
-71.7,-51.7,-0.027553202204587,3.07679515368499e-05,6.92968320248269,0
-71.2,-51.7,-0.0241034806804155,0.000108759461547321,8.31930001988247,0
-70.7,-51.7,-0.0190392327447973,0.000694263638457116,9.72341600446954,0
-70.2,-51.7,-0.0167427475926133,0.00160923326963752,10.2474998042448,0
-69.7,-51.7,-0.0167427475926133,0.00160923326963752,10.2474998042448,0
-69.2,-51.7,-0.0169315531140634,0.00150179590880612,10.3286917493774,0
-60.2,-51.7,-0.025833894017777,5.77304926504147e-05,8.46364800505225,0
-59.7,-51.7,-0.025833894017777,5.77304926504147e-05,8.46364800505225,0
-58.7,-51.7,-0.0253430854070304,6.90911594109074e-05,8.53363055386677,0
-58.2,-51.7,-0.0263657150356287,4.75187259492589e-05,8.2695160457445,0
-74.2,-51.2,-0.0275113780109527,3.12429853512168e-05,7.90836712514348,0
-73.7,-51.2,-0.0302954061221889,1.12773994384474e-05,3.94120224980709,0
-73.2,-51.2,-0.0301789806987955,1.17683442189718e-05,4.34176882365619,0
-72.7,-51.2,-0.0267461069654135,4.13421365375364e-05,7.38424213651282,0
-72.2,-51.2,-0.0267461069654135,4.13421365375364e-05,7.38424213651282,0
-71.7,-51.2,-0.0235505527000465,0.000133155424847235,8.48189243627829,0
-71.2,-51.2,-0.020989416448449,0.000340006945680499,9.1221036790335,0
-70.7,-51.2,-0.0178307637099203,0.00108050301932394,9.89251108633754,0
-70.2,-51.2,-0.0158134363458006,0.00226121174546542,10.343122346488,0
-69.7,-51.2,-0.0158134363458006,0.00226121174546542,10.343122346488,0
-69.2,-51.2,-0.0153931069755598,0.00263743061765716,10.5821666889646,0
-74.7,-50.7,-0.0272527788740747,3.43448539479224e-05,8.27749966950035,0
-73.7,-50.7,-0.0303012945776904,1.12531200410137e-05,3.8221027185184,0
-73.2,-50.7,-0.0303576671761754,1.10233136070141e-05,2.1489418329216,0
-72.7,-50.7,-0.0297239236556101,1.39010668515868e-05,4.6304080648685,0
-72.2,-50.7,-0.0297239236556101,1.39010668515868e-05,4.6304080648685,0
-71.7,-50.7,-0.0269518187737317,3.83431769479546e-05,6.75051220192255,0
-71.2,-50.7,-0.0211671782503251,0.000318579280907882,8.88025708144209,0
-70.7,-50.7,-0.0176132587510132,0.00116998847134648,9.77690466643404,0
-70.2,-50.7,-0.0154806817120644,0.00255395474604479,10.2432874569536,0
-69.7,-50.7,-0.0154806817120644,0.00255395474604479,10.2432874569536,0
-69.2,-50.7,-0.014285210304743,0.00395648467199526,10.7759190583373,0
-75.2,-50.2,-0.0272361534046377,3.45544364652128e-05,8.21723874544041,0
-74.2,-50.2,-0.0292518894703833,1.65227569561951e-05,6.55050650257096,0
-73.7,-50.2,-0.0303751232837575,1.09531093184316e-05,0.343590929120814,0
-73.2,-50.2,-0.0303122351036055,1.12081459815719e-05,3.00421754727956,0
-72.7,-50.2,-0.0259732119345722,5.4858770187154e-05,7.34789782741731,0
-72.2,-50.2,-0.0259732119345722,5.4858770187154e-05,7.34789782741731,0
-71.7,-50.2,-0.0230383429694988,0.000160608949824157,8.226868756684,0
-71.2,-50.2,-0.0220910772108991,0.000227167696211433,8.50807980994028,0
-70.7,-50.2,-0.0163601295476385,0.00185095552845871,10.0254155833335,0
-70.2,-50.2,-0.0139346368982113,0.00449779940199757,10.5173817816307,0
-69.7,-50.2,-0.0139346368982113,0.00449779940199757,10.5173817816307,0
-69.2,-50.2,-0.00963491894298837,0.0217104547149434,11.4909903071555,0
-68.7,-50.2,-0.00631223697466155,0.0733001483528917,12.2482337062451,0
-75.2,-49.7,-0.0272943341369934,3.382612900124e-05,7.92747047690855,0
-74.7,-49.7,-0.0272943341369934,3.382612900124e-05,7.92747047690855,0
-74.2,-49.7,-0.028108573752269,2.51083865090103e-05,7.16636154555203,0
-73.7,-49.7,-0.0303660192070494,1.09896677771023e-05,1.94352900101485,0
-73.2,-49.7,-0.0303554120861723,1.10324153954925e-05,2.10780574695918,0
-72.7,-49.7,-0.0268661523399248,3.95645771985619e-05,7.03307876039766,0
-72.2,-49.7,-0.0268661523399248,3.95645771985619e-05,7.03307876039766,0
-71.7,-49.7,-0.0207977644963174,0.000364704218742981,9.00370267737544,0
-71.2,-49.7,-0.016183984680244,0.00197429482872528,10.199278858402,0
-70.7,-49.7,-0.0120404426316434,0.00899892292638505,11.0674952506232,0
-70.2,-49.7,-0.00685806063363417,0.0600187715221761,12.1165213482926,0
-69.7,-49.7,-0.00685806063363417,0.0600187715221761,12.1165213482926,0
-69.2,-49.7,-0.00423539861172748,0.156829905396401,12.6228108742808,0
-68.7,-49.7,-0.00372649230078026,0.188968884133843,12.7229979163558,0
-68.2,-49.7,-0.00546674780574748,0.0999160596379835,12.5259578907313,0
-74.7,-49.2,-0.0264421019812614,4.62085715713829e-05,8.26222114852378,0
-74.2,-49.2,-0.0290057503198165,1.80803464934461e-05,6.55883677975487,0
-73.7,-49.2,-0.0303483069958349,1.1061143199453e-05,2.80889509482381,0
-73.2,-49.2,-0.0303715141713523,1.09675874459724e-05,0.923131932701607,0
-72.7,-49.2,-0.0269949085152125,3.77432054786087e-05,6.82507229907545,0
-72.2,-49.2,-0.0269949085152125,3.77432054786087e-05,6.82507229907545,0
-71.7,-49.2,-0.0268084623839131,4.04086515877321e-05,6.75878142330494,0
-71.2,-49.2,-0.0199893953996154,0.000490282055437948,9.2255817584225,0
-70.7,-49.2,-0.0128822485450929,0.00661223434668882,10.925330722411,0
-70.2,-49.2,-0.00963512109011116,0.0217096246139245,11.5714061819918,0
-69.7,-49.2,-0.00963512109011116,0.0217096246139245,11.5714061819918,0
-69.2,-49.2,-0.00715253294460135,0.0538836616890914,12.0700631550532,0
-68.7,-49.2,-0.00525816262182399,0.107834217343211,12.4206646216951,0
-68.2,-49.2,-0.00453671293396786,0.140456876269472,12.5999015499567,0
-67.7,-49.2,-0.00925832109570778,0.0249296843557262,12.1047496348751,0
-74.2,-48.7,-0.0272428828696268,3.4468946593688e-05,7.76880943999861,0
-73.7,-48.7,-0.0303509347094465,1.10505099985938e-05,2.65843916980954,0
-73.2,-48.7,-0.0302819206513917,1.13331953940207e-05,3.29248845923692,0
-72.7,-48.7,-0.0294668335599162,1.52726154244409e-05,4.91294623880721,0
-72.2,-48.7,-0.0294668335599162,1.52726154244409e-05,4.91294623880721,0
-71.7,-48.7,-0.0292068036505278,1.67975494120351e-05,4.9271304077289,0
-71.2,-48.7,-0.0244373291460278,9.62463458614279e-05,7.65597734329425,0
-70.7,-48.7,-0.0148971963873306,0.00316209963338386,10.3705562618127,0
-70.2,-48.7,-0.0151085647118694,0.00292655824542243,10.1972697906024,0
-69.7,-48.7,-0.0151085647118694,0.00292655824542243,10.1972697906024,0
-69.2,-48.7,-0.0116157762330254,0.010512212445882,11.0505201094234,0
-68.7,-48.7,-0.00416804544972534,0.160764334526094,12.6670512530442,0
-68.2,-48.7,-0.000293810905654994,0.664654914600916,13.3917369599768,0
-67.7,-48.7,-0.000883430071880682,0.535589433251606,13.3567943931826,0
-67.2,-48.7,-0.000883430071880682,0.535589433251606,13.3567943931826,0
-74.2,-48.2,-0.0247560193814157,8.56534477735426e-05,8.86649410270218,0
-73.7,-48.2,-0.0251777791174912,7.33997630511511e-05,8.35544193569294,0
-73.2,-48.2,-0.0275158940877806,3.11908043322051e-05,6.83441525551707,0
-72.7,-48.2,-0.0292418653892574,1.65833758400361e-05,5.02571439251363,0
-72.2,-48.2,-0.0292418653892574,1.65833758400361e-05,5.02571439251363,0
-71.7,-48.2,-0.0275915785947294,3.03384546281463e-05,6.16193987157969,0
-71.2,-48.2,-0.0220795273545472,0.000228128209301538,8.34902681510268,0
-70.7,-48.2,-0.0155775372169087,0.00246493014671731,10.1030285648385,0
-70.2,-48.2,-0.0160608206335122,0.00206520628161089,9.89228290238606,0
-69.7,-48.2,-0.0160608206335122,0.00206520628161089,9.89228290238606,0
-69.2,-48.2,-0.0152426578207396,0.00278634950030947,10.0877400859233,0
-68.7,-48.2,-0.0067123478707633,0.0633087609670352,12.0884976385231,0
-68.2,-48.2,0.00279994684467281,2.06540216481292,13.9789858617589,0
-67.7,-48.2,0.00274077200099455,2.02086282813192,13.908503419566,0
-67.2,-48.2,0.00274077200099455,2.02086282813192,13.908503419566,0
-66.7,-48.2,0.00242456720480754,1.79994768182001,13.8627770117549,0
-66.2,-48.2,-0.00263508048708743,0.282019479067119,13.2305565298483,0
-74.2,-47.7,-0.0247735344036661,8.5107555746979e-05,9.13382349353547,0
-73.2,-47.7,-0.0293559604097294,1.59051491293389e-05,5.54872461390539,0
-72.7,-47.7,-0.026258589021885,4.94173649511428e-05,6.85690202100734,0
-72.2,-47.7,-0.026258589021885,4.94173649511428e-05,6.85690202100734,0
-71.7,-47.7,-0.0233708805671466,0.000142201180598683,7.90288249374687,0
-71.2,-47.7,-0.0170888438849374,0.00141757793385365,9.82365671363909,0
-70.7,-47.7,-0.0150374259474868,0.00300380311106164,10.2320348942575,0
-70.2,-47.7,-0.0164710082841972,0.00177723807828698,9.70474311881118,0
-69.7,-47.7,-0.0164710082841972,0.00177723807828698,9.70474311881118,0
-69.2,-47.7,-0.0149936284108147,0.00305221560674869,10.0446606678419,0
-68.7,-47.7,-0.00780729405745024,0.0423927124458872,11.7660037720952,0
-68.2,-47.7,0.000873091392399662,1.01911763978303,13.5368104560139,0
-67.7,-47.7,0.00345553040801435,2.62615073602677,14.0224900221215,0
-67.2,-47.7,0.00345553040801435,2.62615073602677,14.0224900221215,0
-66.7,-47.7,0.00327232844853816,2.45579433650513,14.0325032743966,0
-66.2,-47.7,0.00162154510762457,1.34137910420071,13.8702809307608,0
-73.7,-47.2,-0.0302577012993038,1.14341080085564e-05,4.15649200845392,0
-73.2,-47.2,-0.0298142217112457,1.34491579776112e-05,4.96254339697591,0
-72.7,-47.2,-0.0260119737727437,5.40854750737318e-05,7.08165456049339,0
-72.2,-47.2,-0.0260119737727437,5.40854750737318e-05,7.08165456049339,0
-71.7,-47.2,-0.0264428666168489,4.61939457214591e-05,6.48678973897876,0
-71.2,-47.2,-0.024942833651687,7.99878781957005e-05,7.07123233444119,0
-70.7,-47.2,-0.0171562987120081,0.00138293564290496,9.53778924249169,0
-70.2,-47.2,-0.0125440090303577,0.00748296840083471,10.6403796378603,0
-69.7,-47.2,-0.0125440090303577,0.00748296840083471,10.6403796378603,0
-69.2,-47.2,-0.0121153684131242,0.0087541328065099,10.6533102796545,0
-68.7,-47.2,-0.00184343864454463,0.376627262336568,12.970866343646,0
-68.2,-47.2,0.00343110716944293,2.60258144555873,14.0366089820556,0
-67.7,-47.2,0.00375340570362984,2.92957641432129,14.175007338177,0
-67.2,-47.2,0.00375340570362984,2.92957641432129,14.175007338177,0
-66.7,-47.2,0.00158254915436192,1.32244275557739,13.9733975311709,0
-66.2,-47.2,-0.00770266757156714,0.0440768341352331,12.7227857787199,0
-75.7,-46.7,-0.0212847407596709,0.000305214340962257,10.6075579545858,0
-74.7,-46.7,-0.0207080417049033,0.000376945463275679,10.5069632409882,0
-74.2,-46.7,-0.0184267540422884,0.000868832132808961,10.7104204397514,0
-73.7,-46.7,-0.0273988252390099,3.25566207711211e-05,7.60092082568591,0
-73.2,-46.7,-0.0294626586688005,1.52959923519006e-05,5.59003242846527,0
-72.7,-46.7,-0.0250482814221639,7.69604365021265e-05,7.60248202152657,0
-72.2,-46.7,-0.0250482814221639,7.69604365021265e-05,7.60248202152657,0
-71.7,-46.7,-0.0234488807614018,0.000138197983193437,7.82741030521204,0
-71.2,-46.7,-0.0116300074918443,0.0104576721013934,11.0925867985432,0
-70.7,-46.7,-0.00899034439169385,0.0274894086082584,11.6349368015785,0
-70.2,-46.7,-0.00482582893961215,0.126325655868985,12.4658300362979,0
-69.7,-46.7,-0.00482582893961215,0.126325655868985,12.4658300362979,0
-69.2,-46.7,-0.00140613325402197,0.442066946555879,13.1048654941298,0
-68.7,-46.7,0.000813235714041599,0.996908643083581,13.5364215557631,0
-68.2,-46.7,0.00333186047566331,2.50992425106488,14.109598064637,0
-67.7,-46.7,0.00337674166209461,2.55328439708265,14.4067751907332,0
-67.2,-46.7,0.00337674166209461,2.55328439708265,14.4067751907332,0
-74.7,-46.2,-0.0216352732806787,0.000268455052822227,10.3495782729675,0
-73.2,-46.2,-0.0265543470271053,4.43477538602049e-05,7.60406208743117,0
-72.7,-46.2,-0.0285292721746737,2.15249795066015e-05,6.02268728264627,0
-72.2,-46.2,-0.0285292721746737,2.15249795066015e-05,6.02268728264627,0
-71.7,-46.2,-0.0217154794833377,0.000260646404257251,8.64550307447936,0
-71.2,-46.2,-0.0187559100261804,0.000770053920176404,9.31569768806488,0
-70.7,-46.2,-0.0119631123023961,0.00925718845386622,11.024974447545,0
-70.2,-46.2,-0.00576131891640866,0.0896870815071756,12.3482504614055,0
-69.7,-46.2,-0.00576131891640866,0.0896870815071756,12.3482504614055,0
-69.2,-46.2,-0.00261052699981818,0.284394158533898,12.9357091008918,0
-68.7,-46.2,-0.000836594325573571,0.544689281562045,13.2548972494712,0
-68.2,-46.2,0.00181383638291585,1.43884492021417,13.8299099266116,0
-67.7,-46.2,0.00282354536295288,2.08567681560066,14.5036008364648,0
-73.7,-45.7,-0.0167191862048255,0.00162338689118426,11.1757500751477,0
-73.2,-45.7,-0.0231847849729111,0.000152232525710866,9.08876981699959,0
-72.7,-45.7,-0.0213346542912167,0.000299639163993517,9.15757371417453,0
-72.2,-45.7,-0.0213346542912167,0.000299639163993517,9.15757371417453,0
-71.7,-45.7,-0.0213827897620826,0.000294400151512835,8.86179186548554,0
-71.2,-45.7,-0.0167430700586127,0.00160887221835777,10.0191069743612,0
-70.7,-45.7,-0.00882103623778099,0.029250761639226,11.8005155258799,0
-70.2,-45.7,-0.00541956531450444,0.101651582261641,12.456058125786,0
-69.7,-45.7,-0.00541956531450444,0.101651582261641,12.456058125786,0
-69.2,-45.7,-0.0040119937798291,0.170213508096782,12.6533298973087,0
-68.7,-45.7,0.00115883302489063,1.13166213132397,13.5644869471862,0
-68.2,-45.7,-0.00048887298702962,0.618736609718244,13.3257618035135,0
-67.7,-45.7,0.00210823401407044,1.60340529948692,14.0152745764581,0
-73.2,-45.2,-0.0211496595411165,0.000320652765571898,9.76031880284723,0
-72.7,-45.2,-0.023033289574414,0.000160908184738089,8.74710652841078,0
-72.2,-45.2,-0.023033289574414,0.000160908184738089,8.74710652841078,0
-71.7,-45.2,-0.0251675577077998,7.36726903227897e-05,7.57477388472553,0
-71.2,-45.2,-0.021950701078985,0.000239144422186216,8.53613377503291,0
-70.7,-45.2,-0.0110850575734021,0.0127680260294654,11.3082862942382,0
-70.2,-45.2,-0.00603836854818648,0.0810414664718737,12.3216253325557,0
-69.7,-45.2,-0.00603836854818648,0.0810414664718737,12.3216253325557,0
-69.2,-45.2,-0.00722266451285076,0.052519725716774,11.996049137116,0
-68.7,-45.2,0.00126336527093087,1.17624171882179,13.7463156710489,0
-68.2,-45.2,0.00319175588592724,2.38472544305347,14.0760734287824,0
-67.7,-45.2,0.00467342089508942,4.10516290175744,14.3432612096753,0
-67.2,-45.2,0.00467342089508942,4.10516290175744,14.3432612096753,0
-66.7,-45.2,0.00690117592318409,9.29791095738036,14.924851582631,0
-74.2,-44.7,-0.0170928527241045,0.00141600391983712,11.486921900537,0
-73.7,-44.7,-0.0150530054296041,0.00298802454019183,11.727705608714,0
-73.2,-44.7,-0.0165332421617672,0.00173774812835673,11.1574569032949,0
-72.7,-44.7,-0.0221330569973321,0.000223710426990639,9.13009794384206,0
-72.2,-44.7,-0.0221330569973321,0.000223710426990639,9.13009794384206,0
-71.7,-44.7,-0.0245891753897721,9.1042921786835e-05,7.87226939386388,0
-71.2,-44.7,-0.0204373677534376,0.000416130112134668,9.0464654377573,0
-70.7,-44.7,-0.0103538976391236,0.0166874366176411,11.4952567139027,0
-70.2,-44.7,-0.00654708774062658,0.0672656227390461,12.2138495902441,0
-69.7,-44.7,-0.00654708774062658,0.0672656227390461,12.2138495902441,0
-69.2,-44.7,-0.00631727397749502,0.0731692818338839,12.1729454295035,0
-68.7,-44.7,-0.00290869770281659,0.255006196847785,12.8448987512089,0
-68.2,-44.7,0.00343149100712137,2.6038600909646,14.1024733543207,0
-67.7,-44.7,0.00901603212926606,20.191141063599,15.138277512966,0
-67.2,-44.7,0.00901603212926606,20.191141063599,15.138277512966,0
-66.7,-44.7,0.00921797674574453,21.7403510275641,15.1698118562259,0
-66.2,-44.7,0.00948351229818377,23.9677325345473,15.2813332779274,0
-65.7,-44.7,0.0118032908309085,56.2013826623931,15.8741875093858,0
-73.2,-44.2,-0.0167060638930678,0.0016312795371035,11.2832746675646,0
-72.7,-44.2,-0.020685067334424,0.000380072867688925,9.49816946880287,0
-72.2,-44.2,-0.020685067334424,0.000380072867688925,9.49816946880287,0
-71.7,-44.2,-0.0210126628477073,0.000337114328257697,9.01307957533125,0
-71.2,-44.2,-0.0193025840180926,0.000630402963021955,9.27661285785669,0
-70.7,-44.2,-0.0145575928318267,0.00358068511003154,10.2885877753526,0
-70.2,-44.2,-0.0137788444832034,0.00476179532980138,10.359488134405,0
-69.7,-44.2,-0.0137788444832034,0.00476179532980138,10.359488134405,0
-69.2,-44.2,-0.00494275552968947,0.121047671554065,12.3891058259183,0
-68.7,-44.2,0.00445678304142006,3.79237417861667,14.2808471662313,0
-68.2,-44.2,0.00847657196434013,16.5661450237087,15.0342819485207,0
-67.7,-44.2,0.0120767694451655,62.0957339722337,15.6906512156816,0
-67.2,-44.2,0.0120767694451655,62.0957339722337,15.6906512156816,0
-66.7,-44.2,0.012847854192994,82.4044611589692,15.822361504105,0
-66.2,-44.2,0.0124840004641567,72.0942232449424,15.7676661703382,0
-65.7,-44.2,0.0131376935908189,91.6938748207626,16.0005574536709,0
-72.7,-43.7,-0.0222326692621486,0.000215696616708919,8.8989047705774,0
-72.2,-43.7,-0.0222326692621486,0.000215696616708919,8.8989047705774,0
-71.7,-43.7,-0.0186730820812235,0.00079376443222302,9.4949102355731,0
-71.2,-43.7,-0.0156184685854946,0.00242827692049663,10.0074648529548,0
-70.7,-43.7,-0.0113649733173805,0.0115231157346844,10.9085942095651,0
-70.2,-43.7,-0.00946380501808871,0.0231136277055417,11.2718687408058,0
-69.7,-43.7,-0.00946380501808871,0.0231136277055417,11.2718687408058,0
-69.2,-43.7,-0.00423386366140342,0.15692770049065,12.4932925398332,0
-68.7,-43.7,0.00589926594108442,6.43665370734817,14.5829985017306,0
-68.2,-43.7,0.0128888985599362,83.7202075704693,15.907645654536,0
-67.7,-43.7,0.0160499479412033,267.389680457102,16.4606713998561,0
-67.2,-43.7,0.0160499479412033,267.389680457102,16.4606713998561,0
-66.7,-43.7,0.0161600938199266,278.265388627038,16.4310371489949,0
-66.2,-43.7,0.0179179589235111,531.014592326616,16.7385386904693,0
-65.7,-43.7,0.0177026600571463,490.8266082564,16.7666344670624,0
-74.2,-43.2,-0.0140889935922596,0.00425340426940871,12.2568706641692,0
-72.7,-43.2,-0.018527354781228,0.000837331454307937,10.221494395336,0
-72.2,-43.2,-0.018527354781228,0.000837331454307937,10.221494395336,0
-71.7,-43.2,-0.0176385592135421,0.00115919313072246,9.80574918306124,0
-71.2,-43.2,-0.0125139467840531,0.00756636029882067,10.8015831844042,0
-70.7,-43.2,-0.00534062870078633,0.104622808618291,12.2528354599489,0
-70.2,-43.2,-0.00645571733072574,0.0695413355190612,11.9503656097406,0
-69.7,-43.2,-0.00645571733072574,0.0695413355190612,11.9503656097406,0
-69.2,-43.2,-0.00778726177851482,0.0427043111079251,11.6911134192988,0
-68.7,-43.2,-0.00341276893586495,0.211983005011544,12.7183475020042,0
-68.2,-43.2,0.0016150992050307,1.33793368470083,13.7949204615667,0
-67.7,-43.2,0.0155731954403803,224.428026901892,16.4147086515221,0
-67.2,-43.2,0.0155731954403803,224.428026901892,16.4147086515221,0
-66.7,-43.2,0.0249409489938979,7057.0748432175,18.0617215126635,0
-66.2,-43.2,0.0235092915550358,4160.94052417091,17.7802664172737,0
-65.7,-43.2,0.0234326427890788,4044.47105778527,17.7761234470675,0
-65.2,-43.2,0.0192050266937277,853.564581143476,17.1771688342681,0
-73.7,-42.7,-0.00941864375495476,0.0235209958729037,12.9426597978829,0
-72.7,-42.7,-0.0160562174777757,0.00206909208851233,10.8988563843628,0
-72.2,-42.7,-0.0160562174777757,0.00206909208851233,10.8988563843628,0
-71.7,-42.7,-0.0181378260890504,0.000965562051133039,9.5207334598391,0
-71.2,-42.7,-0.0113757440576094,0.0114777883303855,10.9661143086188,0
-70.7,-42.7,-0.00408708008509149,0.165596916514039,12.5339077213877,0
-70.2,-42.7,-0.00459856087141006,0.137302824557239,12.4352731565421,0
-69.7,-42.7,-0.00459856087141006,0.137302824557239,12.4352731565421,0
-69.2,-42.7,-0.00654901364224487,0.0672082207820158,12.0114272831515,0
-68.7,-42.7,-0.0102109081979256,0.0175813683811064,11.1731576974252,0
-68.2,-42.7,-0.00741822389861763,0.0488820858923988,11.8186753433749,0
-67.7,-42.7,0.00487076024605949,4.41258427798105,14.3885874321698,0
-67.2,-42.7,0.00487076024605949,4.41258427798105,14.3885874321698,0
-66.7,-42.7,0.0188542212018808,749.865692466027,16.9895165549399,0
-66.2,-42.7,0.0220609046139075,2440.88461419153,17.5627269743974,0
-65.7,-42.7,0.0242504197790137,5467.40884147694,17.950629671196,0
-65.2,-42.7,0.0234956212947052,4140.10492048904,17.8628410195051,0
-64.2,-42.7,0.0166131245505161,329.213756700557,16.8489484483731,0
-63.7,-42.7,0.0146770027119756,161.566471398032,16.5350238632515,0
-73.7,-42.2,-0.00744838785684349,0.0484013010847227,13.2937849330576,0
-72.2,-42.2,-0.0113446140730574,0.0116137747318906,11.9633344861796,0
-71.7,-42.2,-0.0154767976670744,0.00255750775773559,10.1031646572083,0
-71.2,-42.2,-0.00978287274793377,0.0205648097196419,11.2580327548265,0
-70.7,-42.2,-0.00625567353846309,0.0748331767282133,12.0635299226819,0
-70.2,-42.2,-0.00689160320580182,0.0592840993535796,11.9025748854132,0
-69.7,-42.2,-0.00689160320580182,0.0592840993535796,11.9025748854132,0
-69.2,-42.2,-0.0121668434051307,0.00859089150072004,10.5941718773109,0
-68.7,-42.2,-0.0135848056442197,0.00511184161846244,10.1453368276179,0
-68.2,-42.2,-0.00889551825915513,0.028456432161251,11.3220299166328,0
-67.7,-42.2,0.000359280584314939,0.844079898985929,13.3681634495559,0
-67.2,-42.2,0.000359280584314939,0.844079898985929,13.3681634495559,0
-66.7,-42.2,0.0115796190394338,51.7282878117695,15.6080976984527,0
-66.2,-42.2,0.0177866550723188,506.306589408397,16.7670973678449,0
-65.7,-42.2,0.0226337145025832,3015.4259032177,17.6773954418514,0
-65.2,-42.2,0.019326043816123,893.100040922896,17.3121941684151,0
-63.7,-42.2,0.00555741305862885,5.68698854480493,15.349240487083,0
-73.7,-41.7,-0.00578246770709778,0.0891035789506652,13.6209272236531,0
-73.2,-41.7,0.000554147505473361,0.908277325379583,14.4564645002335,0
-72.2,-41.7,-0.00681707391598428,0.0609572771619491,12.6486651324446,0
-71.7,-41.7,-0.0136134243709063,0.00505896786394259,10.4091792069886,0
-71.2,-41.7,-0.0169952242076668,0.00146687142065373,9.16999262859092,0
-70.7,-41.7,-0.0103253766293381,0.0168594498836656,10.9813944954925,0
-70.2,-41.7,-0.0120616537257984,0.00892804634063486,10.5032449956335,0
-69.7,-41.7,-0.0120616537257984,0.00892804634063486,10.5032449956335,0
-69.2,-41.7,-0.00487894053163718,0.12388043583584,12.2238463592397,0
-68.7,-41.7,-0.00030665173403306,0.661329403619147,13.2123451825592,0
-68.2,-41.7,-0.000599300383229009,0.594058161003244,13.1307632230995,0
-67.7,-41.7,-0.00251103970200475,0.294876609329079,12.6864295113949,0
-67.2,-41.7,-0.00251103970200475,0.294876609329079,12.6864295113949,0
-66.7,-41.7,-0.000584460196148412,0.597322673557952,13.1230848702259,0
-66.2,-41.7,0.0147713701947734,167.122267660223,16.1907053304597,0
-65.7,-41.7,0.02414927519288,5274.03246426863,17.9497234250699,0
-65.2,-41.7,0.0196601003998421,1009.87350357554,17.3748568140843,0
-73.7,-41.2,-0.00577246947710626,0.0894256311911726,13.4725657262094,0
-73.2,-41.2,0.0034891513370029,2.6631556157017,14.7631218021769,0
-72.7,-41.2,-0.00298214325265207,0.248395232632984,13.4123519821143,0
-72.2,-41.2,-0.00298214325265207,0.248395232632984,13.4123519821143,0
-71.7,-41.2,-0.0153455191244463,0.00268341732437121,10.2280054816437,0
-71.2,-41.2,-0.012342814149582,0.00805507187556891,10.7058918269694,0
-70.7,-41.2,-0.00752068188210851,0.0470822732998583,11.6546420115672,0
-70.2,-41.2,-0.00565982533478646,0.0930737969896806,12.083397793506,0
-69.7,-41.2,-0.00565982533478646,0.0930737969896806,12.083397793506,0
-69.2,-41.2,0.00132709703598773,1.20378832802486,13.6252795487071,0
-68.7,-41.2,-0.00114174085616535,0.48706622291468,13.0722965391627,0
-68.2,-41.2,0.00602235767012615,6.73078081093104,14.5006712720724,0
-67.7,-41.2,0.00867891366412919,17.8372036092387,14.9876941766214,0
-67.2,-41.2,0.00867891366412919,17.8372036092387,14.9876941766214,0
-66.7,-41.2,0.0141476905873775,132.89500029816,16.0458720922325,0
-66.2,-41.2,0.0227077812091545,3101.47786067051,17.6519353225382,0
-65.7,-41.2,0.0272608772511031,16629.6374676963,18.5094718848979,0
-65.2,-41.2,0.0225282726461495,2902.97722900278,17.8042961061348,0
-73.7,-40.7,-0.00434018937522069,0.151146582215606,13.7090283917141,0
-73.2,-40.7,0.00825314463331598,15.2901524897684,15.4887002915888,0
-72.7,-40.7,0.00165867159836743,1.36085238275499,14.2724839695338,0
-72.2,-40.7,0.00165867159836743,1.36085238275499,14.2724839695338,0
-71.7,-40.7,-0.0137597679177666,0.00479533747043171,10.7699444115012,0
-71.2,-40.7,-0.0112145099187864,0.0121754969122236,11.1105477466786,0
-70.7,-40.7,0.00157194485297553,1.31682590407543,13.6835446485176,0
-70.2,-40.7,7.89943173045107e-06,0.742307438067736,13.302843920351,0
-69.7,-40.7,7.89943173045107e-06,0.742307438067736,13.302843920351,0
-69.2,-40.7,-0.00658669699618102,0.066281640088673,11.8746561344177,0
-68.7,-40.7,-0.00156507384591117,0.417114260590734,13.0026208932568,0
-68.2,-40.7,0.00708755657359764,9.95136834418245,14.7402398741261,0
-67.7,-40.7,0.019219603543082,858.563195595075,17.0106941921917,0
-67.2,-40.7,0.019219603543082,858.563195595075,17.0106941921917,0
-66.7,-40.7,0.0278946876987006,21040.3075595436,18.6282502441476,0
-66.2,-40.7,0.0314889352102895,79483.0299097875,19.3176336235636,0
-65.7,-40.7,0.0336560067775599,177226.681533084,19.7316747538747,0
-65.2,-40.7,0.0326974864755911,124065.177298807,19.5226028740969,0
-64.7,-40.7,0.0326974864755911,124065.177298807,19.5226028740969,0
-64.2,-40.7,0.0302144587401361,49460.6433677432,19.0399939081507,0
-63.7,-40.7,0.030946083672577,64830.9252902329,19.1827195148469,0
-63.2,-40.7,0.0312675885109737,72998.6304672184,19.2468931260143,0
-62.7,-40.7,0.0253628774179715,8243.15493522852,18.2060009550579,0
-73.7,-40.2,-0.00626033954333773,0.0748088826227295,13.5910298357495,0
-73.2,-40.2,0.00915206873867268,21.2678740971285,15.6461654656617,0
-72.7,-40.2,0.00637879831994976,7.68280602520838,15.0964943637768,0
-72.2,-40.2,0.00637879831994976,7.68280602520838,15.0964943637768,0
-71.7,-40.2,-0.0108784978266245,0.0137712140034162,11.5029438853897,0
-71.2,-40.2,-0.00953997288049492,0.0224794893959455,11.5646198039491,0
-70.7,-40.2,0.000975505730985286,1.05847928017299,13.6821789024841,0
-70.2,-40.2,0.0103410632652545,32.8458207404026,15.377105136526,0
-69.7,-40.2,0.0103410632652545,32.8458207404026,15.377105136526,0
-69.2,-40.2,0.0079033378690261,13.4242935321147,14.9005066755302,0
-68.7,-40.2,0.00841747031525777,16.2116919224138,15.0108832738424,0
-68.2,-40.2,0.0147203857874423,164.085939012888,16.196521667145,0
-67.7,-40.2,0.0266269022031424,13174.3831112979,18.401194396637,0
-67.2,-40.2,0.0266269022031424,13174.3831112979,18.401194396637,0
-66.7,-40.2,0.0319357944773361,93830.9035689881,19.4110767627398,0
-66.2,-40.2,0.0324286778249693,112588.503500175,19.4957100014914,0
-65.7,-40.2,0.0336088043353478,174213.411777961,19.7199586478611,0
-65.2,-40.2,0.0336432227176735,176319.639062197,19.7195594899303,0
-64.7,-40.2,0.0336432227176735,176319.639062197,19.7195594899303,0
-64.2,-40.2,0.0337610014543927,184073.921596211,19.7370605111383,0
-63.7,-40.2,0.0340150042816437,202196.734917799,19.7891543275997,0
-63.2,-40.2,0.0333771267460432,159556.883586319,19.6610272213515,0
-62.7,-40.2,0.0283026212358271,24400.6035690542,18.7136872395824,0
-73.2,-39.7,0.00617222763004473,7.12612659308254,15.3280846907911,0
-72.7,-39.7,0.0105018861141004,34.8839911175566,15.7996122636574,0
-72.2,-39.7,0.0105018861141004,34.8839911175566,15.7996122636574,0
-71.7,-39.7,-0.00418138841762593,0.160014125765793,12.9294833238059,0
-71.2,-39.7,-0.0104562588786939,0.0160727074431793,11.3929731996201,0
-70.7,-39.7,-0.00444358256558923,0.145341990664698,12.6578384663377,0
-70.2,-39.7,0.0126560179955318,76.868856923445,15.8873604488999,0
-69.7,-39.7,0.0126560179955318,76.868856923445,15.8873604488999,0
-69.2,-39.7,0.0207247243226953,1494.13534329241,17.2920494366079,0
-68.7,-39.7,0.0183641672446449,626.624146101766,16.8432758984228,0
-68.2,-39.7,0.0195524254896762,970.195351326268,17.0812783727259,0
-67.7,-39.7,0.0301812605205935,48998.9815466202,19.0683777616956,0
-67.2,-39.7,0.0301812605205935,48998.9815466202,19.0683777616956,0
-66.7,-39.7,0.0332559652696637,152994.483832773,19.668776740943,0
-66.2,-39.7,0.0327532087169042,126954.48519508,19.5554293965756,0
-65.7,-39.7,0.035388600832025,337162.060784415,20.0811175865722,0
-65.2,-39.7,0.0349861420845732,290231.281195079,19.9935496009347,0
-64.7,-39.7,0.0349861420845732,290231.281195079,19.9935496009347,0
-64.2,-39.7,0.0348904353758464,279932.257015879,19.9737841859988,0
-63.7,-39.7,0.0349067241100409,281631.180813521,19.983097643498,0
-63.2,-39.7,0.0348351363091619,274091.260687469,19.967713877272,0
-62.7,-39.7,0.0332567951851646,152626.798223667,19.649416508663,0
-62.2,-39.7,0.0332567951851646,152626.798223667,19.649416508663,0
-73.2,-39.2,0.0086170691343153,17.4761129488014,15.8286813163967,0
-72.7,-39.2,0.0150595186218624,186.127420913115,16.6256512650832,0
-72.2,-39.2,0.0150595186218624,186.127420913115,16.6256512650832,0
-71.7,-39.2,0.00166570617004689,1.36377939248325,14.1060251071892,0
-71.2,-39.2,-0.0116384044811976,0.0104257133901924,11.0688175609076,0
-70.7,-39.2,-0.0101399975361952,0.0180447938007585,11.3015461030615,0
-70.2,-39.2,0.00725340899962634,10.5768024327435,14.8629324181104,0
-69.7,-39.2,0.00725340899962634,10.5768024327435,14.8629324181104,0
-69.2,-39.2,0.0197623191185119,1048.29958802656,17.1469579033484,0
-68.7,-39.2,0.0264978018575748,12553.7851633138,18.3511983245808,0
-68.2,-39.2,0.0285499237062635,26792.7178928325,18.7384972195147,0
-67.7,-39.2,0.0316486585104548,84307.9816738611,19.3394123529109,0
-67.2,-39.2,0.0316486585104548,84307.9816738611,19.3394123529109,0
-66.7,-39.2,0.033958250583691,198413.023096706,19.7980721782386,0
-66.2,-39.2,0.0354180491079933,341017.485519664,20.0945542674038,0
-65.7,-39.2,0.036122360325675,442605.799481972,20.2299501400185,0
-65.2,-39.2,0.0355844771178744,362234.355131937,20.1167681468702,0
-64.7,-39.2,0.0355844771178744,362234.355131937,20.1167681468702,0
-64.2,-39.2,0.0363676276692359,484492.360056447,20.2872143346551,0
-63.7,-39.2,0.0367436563469821,556982.340294185,20.370167312483,0
-63.2,-39.2,0.0357172504939657,380509.532275721,20.1531547532865,0
-62.7,-39.2,0.0332002802576117,149580.421806692,19.6415250348034,0
-73.2,-38.7,0.00843882362072468,16.3701858383038,15.7441167311416,0
-72.7,-38.7,0.0164989875720743,316.071597174393,16.8747681020324,0
-72.2,-38.7,0.0164989875720743,316.071597174393,16.8747681020324,0
-71.7,-38.7,0.00409504557287164,3.32373791171092,14.5657449732228,0
-71.2,-38.7,-0.0108809617120356,0.0137575714157964,11.2208899609397,0
-70.7,-38.7,-5.757471322693e-05,0.724821473448983,13.4877957950179,0
-70.2,-38.7,0.0152962912011395,202.754253491433,16.3596527606683,0
-69.7,-38.7,0.0152962912011395,202.754253491433,16.3596527606683,0
-69.2,-38.7,0.0255002802638083,8686.63233844357,18.2027069672884,0
-68.7,-38.7,0.028336688322015,24761.1173959874,18.7023324632333,0
-68.2,-38.7,0.0298563569050003,43412.3872069056,18.9893971944574,0
-67.7,-38.7,0.0330213521153167,140134.302684495,19.6049437618817,0
-67.2,-38.7,0.0330213521153167,140134.302684495,19.6049437618817,0
-66.7,-38.7,0.035442599472032,343882.970847435,20.0886928265186,0
-66.2,-38.7,0.0366358057004088,535510.630313252,20.3323407550274,0
-65.7,-38.7,0.0362206752351127,458677.860531688,20.23648284543,0
-65.2,-38.7,0.035139372104808,307041.344481032,20.0266807585729,0
-64.7,-38.7,0.035139372104808,307041.344481032,20.0266807585729,0
-64.2,-38.7,0.0371808893467261,655273.736778367,20.4468254543391,0
-63.7,-38.7,0.0377779173356688,818087.518746017,20.5790540923033,0
-63.2,-38.7,0.0358015661264602,392736.382733287,20.169905544485,0
-62.7,-38.7,0.0343549142056142,229543.34945795,19.8735828869426,0
-62.2,-38.7,0.0343549142056142,229543.34945795,19.8735828869426,0
-61.7,-38.7,0.0316444509920408,84084.8047390112,19.3476121188365,0
-61.2,-38.7,0.0296905728138186,40834.0089587992,18.9876373593727,0
-60.7,-38.7,0.0303779050274131,52634.9786865791,19.1212918264427,0
-60.2,-38.7,0.0302279790668249,49794.3638653087,19.1004565040305,0
-59.7,-38.7,0.0302279790668249,49794.3638653087,19.1004565040305,0
-59.2,-38.7,0.0288555786121456,29977.9999884222,18.8696042082234,0
-73.2,-38.2,0.00753275890036797,11.7391596155441,15.50620981814,0
-72.7,-38.2,0.0207197142442571,1493.81614738439,17.5307039336601,0
-72.2,-38.2,0.0207197142442571,1493.81614738439,17.5307039336601,0
-71.7,-38.2,0.0112238179048607,45.471616798055,15.8318828070453,0
-71.2,-38.2,-0.00931675880634342,0.0243942467758087,11.574701749406,0
-70.7,-38.2,0.0031302032680818,2.33171629669286,14.1424242884336,0
-70.2,-38.2,0.0169952644404647,378.757921031933,16.6900639327541,0
-69.7,-38.2,0.0169952644404647,378.757921031933,16.6900639327541,0
-69.2,-38.2,0.0242358626648619,5450.01930144332,17.9822464124864,0
-68.7,-38.2,0.0298807329777266,43814.1422673595,19.0092755899448,0
-68.2,-38.2,0.0323762359428012,110292.738796959,19.4733291058403,0
-67.7,-38.2,0.03582299402113,395974.773033224,20.1588963826015,0
-67.2,-38.2,0.03582299402113,395974.773033224,20.1588963826015,0
-66.7,-38.2,0.036229579470932,460315.753322076,20.2364296704066,0
-66.2,-38.2,0.0373028751991963,685287.82529748,20.4478195274681,0
-65.7,-38.2,0.0363935895927744,488743.657726442,20.2577583954988,0
-65.2,-38.2,0.0350353028206858,295156.015699407,19.9851764468416,0
-64.7,-38.2,0.0350353028206858,295156.015699407,19.9851764468416,0
-64.2,-38.2,0.0370828618772095,631319.940184465,20.4066471622344,0
-63.7,-38.2,0.0365060783794789,509975.15879127,20.2992402427309,0
-63.2,-38.2,0.0329653644849527,137208.013523118,19.6005934639,0
-62.7,-38.2,0.0299836583508767,45519.2739584001,19.0294239494382,0
-62.2,-38.2,0.0299836583508767,45519.2739584001,19.0294239494382,0
-61.7,-38.2,0.0258732341593507,9971.65456618011,18.2718223818705,0
-61.2,-38.2,0.0284352088613947,25693.533067128,18.756273541109,0
-60.7,-38.2,0.0295477940333222,38779.6865171292,18.9681842427399,0
-60.2,-38.2,0.0292169840168942,34306.8330247592,18.908389211218,0
-59.7,-38.2,0.0292169840168942,34306.8330247592,18.908389211218,0
-59.2,-38.2,0.0289995935998542,31651.3411571975,18.87505519225,0
-58.7,-38.2,0.0290354571713633,32076.652023904,18.8869825423901,0
-58.2,-38.2,0.0273784469556933,17407.625738636,18.5894300579546,0
-73.2,-37.7,0.013732046567938,114.346604754791,16.4410641926028,0
-72.7,-37.7,0.0300806784878488,47211.4788047668,19.0970186808651,0
-72.2,-37.7,0.0300806784878488,47211.4788047668,19.0970186808651,0
-71.7,-37.7,0.0199763225756612,1136.09614013361,17.3682978355877,0
-71.2,-37.7,-0.00699400500800377,0.057110694760909,12.1330957825976,0
-70.7,-37.7,0.00396449169955735,3.16676105262289,14.4130331396517,0
-70.2,-37.7,0.014378167878271,144.768217296611,16.2796159334465,0
-69.7,-37.7,0.014378167878271,144.768217296611,16.2796159334465,0
-69.2,-37.7,0.0246449927346676,6338.4629677653,18.0819303037493,0
-68.7,-37.7,0.029394942029363,36610.7364661841,18.9348602485252,0
-68.2,-37.7,0.0344471477166768,237579.014161169,19.8708396400349,0
-67.7,-37.7,0.038116696625293,927752.735272339,20.6099327823697,0
-67.2,-37.7,0.038116696625293,927752.735272339,20.6099327823697,0
-66.7,-37.7,0.0381077850021871,924400.804174982,20.6039174465864,0
-66.2,-37.7,0.0389366986255704,1256639.25493059,20.7590535856393,0
-65.7,-37.7,0.0375621797858747,753775.12583512,20.4786758768561,0
-65.2,-37.7,0.0353312795596372,329266.838559224,20.0329308065187,0
-64.7,-37.7,0.0353312795596372,329266.838559224,20.0329308065187,0
-64.2,-37.7,0.0361418724449407,444998.944295598,20.2064519931513,0
-63.7,-37.7,0.0365639645452656,520824.532332413,20.2918507891642,0
-63.2,-37.7,0.0347766764203722,268366.600442271,19.9399969551012,0
-62.7,-37.7,0.0317838631783814,88550.9272788045,19.3653717398514,0
-62.2,-37.7,0.0317838631783814,88550.9272788045,19.3653717398514,0
-61.7,-37.7,0.02970293682448,41022.8484610226,18.9849435782207,0
-61.2,-37.7,0.0307424074575126,60288.1447887446,19.1813848935299,0
-60.7,-37.7,0.0298124832670845,42776.4782579993,19.0079041591812,0
-60.2,-37.7,0.028962836311376,31250.2979903015,18.8516418131464,0
-59.7,-37.7,0.028962836311376,31250.2979903015,18.8516418131464,0
-59.2,-37.7,0.0284384801864613,25746.2033073253,18.7643166795294,0
-58.7,-37.7,0.0304630383078604,54405.1089003042,19.1223449862058,0
-58.2,-37.7,0.0321382846236437,101204.647981229,19.4423789344307,0
-57.7,-37.7,0.0302435665614512,50190.0170326725,19.1068163635675,0
-73.2,-37.2,0.0181403228217371,578.283673502062,17.2769754024015,0
-72.7,-37.2,0.0316355116846137,83953.4701185963,19.3834683123635,0
-72.2,-37.2,0.0316355116846137,83953.4701185963,19.3834683123635,0
-71.7,-37.2,0.0235608532276845,4256.13949560714,17.9867911088954,0
-71.2,-37.2,-0.00485061791903466,0.125227532625454,12.6804623853774,0
-70.7,-37.2,-0.00319066622686125,0.230013047687983,13.0238087924165,0
-70.2,-37.2,5.59251461663234e-05,0.755774775788593,13.63756295154,0
-69.7,-37.2,5.59251461663234e-05,0.755774775788593,13.63756295154,0
-69.2,-37.2,0.022854523094394,3275.77415371204,17.7990646892956,0
-68.7,-37.2,0.0259667907185155,10317.9066632759,18.3395309477219,0
-68.2,-37.2,0.032692861874679,123961.400223206,19.5295222982321,0
-67.7,-37.2,0.0381909470137436,952662.789352842,20.5941832755528,0
-67.2,-37.2,0.0381909470137436,952662.789352842,20.5941832755528,0
-66.7,-37.2,0.0405784763145324,2314488.90254484,21.0931298965111,0
-66.2,-37.2,0.0404551169590754,2209850.01513146,21.0699187446915,0
-65.7,-37.2,0.0376121989613081,767517.319476045,20.4760053387621,0
-65.2,-37.2,0.0365763855917868,522510.859220853,20.2739996734905,0
-64.7,-37.2,0.0365763855917868,522510.859220853,20.2739996734905,0
-64.2,-37.2,0.0386360331390206,1123380.28222153,20.6986896707105,0
-63.7,-37.2,0.0386242868029909,1119407.58939839,20.6971569275077,0
-63.2,-37.2,0.0375522545447716,750793.420439525,20.4598482539117,0
-62.7,-37.2,0.0366937770305827,546321.855560672,20.2942738236893,0
-62.2,-37.2,0.0366937770305827,546321.855560672,20.2942738236893,0
-61.7,-37.2,0.0343947889216517,232894.136345451,19.8497983129752,0
-61.2,-37.2,0.0334970263754553,167099.366345031,19.6800635441957,0
-60.7,-37.2,0.0320848239596283,99176.1758463656,19.4291150707869,0
-60.2,-37.2,0.0314309737613808,77879.9138189891,19.3093193861671,0
-59.7,-37.2,0.0314309737613808,77879.9138189891,19.3093193861671,0
-59.2,-37.2,0.0327473102137085,126774.589923391,19.554899516612,0
-58.7,-37.2,0.033901593356876,194446.013781926,19.7736890337004,0
-58.2,-37.2,0.0350117325620636,293398.7560087,19.9789702254704,0
-57.7,-37.2,0.035670376185703,374408.644258326,20.0924883538845,0
-57.2,-37.2,0.035670376185703,374408.644258326,20.0924883538845,0
-72.7,-36.7,0.0291582014881199,33591.6880484643,18.9574761555753,0
-72.2,-36.7,0.0291582014881199,33591.6880484643,18.9574761555753,0
-71.7,-36.7,0.0341327779094533,211403.765031074,19.8132578051844,0
-71.2,-36.7,0.00367934877123191,2.85375558801297,14.4760270877369,0
-70.7,-36.7,-0.0174899035663568,0.00122400698963745,9.62495977527188,0
-70.2,-36.7,-0.00910017980719712,0.0264079818233509,11.6097601298956,0
-69.7,-36.7,-0.00910017980719712,0.0264079818233509,11.6097601298956,0
-69.2,-36.7,0.0105428237125964,35.3884669756715,15.6307695899607,0
-68.7,-36.7,0.0224832196496498,2857.02472127631,17.7588268315326,0
-68.2,-36.7,0.0324400017386704,112791.939695742,19.4785284017776,0
-67.7,-36.7,0.0386751284851704,1139066.97206801,20.6645208539182,0
-67.2,-36.7,0.0386751284851704,1139066.97206801,20.6645208539182,0
-66.7,-36.7,0.0416312510226825,3419175.42682485,21.2790687161449,0
-66.2,-36.7,0.041135831237176,2841782.05613542,21.1676099148031,0
-65.7,-36.7,0.0395880932085396,1598588.36638244,20.8622727156479,0
-65.2,-36.7,0.0392798075201905,1426177.65681528,20.8146854727299,0
-64.7,-36.7,0.0392798075201905,1426177.65681528,20.8146854727299,0
-64.2,-36.7,0.040241264495679,2040870.59914228,21.0224833267068,0
-63.7,-36.7,0.0402177611734255,2022781.83933916,21.0004610142977,0
-63.2,-36.7,0.0402684110277709,2059720.38385391,21.0032430556588,0
-62.7,-36.7,0.0393710897453412,1474948.28204083,20.8064999624716,0
-62.2,-36.7,0.0393710897453412,1474948.28204083,20.8064999624716,0
-61.7,-36.7,0.0372208940329548,663379.578006906,20.3569326404904,0
-61.2,-36.7,0.0368728326353945,583748.114539364,20.3001007992267,0
-60.7,-36.7,0.0357390296905891,383858.56182186,20.1092865355012,0
-60.2,-36.7,0.0357630295028597,387720.148004198,20.1323595397763,0
-59.7,-36.7,0.0357630295028597,387720.148004198,20.1323595397763,0
-59.2,-36.7,0.0362983397571413,473002.844806673,20.2364998038166,0
-58.7,-36.7,0.0370943933438368,635410.164021721,20.3880925673337,0
-58.2,-36.7,0.0380531629766308,906881.047223524,20.565350033589,0
-57.7,-36.7,0.0370341791597352,621077.2312133,20.3487120724903,0
-57.2,-36.7,0.0370341791597352,621077.2312133,20.3487120724903,0
-56.7,-36.7,0.0307529395095061,60641.2747863562,19.2032062048583,0
-72.7,-36.2,0.0243932176722783,5781.57688772293,18.2075756124152,0
-72.2,-36.2,0.0243932176722783,5781.57688772293,18.2075756124152,0
-71.7,-36.2,0.0381280078683027,930481.35958039,20.5702187199268,0
-71.2,-36.2,0.017405031649719,440.936580197072,16.959024426405,0
-70.7,-36.2,-0.0177751808190177,0.00110265741916765,9.64625970770141,0
-70.2,-36.2,-0.0119450581445259,0.00931892069505129,11.0414667641523,0
-69.7,-36.2,-0.0119450581445259,0.00931892069505129,11.0414667641523,0
-69.2,-36.2,0.0100330811345227,29.3490056846395,15.5347379914882,0
-68.7,-36.2,0.00695459041092005,9.48448645070626,15.0167910058766,0
-68.2,-36.2,0.0321070015832567,99658.1830237838,19.4194628319332,0
-67.7,-36.2,0.0411002076864946,2803120.39508103,21.1304281159465,0
-67.2,-36.2,0.0411002076864946,2803120.39508103,21.1304281159465,0
-66.7,-36.2,0.0433011373241494,6364062.15830247,21.6205512212624,0
-66.2,-36.2,0.0421302239942908,4109007.77653545,21.3416191052974,0
-65.7,-36.2,0.0410023292878716,2700501.85698821,21.1104700731184,0
-65.2,-36.2,0.0412234978798284,2937210.76003843,21.1949200991144,0
-64.7,-36.2,0.0412234978798284,2937210.76003843,21.1949200991144,0
-64.2,-36.2,0.0410020295191093,2709642.05574006,21.1821721687008,0
-63.7,-36.2,0.0417131360777933,3527190.06786035,21.3017450807267,0
-63.2,-36.2,0.0416743907897408,3469920.69407226,21.2511716213309,0
-62.7,-36.2,0.0412892299563716,3008269.35011026,21.1841098263251,0
-62.2,-36.2,0.0412892299563716,3008269.35011026,21.1841098263251,0
-61.7,-36.2,0.0399971970455566,1858644.43107824,20.8987179969156,0
-61.2,-36.2,0.0385690246336751,1093390.58684585,20.5930251810511,0
-60.7,-36.2,0.0386164724243857,1113934.40978264,20.6198017909859,0
-60.2,-36.2,0.0391463491101827,1359827.41853579,20.780871477936,0
-59.7,-36.2,0.0391463491101827,1359827.41853579,20.780871477936,0
-59.2,-36.2,0.0391414888559489,1358757.82276913,20.7976167008543,0
-58.7,-36.2,0.0393772760756695,1483920.41027287,20.8548036946126,0
-58.2,-36.2,0.039679603738073,1660456.30606398,20.9008169490078,0
-57.7,-36.2,0.0355886825741276,363394.52675257,20.0740434148493,0
-57.2,-36.2,0.0355886825741276,363394.52675257,20.0740434148493,0
-72.2,-35.7,0.0129873254789078,87.0047864254205,16.6480089143721,0
-71.7,-35.7,0.0376923574686627,790641.778680999,20.4613643667335,0
-71.2,-35.7,0.0312874240986579,73640.5907120856,19.2954802392028,0
-70.7,-35.7,-0.0185663756994798,0.000825408718026579,9.56287731647647,0
-70.2,-35.7,-0.0134759505424653,0.00532060536675534,10.7478609806887,0
-69.7,-35.7,-0.0134759505424653,0.00532060536675534,10.7478609806887,0
-69.2,-35.7,0.0180102362786022,550.493900775791,16.9721104799566,0
-68.7,-35.7,0.0118231960448763,56.6393388815359,15.8761163492894,0
-68.2,-35.7,0.0329455937802067,135944.336291193,19.5657656598478,0
-67.7,-35.7,0.0449798735401264,11895767.0591858,21.9634371948521,0
-67.2,-35.7,0.0449798735401264,11895767.0591858,21.9634371948521,0
-66.7,-35.7,0.0451879232561918,12854257.7017254,22.0211161824292,0
-66.2,-35.7,0.0439222544946758,7997317.66642283,21.6794748358774,0
-65.7,-35.7,0.0429457420234743,5558047.12764996,21.4709416451958,0
-65.2,-35.7,0.0425339854629849,4779474.95654785,21.4401170612742,0
-64.7,-35.7,0.0425339854629849,4779474.95654785,21.4401170612742,0
-64.2,-35.7,0.042922159003768,5536714.99070502,21.5835001552843,0
-63.7,-35.7,0.0427671181791131,5213199.89633627,21.4797677807662,0
-63.2,-35.7,0.0425599345787428,4823463.54864034,21.4252750675442,0
-62.7,-35.7,0.0427795220071,5240173.35387012,21.5118811540019,0
-62.2,-35.7,0.0427795220071,5240173.35387012,21.5118811540019,0
-61.7,-35.7,0.0417801059056594,3606205.31007489,21.2387896266529,0
-61.2,-35.7,0.0403666488925828,2128707.29762293,20.9162846571004,0
-60.7,-35.7,0.0402976948611044,2073315.55099774,20.8900223370035,0
-60.2,-35.7,0.0408729100121504,2573961.99261733,21.0524253218616,0
-59.7,-35.7,0.0408729100121504,2573961.99261733,21.0524253218616,0
-59.2,-35.7,0.0412231895017532,2941389.56537895,21.1872861562827,0
-58.7,-35.7,0.0410196846582284,2730559.73484016,21.1661829574698,0
-58.2,-35.7,0.0406466358404339,2376182.66076661,21.071406192831,0
-57.7,-35.7,0.0374946407124063,736390.065013175,20.4230047990336,0
-72.2,-35.2,-0.00476414311313368,0.129422051812645,14.1697292111158,0
-71.7,-35.2,0.0341491985040155,211892.85573222,19.7759192554762,0
-71.2,-35.2,0.041876601590681,3722647.13535424,21.1356723657465,0
-70.7,-35.2,-0.00468407386325507,0.133146419330127,12.9745242177417,0
-70.2,-35.2,-0.02437352408076,9.85195632180977e-05,7.39328778894539,0
-69.7,-35.2,-0.02437352408076,9.85195632180977e-05,7.39328778894539,0
-69.2,-35.2,0.0163732226574261,301.58152370486,16.7466793657327,0
-68.7,-35.2,0.0241401226384917,5260.81943020377,18.0164091040347,0
-68.2,-35.2,0.0439127363320212,7966841.13217972,21.6372993161046,0
-67.7,-35.2,0.0462450629757696,19109993.0693557,22.3079655477162,0
-67.2,-35.2,0.0462450629757696,19109993.0693557,22.3079655477162,0
-66.7,-35.2,0.0466153321054317,21882788.5645026,22.3267320655495,0
-66.2,-35.2,0.0453695780782532,13690002.1087093,21.9431199834003,0
-65.7,-35.2,0.0447787625849675,10985348.3812849,21.8141628384959,0
-65.2,-35.2,0.0447705222744757,10988930.1927364,21.90120889885,0
-64.7,-35.2,0.0447705222744757,10988930.1927364,21.90120889885,0
-64.2,-35.2,0.0445532995975711,10159409.9218328,21.9120715989572,0
-63.7,-35.2,0.0444342916046531,9683060.63025652,21.7969148646834,0
-63.2,-35.2,0.0441967235007164,8864519.83433566,21.7442987322463,0
-62.7,-35.2,0.0440047293879716,8263633.5865862,21.7389306688044,0
-62.2,-35.2,0.0440047293879716,8263633.5865862,21.7389306688044,0
-61.7,-35.2,0.0429998589643509,5670779.93701709,21.4631229605679,0
-61.2,-35.2,0.042022106739453,3933096.24111268,21.212282054799,0
-60.7,-35.2,0.0424344840260412,4583669.45325455,21.2927394150331,0
-60.2,-35.2,0.0426606107672369,4994787.21876221,21.3724832800615,0
-59.7,-35.2,0.0426606107672369,4994787.21876221,21.3724832800615,0
-59.2,-35.2,0.0429018947112672,5474450.74516692,21.4525958125604,0
-58.7,-35.2,0.0431988678879773,6126723.32946218,21.5389960063097,0
-58.2,-35.2,0.0414576280793232,3204706.70897738,21.1563661515325,0
-57.7,-35.2,0.0351848216801319,312515.886395537,19.9793646716741,0
-71.7,-34.7,0.0264587040839763,12366.829158261,18.6129194175997,0
-71.2,-34.7,0.0433621410689499,6449832.2850301,21.353867220965,0
-70.7,-34.7,0.00714695552301519,10.1889403186571,15.2900849955243,0
-70.2,-34.7,-0.0285259893949442,2.1550791064352e-05,5.10245193337816,0
-69.7,-34.7,-0.0285259893949442,2.1550791064352e-05,5.10245193337816,0
-69.2,-34.7,-0.00284388214883641,0.261286171332661,13.330393679013,0
-68.7,-34.7,0.0269487567632977,14817.606785532,18.4995711412505,0
-68.2,-34.7,0.0454044068473998,13904240.0205374,21.9896969645725,0
-67.7,-34.7,0.0469976124569616,25345730.0214199,22.5261263369046,0
-67.2,-34.7,0.0469976124569616,25345730.0214199,22.5261263369046,0
-66.7,-34.7,0.047740865834131,33314298.1869353,22.5848877286934,0
-66.2,-34.7,0.0451488289081054,12594926.7057771,21.8693728078843,0
-65.7,-34.7,0.0463405150052974,19627286.1669889,22.1115813906198,0
-65.2,-34.7,0.0466290883840115,21936688.1152025,22.2619392931898,0
-64.7,-34.7,0.0466290883840115,21936688.1152025,22.2619392931898,0
-64.2,-34.7,0.0462442510287866,19040038.3145128,22.2260113404762,0
-63.7,-34.7,0.0458605549690724,16464315.4046438,22.0721152947688,0
-63.2,-34.7,0.0456712102285321,15330615.8155484,22.0096004238628,0
-62.7,-34.7,0.0456951752270361,15480098.0263335,22.0358855629517,0
-62.2,-34.7,0.0456951752270361,15480098.0263335,22.0358855629517,0
-61.7,-34.7,0.0445215447079418,9979189.91689424,21.7414793424093,0
-61.2,-34.7,0.0432950656989557,6314565.25562412,21.4606703817913,0
-60.7,-34.7,0.0442446345226249,8987858.25424453,21.6466852914033,0
-60.2,-34.7,0.0446923069738994,10638936.0252186,21.7844684155669,0
-59.7,-34.7,0.0446923069738994,10638936.0252186,21.7844684155669,0
-59.2,-34.7,0.0450805477423181,12308547.2260512,21.8840525274335,0
-58.7,-34.7,0.0454070844942732,13910776.0308066,21.9410310720336,0
-56.7,-34.7,0.0412876490122677,3002531.2909146,21.0686519852561,0
-56.2,-34.7,0.044185961944782,8827023.11112318,21.6463897910836,0
-55.7,-34.7,0.0441080563577596,8569503.8700389,21.6002039872437,0
-55.2,-34.7,0.0388159720315784,1200574.07133896,20.6083630722202,0
-54.7,-34.7,0.0388159720315784,1200574.07133896,20.6083630722202,0
-71.7,-34.2,0.0191249345745239,830.757338208541,17.5988142724115,0
-71.2,-34.2,0.0410698650042738,2751128.42118131,20.9242043602793,0
-70.7,-34.2,0.0325043536533736,115293.092349104,19.4771265129631,0
-70.2,-34.2,-0.0285146306147157,2.16405871519199e-05,5.27086488869207,0
-69.7,-34.2,-0.0285146306147157,2.16405871519199e-05,5.27086488869207,0
-69.2,-34.2,-0.00769813217481763,0.0441426131067033,12.3359693279403,0
-68.7,-34.2,0.0286067919588881,27320.0221618736,18.7772445593114,0
-68.2,-34.2,0.0461399677815326,18310717.4921996,22.1923741097456,0
-67.7,-34.2,0.0481795360000672,39621163.2710688,22.9605712064093,0
-67.2,-34.2,0.0481795360000672,39621163.2710688,22.9605712064093,0
-66.7,-34.2,0.0499483808868183,76547660.7871234,23.3136894540824,0
-66.2,-34.2,0.0460875797541626,17840558.7037916,22.0317613877209,0
-65.7,-34.2,0.0473358821128818,28383629.0436664,22.2725567844347,0
-65.2,-34.2,0.048036642960551,36936645.9876881,22.4662723347105,0
-64.7,-34.2,0.048036642960551,36936645.9876881,22.4662723347105,0
-64.2,-34.2,0.0479250024231948,35574012.2557601,22.5399101608187,0
-63.7,-34.2,0.0473538278709462,28746961.2504911,22.4047984948395,0
-63.2,-34.2,0.0469926468317098,25063109.5375613,22.2572515068862,0
-62.7,-34.2,0.0468104100882575,23383684.482805,22.1815816053256,0
-62.2,-34.2,0.0468104100882575,23383684.482805,22.1815816053256,0
-61.7,-34.2,0.0460589274674651,17667934.2164154,22.019717170159,0
-61.2,-34.2,0.04614181456028,18231304.6173794,22.0553095026174,0
-60.7,-34.2,0.0464919390284746,20781037.534637,22.1398170922974,0
-60.2,-34.2,0.0469020226332999,24248971.1000167,22.2591221279509,0
-59.7,-34.2,0.0469020226332999,24248971.1000167,22.2591221279509,0
-59.2,-34.2,0.046982847410958,25017744.3788286,22.29300658577,0
-58.7,-34.2,0.0468752499396174,24044382.0509627,22.2502888203242,0
-57.7,-34.2,0.0450221430694654,12027827.2357146,21.769028526333,0
-57.2,-34.2,0.0450221430694654,12027827.2357146,21.769028526333,0
-56.7,-34.2,0.0447478978730324,10858246.3831566,21.7046817802883,0
-56.2,-34.2,0.0454217371482278,13961375.1306942,21.8407498212208,0
-55.7,-34.2,0.0441128425753546,8579434.7321133,21.5742083221465,0
-55.2,-34.2,0.0421389105849151,4116327.91705227,21.1795173775788,0
-54.7,-34.2,0.0421389105849151,4116327.91705227,21.1795173775788,0
-54.2,-34.2,0.0440123266332175,8252931.9835679,21.5140816177466,0
-53.7,-34.2,0.0388919724501751,1230138.15887655,20.5459697558657,0
-71.7,-33.7,0.0070948836019692,10.0065036284959,15.9366931577406,0
-71.2,-33.7,0.037341896550828,689204.999065474,20.2614275436774,0
-70.7,-33.7,0.0370797245706632,625762.617903539,20.2156221641169,0
-70.2,-33.7,-0.0269524467371491,3.83342502889471e-05,6.58275388156827,0
-69.7,-33.7,-0.0269524467371491,3.83342502889471e-05,6.58275388156827,0
-69.2,-33.7,-0.00655713721898936,0.067046148481426,12.6330406027357,0
-68.7,-33.7,0.0396400830323147,1624479.34126372,20.7696003831192,0
-68.2,-33.7,0.0482009684808586,39765843.6486281,22.8371792085373,0
-67.7,-33.7,0.0490854248544661,55914076.0517506,23.3534492362109,0
-67.2,-33.7,0.0490854248544661,55914076.0517506,23.3534492362109,0
-66.7,-33.7,0.0512246373488654,123939633.741062,23.7643545972559,0
-66.2,-33.7,0.0462554928274794,18958343.202235,22.0140319896985,0
-65.7,-33.7,0.0455984842050561,14821171.4737948,21.8455763251031,0
-65.2,-33.7,0.0468885555469791,23946156.490203,22.0933145903977,0
-64.7,-33.7,0.0468885555469791,23946156.490203,22.0933145903977,0
-64.2,-33.7,0.0485749961907148,45100756.373226,22.5442539945188,0
-63.7,-33.7,0.0484076272685841,42496023.300031,22.5741308094894,0
-63.2,-33.7,0.0488217454127145,49689947.5664759,22.715705246529,0
-62.7,-33.7,0.0483173904279314,40929120.0777813,22.4567962414251,0
-62.2,-33.7,0.0483173904279314,40929120.0777813,22.4567962414251,0
-61.7,-33.7,0.0481711043716035,38795915.9812381,22.4525284451264,0
-61.2,-33.7,0.0482527838261725,40137029.595996,22.5568867174203,0
-60.7,-33.7,0.0486118357005536,45930973.6796704,22.6520373114474,0
-60.2,-33.7,0.0492000611875845,57260970.5827339,22.8045133330102,0
-59.7,-33.7,0.0492000611875845,57260970.5827339,22.8045133330102,0
-59.2,-33.7,0.0496359825559489,67514570.4783871,22.9512775477833,0
-58.7,-33.7,0.0489527698553227,52200490.6629239,22.704261635032,0
-58.2,-33.7,0.0488402996308324,49963600.9993144,22.6170764438379,0
-57.7,-33.7,0.0474375254737756,29556523.7115965,22.2471150198584,0
-57.2,-33.7,0.0474375254737756,29556523.7115965,22.2471150198584,0
-56.7,-33.7,0.0464688194066724,20596322.9571309,22.0272426250744,0
-56.2,-33.7,0.0460399360227976,17558245.7616618,21.9275629559229,0
-55.7,-33.7,0.0446703784196966,10542515.7724925,21.6334854318651,0
-55.2,-33.7,0.0433802761653688,6520836.41804947,21.3695749703279,0
-54.7,-33.7,0.0433802761653688,6520836.41804947,21.3695749703279,0
-54.2,-33.7,0.0477329673289371,32849929.321982,22.1625287197425,0
-53.7,-33.7,0.0450296883324763,11997407.7085893,21.594889603662,0
-71.7,-33.2,0.00604707825657958,6.81289269765667,15.7970332512975,0
-71.2,-33.2,0.0374055519667594,704732.334126997,20.2571801872948,0
-70.7,-33.2,0.0296739259095017,40509.8994803415,19.0405785012111,0
-70.2,-33.2,-0.0300675608781875,1.22581622446757e-05,3.12836456143097,0
-69.7,-33.2,-0.0300675608781875,1.22581622446757e-05,3.12836456143097,0
-69.2,-33.2,-0.0166633008472211,0.00165673578167879,10.3700408900159,0
-68.7,-33.2,0.0455067490564462,14398601.4127438,21.9240759936107,0
-68.2,-33.2,0.0494761913258309,65207530.5308375,23.6783233435425,0
-67.7,-33.2,0.0500377698875014,80525324.3003187,23.8480974634446,0
-67.2,-33.2,0.0500377698875014,80525324.3003187,23.8480974634446,0
-66.7,-33.2,0.0509814381115582,112299873.77028,23.4594509642054,0
-66.2,-33.2,0.0375263415975749,740487.910972958,20.3318794185066,0
-65.7,-33.2,0.0381892841158284,945500.419036948,20.4320776859911,0
-65.2,-33.2,0.0396131118573637,1599885.46977542,20.6623473450317,0
-64.7,-33.2,0.0396131118573637,1599885.46977542,20.6623473450317,0
-64.2,-33.2,0.0473897628041078,28829730.817615,22.1504767964336,0
-63.7,-33.2,0.0493803574592195,60977166.4670009,22.7378427710983,0
-63.2,-33.2,0.049705458466786,69048796.1769193,22.8965602841413,0
-62.7,-33.2,0.0501742103560659,82157321.6960719,22.9813632596526,0
-62.2,-33.2,0.0501742103560659,82157321.6960719,22.9813632596526,0
-61.7,-33.2,0.0502403531222213,84182828.7454976,22.9765672584997,0
-61.2,-33.2,0.0501931707599417,82936499.7270987,23.0291025257066,0
-60.7,-33.2,0.0508660459684985,106935751.380779,23.2599296213965,0
-60.2,-33.2,0.0512437032379097,123340203.502327,23.3797685968184,0
-59.7,-33.2,0.0512437032379097,123340203.502327,23.3797685968184,0
-59.2,-33.2,0.0508815306446115,107646359.366066,23.2538410486424,0
-58.7,-33.2,0.0505042170065657,93272209.3707389,23.0872475737549,0
-58.2,-33.2,0.0502786267554063,85317676.5563678,22.8774306233488,0
-57.7,-33.2,0.0504224416439281,89990118.0936056,22.8924887111929,0
-57.2,-33.2,0.0504224416439281,89990118.0936056,22.8924887111929,0
-56.7,-33.2,0.0485601384241253,44957154.9719541,22.4900598578472,0
-56.2,-33.2,0.0456104940230417,14980630.5762163,21.8592609900958,0
-55.7,-33.2,0.0461642553605054,18342744.7434355,21.8674538727492,0
-55.2,-33.2,0.0439231045699698,7968312.19339707,21.4322998682851,0
-54.7,-33.2,0.0439231045699698,7968312.19339707,21.4322998682851,0
-54.2,-33.2,0.0446367913581722,10378519.3148729,21.5367168113451,0
-53.7,-33.2,0.0468562257276301,23704300.936491,21.9559607832193,0
-53.2,-33.2,0.0435808103104319,7016486.59656772,21.3437516476663,0
-71.2,-32.7,0.0362656970582998,461099.750988828,20.071478116248,0
-70.7,-32.7,0.0115472678465214,51.2518453847077,16.1566879327142,0
-70.2,-32.7,-0.0290512164871667,1.7781846846604e-05,4.93783652101246,0
-69.7,-32.7,-0.0290512164871667,1.7781846846604e-05,4.93783652101246,0
-69.2,-32.7,-0.0127067013053662,0.00705284888281786,11.4092151722615,0
-68.7,-32.7,0.0465530294134734,21201265.2414437,22.0681260641049,0
-68.2,-32.7,0.050069839179127,83329951.8230292,24.5586896124447,0
-67.7,-32.7,0.0510041212871243,116880269.203185,24.4438052206187,0
-67.2,-32.7,0.0510041212871243,116880269.203185,24.4438052206187,0
-66.7,-32.7,0.0518581255911521,158091626.623304,24.1035713424687,0
-66.2,-32.7,0.0503153660988201,86765966.8674158,23.0091607163716,0
-65.7,-32.7,0.0420663249121821,3994121.37441231,21.1449646578123,0
-65.2,-32.7,0.0369254624220314,591851.311427677,20.181539713016,0
-64.7,-32.7,0.0369254624220314,591851.311427677,20.181539713016,0
-64.2,-32.7,0.0478046179065099,33532704.8060625,22.1319529151893,0
-63.7,-32.7,0.0500443174999785,77939699.615641,22.8158392990413,0
-63.2,-32.7,0.0506450016297402,98069208.2629253,23.1103209114531,0
-62.7,-32.7,0.0514949875754493,134923686.013678,23.3640936618938,0
-62.2,-32.7,0.0514949875754493,134923686.013678,23.3640936618938,0
-61.7,-32.7,0.051618217343304,141119755.839736,23.3469051205363,0
-61.2,-32.7,0.0520708404019883,167583179.277872,23.5240963155933,0
-60.7,-32.7,0.0517444836342617,148638974.319186,23.4861222093037,0
-60.2,-32.7,0.0517912171608603,151107850.98074,23.4509073084743,0
-59.7,-32.7,0.0517912171608603,151107850.98074,23.4509073084743,0
-59.2,-32.7,0.0515571027259525,138312742.893959,23.3538980054325,0
-58.7,-32.7,0.0514649467088893,133477861.688185,23.2893109042099,0
-57.7,-32.7,0.0507873817238617,102853378.661278,22.8916222162355,0
-57.2,-32.7,0.0507873817238617,102853378.661278,22.8916222162355,0
-56.7,-32.7,0.0492570370194503,58345366.2338048,22.6649322477609,0
-56.2,-32.7,0.0482189895687831,39593043.6682254,22.4119370382099,0
-55.7,-32.7,0.0476602344798242,31998253.2278348,22.1612233162175,0
-55.2,-32.7,0.0484299841135936,42580701.4035605,22.2895425429342,0
-54.7,-32.7,0.0484299841135936,42580701.4035605,22.2895425429342,0
-54.2,-32.7,0.0475249804557764,30416253.0313147,22.1173994105322,0
-53.7,-32.7,0.0493004241201289,58914506.4449598,22.4586626681348,0
-53.2,-32.7,0.0480112711405903,36488920.2480627,22.2192843834504,0
-52.7,-32.7,0.0416029995024767,3366411.87056402,20.9939676847933,0
-71.2,-32.2,0.0331555300592428,146068.017513862,19.6146922720187,0
-70.7,-32.2,-0.00225675681344317,0.324087813341376,13.6621160949285,0
-70.2,-32.2,-0.0271085568575942,3.62053176747829e-05,6.41481490098694,0
-69.7,-32.2,-0.0271085568575942,3.62053176747829e-05,6.41481490098694,0
-69.2,-32.2,-0.00482273377387481,0.126578787547964,13.1436359482045,0
-68.7,-32.2,0.0444348101380051,9583892.82420467,21.5278080636629,0
-68.2,-32.2,0.0506803837071368,104947996.301626,24.7967219486266,0
-67.7,-32.2,0.0509674805939577,117343445.156148,25.0211925088953,0
-67.2,-32.2,0.0509674805939577,117343445.156148,25.0211925088953,0
-66.7,-32.2,0.05188122502465,164025796.738117,25.0572485830975,0
-66.2,-32.2,0.0522766319710915,187893768.731279,24.773692704687,0
-65.7,-32.2,0.0547376165926615,458845597.832157,24.4745734803038,0
-65.2,-32.2,0.0392511134595721,1401172.98699129,20.5699413440139,0
-64.7,-32.2,0.0392511134595721,1401172.98699129,20.5699413440139,0
-64.2,-32.2,0.0501833525180912,81200116.8824582,22.5263391846748,0
-63.7,-32.2,0.051820336828842,151357730.253273,23.2128830159018,0
-63.2,-32.2,0.0520529149852628,166118410.910163,23.4582875034955,0
-62.7,-32.2,0.0529044153012526,228528382.451443,23.6885554152738,0
-62.2,-32.2,0.0529044153012526,228528382.451443,23.6885554152738,0
-61.7,-32.2,0.0529689431216756,234426723.583153,23.7395178977916,0
-61.2,-32.2,0.0533603677967949,272623070.308227,23.9627241892177,0
-60.7,-32.2,0.0526381424009371,207501763.771232,23.6775579669751,0
-60.2,-32.2,0.0525859339436616,203081556.114349,23.5927113434893,0
-59.7,-32.2,0.0525859339436616,203081556.114349,23.5927113434893,0
-59.2,-32.2,0.0529252853104603,231063994.683963,23.7409878340083,0
-58.7,-32.2,0.0524251819531958,191195211.825337,23.5376993822118,0
-58.2,-32.2,0.0528379959863959,222347966.324259,23.5325780290206,0
-57.7,-32.2,0.0518610081552813,153686583.52997,23.160529441394,0
-57.2,-32.2,0.0518610081552813,153686583.52997,23.160529441394,0
-56.7,-32.2,0.0501424407972761,81158580.7557195,22.8547864925197,0
-56.2,-32.2,0.0493120276638547,59457340.8752171,22.6250824696202,0
-55.7,-32.2,0.0514697680535735,132461279.535955,22.989491591712,0
-55.2,-32.2,0.0511740053346463,118462515.583824,22.8826144736175,0
-54.7,-32.2,0.0511740053346463,118462515.583824,22.8826144736175,0
-54.2,-32.2,0.0504466596093268,90259421.8276901,22.6894267240293,0
-53.7,-32.2,0.0504519366731191,90489430.1985272,22.7071349718061,0
-53.2,-32.2,0.0498145157376687,71381448.3684142,22.5828487097406,0
-52.7,-32.2,0.0501354391376867,80180611.380306,22.5502432439563,0
-52.2,-32.2,0.0501354391376867,80180611.380306,22.5502432439563,0
-71.2,-31.7,0.0375880711370615,751127.14911229,20.2626153366286,0
-70.7,-31.7,-0.0174123770806064,0.00125939659172885,10.3076294090956,0
-70.2,-31.7,-0.0276789442606965,2.93836838237657e-05,6.10189055204302,0
-69.7,-31.7,-0.0276789442606965,2.93836838237657e-05,6.10189055204302,0
-69.2,-31.7,0.0135678662989789,107.620071509644,16.4519267295966,0
-68.7,-31.7,0.0471585975618678,26334012.8415034,21.9905684110636,0
-68.2,-31.7,0.0507051295861567,100446442.91598,23.1555823758961,0
-67.7,-31.7,0.0533910471166942,285490231.116035,25.0909999587533,0
-67.2,-31.7,0.0533910471166942,285490231.116035,25.0909999587533,0
-66.7,-31.7,0.0531256218219398,258514103.686016,25.0255956994201,0
-66.2,-31.7,0.0528048727614678,226787049.676504,24.5733803173873,0
-65.7,-31.7,0.0542727320830821,392961905.05711,25.0871846852959,0
-65.2,-31.7,0.0365878813063236,522825.854355067,20.118254169708,0
-64.7,-31.7,0.0365878813063236,522825.854355067,20.118254169708,0
-64.2,-31.7,0.0520201715526095,160646716.709201,22.8215354834479,0
-63.7,-31.7,0.0538230775230885,319778198.607996,23.6689036650434,0
-63.2,-31.7,0.054016043277879,347702272.062312,24.0716813282491,0
-62.7,-31.7,0.054262105681649,381532910.295564,24.1599816194194,0
-62.2,-31.7,0.054262105681649,381532910.295564,24.1599816194194,0
-61.7,-31.7,0.054069493026729,354249393.927991,24.0382829244908,0
-61.2,-31.7,0.0542520299401617,381178039.245331,24.2316546892552,0
-60.7,-31.7,0.05425044312326,380906861.5905,24.2196763839533,0
-60.2,-31.7,0.0536587906914541,304205703.592257,23.9501982886536,0
-59.7,-31.7,0.0536587906914541,304205703.592257,23.9501982886536,0
-59.2,-31.7,0.0536997085288232,309050929.513481,24.002413041714,0
-58.7,-31.7,0.0532614571746363,261916877.594185,23.8435153678389,0
-58.2,-31.7,0.0532793333921636,263020578.214786,23.7744718416989,0
-57.7,-31.7,0.0528435248452281,222871476.413425,23.5553796716554,0
-57.2,-31.7,0.0528435248452281,222871476.413425,23.5553796716554,0
-56.7,-31.7,0.0515612069539198,137826150.988806,23.1830241101879,0
-56.2,-31.7,0.0496830200501655,68201130.2999544,22.6716118027176,0
-55.7,-31.7,0.0522976046401753,180794312.02609,23.2515853423048,0
-55.2,-31.7,0.0511535398132077,117497994.658025,22.8503437200923,0
-54.7,-31.7,0.0511535398132077,117497994.658025,22.8503437200923,0
-54.2,-31.7,0.05151586005165,134021545.564378,22.8190747789955,0
-53.7,-31.7,0.0494043563247066,61194389.0214469,22.4584228134115,0
-53.2,-31.7,0.049430805072193,61811723.8672356,22.4761427775272,0
-52.7,-31.7,0.0495171481363648,63673498.5983193,22.4187660684884,0
-52.2,-31.7,0.0495171481363648,63673498.5983193,22.4187660684884,0
-71.2,-31.2,0.0431624671465122,5909621.89998981,21.0882108521158,0
-70.7,-31.2,-0.00404583545602613,0.168293627734894,13.4914150832608,0
-70.2,-31.2,-0.0262604241745976,4.93843671872226e-05,7.06148412468658,0
-69.7,-31.2,-0.0262604241745976,4.93843671872226e-05,7.06148412468658,0
-69.2,-31.2,0.0107193752993537,37.8093589110686,16.0184520410282,0
-68.7,-31.2,0.0421713782439452,4126132.35789163,21.0799442588582,0
-68.2,-31.2,0.0535028983283623,292136474.286861,24.4952616462912,0
-67.7,-31.2,0.0489807130765306,52241750.9068911,22.4883654937409,0
-67.2,-31.2,0.0489807130765306,52241750.9068911,22.4883654937409,0
-66.7,-31.2,0.0512534271193758,122737843.363919,23.1368398326189,0
-66.2,-31.2,0.0528004337159557,220973535.99635,23.7832885134075,0
-65.7,-31.2,0.0534449003625103,291494047.225106,25.5821601642734,0
-65.2,-31.2,0.0513032707752754,124028059.236848,22.8833075699829,0
-64.7,-31.2,0.0513032707752754,124028059.236848,22.8833075699829,0
-64.2,-31.2,0.0417802600221396,3572719.6272959,20.9733297483709,0
-63.7,-31.2,0.055814497962611,672883933.766754,24.1330876797517,0
-63.2,-31.2,0.0555512861545414,620346350.399801,24.6064525467753,0
-62.7,-31.2,0.0544084368434303,402522288.567276,24.1482199111964,0
-62.2,-31.2,0.0544084368434303,402522288.567276,24.1482199111964,0
-61.7,-31.2,0.0552805387358216,559136691.960853,24.4490598176953,0
-61.2,-31.2,0.055392330592237,583143972.146294,24.4794799470036,0
-60.7,-31.2,0.0557502646859081,668805104.683566,24.6946664738068,0
-60.2,-31.2,0.0546619076485401,443875754.106115,24.325827080439,0
-59.7,-31.2,0.0546619076485401,443875754.106115,24.325827080439,0
-59.2,-31.2,0.0545531109814346,426749965.783972,24.4316042955445,0
-58.7,-31.2,0.0540933561455368,358155921.877781,24.2121462413631,0
-58.2,-31.2,0.0538151868334175,321305516.067597,23.968825565555,0
-57.7,-31.2,0.0535279621365439,288068799.959701,23.8258951238338,0
-57.2,-31.2,0.0535279621365439,288068799.959701,23.8258951238338,0
-56.7,-31.2,0.0534720849311045,281734877.677826,23.7350157677766,0
-56.2,-31.2,0.0514672226574088,132773340.155172,23.0886300709171,0
-55.7,-31.2,0.05118201227654,119006339.202318,22.9363434752351,0
-55.2,-31.2,0.0533729231305157,268684149.353848,23.3536185185458,0
-54.7,-31.2,0.0533729231305157,268684149.353848,23.3536185185458,0
-54.2,-31.2,0.050870382421098,105413069.153225,22.699678327999,0
-53.7,-31.2,0.0511302747532781,116233268.006617,22.7853876529078,0
-53.2,-31.2,0.0516114822288957,139086274.176593,22.8892493895404,0
-52.7,-31.2,0.0528238434397907,218153996.090063,23.0911774369223,0
-52.2,-31.2,0.0528238434397907,218153996.090063,23.0911774369223,0
-51.7,-31.2,0.053311624320305,261157503.592047,23.1401840575379,0
-71.7,-30.7,0.0139526087675579,124.039377208791,16.9766468606098,0
-71.2,-30.7,0.0473551765656997,27933643.3824948,21.7151461482601,0
-70.7,-30.7,0.00680100610479488,8.9788098904411,15.5037221019615,0
-70.2,-30.7,-0.0296453960282095,1.43063893528958e-05,4.4466010431427,0
-69.7,-30.7,-0.0296453960282095,1.43063893528958e-05,4.4466010431427,0
-69.2,-30.7,-0.00194268340575403,0.363668250722624,13.8467530199781,0
-68.7,-30.7,0.0448986073985537,11350581.7726865,21.5544840889286,0
-68.2,-30.7,0.0542055345067378,390113472.86032,25.6210761964482,0
-67.7,-30.7,0.0513435851785482,125896719.916258,22.928562671354,0
-67.2,-30.7,0.0513435851785482,125896719.916258,22.928562671354,0
-66.7,-30.7,0.0539173673373926,343269958.101627,24.8092785719076,0
-66.2,-30.7,0.0541260520341844,365814769.116709,24.3845800612011,0
-65.7,-30.7,0.05047236836061,98470727.4766302,26.2533127440939,0
-65.2,-30.7,0.0551172380837646,541871289.401999,25.8992126907731,0
-64.7,-30.7,0.0551172380837646,541871289.401999,25.8992126907731,0
-64.2,-30.7,0.0496058464640451,65592955.4086886,22.4423818544388,0
-63.7,-30.7,0.0569755836775469,1038581487.48456,24.4147575221237,0
-63.2,-30.7,0.0552076345614642,561159877.642187,25.590958224473,0
-62.7,-30.7,0.0555665207883182,632708658.473393,25.0939330468087,0
-62.2,-30.7,0.0555665207883182,632708658.473393,25.0939330468087,0
-61.7,-30.7,0.0560110587976657,741401304.092882,24.9354312734645,0
-61.2,-30.7,0.0564990227426151,883918514.246986,24.8417453332497,0
-60.7,-30.7,0.0567201870370966,959137598.63685,24.9685224171796,0
-60.2,-30.7,0.0561868229966544,783812097.690056,24.7903830684969,0
-59.7,-30.7,0.0561868229966544,783812097.690056,24.7903830684969,0
-59.2,-30.7,0.0558474413763426,691998430.784111,24.8631951245105,0
-58.7,-30.7,0.0551247271719196,527290374.38329,24.7250951908468,0
-58.2,-30.7,0.0551257376860837,524809088.220595,24.523842777299,0
-57.7,-30.7,0.0549508053363875,490302042.62259,24.2838621400648,0
-57.2,-30.7,0.0549508053363875,490302042.62259,24.2838621400648,0
-56.7,-30.7,0.0550105166301985,501078524.704172,24.2784923406821,0
-56.2,-30.7,0.0541528705848563,361280724.034873,23.8112908499593,0
-55.7,-30.7,0.053779791779478,313285411.655656,23.583251098225,0
-55.2,-30.7,0.0549695894142354,486881918.876536,23.7769939247625,0
-54.7,-30.7,0.0549695894142354,486881918.876536,23.7769939247625,0
-54.2,-30.7,0.0549060003365825,473393604.632161,23.4942507103078,0
-53.7,-30.7,0.0536758733392343,300419774.967647,23.3515653914009,0
-53.2,-30.7,0.0557885689793014,660966726.841338,23.8605860006245,0
-52.7,-30.7,0.0530830864845105,240233079.901261,23.1411730490855,0
-52.2,-30.7,0.0530830864845105,240233079.901261,23.1411730490855,0
-51.7,-30.7,0.052012050608244,161103625.648126,22.9068029126532,0
-71.2,-30.2,0.0419690635788428,3786543.8590542,20.8814871606794,0
-70.7,-30.2,0.0170253586451065,383.698715742811,17.1611895219438,0
-70.2,-30.2,-0.0281945649623362,2.43302396243407e-05,6.10042774031061,0
-69.7,-30.2,-0.0281945649623362,2.43302396243407e-05,6.10042774031061,0
-69.2,-30.2,-0.0163782158632199,0.00183906950939217,10.7334347853022,0
-68.7,-30.2,0.0397788839097892,1695183.825611,20.6391745375561,0
-68.2,-30.2,0.0563516179543369,823573370.140105,24.3174111769396,0
-67.7,-30.2,0.0438590537801726,7736536.51282396,21.3781156419416,0
-67.2,-30.2,0.0438590537801726,7736536.51282396,21.3781156419416,0
-66.7,-30.2,0.0543283776194054,401672241.643069,25.129077085311,0
-66.2,-30.2,0.0485556681750941,49200578.4682108,26.7001567646102,0
-65.7,-30.2,0.0489948027058576,57530228.0116201,26.6477274020165,0
-65.2,-30.2,0.0522723023380162,190558101.148224,26.188517939834,0
-64.7,-30.2,0.0522723023380162,190558101.148224,26.188517939834,0
-64.2,-30.2,0.0579090507721044,1499569481.5247,25.2915477812025,0
-63.7,-30.2,0.0556506177315222,629937790.071745,23.9336160464678,0
-63.2,-30.2,0.0551123051822712,541727815.085296,25.957335611402,0
-62.7,-30.2,0.0551997816063097,562401057.501039,26.0258046043893,0
-62.2,-30.2,0.0551997816063097,562401057.501039,26.0258046043893,0
-61.7,-30.2,0.0566024122215868,932116710.452985,25.5358249456439,0
-61.2,-30.2,0.055857617278424,708255213.522266,25.7083285382278,0
-60.7,-30.2,0.057357846828168,1213956744.27182,25.334392146563,0
-60.2,-30.2,0.057073502133068,1091470385.12345,25.3163300558703,0
-59.7,-30.2,0.057073502133068,1091470385.12345,25.3163300558703,0
-59.2,-30.2,0.056694772148684,948102098.919902,25.2558867029603,0
-58.7,-30.2,0.055983347978033,728527082.502753,25.28190847755,0
-58.2,-30.2,0.0561691534232468,774583184.742581,24.8548420845919,0
-57.7,-30.2,0.0562933562348272,810167730.311077,24.8657321544223,0
-57.2,-30.2,0.0562933562348272,810167730.311077,24.8657321544223,0
-56.7,-30.2,0.0565065973638733,872319404.945217,24.9106920775256,0
-56.2,-30.2,0.0562095928127728,774985516.124406,24.5213294854869,0
-55.7,-30.2,0.0564996335700416,863274363.2693,24.5459150434022,0
-55.2,-30.2,0.0571069931410259,1077579385.27159,24.3258595224985,0
-54.7,-30.2,0.0571069931410259,1077579385.27159,24.3258595224985,0
-54.2,-30.2,0.0577755003518424,1378341767.92156,24.1904560233857,0
-53.7,-30.2,0.0571843566897666,1105330060.40469,24.0001232071638,0
-53.2,-30.2,0.0585337322897076,1826982963.6954,24.3323683038957,0
-52.7,-30.2,0.0575086825693549,1247293024.92553,24.0365160476644,0
-52.2,-30.2,0.0575086825693549,1247293024.92553,24.0365160476644,0
-51.7,-30.2,0.0578598226491011,1421759858.44138,24.0989729844086,0
-50.7,-30.2,0.0561501207261703,743161763.094494,23.3959055731804,0
-71.2,-29.7,0.0386300088290983,1099796.98600368,20.4072308022685,0
-70.7,-29.7,0.010672522647256,37.1912893009246,16.1940850527474,0
-70.2,-29.7,-0.029292203989419,1.62806384342394e-05,5.05567362778924,0
-69.7,-29.7,-0.029292203989419,1.62806384342394e-05,5.05567362778924,0
-69.2,-29.7,-0.0240154346794896,0.000112319758132257,8.22354137452058,0
-68.7,-29.7,0.0233312982287568,3900.17925861946,18.0706746147185,0
-68.2,-29.7,0.0572818550453983,1151379025.31792,24.1718665058028,0
-67.7,-29.7,0.0466991867953228,22087872.5980885,21.7703167135277,0
-67.2,-29.7,0.0466991867953228,22087872.5980885,21.7703167135277,0
-66.7,-29.7,0.0560210567939693,735918363.211485,24.5654492111189,0
-66.2,-29.7,0.0447938906981881,12407342.5686294,27.2834042510686,0
-65.7,-29.7,0.0500219542001973,84451973.6069203,26.8682352411955,0
-65.2,-29.7,0.0489341861267396,56554851.1310557,26.9665013961699,0
-64.7,-29.7,0.0489341861267396,56554851.1310557,26.9665013961699,0
-64.2,-29.7,0.051020714328762,121510115.740982,26.9488997067376,0
-63.7,-29.7,0.0574729829320035,1258221521.64936,24.726026012202,0
-63.2,-29.7,0.0553273881345208,586438872.127119,26.2080277146492,0
-62.7,-29.7,0.0557604168102867,688397129.607743,26.3063353932453,0
-62.2,-29.7,0.0557604168102867,688397129.607743,26.3063353932453,0
-61.7,-29.7,0.0566907614804314,962815115.17004,26.0253936910609,0
-61.2,-29.7,0.0563284166081076,836072017.770997,25.7549293470137,0
-60.7,-29.7,0.057078304965468,1100123271.83798,25.8450622775373,0
-60.2,-29.7,0.0572669785234814,1173982379.66898,25.7535087035252,0
-59.7,-29.7,0.0572669785234814,1173982379.66898,25.7535087035252,0
-59.2,-29.7,0.0573556245427747,1209644593.63992,25.5920574510288,0
-58.7,-29.7,0.056514258877319,879280691.096049,25.8229119418711,0
-58.2,-29.7,0.0571047629965566,1086708494.80627,25.3150730134425,0
-57.7,-29.7,0.0570191771450403,1050862635.3814,25.3661646930245,0
-57.2,-29.7,0.0570191771450403,1050862635.3814,25.3661646930245,0
-56.7,-29.7,0.0575633947283657,1280863179.81979,25.1776977690519,0
-56.2,-29.7,0.057460995627573,1234125762.67474,25.220555982427,0
-55.7,-29.7,0.0577648264154375,1383194685.65481,25.0408784144505,0
-55.2,-29.7,0.0582328663692097,1637516112.85687,24.4265465849175,0
-54.7,-29.7,0.0582328663692097,1637516112.85687,24.4265465849175,0
-54.2,-29.7,0.0577982767537083,1386551959.75719,24.0245162130767,0
-53.7,-29.7,0.0558948587477062,681468212.678832,23.5718480829981,0
-53.2,-29.7,0.0537980719051603,311378916.819711,23.0827674441702,0
-52.7,-29.7,0.0556038201358828,610615788.622122,23.4711102850138,0
-52.2,-29.7,0.0556038201358828,610615788.622122,23.4711102850138,0
-51.7,-29.7,0.0579511336322512,1464321056.94423,23.9644471130404,0
-51.2,-29.7,0.0553099995299452,545426089.401331,23.3106172645046,0
-50.7,-29.7,0.0473195837889444,27855267.3452568,21.7944955325087,0
-50.2,-29.7,0.0467781451602152,22753234.882158,21.6877453683483,0
-71.2,-29.2,0.0421535253022536,4059193.35103445,20.9208658246924,0
-70.7,-29.2,0.0289537869635431,30995.0613293764,18.9903209572147,0
-70.2,-29.2,-0.0253469233355917,6.89927818068989e-05,7.96110417444638,0
-69.7,-29.2,-0.0253469233355917,6.89927818068989e-05,7.96110417444638,0
-69.2,-29.2,-0.0264058852675986,4.68240954113083e-05,7.19163039192497,0
-68.7,-29.2,0.00692982821266721,9.41202197605939,15.5430797528385,0
-68.2,-29.2,0.0474405941726973,29139106.4673494,21.9443642269084,0
-67.7,-29.2,0.0161670192063162,279.941038309136,16.9788445584917,0
-67.2,-29.2,0.0161670192063162,279.941038309136,16.9788445584917,0
-66.7,-29.2,0.0529178210467775,224309739.556248,23.0068252217293,0
-66.2,-29.2,0.0472700252317657,30988932.8742349,27.515377249451,0
-65.7,-29.2,0.0557218854071233,684210185.102222,26.3089856424521,0
-65.2,-29.2,0.0533122973804753,282075296.554747,26.6449847206974,0
-64.7,-29.2,0.0533122973804753,282075296.554747,26.6449847206974,0
-64.2,-29.2,0.047843461647681,37705170.5383072,27.3996977169855,0
-63.7,-29.2,0.0540578460791794,367631285.718717,26.7936446924658,0
-63.2,-29.2,0.0538957885144824,346636515.712078,26.8392395573621,0
-62.7,-29.2,0.0559535010086009,734954793.860531,26.6144293504371,0
-62.2,-29.2,0.0559535010086009,734954793.860531,26.6144293504371,0
-61.7,-29.2,0.0565697088132783,915521328.001959,26.3587960097854,0
-61.2,-29.2,0.0562433612579487,810811564.918865,26.2723315638223,0
-60.7,-29.2,0.0569692972826971,1056563397.20213,26.2231966013179,0
-60.2,-29.2,0.0568009047868983,992944123.435062,26.1905079685976,0
-59.7,-29.2,0.0568009047868983,992944123.435062,26.1905079685976,0
-59.2,-29.2,0.0572728235805491,1161846137.75569,26.0696746159042,0
-58.7,-29.2,0.0574441690720697,1230470791.30608,25.8684426188064,0
-58.2,-29.2,0.0576891123184517,1343961782.424,25.7266352027696,0
-57.7,-29.2,0.0579984976588286,1508747887.89285,25.6420389193388,0
-57.2,-29.2,0.0579984976588286,1508747887.89285,25.6420389193388,0
-56.7,-29.2,0.0581254121169315,1587974902.31808,25.7281353185335,0
-56.2,-29.2,0.0579241836257573,1475113224.25557,25.5757753913753,0
-55.7,-29.2,0.0585854815215985,1890372913.19115,25.6014518707563,0
-55.2,-29.2,0.0593427812626585,2487965493.18396,24.8613175632205,0
-54.7,-29.2,0.0593427812626585,2487965493.18396,24.8613175632205,0
-54.2,-29.2,0.0582050871513328,1618151315.95891,24.18844362423,0
-53.7,-29.2,0.0574387698275471,1210550839.98638,23.8804722572464,0
-53.2,-29.2,0.0565365003806148,861930286.752333,23.5931613024647,0
-52.7,-29.2,0.0528279890135866,216151140.66651,22.8179088587503,0
-52.2,-29.2,0.0528279890135866,216151140.66651,22.8179088587503,0
-51.7,-29.2,0.0559335722450465,686389054.862389,23.3806310297117,0
-51.2,-29.2,0.0493427925295825,59045768.8233734,22.143956171733,0
-50.7,-29.2,0.0409692738654441,2639618.36985354,20.7523700444891,0
-50.2,-29.2,0.0432798057686374,6209604.23884772,21.1077602283188,0
-49.7,-29.2,0.0432798057686374,6209604.23884772,21.1077602283188,0
-71.2,-28.7,0.0368317089715961,566795.330883035,20.1573414988286,0
-70.7,-28.7,0.0512597343046939,118697300.508017,22.2876073385183,0
-70.2,-28.7,-0.0111917000142299,0.012285231576197,12.2655143748395,0
-69.7,-28.7,-0.0111917000142299,0.012285231576197,12.2655143748395,0
-69.2,-28.7,-0.0297578913668089,1.37293106606808e-05,4.46936712378649,0
-68.7,-28.7,-0.0158874596408941,0.00220121730585048,11.03881834549,0
-68.2,-28.7,0.0269500156474395,14803.7600946315,18.6440572409303,0
-67.7,-28.7,0.0390161687559325,1279570.13729419,20.4823143775749,0
-67.2,-28.7,0.0390161687559325,1279570.13729419,20.4823143775749,0
-66.7,-28.7,0.059169387321586,2322706416.47643,24.4824562129645,0
-66.2,-28.7,0.049173965882489,55586625.1701525,22.2652449067241,0
-65.7,-28.7,0.0560292326521072,716806008.207218,23.6641079186782,0
-65.2,-28.7,0.0576929339539277,1394312486.41647,25.820610646,0
-64.7,-28.7,0.0576929339539277,1394312486.41647,25.820610646,0
-64.2,-28.7,0.0486256991725279,50367000.0719356,27.4748758296627,0
-63.7,-28.7,0.0502376838912511,90682106.3249746,27.5245789558828,0
-63.2,-28.7,0.0522884300905005,192033053.193256,27.3396341576599,0
-62.7,-28.7,0.0552305802961047,563926660.768806,27.0008504713253,0
-62.2,-28.7,0.0552305802961047,563926660.768806,27.0008504713253,0
-61.7,-28.7,0.0559996206728887,744390905.346079,26.7528877736376,0
-61.2,-28.7,0.0550897236341122,533223159.10476,26.7693409611917,0
-60.7,-28.7,0.0564777814478198,883781680.500444,26.5788544673553,0
-60.2,-28.7,0.0556284029872074,640309810.100473,26.6192008748549,0
-59.7,-28.7,0.0556284029872074,640309810.100473,26.6192008748549,0
-59.2,-28.7,0.0576108638803651,1310415595.71825,26.2330418818715,0
-58.7,-28.7,0.0579707952038532,1493153096.79756,26.0857704838882,0
-58.2,-28.7,0.0580138879182384,1522061703.51134,26.1394220221223,0
-57.7,-28.7,0.0584358104908868,1785650461.82818,25.9522568932457,0
-57.2,-28.7,0.0584358104908868,1785650461.82818,25.9522568932457,0
-56.7,-28.7,0.0582500278050222,1677350784.41121,26.0078170712211,0
-56.2,-28.7,0.0570613761378836,1089636200.33051,26.1899430416199,0
-55.7,-28.7,0.0584111610620558,1782907415.14159,25.8638281174598,0
-55.2,-28.7,0.059476824664299,2652291678.4396,25.7418808771798,0
-54.7,-28.7,0.059476824664299,2652291678.4396,25.7418808771798,0
-54.2,-28.7,0.0603763763730459,3666025835.70673,25.1277274971913,0
-53.7,-28.7,0.060492523496255,3771147160.36777,24.4851037499665,0
-53.2,-28.7,0.057742116144428,1344343746.8201,23.723523895386,0
-52.7,-28.7,0.0553072801547592,541988786.696599,23.2111443058086,0
-52.2,-28.7,0.0553072801547592,541988786.696599,23.2111443058086,0
-51.7,-28.7,0.0535875757958434,285962100.229472,22.8946136551303,0
-51.2,-28.7,0.0502240357940199,81811981.2991013,22.2722609489881,0
-50.7,-28.7,0.0410222298497731,2688842.81474826,20.7525947871595,0
-50.2,-28.7,0.0404007390151952,2138065.34541155,20.6614703059818,0
-49.7,-28.7,0.0404007390151952,2138065.34541155,20.6614703059818,0
-49.2,-28.7,0.0557172382548906,629023737.417074,23.1646894388998,0
-70.7,-28.2,0.0530698671333688,233048482.584136,22.6080026281592,0
-70.2,-28.2,0.016432508195418,308.554400255463,17.1836898364544,0
-69.7,-28.2,0.016432508195418,308.554400255463,17.1836898364544,0
-69.2,-28.2,-0.0288194969461097,1.93558127019429e-05,5.97255643634606,0
-68.7,-28.2,-0.0302338091955438,1.15345277038083e-05,2.95303799043626,0
-68.2,-28.2,-0.00913159682999505,0.0261274543341192,12.800769074911,0
-67.7,-28.2,0.0379963487540231,877326.278581429,20.3152934003803,0
-67.2,-28.2,0.0379963487540231,877326.278581429,20.3152934003803,0
-66.7,-28.2,0.0602822624256571,3538750970.55198,24.9269549500865,0
-66.2,-28.2,0.0577764422980705,1370031138.59415,23.9268858631099,0
-65.7,-28.2,0.0490806082849564,53822800.0870091,22.2322036380726,0
-65.2,-28.2,0.0580527060685776,1587265152.7502,25.9385535204193,0
-64.7,-28.2,0.0580527060685776,1587265152.7502,25.9385535204193,0
-64.2,-28.2,0.0515290830788608,145570871.976434,27.1373181471251,0
-63.7,-28.2,0.0497896466286256,76904358.6150387,27.709580649164,0
-63.2,-28.2,0.0509815409694785,119010404.850111,27.7430949457701,0
-62.7,-28.2,0.0540556847866606,366867091.95674,27.4046319378757,0
-62.2,-28.2,0.0540556847866606,366867091.95674,27.4046319378757,0
-61.7,-28.2,0.0545071681333126,427398841.254642,27.1361080808327,0
-61.2,-28.2,0.0546435074698838,449407304.056967,26.9817883700232,0
-60.7,-28.2,0.0561489720929483,778942317.38957,26.7929327114243,0
-60.2,-28.2,0.0549493889453072,499502649.965297,26.8843205598648,0
-59.7,-28.2,0.0549493889453072,499502649.965297,26.8843205598648,0
-59.2,-28.2,0.0562713084662212,805980125.752423,26.6634784937315,0
-58.7,-28.2,0.0576418396085374,1328761569.3999,26.3251325192671,0
-58.2,-28.2,0.0576883772150196,1361545059.76634,26.4962516022006,0
-57.7,-28.2,0.0579990855073414,1530095802.81455,26.2617983064562,0
-57.2,-28.2,0.0579990855073414,1530095802.81455,26.2617983064562,0
-56.7,-28.2,0.0577427096312786,1396930607.88206,26.1648132327664,0
-56.2,-28.2,0.0588943047327511,2137943529.78534,25.9808823049271,0
-55.7,-28.2,0.0598255851625545,2994176445.37407,25.4634494209181,0
-55.2,-28.2,0.0600579231291689,3293107089.37279,25.8630584179383,0
-54.7,-28.2,0.0600579231291689,3293107089.37279,25.8630584179383,0
-54.2,-28.2,0.0612721482084266,5096759492.16718,25.0751961299516,0
-53.7,-28.2,0.0603675012763942,3586280460.44518,24.3510874434805,0
-53.2,-28.2,0.0593976806443263,2488398642.38393,24.0374738091146,0
-52.7,-28.2,0.0553960247007343,559035830.922862,23.1932982687175,0
-52.2,-28.2,0.0553960247007343,559035830.922862,23.1932982687175,0
-51.7,-28.2,0.0564932187347511,842299022.561498,23.4222606412755,0
-51.2,-28.2,0.0496367252434371,65631433.6591627,22.1413492537908,0
-50.7,-28.2,0.0427848391191078,5162788.89151867,21.0211317595823,0
-50.2,-28.2,0.0357455810758872,381979.38581068,19.9589470449211,0
-49.7,-28.2,0.0357455810758872,381979.38581068,19.9589470449211,0
-49.2,-28.2,0.0471029633274833,25621502.584417,21.6947985476469,0
-48.7,-28.2,0.0549067498885049,465523368.288073,23.0139018742219,0
-70.7,-27.7,0.0465548425071533,20784059.2522283,21.5999117552383,0
-70.2,-27.7,0.0434327684869854,6504805.94791357,21.0850674720135,0
-69.7,-27.7,0.0434327684869854,6504805.94791357,21.0850674720135,0
-69.2,-27.7,-0.025324225053166,6.95693826342622e-05,8.28390598924137,0
-68.7,-27.7,-0.0302457131518069,1.14843814946e-05,2.79358517993502,0
-68.2,-27.7,-0.0225020663555096,0.000195458587563738,9.45363910351316,0
-67.7,-27.7,0.0245228219536523,6054.77357460127,18.3157361618301,0
-67.2,-27.7,0.0245228219536523,6054.77357460127,18.3157361618301,0
-66.7,-27.7,0.0349229656286583,280852.831246498,19.8357018088538,0
-66.2,-27.7,0.0295633000341389,38850.5668774285,19.0213732606843,0
-65.7,-27.7,0.0559010943616055,682840252.460647,23.5883901737088,0
-65.2,-27.7,0.0560748254078593,769834599.190117,26.8385192163552,0
-64.7,-27.7,0.0560748254078593,769834599.190117,26.8385192163552,0
-64.2,-27.7,0.0517126662722512,155407943.65197,27.4757054829924,0
-63.7,-27.7,0.0493449364460304,65229875.8516264,28.0026229532786,0
-63.2,-27.7,0.0504500737042428,97137181.132324,28.0235623605105,0
-62.7,-27.7,0.0528144686367477,230603900.502375,27.8007698697872,0
-62.2,-27.7,0.0528144686367477,230603900.502375,27.8007698697872,0
-61.7,-27.7,0.054102558800319,367804173.211867,27.3300528639095,0
-61.2,-27.7,0.0527204725182032,221998536.107226,27.3490150203933,0
-60.7,-27.7,0.0548293569705094,480935220.323775,27.1032949540604,0
-60.2,-27.7,0.0538069320510775,329268611.954572,27.1257580562019,0
-59.7,-27.7,0.0538069320510775,329268611.954572,27.1257580562019,0
-59.2,-27.7,0.0543064041877475,394241984.175937,27.0917442282864,0
-58.7,-27.7,0.0580452496115721,1544889129.75041,26.4172891182517,0
-58.2,-27.7,0.057680393017094,1360939981.80379,26.654693065193,0
-57.7,-27.7,0.0582925925352571,1706019048.7488,26.3898975885158,0
-57.2,-27.7,0.0582925925352571,1706019048.7488,26.3898975885158,0
-56.7,-27.7,0.0592698044472647,2444533568.91359,26.0917309069292,0
-56.2,-27.7,0.0603042021460705,3593804109.04891,25.9270837001225,0
-55.7,-27.7,0.0612073680884882,4997219515.70005,25.4846003428119,0
-55.2,-27.7,0.0614865401890922,5508586962.07869,25.0170392415695,0
-54.7,-27.7,0.0614865401890922,5508586962.07869,25.0170392415695,0
-54.2,-27.7,0.0629163040369,9427103523.35308,25.8906568615612,0
-53.7,-27.7,0.0626796381947277,8499828743.42563,24.8889266401829,0
-53.2,-27.7,0.0635878966075093,11869831347.7891,24.949453665523,0
-52.7,-27.7,0.0586666495394796,1886694787.82207,23.7797430122414,0
-52.2,-27.7,0.0586666495394796,1886694787.82207,23.7797430122414,0
-51.7,-27.7,0.0598458052623447,2927178649.98899,24.0010402562391,0
-51.2,-27.7,0.0529970289153341,228367127.04212,22.6875397280959,0
-50.7,-27.7,0.0471969927236335,26501424.7220388,21.7134111531003,0
-50.2,-27.7,0.0435996936215445,6991911.11712595,21.152721073145,0
-49.7,-27.7,0.0435996936215445,6991911.11712595,21.152721073145,0
-49.2,-27.7,0.0476664890100947,31585647.9561428,21.7930085769232,0
-48.7,-27.7,0.0606289170052552,3917770917.18137,24.1025471131798,0
-70.7,-27.2,0.043959781252446,7919733.10726735,21.1822398708232,0
-70.2,-27.2,0.0420699797498445,3929359.89888891,20.8880217352524,0
-69.7,-27.2,0.0420699797498445,3929359.89888891,20.8880217352524,0
-69.2,-27.2,-0.0187196910691947,0.000780493467249519,10.5786166064988,0
-68.7,-27.2,-0.0303318717473536,1.11278791923339e-05,1.83043777092386,0
-68.2,-27.2,-0.0290024523193743,1.81021376581081e-05,5.83906406093187,0
-67.7,-27.2,-0.00438910988658116,0.148428391092948,13.6298943248704,0
-67.2,-27.2,-0.00438910988658116,0.148428391092948,13.6298943248704,0
-66.7,-27.2,0.00191225605300649,1.49492902572581,14.8297229923594,0
-66.2,-27.2,0.0213083730708067,1854.90957374679,17.8405264126345,0
-65.7,-27.2,0.042731147456279,5059628.81263089,21.0269089072408,0
-65.2,-27.2,0.0580773025042647,1613432367.43433,27.0410328820526,0
-64.7,-27.2,0.0580773025042647,1613432367.43433,27.0410328820526,0
-64.2,-27.2,0.0528017617656503,230295069.639488,27.6756241130187,0
-63.7,-27.2,0.0488898027519799,54864872.5544407,28.230167706183,0
-63.2,-27.2,0.050008161966146,82640907.6423106,28.2566382098402,0
-62.7,-27.2,0.0513812897696383,136766840.366599,28.1070005442497,0
-62.2,-27.2,0.0513812897696383,136766840.366599,28.1070005442497,0
-61.7,-27.2,0.0526390893077625,215987384.157261,27.7088885657502,0
-61.2,-27.2,0.0520777127293762,176049677.641926,27.6288302135198,0
-60.7,-27.2,0.0532754941787443,274860191.190738,27.5239741832097,0
-60.2,-27.2,0.0534833231033353,295362490.872897,27.3685314536923,0
-59.7,-27.2,0.0534833231033353,295362490.872897,27.3685314536923,0
-59.2,-27.2,0.0532295666568408,268665742.790323,27.4223960892114,0
-58.7,-27.2,0.055605263042543,636651963.738048,27.1474347258075,0
-58.2,-27.2,0.0574896105115162,1273550611.98074,26.9353781483157,0
-57.7,-27.2,0.0574282407226904,1249719643.08361,26.97961475157,0
-57.2,-27.2,0.0574282407226904,1249719643.08361,26.97961475157,0
-56.7,-27.2,0.061401943715823,5386720541.44853,26.2969868723056,0
-56.2,-27.2,0.0627499558377443,8863753109.52359,25.8448975224959,0
-55.7,-27.2,0.0623564318189624,7676606281.48177,25.6964142318438,0
-55.2,-27.2,0.0627054356324423,8669493662.48506,25.2435303929873,0
-54.7,-27.2,0.0627054356324423,8669493662.48506,25.2435303929873,0
-54.2,-27.2,0.0619309460471727,6429430918.02736,24.7152859680824,0
-53.7,-27.2,0.0644114150278604,16214334143.2609,25.3003701997188,0
-53.2,-27.2,0.0650099603303904,20173228648.7188,25.2839049914395,0
-52.7,-27.2,0.0617961880476157,6045676637.18946,24.3704215070641,0
-52.2,-27.2,0.0617961880476157,6045676637.18946,24.3704215070641,0
-51.7,-27.2,0.0525091019788905,189871015.714029,22.5687246290463,0
-51.2,-27.2,0.050441550028264,88190114.5175025,22.230059466158,0
-50.7,-27.2,0.0436517948384551,7114392.21058272,21.1489278669987,0
-50.2,-27.2,0.0555520823551117,591363062.426971,23.127973225329,0
-49.7,-27.2,0.0555520823551117,591363062.426971,23.127973225329,0
-49.2,-27.2,0.0554402297740119,567134042.360558,23.101020454947,0
-48.7,-27.2,0.0634027508801985,11009521601.0903,24.6852691757667,0
-70.7,-26.7,0.0383819890103081,1005304.51218576,20.3830497871514,0
-70.2,-26.7,0.0529005556882592,217632073.624225,22.5039714238453,0
-69.7,-26.7,0.0529005556882592,217632073.624225,22.5039714238453,0
-69.2,-26.7,-0.00926453089205914,0.0248850231736455,12.8465222775484,0
-68.7,-26.7,-0.0299995731279196,1.2567030000919e-05,4.28135482131088,0
-68.2,-26.7,-0.0282257356621193,2.40543005510502e-05,6.36918124133142,0
-67.7,-26.7,-0.0177980688657549,0.00109362046488057,10.5516222172544,0
-67.2,-26.7,-0.0177980688657549,0.00109362046488057,10.5516222172544,0
-66.7,-26.7,-0.0211720164932547,0.000318045235218365,9.72930331722337,0
-66.2,-26.7,-0.0061552147171731,0.0777348608126988,13.4757970513114,0
-65.7,-26.7,0.0300040283042865,45749.1377841436,19.11598129201,0
-65.2,-26.7,0.0602634087610827,3451841368.73005,24.3478547355554,0
-64.7,-26.7,0.0602634087610827,3451841368.73005,24.3478547355554,0
-64.2,-26.7,0.0566393595764483,939308896.676707,27.4727556074952,0
-63.7,-26.7,0.0503618353676287,94168683.1632985,28.3063562449114,0
-63.2,-26.7,0.0498763946879485,78856540.6453618,28.4561486467711,0
-62.7,-26.7,0.0502120994182641,89205840.0275033,28.4392905957005,0
-62.2,-26.7,0.0502120994182641,89205840.0275033,28.4392905957005,0
-61.7,-26.7,0.0509513140349974,116838534.142128,28.1541284218179,0
-61.2,-26.7,0.0503476306074313,94302525.2345681,28.1586499365973,0
-60.7,-26.7,0.0511843890508144,128031344.29714,28.0801831576387,0
-60.2,-26.7,0.053658824644591,316071734.890123,27.6751107441052,0
-59.7,-26.7,0.053658824644591,316071734.890123,27.6751107441052,0
-59.2,-26.7,0.0529745814040625,245354604.909688,27.7174430771415,0
-58.7,-26.7,0.055602938870302,643995220.747397,27.4973518842958,0
-58.2,-26.7,0.0568443173507966,1014734538.43431,27.3836059860722,0
-57.7,-26.7,0.0573044169286431,1204469816.88591,27.3570637569546,0
-57.2,-26.7,0.0573044169286431,1204469816.88591,27.3570637569546,0
-56.7,-26.7,0.0614507202587763,5505953244.97369,26.8330516579361,0
-56.2,-26.7,0.0636088364655312,12231962693.6215,26.3764708091644,0
-55.7,-26.7,0.0637952914467753,13080487066.8755,25.7708040437932,0
-55.2,-26.7,0.0638090514483647,13088351538.1854,25.5500497721232,0
-54.7,-26.7,0.0638090514483647,13088351538.1854,25.5500497721232,0
-54.2,-26.7,0.0640268095826533,14056024169.7851,25.2272813500974,0
-53.7,-26.7,0.0626299857829912,8291052651.15009,24.6773684261111,0
-53.2,-26.7,0.0594871155170807,2560314517.29915,23.9390410836904,0
-52.7,-26.7,0.0580372316474951,1487210218.75715,23.587573606921,0
-52.2,-26.7,0.0580372316474951,1487210218.75715,23.587573606921,0
-51.7,-26.7,0.0439236399655842,7842652.3061593,21.1790977512197,0
-51.2,-26.7,0.0464584967817833,20102050.8732634,21.5822679331832,0
-50.7,-26.7,0.0504444780953817,88481672.3207432,22.2472435801931,0
-50.2,-26.7,0.0547197479350814,433295882.386767,22.9570103634023,0
-49.7,-26.7,0.0547197479350814,433295882.386767,22.9570103634023,0
-49.2,-26.7,0.0539851609814254,329512235.367498,22.8036259661868,0
-48.7,-26.7,0.0633958776938651,10961824414.6549,24.6257667137909,0
-70.2,-26.2,0.0537255628786981,295140645.387639,22.6168077618198,0
-69.7,-26.2,0.0537255628786981,295140645.387639,22.6168077618198,0
-69.2,-26.2,-0.000673189188645895,0.579401250047366,14.5146104195116,0
-68.7,-26.2,-0.0284075218606626,2.25060039640587e-05,6.61403699400298,0
-68.2,-26.2,-0.0248682092212597,8.22055261430982e-05,8.24037883398951,0
-67.7,-26.2,-0.0215182646260951,0.000280176046068524,9.48460023034581,0
-67.2,-26.2,-0.0215182646260951,0.000280176046068524,9.48460023034581,0
-66.7,-26.2,-0.0276421090878711,2.97828753749284e-05,7.13367671167405,0
-66.2,-26.2,-0.00751014454166886,0.047322288282339,13.2704982746244,0
-65.7,-26.2,0.040074284853417,1890273.50396332,20.6038125662128,0
-65.2,-26.2,0.0578560001208242,1404050297.13271,23.7705327804786,0
-64.7,-26.2,0.0578560001208242,1404050297.13271,23.7705327804786,0
-64.2,-26.2,0.0600414431847113,3259647593.91906,27.152910676505,0
-63.7,-26.2,0.0516675356682848,151907231.031972,28.3288168705761,0
-63.2,-26.2,0.0493499001475176,65107823.3619765,28.6755766458257,0
-62.7,-26.2,0.0485895896215592,49391958.6865363,28.7682038509465,0
-62.2,-26.2,0.0485895896215592,49391958.6865363,28.7682038509465,0
-61.7,-26.2,0.0482961146654919,44340690.151316,28.6942656477239,0
-61.2,-26.2,0.0481850978082702,42751608.8512485,28.6562057588955,0
-60.7,-26.2,0.0494501066697192,67973182.6849764,28.5242530918312,0
-60.2,-26.2,0.0542535657088064,395323134.878782,28.0320195815621,0
-59.7,-26.2,0.0542535657088064,395323134.878782,28.0320195815621,0
-59.2,-26.2,0.0564729989968615,889639349.004182,27.8132860602922,0
-58.7,-26.2,0.0566939578007636,964408826.583622,27.7468992992079,0
-58.2,-26.2,0.0562017015467056,806960339.493968,27.8915649548755,0
-57.7,-26.2,0.0586943490408685,2018205395.73906,27.577716371594,0
-57.2,-26.2,0.0586943490408685,2018205395.73906,27.577716371594,0
-56.7,-26.2,0.0649344306064907,19993492549.6564,26.5741791557329,0
-56.2,-26.2,0.0651764505937459,21913815808.4542,26.5356031959602,0
-55.7,-26.2,0.0652162971368662,21994167169.1729,25.6761862639305,0
-55.2,-26.2,0.0655104642983999,24572114106.728,25.7984701799331,0
-54.7,-26.2,0.0655104642983999,24572114106.728,25.7984701799331,0
-54.2,-26.2,0.0665649290688918,36440078215.4478,26.2676918475228,0
-53.7,-26.2,0.0647302580039355,18132571408.9455,25.1407804633026,0
-53.2,-26.2,0.0626545960958522,8348507758.60765,24.632125209854,0
-52.7,-26.2,0.0604285923921665,3624708442.94728,24.0564796683441,0
-52.2,-26.2,0.0604285923921665,3624708442.94728,24.0564796683441,0
-51.7,-26.2,0.0533049874708623,255026197.051006,22.6885409537922,0
-51.2,-26.2,0.0504429625319417,88118262.4365152,22.2086406500752,0
-50.7,-26.2,0.0583503247589188,1676079188.47801,23.6662060553631,0
-50.2,-26.2,0.0577377731652165,1331281808.07697,23.4993372994204,0
-49.7,-26.2,0.0577377731652165,1331281808.07697,23.4993372994204,0
-49.2,-26.2,0.0500189792578699,75327178.8297487,22.114507492109,0
-48.7,-26.2,0.0605078905383111,3726658947.57511,23.9393996748224,0
-70.2,-25.7,0.0506696376059767,94876735.1026359,22.1403755378428,0
-69.7,-25.7,0.0506696376059767,94876735.1026359,22.1403755378428,0
-69.2,-25.7,0.000590191454927023,0.920697789989684,14.7447593179191,0
-68.7,-25.7,-0.0267068313143591,4.19409069418843e-05,7.74039374827236,0
-68.2,-25.7,-0.0266168857036316,4.33442912329221e-05,7.50814480307604,0
-67.7,-25.7,-0.0234242674758914,0.000139456426894945,8.91704321253913,0
-67.2,-25.7,-0.0234242674758914,0.000139456426894945,8.91704321253913,0
-66.7,-25.7,-0.0273831148955383,3.27443149547157e-05,7.33028078164727,0
-66.2,-25.7,0.0268568422502902,14296.3518210655,18.7031846886638,0
-65.7,-25.7,0.0343266044561047,225872.883786682,19.7464357413382,0
-65.2,-25.7,0.0609249850440591,4406581674.71504,24.4014319848661,0
-64.7,-25.7,0.0609249850440591,4406581674.71504,24.4014319848661,0
-64.2,-25.7,0.0619639268178543,6601292203.54842,26.8015230475281,0
-63.7,-25.7,0.0516715851373241,152292506.298809,28.4108543576058,0
-63.2,-25.7,0.0477477104844104,36238821.1380899,28.9030818691783,0
-62.7,-25.7,0.0457114556626614,17223397.7358081,29.1457634682476,0
-62.2,-25.7,0.0457114556626614,17223397.7358081,29.1457634682476,0
-61.7,-25.7,0.0454589493693678,15715632.3208472,29.1196017025212,0
-61.2,-25.7,0.0438791422253776,8834639.97680874,29.224321036521,0
-60.7,-25.7,0.047348846543471,31518037.9062956,28.9223254371742,0
-60.2,-25.7,0.0522617480384382,190975644.941744,28.5421693142273,0
-59.7,-25.7,0.0522617480384382,190975644.941744,28.5421693142273,0
-59.2,-25.7,0.0566289567290516,946685746.823798,28.1657158789953,0
-58.7,-25.7,0.0562977108309151,839158153.035455,28.116701692159,0
-58.2,-25.7,0.0557482672943573,686687593.783934,28.2362674114947,0
-57.7,-25.7,0.0598429419772471,3098231197.0663,27.7756339588165,0
-57.2,-25.7,0.0598429419772471,3098231197.0663,27.7756339588165,0
-56.7,-25.7,0.0644464800988446,16864128149.443,27.3501866045075,0
-56.2,-25.7,0.0664404010011726,35034364478.4062,26.7256979764564,0
-55.7,-25.7,0.067206853014847,46358692417.486,26.3858020459274,0
-55.2,-25.7,0.066829057238779,40415091105.617,26.5713575068041,0
-54.7,-25.7,0.066829057238779,40415091105.617,26.5713575068041,0
-54.2,-25.7,0.067724251727449,56346855269.0428,26.7943025559209,0
-53.7,-25.7,0.0684606362387679,73120360937.5514,26.2203903966242,0
-53.2,-25.7,0.06669793297675,37656332501.6416,25.5266842447311,0
-52.7,-25.7,0.0615179880218217,5429005878.02444,24.2334503900702,0
-52.2,-25.7,0.0615179880218217,5429005878.02444,24.2334503900702,0
-51.7,-25.7,0.0552597687877646,526771505.814143,23.0017496811425,0
-51.2,-25.7,0.0479962582364501,35514764.1110345,21.8047418237918,0
-50.7,-25.7,0.0591767958419739,2272153170.90304,23.7559795251812,0
-50.2,-25.7,0.059517466171049,2579349628.1724,23.8109937478809,0
-49.7,-25.7,0.059517466171049,2579349628.1724,23.8109937478809,0
-49.2,-25.7,0.0549959721558465,478838675.522547,22.9559949090631,0
-48.7,-25.7,0.0614757086858754,5337202929.79736,24.1098773122277,0
-70.2,-25.2,0.0410657666844372,2706940.84126128,20.7392406612068,0
-69.7,-25.2,0.0410657666844372,2706940.84126128,20.7392406612068,0
-69.2,-25.2,0.00531960063691999,5.2155205382089,15.4907119623132,0
-68.7,-25.2,-0.0258874270488541,5.66098963271902e-05,8.23182206339407,0
-68.2,-25.2,-0.0237651772583248,0.000123097047581132,8.83967172210343,0
-67.7,-25.2,-0.0166681624320831,0.00165393323622049,10.9291836377549,0
-67.2,-25.2,-0.0166681624320831,0.00165393323622049,10.9291836377549,0
-66.7,-25.2,-0.0246888192646492,8.77854537712204e-05,8.50771855977203,0
-66.2,-25.2,-0.00485651720139368,0.125086940183424,13.6997057003372,0
-65.7,-25.2,0.0320259758775974,96425.4791492879,19.4218081546433,0
-65.2,-25.2,0.0623374042336843,7453926723.48425,24.6818846034058,0
-64.7,-25.2,0.0623374042336843,7453926723.48425,24.6818846034058,0
-64.2,-25.2,0.0624130183291319,7800677880.87318,27.0700564431987,0
-63.7,-25.2,0.0502626649857791,91080202.4066169,28.6407840328188,0
-63.2,-25.2,0.0445165133052632,11111558.5714186,29.3006245738952,0
-62.7,-25.2,0.0423950145113016,5110473.03778093,29.5379991097581,0
-62.2,-25.2,0.0423950145113016,5110473.03778093,29.5379991097581,0
-61.7,-25.2,0.0426041882194627,5519561.82160717,29.5186768973903,0
-61.2,-25.2,0.0424764283099422,5273940.66767783,29.4732880773378,0
-60.7,-25.2,0.0455750685400143,16433167.3557217,29.2313206035465,0
-60.2,-25.2,0.0479871503120588,39812735.0585136,29.092843036926,0
-59.7,-25.2,0.0479871503120588,39812735.0585136,29.092843036926,0
-59.2,-25.2,0.0521547953538346,183618064.770414,28.7668888867938,0
-58.7,-25.2,0.0538180733222886,337950730.327738,28.5929760501873,0
-58.2,-25.2,0.0545710471688673,446931144.876575,28.5928541955349,0
-57.7,-25.2,0.0562599466093936,831723520.187439,28.4428305091575,0
-57.2,-25.2,0.0562599466093936,831723520.187439,28.4428305091575,0
-56.7,-25.2,0.0564926898159654,908048949.28968,28.4919064444804,0
-56.2,-25.2,0.0668611725271546,40952346083.0369,27.0429121867243,0
-55.7,-25.2,0.0677879173009867,57478634159.6038,26.6029831075198,0
-55.2,-25.2,0.0680485622056707,63292195240.8795,26.5395884713673,0
-54.7,-25.2,0.0680485622056707,63292195240.8795,26.5395884713673,0
-54.2,-25.2,0.0681818098749409,66504619730.064,26.6964126507082,0
-53.7,-25.2,0.068173470427422,65327019240.4445,25.9195669212667,0
-53.2,-25.2,0.0645713632920135,16945832890.6979,24.8811449729321,0
-52.7,-25.2,0.0645474866064993,16770480520.1197,24.8360088828856,0
-52.2,-25.2,0.0645474866064993,16770480520.1197,24.8360088828856,0
-51.7,-25.2,0.0556394147315953,605924008.801474,23.0602144272433,0
-51.2,-25.2,0.0567021064134805,901530590.130701,23.2523820728942,0
-50.7,-25.2,0.0597455517837284,2802400759.22166,23.8242172009852,0
-50.2,-25.2,0.0584771174364267,1749547665.02718,23.6022967973669,0
-49.7,-25.2,0.0584771174364267,1749547665.02718,23.6022967973669,0
-49.2,-25.2,0.0588438657275092,2004156777.30376,23.6397200098702,0
-48.7,-25.2,0.0598610082078529,2926432083.34892,23.8172370982394,0
-48.2,-25.2,0.0638154271050025,12743544319.8992,24.5494318472784,0
-70.2,-24.7,0.0422295157864458,4165644.82521504,20.9123629593427,0
-69.7,-24.7,0.0422295157864458,4165644.82521504,20.9123629593427,0
-69.2,-24.7,0.0313334115182983,74393.5907049006,19.3541487435077,0
-68.7,-24.7,-0.0148212352760012,0.00325262173888013,11.710444373621,0
-68.2,-24.7,-0.0224368021641154,0.000200180353964367,9.43975909232462,0
-67.7,-24.7,-0.0125735970766723,0.007406610033844,11.9765932058138,0
-67.2,-24.7,-0.0125735970766723,0.007406610033844,11.9765932058138,0
-66.7,-24.7,-0.0249770838841729,7.89951523117112e-05,8.47425816891291,0
-66.2,-24.7,-0.0239290978925201,0.000115930105875273,9.01629906930536,0
-65.7,-24.7,0.0120900815124621,62.6358796206705,16.5611739882451,0
-65.2,-24.7,0.0659398586992631,28601343961.8946,25.7282613868509,0
-64.7,-24.7,0.0659398586992631,28601343961.8946,25.7282613868509,0
-64.2,-24.7,0.0628499670094944,9050706384.1011,24.9002967469312,0
-63.7,-24.7,0.0473710132991048,31643336.6160695,28.9647414049896,0
-63.2,-24.7,0.0400591135180216,2171270.43046126,29.7544161076873,0
-62.7,-24.7,0.038894499195516,1409322.80853654,29.9846046711928,0
-62.2,-24.7,0.038894499195516,1409322.80853654,29.9846046711928,0
-61.7,-24.7,0.0395361420120228,1788777.13163668,29.889198991135,0
-61.2,-24.7,0.0396261649914817,1852448.97737535,29.8514999001926,0
-60.7,-24.7,0.0419748418377361,4391874.96477181,29.6279267035013,0
-60.2,-24.7,0.0448686168242017,12687703.184906,29.388431159506,0
-59.7,-24.7,0.0448686168242017,12687703.184906,29.388431159506,0
-59.2,-24.7,0.0480777258397641,41230156.9714303,29.2166347293225,0
-58.7,-24.7,0.0522233461466739,188584962.306467,28.9001528658411,0
-58.2,-24.7,0.0519981362469107,174121769.155993,28.9615583922366,0
-57.7,-24.7,0.0537750713686746,333771320.153076,28.8032728767184,0
-57.2,-24.7,0.0537750713686746,333771320.153076,28.8032728767184,0
-56.7,-24.7,0.0576508038239221,1389009375.70233,28.5337694624194,0
-56.2,-24.7,0.0671128020685824,45011129113.729,27.2734484398096,0
-55.7,-24.7,0.0678979850225575,60050561361.91,27.1369569072242,0
-55.2,-24.7,0.0690574562742221,91714681735.2303,26.6514179225713,0
-54.7,-24.7,0.0690574562742221,91714681735.2303,26.6514179225713,0
-54.2,-24.7,0.0692222967353503,97737665465.024,26.9727319399702,0
-53.7,-24.7,0.0701761760564617,138222904365.037,26.5959854856018,0
-53.2,-24.7,0.0705741401500161,159273780425.321,26.4354630077825,0
-52.7,-24.7,0.0665879209883596,35826927641.0971,25.2442892195992,0
-52.2,-24.7,0.0665879209883596,35826927641.0971,25.2442892195992,0
-51.7,-24.7,0.0633638155839453,10753510727.779,24.5074716805801,0
-51.2,-24.7,0.0644045154707716,15859166487.1593,24.7189268866426,0
-50.7,-24.7,0.0624373308214586,7617774161.21031,24.3082484988258,0
-50.2,-24.7,0.0575261177070479,1225157241.39234,23.3974566632742,0
-49.7,-24.7,0.0575261177070479,1225157241.39234,23.3974566632742,0
-49.2,-24.7,0.0593568094460035,2422400928.9642,23.7099323664569,0
-48.7,-24.7,0.0638390597474296,12861853694.4519,24.5792779690446,0
-48.2,-24.7,0.0681070002626893,63068193680.5341,25.5074079655948,0
-47.7,-24.7,0.0720503299552208,272078009015.68,26.5588452628287,0
-70.2,-24.2,0.0545642085169448,403181834.418796,22.7707352795456,0
-69.7,-24.2,0.0545642085169448,403181834.418796,22.7707352795456,0
-69.2,-24.2,0.0477078640256414,31639046.9318174,21.7011761794705,0
-68.7,-24.2,0.0123514357614182,68.8743636817806,16.5768843415512,0
-68.2,-24.2,-0.00410246469563951,0.164878817037826,13.7902114976767,0
-67.7,-24.2,-0.0246427989585647,8.92777966859374e-05,8.74905631928482,0
-67.2,-24.2,-0.0246427989585647,8.92777966859374e-05,8.74905631928482,0
-66.7,-24.2,-0.0232942056694591,0.000146259198415498,9.22005998751918,0
-66.2,-24.2,-0.0153008528143986,0.00272859281453516,11.4700541312513,0
-65.7,-24.2,-0.00238857365037581,0.309097573469865,14.2591954840268,0
-65.2,-24.2,0.0640719686674082,14171796735.0769,24.9416679829929,0
-64.7,-24.2,0.0640719686674082,14171796735.0769,24.9416679829929,0
-64.2,-24.2,0.0654699181314412,24151725652.0569,26.2796651273587,0
-63.7,-24.2,0.0460767831001877,19730789.8726608,29.2446554132527,0
-63.2,-24.2,0.0374712992329174,834604.637995787,30.0722260780672,0
-62.7,-24.2,0.0360681975725098,492141.435460006,30.3262458245863,0
-62.2,-24.2,0.0360681975725098,492141.435460006,30.3262458245863,0
-61.7,-24.2,0.0365205530126451,583739.296312396,30.2508210596445,0
-61.2,-24.2,0.037606601404048,876278.408172453,30.1111467020221,0
-60.7,-24.2,0.0366943953424102,627194.7875728,30.1202525721034,0
-60.2,-24.2,0.0403148644475812,2388406.66763238,29.7707196616119,0
-59.7,-24.2,0.0403148644475812,2388406.66763238,29.7707196616119,0
-59.2,-24.2,0.0436747082382888,8199465.19171816,29.605036325335,0
-58.7,-24.2,0.0483350513283821,45368988.0168217,29.2938160390702,0
-58.2,-24.2,0.0473297649841913,31437840.2665152,29.4292529052654,0
-57.7,-24.2,0.051022887810566,121526381.857616,29.1924133995759,0
-57.2,-24.2,0.051022887810566,121526381.857616,29.1924133995759,0
-56.7,-24.2,0.0544430206564626,426962748.328507,28.9898290313745,0
-56.2,-24.2,0.0676684876945114,55357379443.8706,27.6407714991,0
-55.7,-24.2,0.0691145436211169,94056642687.9777,27.4571467637106,0
-55.2,-24.2,0.0705422396953118,159139469415.729,27.051452278164,0
-54.7,-24.2,0.0705422396953118,159139469415.729,27.051452278164,0
-54.2,-24.2,0.0677637259374962,57499117611.3812,27.7850371677712,0
-53.7,-24.2,0.0693427895447117,103255156820.467,27.7767856865972,0
-53.2,-24.2,0.0721509369158084,288127017988.206,27.1667794877526,0
-52.7,-24.2,0.0702080415054013,138394116661.866,26.1778852635143,0
-52.2,-24.2,0.0702080415054013,138394116661.866,26.1778852635143,0
-51.7,-24.2,0.0726116781128278,341212267461.273,27.2263861635185,0
-51.2,-24.2,0.0671772716020933,44516236884.4087,25.2949820905387,0
-50.7,-24.2,0.0649823079718183,19617019920.6683,24.7895981277075,0
-50.2,-24.2,0.0678567761249413,57466232016.2647,25.4989014675723,0
-49.7,-24.2,0.0678567761249413,57466232016.2647,25.4989014675723,0
-49.2,-24.2,0.0684068468215845,70816942122.5439,25.735072420517,0
-48.7,-24.2,0.0646604770420779,17456228228.5329,24.7554775663,0
-48.2,-24.2,0.0666333617862692,36348505148.4927,25.1222381080696,0
-47.7,-24.2,0.0679369502388506,59010707935.0202,25.3812824608023,0
-47.2,-24.2,0.0679369502388506,59010707935.0202,25.3812824608023,0
-70.2,-23.7,0.0576311587312914,1260510012.71565,23.2731034566422,0
-69.7,-23.7,0.0576311587312914,1260510012.71565,23.2731034566422,0
-69.2,-23.7,0.0517428934873366,141222910.541942,22.3093571457918,0
-68.7,-23.7,0.0363072409095479,466735.275755308,20.0581476143846,0
-68.2,-23.7,0.0331246142155889,144236.414887334,19.5961350737734,0
-67.7,-23.7,-0.0281693239446484,2.45563610255716e-05,7.20096879629668,0
-67.2,-23.7,-0.0281693239446484,2.45563610255716e-05,7.20096879629668,0
-66.7,-23.7,-0.0230529945402746,0.000159762536120332,9.43121505709584,0
-66.2,-23.7,-0.00804342380702752,0.0389173324093362,13.0645619989046,0
-65.7,-23.7,-0.00628299725984897,0.0741763190369513,13.4994819691795,0
-65.2,-23.7,0.0236661817299377,4423.1431393074,18.2518437116838,0
-64.7,-23.7,0.0236661817299377,4423.1431393074,18.2518437116838,0
-64.2,-23.7,0.0527006774610801,223456134.796118,28.9061170676396,0
-63.7,-23.7,0.0435500781882098,7823555.65114421,29.6352702268023,0
-63.2,-23.7,0.0359710923759716,475045.342112426,30.3336370756164,0
-62.7,-23.7,0.0347439601628889,297894.598746489,30.557726010377,0
-62.2,-23.7,0.0347439601628889,297894.598746489,30.557726010377,0
-61.7,-23.7,0.0338963620301321,217934.63071424,30.5865506196276,0
-61.2,-23.7,0.0346342289521284,289138.583246046,30.4368114687825,0
-60.7,-23.7,0.0339092210074471,220869.149048706,30.4845931842925,0
-60.2,-23.7,0.0370967438979213,727196.803483334,30.1006885000006,0
-59.7,-23.7,0.0370967438979213,727196.803483334,30.1006885000006,0
-59.2,-23.7,0.0395638885957018,1802969.61580104,30.0003056387275,0
-58.7,-23.7,0.0440754221584157,9492544.60382466,29.6822529212735,0
-58.2,-23.7,0.0432432374755318,6995805.85858287,29.8217653279982,0
-57.7,-23.7,0.0490111080311016,58103857.630546,29.5051957708557,0
-57.2,-23.7,0.0490111080311016,58103857.630546,29.5051957708557,0
-56.7,-23.7,0.0631392074740449,10459364976.0993,28.5296956127727,0
-56.2,-23.7,0.0692094197618642,97711040146.8402,27.7577401452998,0
-55.7,-23.7,0.0713088447821953,211160626678.318,27.1472277587801,0
-55.2,-23.7,0.0709107014390388,183200785841.223,27.4816620364377,0
-54.7,-23.7,0.0709107014390388,183200785841.223,27.4816620364377,0
-54.2,-23.7,0.0707886726792986,175624613880.579,27.748525138823,0
-53.7,-23.7,0.0695365753003843,111201059168.341,28.0414773913542,0
-53.2,-23.7,0.0689338041222091,89030656690.8454,28.1400444773593,0
-52.7,-23.7,0.0717814445319032,253822320182.415,28.118603357815,0
-52.2,-23.7,0.0717814445319032,253822320182.415,28.118603357815,0
-51.7,-23.7,0.0733082132740416,440077120505.715,27.1693456040991,0
-51.2,-23.7,0.0699870244938412,126835626128.713,25.960691347769,0
-50.7,-23.7,0.0711876574253715,198775168342.217,26.3349045603483,0
-50.2,-23.7,0.0726183604879571,339508713284.677,26.8278705552142,0
-49.7,-23.7,0.0726183604879571,339508713284.677,26.8278705552142,0
-49.2,-23.7,0.0718646808263376,257022914945.076,26.7046351368932,0
-48.7,-23.7,0.0706033263646004,160533249728.472,26.309004273712,0
-48.2,-23.7,0.0707258326902992,167770786222.894,26.2796222614889,0
-47.7,-23.7,0.0690604759220027,89586915238.0013,25.6602684157811,0
-47.2,-23.7,0.0690604759220027,89586915238.0013,25.6602684157811,0
-46.7,-23.7,0.0666992596659384,37074717804.3494,25.0621064644479,0
-46.2,-23.7,0.0684562130977469,71318483420.7845,25.4029078718685,0
-45.7,-23.7,0.0690973969497115,90465796814.6808,25.4941774462856,0
-70.2,-23.2,0.057240329685902,1087063626.01379,23.1727717481653,0
-69.7,-23.2,0.057240329685902,1087063626.01379,23.1727717481653,0
-69.2,-23.2,0.0527439634961022,204712595.294389,22.4624223818654,0
-68.7,-23.2,0.0223243874318542,2692.67227481406,18.0675815562498,0
-68.2,-23.2,0.0270181669562802,15168.5308573856,18.7177634085956,0
-67.7,-23.2,-0.028912190755252,1.87102643819002e-05,6.67358997186009,0
-67.2,-23.2,-0.028912190755252,1.87102643819002e-05,6.67358997186009,0
-66.7,-23.2,-0.0256390839729819,6.1997334725399e-05,8.4762350183305,0
-66.2,-23.2,-0.0151988530150655,0.00283261891955048,11.6117226524156,0
-65.7,-23.2,-0.00368545891738824,0.192128669238116,13.9728052091621,0
-65.2,-23.2,0.0171512107800056,402.360136950925,17.3577861250941,0
-64.7,-23.2,0.0171512107800056,402.360136950925,17.3577861250941,0
-64.2,-23.2,0.0600628998627639,3337256790.14347,28.5495510214563,0
-63.7,-23.2,0.0440817917280809,9498785.18732864,29.802857405462,0
-63.2,-23.2,0.0352192846835004,354452.325112427,30.5705439205139,0
-62.7,-23.2,0.0336966609876602,200228.195040395,30.7245863322626,0
-62.2,-23.2,0.0336966609876602,200228.195040395,30.7245863322626,0
-61.7,-23.2,0.0321014365189677,110690.659266744,30.8166076024588,0
-61.2,-23.2,0.0311039960120552,76578.3474931438,30.8481107664905,0
-60.7,-23.2,0.0316931570655139,95868.3775234787,30.7527542959056,0
-60.2,-23.2,0.0341880677287536,245253.612204522,30.4531356638144,0
-59.7,-23.2,0.0341880677287536,245253.612204522,30.4531356638144,0
-59.2,-23.2,0.0360179899452494,482567.671366687,30.3562200813809,0
-58.7,-23.2,0.0403951290542676,2444083.24678446,30.0238844032284,0
-58.2,-23.2,0.0402379081894546,2296126.79334439,30.149238391345,0
-57.7,-23.2,0.0458941018269551,18492914.6833151,29.863469929025,0
-57.2,-23.2,0.0458941018269551,18492914.6833151,29.863469929025,0
-56.7,-23.2,0.0563442626818543,863745980.795862,29.2554901801635,0
-56.2,-23.2,0.0701910932758515,141193774930.918,28.0613379963837,0
-55.7,-23.2,0.0723012103856256,305495329661.795,27.366325432107,0
-55.2,-23.2,0.0709910598782264,190188805712.549,28.0098551828,0
-54.7,-23.2,0.0709910598782264,190188805712.549,28.0098551828,0
-54.2,-23.2,0.0690411578796835,92409883470.417,28.4996487142376,0
-53.7,-23.2,0.0656024596909981,26155724801.8353,28.8481547627083,0
-53.2,-23.2,0.0643810836463226,16760398969.6911,28.8594845003027,0
-52.7,-23.2,0.0715513440168062,232943951729.252,28.0812248687556,0
-52.2,-23.2,0.0715513440168062,232943951729.252,28.0812248687556,0
-51.7,-23.2,0.0733639466588429,453357679154.111,27.8127767431063,0
-51.2,-23.2,0.0738727009199425,542994180225.234,27.364911938483,0
-50.7,-23.2,0.0745122609439117,688791878118.604,27.5905786947063,0
-50.2,-23.2,0.0745010992177771,687350043455.077,27.7203446227308,0
-49.7,-23.2,0.0745010992177771,687350043455.077,27.7203446227308,0
-49.2,-23.2,0.0733342291646497,443731545604.504,27.1091670154467,0
-48.7,-23.2,0.0712423878299431,203064462631.939,26.3713154240387,0
-48.2,-23.2,0.0733883485115392,451689406518.956,27.0010507825071,0
-47.7,-23.2,0.0742025345858983,610468468487.448,27.1937451947965,0
-47.2,-23.2,0.0742025345858983,610468468487.448,27.1937451947965,0
-46.7,-23.2,0.0712578937894108,202490318391.549,26.1433206837248,0
-46.2,-23.2,0.0672665274970607,45643291979.8207,25.1474424311631,0
-45.7,-23.2,0.0689604418210282,85919774763.1519,25.4972975082573,0
-45.2,-23.2,0.0664831306454641,34144726252.245,24.9249807815068,0
-44.7,-23.2,0.0664831306454641,34144726252.245,24.9249807815068,0
-70.2,-22.7,0.0525266562355558,188597793.256347,22.4174478118812,0
-69.7,-22.7,0.0525266562355558,188597793.256347,22.4174478118812,0
-69.2,-22.7,0.0551994861962534,509084366.072407,22.8393657717613,0
-68.7,-22.7,0.027448597080021,17752.408638613,18.818065346181,0
-68.2,-22.7,-0.015037053456178,0.00300568076181309,11.7771806330168,0
-67.7,-22.7,-0.0290796527558439,1.75978786367815e-05,6.42926713063107,0
-67.2,-22.7,-0.0290796527558439,1.75978786367815e-05,6.42926713063107,0
-66.7,-22.7,-0.0266979367060792,4.20780038314383e-05,8.00115771005886,0
-66.2,-22.7,-0.00998685657982095,0.0191009909098493,12.7263651157304,0
-65.7,-22.7,-0.00300239590907216,0.246794556296477,14.113319861147,0
-65.2,-22.7,0.0197497047590632,1045.54430499739,17.760913766076,0
-64.7,-22.7,0.0197497047590632,1045.54430499739,17.760913766076,0
-64.2,-22.7,0.0696727102547568,114654769530.11,27.0518595834507,0
-63.7,-22.7,0.0567569027614047,995672081.44147,28.9267327227503,0
-63.2,-22.7,0.0374347989605622,805311.196585984,30.4636824916078,0
-62.7,-22.7,0.0341830276607785,238613.644503624,30.7593135669525,0
-62.2,-22.7,0.0341830276607785,238613.644503624,30.7593135669525,0
-61.7,-22.7,0.0313613436231864,83259.3261979924,30.9615825136387,0
-61.2,-22.7,0.0287995802503006,31990.9898268861,31.141314195672,0
-60.7,-22.7,0.029394447666919,40114.3921514022,31.0548875063658,0
-60.2,-22.7,0.0335490154392071,191534.340421087,30.6162312253814,0
-59.7,-22.7,0.0335490154392071,191534.340421087,30.6162312253814,0
-59.2,-22.7,0.0322691276398933,118511.598207308,30.7406403035663,0
-58.7,-22.7,0.0368749429038295,658992.931959127,30.393922380619,0
-58.2,-22.7,0.0360832842226774,487441.996617659,30.5609383935143,0
-57.7,-22.7,0.0461933303342196,20600083.5617162,30.0185338202224,0
-57.2,-22.7,0.0461933303342196,20600083.5617162,30.0185338202224,0
-56.7,-22.7,0.0504122226459772,97802059.7815876,29.8015567315646,0
-56.2,-22.7,0.0679849095602338,63422882909.6701,28.652419413469,0
-55.7,-22.7,0.0729029658578346,381350504112.883,27.461286191653,0
-55.2,-22.7,0.0700454212677791,135205082290.91,28.4683370746057,0
-54.7,-22.7,0.0700454212677791,135205082290.91,28.4683370746057,0
-54.2,-22.7,0.0653661473835172,23981660973.0251,29.098593687949,0
-53.7,-22.7,0.0594765244042466,2756466355.35436,29.4937862137059,0
-53.2,-22.7,0.06178269579145,6420963725.78131,29.3793153304999,0
-52.7,-22.7,0.0640278833951514,14659721327.7995,29.132983642475,0
-52.2,-22.7,0.0640278833951514,14659721327.7995,29.132983642475,0
-51.7,-22.7,0.0709444157606316,187401536391.985,28.6569648835654,0
-51.2,-22.7,0.0734257329786663,466728084914.102,28.2884798284366,0
-50.7,-22.7,0.0747841667874433,763897394504.25,27.8733880983952,0
-50.2,-22.7,0.0745157345602706,689127792734.953,27.5786254578932,0
-49.7,-22.7,0.0745157345602706,689127792734.953,27.5786254578932,0
-49.2,-22.7,0.0744614982351932,678826757600.965,27.8514293104788,0
-48.7,-22.7,0.0739836147511655,570812303494.689,28.0453632940383,0
-48.2,-22.7,0.0747578233501953,754264335925.076,27.6464257165577,0
-47.7,-22.7,0.0747106884112017,736765965981.202,27.3267663316887,0
-47.2,-22.7,0.0747106884112017,736765965981.202,27.3267663316887,0
-46.7,-22.7,0.0737094944756577,505201001856.681,26.8543985002228,0
-46.2,-22.7,0.0649816775954077,19448689503.8727,24.6759367730526,0
-45.7,-22.7,0.0641033174781063,14085133128.9134,24.5437621629873,0
-45.2,-22.7,0.0653338065478434,22267609412.5697,24.7553904770578,0
-44.7,-22.7,0.0653338065478434,22267609412.5697,24.7553904770578,0
-44.2,-22.7,0.0685035606966054,72499167238.4541,25.3802733068938,0
-43.7,-22.7,0.075286080646646,902233075014.708,28.0107415380513,0
-43.2,-22.7,0.0744863489716135,674463452873.696,27.1714944472545,0
-42.7,-22.7,0.0726890627361625,346122538477.177,26.5221817863999,0
-42.2,-22.7,0.0726890627361625,346122538477.177,26.5221817863999,0
-70.2,-22.2,0.0515274541034977,130196645.790368,22.2653747917721,0
-69.7,-22.2,0.0515274541034977,130196645.790368,22.2653747917721,0
-69.2,-22.2,0.0527390769983673,203747939.578508,22.4341637734116,0
-68.7,-22.2,0.00872302854440628,18.1780824126992,16.1446547824822,0
-68.2,-22.2,-0.0224146547464497,0.000201817427881758,9.79769531340114,0
-67.7,-22.2,-0.0255470232655886,6.4122037228129e-05,8.54229033971752,0
-67.2,-22.2,-0.0255470232655886,6.4122037228129e-05,8.54229033971752,0
-66.7,-22.2,-0.0230652543745058,0.000159047802957099,9.4710304311203,0
-66.2,-22.2,-0.00601160719814277,0.0819231458754154,13.5083986838564,0
-65.7,-22.2,0.00356685131446637,2.74290204173112,15.246833750921,0
-65.2,-22.2,0.0165722936686748,325.002777540873,17.3149931005153,0
-64.7,-22.2,0.0165722936686748,325.002777540873,17.3149931005153,0
-64.2,-22.2,0.0655773287833255,24506172314.5615,24.8782974483127,0
-63.7,-22.2,0.0687701753557419,82526002381.7655,27.7050287998404,0
-63.2,-22.2,0.0418628773229681,4159099.34161986,30.191918528162,0
-62.7,-22.2,0.0351581337304844,341301.345049723,30.7555503362617,0
-62.2,-22.2,0.0351581337304844,341301.345049723,30.7555503362617,0
-61.7,-22.2,0.0306096949759324,62279.2973729952,31.1123152731002,0
-61.2,-22.2,0.0271275086456149,16948.1485931462,31.3704643640267,0
-60.7,-22.2,0.0261973157416127,11980.4883894065,31.4326099751696,0
-60.2,-22.2,0.02886538510114,32743.2387160215,31.1482725221387,0
-59.7,-22.2,0.02886538510114,32743.2387160215,31.1482725221387,0
-59.2,-22.2,0.0292031767036838,37236.9855111994,31.1006152555196,0
-58.7,-22.2,0.0336546511469938,196779.615088046,30.7514140784558,0
-58.2,-22.2,0.0298742160862688,47666.5517167416,31.0958314094925,0
-57.7,-22.2,0.0379340081110706,955955.571561769,30.6681709655995,0
-57.2,-22.2,0.0379340081110706,955955.571561769,30.6681709655995,0
-56.7,-22.2,0.0527912711532795,235399499.082565,29.7722868550515,0
-56.2,-22.2,0.0612410479981467,5322361952.11056,29.3623611764925,0
-55.7,-22.2,0.0732659386962346,437599699339.855,27.75693309256,0
-55.2,-22.2,0.063093102056792,10540154766.4013,29.3598185859574,0
-54.7,-22.2,0.063093102056792,10540154766.4013,29.3598185859574,0
-54.2,-22.2,0.0544540427773932,435437198.475187,30.0215097211542,0
-53.7,-22.2,0.055274538991493,589753830.122355,29.8215589831779,0
-53.2,-22.2,0.0670263688145836,44139557438.9755,29.1621205877117,0
-52.7,-22.2,0.062490211535834,8345474180.20403,29.471980965435,0
-52.2,-22.2,0.062490211535834,8345474180.20403,29.471980965435,0
-51.7,-22.2,0.0683992301243431,73774164055.1674,29.1564046242999,0
-51.2,-22.2,0.0726351806927728,350882667590.23,28.6491623382497,0
-50.7,-22.2,0.0744141585406733,670519276226.028,28.2626926946097,0
-50.2,-22.2,0.0743024136854582,643610760120.953,28.2451844005731,0
-49.7,-22.2,0.0743024136854582,643610760120.953,28.2451844005731,0
-49.2,-22.2,0.073884842450857,553453647628.453,28.4187388424609,0
-48.7,-22.2,0.0736072995501313,500894191788.896,28.6163847559335,0
-48.2,-22.2,0.0750797013701009,847313397699.283,27.5941664155833,0
-47.7,-22.2,0.0752991494175685,917179855942.049,27.540627585918,0
-47.2,-22.2,0.0752991494175685,917179855942.049,27.540627585918,0
-46.7,-22.2,0.0740270029207645,568203802596.312,26.9191917778473,0
-46.2,-22.2,0.0635157062146732,11259316087.1852,24.3597810953324,0
-45.7,-22.2,0.0675275981572197,50428090631.2451,25.2424517388023,0
-45.2,-22.2,0.0648834231325768,18733393532.413,24.606330447408,0
-44.7,-22.2,0.0648834231325768,18733393532.413,24.606330447408,0
-44.2,-22.2,0.064922424011077,18972526939.9173,24.5590275478058,0
-43.7,-22.2,0.0718647761406652,254653040929.441,26.3014455049857,0
-43.2,-22.2,0.0718462350455479,252216293653.314,26.2038556448591,0
-42.7,-22.2,0.0735448203782952,475087547194.025,26.6786153995085,0
-42.2,-22.2,0.0735448203782952,475087547194.025,26.6786153995085,0
-41.7,-22.2,0.0758268045878888,1087941972960.66,28.1512886914869,0
-69.7,-21.7,0.0482581456010007,38907557.741909,21.813819630312,0
-69.2,-21.7,0.0542652585554495,358597916.600303,22.6613333985318,0
-68.7,-21.7,-0.00857033943083896,0.0320940650963349,13.2493910778991,0
-68.2,-21.7,-0.018134187051706,0.00096709971958665,10.8808538162042,0
-67.7,-21.7,-0.0158775631235658,0.00220938773401908,11.4256336452034,0
-67.2,-21.7,-0.0158775631235658,0.00220938773401908,11.4256336452034,0
-66.7,-21.7,-0.0136902099095892,0.00492137634299042,11.9083780870931,0
-66.2,-21.7,-0.0131154958026031,0.00607394668736421,12.0537790519349,0
-65.7,-21.7,0.0140320700102972,127.70130351349,16.871273220366,0
-65.2,-21.7,0.0223873251945924,2756.82075520345,18.1256738347482,0
-64.7,-21.7,0.0223873251945924,2756.82075520345,18.1256738347482,0
-64.2,-21.7,0.0560279738201679,696547311.301855,22.9918733170363,0
-63.7,-21.7,0.0704995440643873,156723157247.052,27.5472601928644,0
-63.2,-21.7,0.0462287163072962,20812601.6284105,30.0047174090974,0
-62.7,-21.7,0.0343417792128911,248595.790400292,30.9403321573767,0
-62.2,-21.7,0.0343417792128911,248595.790400292,30.9403321573767,0
-61.7,-21.7,0.0305115156474627,59489.734985588,31.2112955220205,0
-61.2,-21.7,0.0260385260520574,11197.3593926586,31.534143156637,0
-60.7,-21.7,0.0229752289650126,3557.79232602923,31.8123830589368,0
-60.2,-21.7,0.0242826820941261,5822.22062828537,31.653156599378,0
-59.7,-21.7,0.0242826820941261,5822.22062828537,31.653156599378,0
-59.2,-21.7,0.0239058014720696,5063.6820846753,31.6722734639884,0
-58.7,-21.7,0.0288446897575564,32228.7241662781,31.2377151343699,0
-58.2,-21.7,0.0255346753494167,9339.75704802561,31.5086735288351,0
-57.7,-21.7,0.0333310692923692,170772.038998111,31.0451733263365,0
-57.2,-21.7,0.0333310692923692,170772.038998111,31.0451733263365,0
-56.7,-21.7,0.0602107534387541,3609650601.56741,29.3825855524942,0
-56.2,-21.7,0.0536211372098022,320894759.105326,29.9594729320092,0
-55.7,-21.7,0.0701899458635723,143235485373.565,28.7647388830935,0
-55.2,-21.7,0.0617372075704554,6419302338.7792,29.6448445345477,0
-54.7,-21.7,0.0617372075704554,6419302338.7792,29.6448445345477,0
-54.2,-21.7,0.0601860962488859,3620009614.80134,29.833226676912,0
-53.7,-21.7,0.0564157887140272,897803452.229579,29.8607283302961,0
-53.2,-21.7,0.0639487256205158,14324152981.9103,29.572548096436,0
-52.7,-21.7,0.0581130278354289,1677699834.48106,29.8198877805582,0
-52.2,-21.7,0.0581130278354289,1677699834.48106,29.8198877805582,0
-51.7,-21.7,0.0627737663319612,9378618447.50009,29.7136797496322,0
-51.2,-21.7,0.0686946404453546,82802301189.6326,29.2925929652262,0
-50.7,-21.7,0.0725062619430013,335399682450.25,28.9097086229688,0
-50.2,-21.7,0.0732457794990596,439325907939.033,28.764679478098,0
-49.7,-21.7,0.0732457794990596,439325907939.033,28.764679478098,0
-49.2,-21.7,0.0734678718259489,476406437296.885,28.7295559790208,0
-48.7,-21.7,0.0729867008299416,399660229673.205,28.8046204376384,0
-48.2,-21.7,0.0750861645830892,856456030833.339,28.1798716553755,0
-47.7,-21.7,0.0756718820423038,1056281091548.68,27.8638124592098,0
-47.2,-21.7,0.0756718820423038,1056281091548.68,27.8638124592098,0
-46.7,-21.7,0.0731731191863674,412994883787.983,26.6375962894057,0
-46.2,-21.7,0.0695152528784502,105520119456.826,25.6421755702595,0
-45.7,-21.7,0.0706459144225523,160732999258.502,25.880937512635,0
-45.2,-21.7,0.0695572753990837,106678105213.292,25.5480908365855,0
-44.7,-21.7,0.0695572753990837,106678105213.292,25.5480908365855,0
-44.2,-21.7,0.0677951904078511,55162244358.6231,25.1068872422956,0
-43.7,-21.7,0.0666732915150668,36469166075.9945,24.9078335245128,0
-43.2,-21.7,0.0744682802227767,669650591991.434,26.9364326323445,0
-42.7,-21.7,0.0762921647160549,1321551632874.79,28.6223217089613,0
-42.2,-21.7,0.0762921647160549,1321551632874.79,28.6223217089613,0
-41.7,-21.7,0.0719648034088589,262139096966.208,29.2113047428751,0
-41.2,-21.7,0.0761916663594858,1243806353952.37,28.790251789207,0
-69.7,-21.2,0.0496260839873927,64599454.2688067,22.0309161042046,0
-69.2,-21.2,0.0534882560803109,268426836.142425,22.5333810560746,0
-68.7,-21.2,-0.0127719528995056,0.006888924458252,12.3938093274736,0
-68.2,-21.2,-0.00780949576487238,0.0424034551086615,13.1174436909951,0
-67.7,-21.2,-0.00512299486527542,0.113447726415885,13.6191308773812,0
-67.2,-21.2,-0.00512299486527542,0.113447726415885,13.6191308773812,0
-66.7,-21.2,-0.00615684216877304,0.0776771287173209,13.391242456723,0
-66.2,-21.2,-0.0122331981160285,0.00839025444164857,12.213434493726,0
-65.7,-21.2,0.0128304562290297,82.1318690663301,16.698571292909,0
-65.2,-21.2,0.0268390560862021,14196.3825519242,18.7496128370163,0
-64.7,-21.2,0.0268390560862021,14196.3825519242,18.7496128370163,0
-64.2,-21.2,0.0597202165200188,2744829909.00217,23.609231970225,0
-63.7,-21.2,0.0652504462561055,22699759042.993,28.8985476174871,0
-63.2,-21.2,0.054360128155468,413692598.498158,29.5695946692676,0
-62.7,-21.2,0.0387271616650011,1270314.36223375,30.6882887361348,0
-62.2,-21.2,0.0387271616650011,1270314.36223375,30.6882887361348,0
-61.7,-21.2,0.0324996981079836,124168.2306198,31.1432140890193,0
-61.2,-21.2,0.0258470427349243,10368.3650782466,31.6100831679373,0
-60.7,-21.2,0.0212395517086572,1853.87037777729,32.0264979472376,0
-60.2,-21.2,0.0205649856631137,1444.92265194335,32.0604570978856,0
-59.7,-21.2,0.0205649856631137,1444.92265194335,32.0604570978856,0
-59.2,-21.2,0.0206290637760324,1482.10998457667,32.0352070259062,0
-58.7,-21.2,0.0226881911159963,3199.89837099965,31.8318452104252,0
-58.2,-21.2,0.0215417323529863,2087.7172872626,31.9287200988282,0
-57.7,-21.2,0.025166992577254,8070.5562874035,31.664538257924,0
-57.2,-21.2,0.025166992577254,8070.5562874035,31.664538257924,0
-56.7,-21.2,0.0596934282902498,3004800242.41062,29.5852944370485,0
-56.2,-21.2,0.0482949347991492,44551625.5647596,30.3571596864864,0
-55.7,-21.2,0.0524154534122105,204902265.259006,30.3252881772378,0
-55.2,-21.2,0.0662825577769906,34311306794.6715,29.4415395729643,0
-54.7,-21.2,0.0662825577769906,34311306794.6715,29.4415395729643,0
-54.2,-21.2,0.0700440504936564,136234841537.934,29.1516659245821,0
-53.7,-21.2,0.0685689743012347,78973902418.0549,29.3533645088902,0
-53.2,-21.2,0.0600174430762728,3389747366.11846,29.8802241010373,0
-52.7,-21.2,0.0602915521385698,3750518801.58133,29.9241917588827,0
-52.2,-21.2,0.0602915521385698,3750518801.58133,29.9241917588827,0
-51.7,-21.2,0.0595559715067808,2844709948.30743,30.0483261784095,0
-51.2,-21.2,0.0677646462507227,58728970208.7262,29.5144322241607,0
-50.7,-21.2,0.0703279795523693,151065796442.351,29.262154390473,0
-50.2,-21.2,0.0703073980225183,150142653895.148,29.2053358719607,0
-49.7,-21.2,0.0703073980225183,150142653895.148,29.2053358719607,0
-49.2,-21.2,0.0711551707496211,204751736665.105,29.060633827635,0
-48.7,-21.2,0.072842588601361,379014498454.619,28.8141046542845,0
-48.2,-21.2,0.073709704852221,520052626104.142,28.7212289573905,0
-47.7,-21.2,0.0754284104031322,962304826512.32,27.7135795781791,0
-47.2,-21.2,0.0754284104031322,962304826512.32,27.7135795781791,0
-46.7,-21.2,0.0719725421626801,263360532527.682,26.269845174952,0
-46.2,-21.2,0.0699066367283025,122006492074.221,25.7238747852904,0
-45.7,-21.2,0.0711877973230959,196610251632.683,26.0020227223449,0
-45.2,-21.2,0.0711851800646946,195542489876.826,25.9105924665982,0
-44.7,-21.2,0.0711851800646946,195542489876.826,25.9105924665982,0
-44.2,-21.2,0.069756732837915,114443972028.286,25.5203319430685,0
-43.7,-21.2,0.0674288260187091,48186913948.6558,25.0363211058569,0
-43.2,-21.2,0.0743308769412194,634381129757.461,26.8094606672486,0
-42.7,-21.2,0.0758051694367399,1103288432947.01,27.4659314455825,0
-42.2,-21.2,0.0758051694367399,1103288432947.01,27.4659314455825,0
-41.7,-21.2,0.0763164961463817,1321825493299.62,28.238199569292,0
-41.2,-21.2,0.0760224250379527,1173053325810.23,28.7078657711319,0
-69.7,-20.7,0.0533888595972225,260996645.838833,22.609020517565,0
-69.2,-20.7,0.0478046374555371,32621837.632054,21.6848288737547,0
-68.7,-20.7,-0.0121675683537159,0.00859548149465758,12.504157722121,0
-68.2,-20.7,-0.00668345774153919,0.0640544188479292,13.3899055253746,0
-67.7,-20.7,-0.00844662224185023,0.0335763688918131,12.9813010299749,0
-67.2,-20.7,-0.00844662224185023,0.0335763688918131,12.9813010299749,0
-66.7,-20.7,-0.00986229582479124,0.0199919747647214,12.6875378915395,0
-66.2,-20.7,-0.00617114187295628,0.0772705204047939,13.4681379225468,0
-65.7,-20.7,0.0180843187267187,565.987307487292,17.468288755849,0
-65.2,-20.7,0.0226372941791428,3020.91476195107,18.1698315671962,0
-64.7,-20.7,0.0226372941791428,3020.91476195107,18.1698315671962,0
-64.2,-20.7,0.0604053240474766,3539016129.53658,23.708968881865,0
-63.7,-20.7,0.0726376809584321,343171455639.13,27.0441240493592,0
-63.2,-20.7,0.0658261945274618,27991540942.2946,28.684408792988,0
-62.7,-20.7,0.0445350116160188,10994946.5038264,30.3676675114067,0
-62.2,-20.7,0.0445350116160188,10994946.5038264,30.3676675114067,0
-61.7,-20.7,0.035604435548497,394153.983564586,30.9868540970602,0
-61.2,-20.7,0.0269829709215651,15793.3793228679,31.567274522236,0
-60.7,-20.7,0.0221901789852747,2639.07789416797,31.9618156747938,0
-60.2,-20.7,0.0192495414909944,883.460542572218,32.224006277711,0
-59.7,-20.7,0.0192495414909944,883.460542572218,32.224006277711,0
-59.2,-20.7,0.0185825392825909,690.320606934638,32.2706581266269,0
-58.7,-20.7,0.0185880954493422,692.294440704857,32.2593078624602,0
-58.2,-20.7,0.0182964127256264,621.764790003758,32.2749511913991,0
-57.7,-20.7,0.0196471385754752,1028.98264883898,32.1436764103323,0
-57.2,-20.7,0.0196471385754752,1028.98264883898,32.1436764103323,0
-56.7,-20.7,0.0468709780146319,26126046.5189343,30.4933887671545,0
-56.2,-20.7,0.0373517766840325,753452.184974804,31.0935193304647,0
-55.7,-20.7,0.0420912264284521,4364287.74150398,31.0235643515421,0
-55.2,-20.7,0.0558561834798385,731096244.983878,30.37107014341,0
-54.7,-20.7,0.0558561834798385,731096244.983878,30.37107014341,0
-54.2,-20.7,0.0744503636456623,681961329009.989,28.6472184260488,0
-53.7,-20.7,0.069509488963527,112002715850.849,29.4370304616628,0
-53.2,-20.7,0.0668307549037853,41806335249.3166,29.7116831437623,0
-52.7,-20.7,0.0654886057457075,25442843339.9662,29.8581624290955,0
-52.2,-20.7,0.0654886057457075,25442843339.9662,29.8581624290955,0
-51.7,-20.7,0.0633420335036753,11436137292.0859,30.016854129949,0
-51.2,-20.7,0.0683646129492377,73062062868.6362,29.5246281738832,0
-50.7,-20.7,0.067419734989308,52155091477.1798,29.5255330081084,0
-50.2,-20.7,0.0690212313346533,93856514965.2998,29.295056273919,0
-49.7,-20.7,0.0690212313346533,93856514965.2998,29.295056273919,0
-49.2,-20.7,0.0706952226197404,173044124656.077,29.1092238638267,0
-48.7,-20.7,0.0725859140205967,345130542294.384,28.8988255375176,0
-48.2,-20.7,0.0731661684730753,425928585661.116,28.7236023360802,0
-47.7,-20.7,0.0747186173585103,736516956201.079,27.3629689580785,0
-47.2,-20.7,0.0747186173585103,736516956201.079,27.3629689580785,0
-46.7,-20.7,0.0732969947357736,431453096214.759,26.6346779120925,0
-46.2,-20.7,0.0715739898272727,227061880956.75,26.1254744387628,0
-45.7,-20.7,0.0733123918711463,434571660332.581,26.5974565928551,0
-45.2,-20.7,0.0724376517565706,311904282752.343,26.2230921303846,0
-44.7,-20.7,0.0724376517565706,311904282752.343,26.2230921303846,0
-44.2,-20.7,0.0716846758296247,234840169059.405,25.9864394783597,0
-43.7,-20.7,0.0681350596064653,62632503285.6464,25.181024672611,0
-43.2,-20.7,0.0745271355280637,682104901363.364,26.8502771882379,0
-42.7,-20.7,0.0721702682358155,283127463271.362,26.175382160146,0
-42.2,-20.7,0.0721702682358155,283127463271.362,26.175382160146,0
-41.7,-20.7,0.0700344076587408,127941230613.736,25.6670078729569,0
-41.2,-20.7,0.0736331319172517,490338871297.826,26.6501665582669,0
-40.7,-20.7,0.0724421631271161,314259175625.267,26.2690334704578,0
-69.7,-20.2,0.0506499677629251,94325858.9881786,22.1715516826722,0
-69.2,-20.2,0.03713592550292,630928.272810777,20.1933135585103,0
-68.7,-20.2,-0.0143159208493126,0.00391398096590172,12.0500193625408,0
-68.2,-20.2,-0.00342670749545388,0.211234998917908,14.0384640824874,0
-67.7,-20.2,-0.00793895733754786,0.0404389291868241,13.1267475569688,0
-67.2,-20.2,-0.00793895733754786,0.0404389291868241,13.1267475569688,0
-66.7,-20.2,-0.01228435669755,0.00823497987626441,12.2900502740947,0
-66.2,-20.2,-0.0120380289348211,0.00901238971808649,12.409178580599,0
-65.7,-20.2,0.00815911483209521,14.7811786168308,16.0566823706443,0
-65.2,-20.2,0.0172066695783277,409.944389927462,17.4170019736881,0
-64.7,-20.2,0.0172066695783277,409.944389927462,17.4170019736881,0
-64.2,-20.2,0.0512187620730312,116209697.056406,22.1966367132354,0
-63.7,-20.2,0.0724416165421652,317486854407.48,26.7104002040198,0
-63.2,-20.2,0.0658938454300243,28824414247.2152,28.8340495856222,0
-62.7,-20.2,0.048487808019958,47642020.0593283,30.1886000105857,0
-62.2,-20.2,0.048487808019958,47642020.0593283,30.1886000105857,0
-61.7,-20.2,0.040156631591636,2150147.09199436,30.7463751505999,0
-61.2,-20.2,0.031575118382738,87383.3400806049,31.2976016884466,0
-60.7,-20.2,0.0248989663914805,7215.73102315661,31.7983756456547,0
-60.2,-20.2,0.0214607986946381,2003.16228985188,32.0898074444358,0
-59.7,-20.2,0.0214607986946381,2003.16228985188,32.0898074444358,0
-59.2,-20.2,0.0189181560430016,779.644868157156,32.2984039547052,0
-58.7,-20.2,0.0187657059260672,736.611918744227,32.3194697378659,0
-58.2,-20.2,0.0185378451344112,676.846933869782,32.344144853244,0
-57.7,-20.2,0.0185193870615654,673.200734031277,32.3340028489754,0
-57.2,-20.2,0.0185193870615654,673.200734031277,32.3340028489754,0
-56.7,-20.2,0.0374370640418768,765408.374550184,31.1969910796544,0
-56.2,-20.2,0.0251292758692237,7804.84140908775,31.9851213340175,0
-55.7,-20.2,0.0296641715912661,41792.5220811366,31.8682817546255,0
-55.2,-20.2,0.0535217495687133,303940013.27078,30.6416117835312,0
-54.7,-20.2,0.0535217495687133,303940013.27078,30.6416117835312,0
-54.2,-20.2,0.0714178655292075,225572903755.57,29.2216073629252,0
-53.7,-20.2,0.0717675617903116,256453503690.975,29.3049077473956,0
-53.2,-20.2,0.0654742770473122,25367819463.25,29.9801659759202,0
-52.7,-20.2,0.0659884806350751,30501762735.5154,29.92342194962,0
-52.2,-20.2,0.0659884806350751,30501762735.5154,29.92342194962,0
-51.7,-20.2,0.0679412745468658,62824847627.6949,29.7263048293845,0
-51.2,-20.2,0.0671513345730512,47017969790.6042,29.690842104728,0
-50.7,-20.2,0.0662183790086747,33607539676.761,29.7576566886474,0
-50.2,-20.2,0.0687524634150334,85093591691.2449,29.4438595327609,0
-49.7,-20.2,0.0687524634150334,85093591691.2449,29.4438595327609,0
-49.2,-20.2,0.0702313837687416,146147486807.99,29.3181475225792,0
-48.7,-20.2,0.0719571588334936,274481012595.905,29.0190826046674,0
-48.2,-20.2,0.0736003650714896,499284842660.981,28.6350974749716,0
-47.7,-20.2,0.0741497194127453,594858032710.247,27.0502473953534,0
-47.2,-20.2,0.0741497194127453,594858032710.247,27.0502473953534,0
-46.7,-20.2,0.0673914600996869,47488190363.6518,25.1238594179695,0
-46.2,-20.2,0.0727993630445509,358042835578.574,26.4117310738426,0
-45.7,-20.2,0.0753104609953528,921414874764.115,27.5603486112253,0
-45.2,-20.2,0.0751528779555453,860975398158.165,27.1027231534268,0
-44.7,-20.2,0.0751528779555453,860975398158.165,27.1027231534268,0
-44.2,-20.2,0.0744445515854332,659188033406.718,26.7990643059625,0
-43.7,-20.2,0.0699078130023035,121417719291.493,25.5801013889748,0
-43.2,-20.2,0.0754378270833652,958620026515.865,27.165326433911,0
-42.7,-20.2,0.0764395644198141,1394421896177.67,27.5953790109132,0
-42.2,-20.2,0.0764395644198141,1394421896177.67,27.5953790109132,0
-41.7,-20.2,0.0742328463984658,611667671020.839,26.7669351346264,0
-41.2,-20.2,0.0760808247322721,1220201315888.25,27.4514092217725,0
-40.7,-20.2,0.0755290596207749,994051133233.598,27.2747410072794,0
-69.7,-19.7,0.0520114678184879,155907597.209415,22.3550596415792,0
-69.2,-19.7,0.0238258329383176,4670.12428443686,18.3840628061219,0
-68.7,-19.7,-0.00875910037159307,0.0299485950109907,13.1656438434371,0
-68.2,-19.7,-0.000334845624906279,0.655939645240764,14.6021535482903,0
-67.7,-19.7,-0.00237554633917324,0.310466331968473,14.1993074168015,0
-67.2,-19.7,-0.00237554633917324,0.310466331968473,14.1993074168015,0
-66.7,-19.7,-0.00924171012557523,0.0250944248572214,12.961783404381,0
-66.2,-19.7,-0.0187580232110532,0.00076966145362115,10.9557384278055,0
-65.7,-19.7,0.0019433114477025,1.5122204928415,15.1483834359444,0
-65.2,-19.7,0.0229854504830557,3432.95499173202,18.2446329879749,0
-64.7,-19.7,0.0229854504830557,3432.95499173202,18.2446329879749,0
-64.2,-19.7,0.0466103775867,21031370.5436793,21.5145440614036,0
-63.7,-19.7,0.0730841467582563,402961992673.472,26.8662844428524,0
-63.2,-19.7,0.0681882165135886,67444010062.9001,28.638412919824,0
-62.7,-19.7,0.0482070024130922,42908368.3945805,30.2824133980703,0
-62.2,-19.7,0.0482070024130922,42908368.3945805,30.2824133980703,0
-61.7,-19.7,0.0436845238136929,7975500.48113084,30.5882692002041,0
-61.2,-19.7,0.0374465603102714,775935.226317844,30.9960042435752,0
-60.7,-19.7,0.0306855921999819,61958.2834291823,31.4755144900162,0
-60.2,-19.7,0.0268822335167378,14969.6905853013,31.7700180982609,0
-59.7,-19.7,0.0268822335167378,14969.6905853013,31.7700180982609,0
-59.2,-19.7,0.0247699987940164,6810.74417320447,31.9441693842416,0
-58.7,-19.7,0.0203316757018592,1310.21652558365,32.28123738282,0
-58.2,-19.7,0.0161718685877152,281.281880231688,32.6056538189126,0
-57.7,-19.7,0.0190084812287685,802.536188068178,32.4048699202262,0
-57.2,-19.7,0.0190084812287685,802.536188068178,32.4048699202262,0
-56.7,-19.7,0.0153609147738747,208.55128865557,32.6911571979759,0
-56.2,-19.7,0.0185953911523661,688.380044022045,32.5081947533811,0
-55.7,-19.7,0.0180914091438876,570.984585227379,32.605712933631,0
-55.2,-19.7,0.0520995342519223,176193299.476608,30.8879315732123,0
-54.7,-19.7,0.0520995342519223,176193299.476608,30.8879315732123,0
-54.2,-19.7,0.071332573520146,218580720459.886,29.2435136679672,0
-53.7,-19.7,0.0696613586103667,118694943054.216,29.6216875606386,0
-53.2,-19.7,0.0707640870643654,177617160317.816,29.4511241421436,0
-52.7,-19.7,0.0675595927518815,54548222055.2773,29.8090937211924,0
-52.2,-19.7,0.0675595927518815,54548222055.2773,29.8090937211924,0
-51.7,-19.7,0.071926355940793,271560847452.132,29.1183349816721,0
-51.2,-19.7,0.0665002733339752,37130539822.4243,29.7587102159876,0
-50.7,-19.7,0.0637622252754602,13530505840.1056,30.0734859099913,0
-50.2,-19.7,0.0664554707884611,36699530221.116,29.7427575186785,0
-49.7,-19.7,0.0664554707884611,36699530221.116,29.7427575186785,0
-49.2,-19.7,0.0715157163315417,233665613188.421,29.1672474818292,0
-48.7,-19.7,0.0745321234344143,700505280309.311,28.4287232512202,0
-48.2,-19.7,0.0750336016693468,829478757326.562,27.4724467128667,0
-47.7,-19.7,0.0720211354678248,267673714935.328,26.2336419577267,0
-47.2,-19.7,0.0720211354678248,267673714935.328,26.2336419577267,0
-46.7,-19.7,0.072135835899997,279317474044.001,26.2533245096906,0
-46.2,-19.7,0.0725572429387746,326684378519.471,26.3103427144823,0
-45.7,-19.7,0.0755690554371321,1020471972929.31,28.0386425482601,0
-45.2,-19.7,0.0761630378176597,1269194726433.65,28.1095792823866,0
-44.7,-19.7,0.0761630378176597,1269194726433.65,28.1095792823866,0
-44.2,-19.7,0.0761423408434658,1248154136104.76,27.5597416117828,0
-43.7,-19.7,0.0733869450653199,444782350000.528,26.4745901514464,0
-43.2,-19.7,0.074988677629919,810127171871.881,26.9976029637323,0
-42.7,-19.7,0.0772717695867583,1908412031860.82,28.2781927372343,0
-42.2,-19.7,0.0772717695867583,1908412031860.82,28.2781927372343,0
-41.7,-19.7,0.0775503718076772,2111581753517.86,28.3826066276603,0
-41.2,-19.7,0.0754539880156022,965849083695.291,29.2088762927333,0
-40.7,-19.7,0.0741416979372833,591367982219.538,29.3543448116859,0
-40.2,-19.7,0.0774544289158819,2035212838962.31,28.1700580959419,0
-70.2,-19.2,0.0548749722189521,449948661.416866,22.766766573155,0
-69.7,-19.2,0.0548749722189521,449948661.416866,22.766766573155,0
-69.2,-19.2,0.0061728186748855,7.13121011191532,15.8469187122566,0
-68.7,-19.2,-0.0141726324191878,0.00412466327012338,12.0850532992755,0
-68.2,-19.2,0.00203659121763449,1.56446688739725,15.0255701166594,0
-67.7,-19.2,-0.000240391328938879,0.679008258767123,14.6156851824293,0
-67.2,-19.2,-0.000240391328938879,0.679008258767123,14.6156851824293,0
-66.7,-19.2,-0.00714611264915988,0.0540678592445041,13.4281365034088,0
-66.2,-19.2,-0.0136428487509454,0.00500774269406671,12.2270806463524,0
-65.7,-19.2,0.00975463526083588,26.545986443711,16.3801901920338,0
-65.2,-19.2,0.0354599835262651,340473.497082014,19.955536494721,0
-64.7,-19.2,0.0354599835262651,340473.497082014,19.955536494721,0
-64.2,-19.2,0.0556966317897509,611370563.818091,22.8937406838984,0
-63.7,-19.2,0.0741362730269055,595833949638.932,27.1651351899439,0
-63.2,-19.2,0.0592545540958072,2536985880.72302,29.611004184797,0
-62.7,-19.2,0.0476175141262601,34437393.9971577,30.4098649611232,0
-62.2,-19.2,0.0476175141262601,34437393.9971577,30.4098649611232,0
-61.7,-19.2,0.0459161468981645,18250922.593012,30.5232665919571,0
-61.2,-19.2,0.0444542663816427,10472548.441539,30.6781056004156,0
-60.7,-19.2,0.043831735221857,8246946.90881276,30.7913545020422,0
-60.2,-19.2,0.0374756919001135,768903.73233652,31.2050479097721,0
-59.7,-19.2,0.0374756919001135,768903.73233652,31.2050479097721,0
-59.2,-19.2,0.0381411042639545,981264.90660198,31.2030297898744,0
-58.7,-19.2,0.0219460821255035,2375.27718380057,32.2282530964808,0
-58.2,-19.2,0.0193605071637904,912.135094593164,32.429188464777,0
-57.7,-19.2,0.0185412006212384,672.654730671927,32.5325855790292,0
-57.2,-19.2,0.0185412006212384,672.654730671927,32.5325855790292,0
-56.7,-19.2,0.0150201647024289,183.559038311629,32.7812481392844,0
-56.2,-19.2,0.0146334024164393,159.411475122358,32.8024298409797,0
-55.7,-19.2,0.0201711385413221,1227.62833820908,32.5610785761816,0
-55.2,-19.2,0.0498020104003157,74371549.0562578,31.0510053780857,0
-54.7,-19.2,0.0498020104003157,74371549.0562578,31.0510053780857,0
-54.2,-19.2,0.0585606741560142,1945086181.5525,30.5628564203978,0
-53.7,-19.2,0.0691563037720126,98646898676.1094,29.7071285800323,0
-53.2,-19.2,0.0736593520362893,511430616913.031,28.8823206723942,0
-52.7,-19.2,0.0738053983867302,539299802523.233,28.8008677649141,0
-52.2,-19.2,0.0738053983867302,539299802523.233,28.8008677649141,0
-51.7,-19.2,0.0726503075571543,353785643285.33,28.9837064907989,0
-51.2,-19.2,0.0659385351284241,30167981758.6559,29.8568459879984,0
-50.7,-19.2,0.0640191605941064,14806328040.5175,30.1254700403843,0
-50.2,-19.2,0.067311706451741,50215548386.6101,29.7210683724792,0
-49.7,-19.2,0.067311706451741,50215548386.6101,29.7210683724792,0
-49.2,-19.2,0.0714402509163563,227053270901.637,28.9598395737561,0
-48.7,-19.2,0.0747677223637564,759249475948.3,27.9740452763041,0
-48.2,-19.2,0.0746187485662526,707532425202.789,27.1173054139154,0
-47.7,-19.2,0.0736796158929564,497135350510.496,26.6816511276018,0
-47.2,-19.2,0.0736796158929564,497135350510.496,26.6816511276018,0
-46.7,-19.2,0.073193658037167,415096918765.066,26.5478583974945,0
-46.2,-19.2,0.0736743349960663,496831834526.058,26.6798923355957,0
-45.7,-19.2,0.0754618356622421,983738477304.865,28.2517389798044,0
-45.2,-19.2,0.0756890549500422,1071019844584.7,28.4262012195106,0
-44.7,-19.2,0.0756890549500422,1071019844584.7,28.4262012195106,0
-44.2,-19.2,0.0759348772909854,1172247763251.17,28.4752058654593,0
-43.7,-19.2,0.0729927247601665,383868174902.095,26.3683599610757,0
-43.2,-19.2,0.076219638213555,1284565557429.88,27.5130654004719,0
-42.7,-19.2,0.0772896781020034,1918105725101.86,28.3842666093125,0
-42.2,-19.2,0.0772896781020034,1918105725101.86,28.3842666093125,0
-41.7,-19.2,0.0709647100477232,184034736172.24,29.8096138918439,0
-41.2,-19.2,0.0720146648209656,270302545949.018,29.688351773908,0
-40.7,-19.2,0.0746564706792033,716134602746.664,29.2858204103013,0
-40.2,-19.2,0.0767349139641415,1560650542045.07,28.9196218148151,0
-70.2,-18.7,0.0518054636424775,143631721.269295,22.2782268644567,0
-69.7,-18.7,0.0518054636424775,143631721.269295,22.2782268644567,0
-69.2,-18.7,-0.0075077291750844,0.0473642451544958,13.5678316386942,0
-68.7,-18.7,-0.00601615365871968,0.0817894175698539,13.6976930679766,0
-68.2,-18.7,0.00165466583698753,1.35998427083926,14.9994277464624,0
-67.7,-18.7,0.000522023705485392,0.897910826792438,14.8037103788196,0
-67.2,-18.7,0.000522023705485392,0.897910826792438,14.8037103788196,0
-66.7,-18.7,-0.00734828744014765,0.0502087025585835,13.4584099023425,0
-66.2,-18.7,0.000576412397833277,0.915952072004614,14.9344981633083,0
-65.7,-18.7,0.0331917735982682,147288.13110092,19.6529521373864,0
-65.2,-18.7,0.0553460491127327,535667371.536013,22.8345166592362,0
-64.7,-18.7,0.0553460491127327,535667371.536013,22.8345166592362,0
-64.2,-18.7,0.0633129168921653,10390846220.4852,24.2138172777347,0
-63.7,-18.7,0.064992736796016,19536813079.0801,24.609379522004,0
-63.2,-18.7,0.0634908024584193,12155029154.9705,29.3560843660871,0
-62.7,-18.7,0.053189458546601,272049873.041155,30.1513255314945,0
-62.2,-18.7,0.053189458546601,272049873.041155,30.1513255314945,0
-61.7,-18.7,0.0464313276935258,21891549.8957919,30.6117977952776,0
-61.2,-18.7,0.0388358464076214,1281738.596715,31.1021877852849,0
-60.7,-18.7,0.045957650943782,17999235.5261379,30.8025424901818,0
-60.2,-18.7,0.0463768464226511,21049362.8424299,30.7988933650475,0
-59.7,-18.7,0.0463768464226511,21049362.8424299,30.7988933650475,0
-59.2,-18.7,0.0328922030862312,138006.810797046,31.5729215272674,0
-58.7,-18.7,0.0383991578661624,1060317.34634924,31.3844002393334,0
-58.2,-18.7,0.0361119675757616,452458.828017802,31.5670212875233,0
-57.7,-18.7,0.0193893100255641,918.119467297466,32.5479740107566,0
-57.2,-18.7,0.0193893100255641,918.119467297466,32.5479740107566,0
-56.7,-18.7,0.0124871545504066,72.227714488533,32.9824579393828,0
-56.2,-18.7,0.0191874074985911,850.383766842436,32.6583212847321,0
-55.7,-18.7,0.0237756990102997,4625.4781334935,32.4735161510169,0
-55.2,-18.7,0.037559193638069,766579.92104765,31.7678162369438,0
-54.7,-18.7,0.037559193638069,766579.92104765,31.7678162369438,0
-54.2,-18.7,0.0548340893771967,478199707.076555,30.9218310447635,0
-53.7,-18.7,0.0609230172956616,4631553487.34901,30.5082662703885,0
-53.2,-18.7,0.0752293332241284,900744864040.517,28.1009701526743,0
-52.7,-18.7,0.0751612108772314,875535566069.721,27.8274108846795,0
-52.2,-18.7,0.0751612108772314,875535566069.721,27.8274108846795,0
-51.7,-18.7,0.0737263546351562,523361926743.313,28.6728602849889,0
-51.2,-18.7,0.0697176726299091,121117417207.949,29.3600832988836,0
-50.7,-18.7,0.0694043692447875,108005992368,29.3799806705889,0
-50.2,-18.7,0.0654040077927206,24830770257.5554,29.9855899617361,0
-49.7,-18.7,0.0654040077927206,24830770257.5554,29.9855899617361,0
-49.2,-18.7,0.0683732045207183,74049794100.5886,29.4324749869662,0
-48.7,-18.7,0.0746048272141926,715413502281.914,27.9596794172669,0
-48.2,-18.7,0.0751112773641161,861008591636.65,27.960141109597,0
-47.7,-18.7,0.075448498440315,968545465715.734,27.5857468110452,0
-47.2,-18.7,0.075448498440315,968545465715.734,27.5857468110452,0
-46.7,-18.7,0.0743319427131838,634872403232.424,26.8884960827588,0
-46.2,-18.7,0.0750347803537645,827306016469.394,27.2132155417398,0
-45.7,-18.7,0.07542754947225,972698462404.849,28.3681991918309,0
-45.2,-18.7,0.0756140749365673,1044001240821.69,28.617754552071,0
-44.7,-18.7,0.0756140749365673,1044001240821.69,28.617754552071,0
-44.2,-18.7,0.0746871958617535,745864222481.138,29.0827181982633,0
-43.7,-18.7,0.0695676343908957,106905799488.001,25.4975801359883,0
-43.2,-18.7,0.0743992104034949,650348182067.999,26.7944631471546,0
-42.7,-18.7,0.0771074023393986,1789106620509.24,28.0553387956478,0
-42.2,-18.7,0.0771074023393986,1789106620509.24,28.0553387956478,0
-41.7,-18.7,0.0658964417024711,27988994220.5925,30.1980959177797,0
-41.2,-18.7,0.0758745311641519,1125637819902.08,29.158402592321,0
-40.7,-18.7,0.0703955361376704,149421865224.144,29.7083155199572,0
-40.2,-18.7,0.0751969042153046,884262394588.316,29.1611041671288,0
-70.2,-18.2,0.0371061635340488,622746.844265907,20.2014038163326,0
-69.7,-18.2,0.0371061635340488,622746.844265907,20.2014038163326,0
-69.2,-18.2,-0.0144333649009836,0.00374919122178206,12.1650201763884,0
-68.7,-18.2,-0.0128855165957372,0.0066077280819855,12.4344531296653,0
-68.2,-18.2,-0.006252774964816,0.0749977208003522,13.7145256918181,0
-67.7,-18.2,-0.000379973666231197,0.645078640994226,14.7107183968902,0
-67.2,-18.2,-0.000379973666231197,0.645078640994226,14.7107183968902,0
-66.7,-18.2,-0.0074001306657148,0.0492633671554015,13.5193884205229,0
-66.2,-18.2,0.0120974395960362,62.6719717881175,16.7183753446084,0
-65.7,-18.2,0.0356353294808501,362240.12523707,19.9881923505303,0
-65.2,-18.2,0.0426110611036486,4767343.48753864,20.9475258583995,0
-64.7,-18.2,0.0426110611036486,4767343.48753864,20.9475258583995,0
-64.2,-18.2,0.056910859275146,957027674.039572,23.0962830094417,0
-63.7,-18.2,0.0642173865993841,14616800678.4,24.4969028903922,0
-63.2,-18.2,0.0696414208173108,117162878012.277,28.7052983102528,0
-62.7,-18.2,0.0570474613571353,1133480612.91809,29.9931100728784,0
-62.2,-18.2,0.0570474613571353,1133480612.91809,29.9931100728784,0
-61.7,-18.2,0.0468049245870938,24909477.153751,30.7176130443394,0
-61.2,-18.2,0.0329506587372392,141547.010498082,31.5654282256371,0
-60.7,-18.2,0.0492323104208874,60476917.1864078,30.7565716122307,0
-60.2,-18.2,0.0481752474676329,40694974.5484699,30.8260376366174,0
-59.7,-18.2,0.0481752474676329,40694974.5484699,30.8260376366174,0
-59.2,-18.2,0.0509010853131761,111820927.19774,30.7069654601215,0
-58.7,-18.2,0.0448605123787246,11654751.6183288,31.1455288899157,0
-58.2,-18.2,0.0363898078043398,495713.476366713,31.7065106042898,0
-57.7,-18.2,0.0223476145667779,2723.90888648613,32.4919105703768,0
-57.2,-18.2,0.0223476145667779,2723.90888648613,32.4919105703768,0
-56.7,-18.2,0.0142472337158279,137.900008788218,32.925177592949,0
-56.2,-18.2,0.0206231798829631,1439.17063966045,32.672301772576,0
-55.7,-18.2,0.0231554910879134,3665.14296269043,32.580022290655,0
-55.2,-18.2,0.0372513005605275,676664.684790877,31.8892307286421,0
-54.7,-18.2,0.0372513005605275,676664.684790877,31.8892307286421,0
-54.2,-18.2,0.0545012944915254,418374630.776564,31.0143824075835,0
-53.7,-18.2,0.0661804382530277,32843669043.1793,30.0854654660611,0
-53.2,-18.2,0.0749710286844294,810485758998.074,27.4498669980861,0
-52.7,-18.2,0.0747541642681156,757668390129.133,28.1364348880298,0
-52.2,-18.2,0.0747541642681156,757668390129.133,28.1364348880298,0
-51.7,-18.2,0.0743884174132906,663773107644.045,28.266894484162,0
-51.2,-18.2,0.0739450132246828,564289669635.318,28.2686962078217,0
-50.7,-18.2,0.0701925346552679,143915174533.552,29.1238453477232,0
-50.2,-18.2,0.0619646628666119,6874559909.14002,30.3605762983337,0
-49.7,-18.2,0.0619646628666119,6874559909.14002,30.3605762983337,0
-49.2,-18.2,0.0706306668343315,168697546781.661,28.8755602542641,0
-48.7,-18.2,0.0723183687018711,312648796051.659,28.7409405828613,0
-48.2,-18.2,0.0736198683259077,501353022206.737,28.3554616869596,0
-47.7,-18.2,0.0750163611182879,828999231957.499,27.7441157820629,0
-47.2,-18.2,0.0750163611182879,828999231957.499,27.7441157820629,0
-46.7,-18.2,0.0749816721694333,824296289961.308,28.187557124429,0
-46.2,-18.2,0.0754786150239543,989955645822.747,28.2794630079994,0
-45.7,-18.2,0.0757285456566684,1087291637975.77,28.4743693418509,0
-45.2,-18.2,0.0754248483540758,975046235378.788,28.9141794814746,0
-44.7,-18.2,0.0754248483540758,975046235378.788,28.9141794814746,0
-44.2,-18.2,0.0765679518783144,1477977721911.91,28.4427489909337,0
-43.7,-18.2,0.0716986894926033,237070044330.973,26.0114237624055,0
-43.2,-18.2,0.0751439511734056,858763604326.122,27.0343651649315,0
-42.7,-18.2,0.0768754130629367,1642423909346.94,27.8954054593426,0
-42.2,-18.2,0.0768754130629367,1642423909346.94,27.8954054593426,0
-41.7,-18.2,0.076697180991967,1526817378751.77,28.7621119175612,0
-41.2,-18.2,0.0749568209020558,804424493487.03,29.2728820791521,0
-40.7,-18.2,0.0674868974313298,51213726303.4207,29.9051373675294,0
-40.2,-18.2,0.0698799988536229,124288461962.583,29.6217457985126,0
-39.7,-18.2,0.0698799988536229,124288461962.583,29.6217457985126,0
-71.2,-17.7,0.0520342347905187,157722484.839687,22.3997548079908,0
-70.7,-17.7,0.0525310616787953,187213880.46817,22.3697302552989,0
-70.2,-17.7,0.00229090499058165,1.71754924580569,15.2897716294291,0
-69.7,-17.7,0.00229090499058165,1.71754924580569,15.2897716294291,0
-69.2,-17.7,-0.0142674924106523,0.0039838405967332,12.1963668286819,0
-68.7,-17.7,-0.00568481943267939,0.0923362203727005,13.8436898744248,0
-68.2,-17.7,-0.00329379777897112,0.221732730449278,14.2563695285834,0
-67.7,-17.7,-0.00614502252649656,0.0780135134056404,13.8026646555467,0
-67.2,-17.7,-0.00614502252649656,0.0780135134056404,13.8026646555467,0
-66.7,-17.7,-0.00101495004599388,0.511019402079112,14.7113965924428,0
-66.2,-17.7,0.0287289998009609,28329.4932820036,19.0498341087942,0
-65.7,-17.7,0.0102513235103784,31.8230847375507,16.4949186957976,0
-65.2,-17.7,0.0511856191000283,113989614.668563,22.2055240201122,0
-64.7,-17.7,0.0511856191000283,113989614.668563,22.2055240201122,0
-64.2,-17.7,0.0687164240060107,77800618358.6691,25.4091052389663,0
-63.7,-17.7,0.0718646150626655,264431547260.105,28.5213495102498,0
-63.2,-17.7,0.0627492151696402,9365847878.21943,29.5437575882099,0
-62.7,-17.7,0.0573294316964328,1257136460.53815,30.0897367244139,0
-62.2,-17.7,0.0573294316964328,1257136460.53815,30.0897367244139,0
-61.7,-17.7,0.0445202751801158,10533805.3894847,30.9970263721202,0
-61.2,-17.7,0.0334233411269289,166585.935712942,31.7090843180425,0
-60.7,-17.7,0.0411503616157085,2937852.40582958,31.3565334950925,0
-60.2,-17.7,0.0524316814437657,196534576.531236,30.7635896386219,0
-59.7,-17.7,0.0524316814437657,196534576.531236,30.7635896386219,0
-59.2,-17.7,0.0457740172497969,16332550.2848888,31.1927672437084,0
-58.7,-17.7,0.0308324103279226,62397.9439495394,32.0989850653847,0
-58.2,-17.7,0.0195903825932537,983.329505799674,32.7334677073838,0
-57.7,-17.7,0.0156231588797285,228.668369768177,32.8952094077279,0
-57.2,-17.7,0.0156231588797285,228.668369768177,32.8952094077279,0
-56.7,-17.7,0.0187964801626004,735.227058242087,32.7272640045004,0
-56.2,-17.7,0.0215752569407943,2040.82158515421,32.6919471958257,0
-55.7,-17.7,0.0239091427660168,4830.78269102188,32.621042489004,0
-55.2,-17.7,0.0460790452881718,18117312.3072504,31.4741070578463,0
-54.7,-17.7,0.0460790452881718,18117312.3072504,31.4741070578463,0
-54.2,-17.7,0.0692831740311978,103284046569.955,29.4597398913658,0
-53.7,-17.7,0.0729678711095648,396739320672.325,28.8458128755299,0
-53.2,-17.7,0.0752392643517522,900548227936.219,27.848931072727,0
-52.7,-17.7,0.07494391124313,809101233953.791,27.9214604677335,0
-52.2,-17.7,0.07494391124313,809101233953.791,27.9214604677335,0
-51.7,-17.7,0.075131408795078,861587657821.625,27.6079049791352,0
-51.2,-17.7,0.074892479396449,792644627306.22,27.8140459859447,0
-50.7,-17.7,0.0692121062351211,100577599188.034,29.2645449564215,0
-50.2,-17.7,0.0651073819494977,22346169206.614,29.888113356268,0
-49.7,-17.7,0.0651073819494977,22346169206.614,29.888113356268,0
-49.2,-17.7,0.0709385020593234,188650916471.51,28.7691910457728,0
-48.7,-17.7,0.0724684126452367,329689606536.888,28.5611360396054,0
-48.2,-17.7,0.0740394452825947,583324715590.122,28.2085024306246,0
-47.7,-17.7,0.0749682283749979,810972366051.226,27.5298257734637,0
-47.2,-17.7,0.0749682283749979,810972366051.226,27.5298257734637,0
-46.7,-17.7,0.0730634900618276,411087698449.92,28.8181735218519,0
-46.2,-17.7,0.0715471234711984,236181521886.575,29.4068401987378,0
-45.7,-17.7,0.0752058614486131,899739638714.634,28.9838230185875,0
-45.2,-17.7,0.0745324880979689,697098686653.209,29.3436142879726,0
-44.7,-17.7,0.0745324880979689,697098686653.209,29.3436142879726,0
-44.2,-17.7,0.0761474611423803,1260172962638.36,28.9096688983297,0
-43.7,-17.7,0.0767798399507872,1586637586261.68,27.8905037782032,0
-43.2,-17.7,0.0768001930133927,1595680177614.25,27.7681622421148,0
-42.7,-17.7,0.0769865060374175,1711535044679.19,27.8940336530211,0
-42.2,-17.7,0.0769865060374175,1711535044679.19,27.8940336530211,0
-41.7,-17.7,0.0757842803137186,1093074393453.79,27.3616166206849,0
-41.2,-17.7,0.0743414545457535,641968236478.878,29.2837339745129,0
-40.7,-17.7,0.0648869551356359,19643233451.2525,30.0091092228068,0
-40.2,-17.7,0.0662157869069923,32235268330.264,29.7995317046839,0
-39.7,-17.7,0.0662157869069923,32235268330.264,29.7995317046839,0
-39.2,-17.7,0.0748381246566195,779770984276.525,29.0472353622931,0
-71.7,-17.2,0.0459211249295145,16318217.055204,21.4611223167689,0
-71.2,-17.2,0.0455520415738354,14135435.4657621,21.3626718768878,0
-70.7,-17.2,-0.0109655913414666,0.0133489592435889,13.0050816499403,0
-70.2,-17.2,-0.0194444647265942,0.000598654452318762,11.0660047926622,0
-69.7,-17.2,-0.0194444647265942,0.000598654452318762,11.0660047926622,0
-69.2,-17.2,-0.0108753617802666,0.0137959890766488,12.9246329275603,0
-68.7,-17.2,-0.0056316627514086,0.0941585613138595,13.8985338303933,0
-68.2,-17.2,-0.0106409203581769,0.0150328101918489,13.0060756296465,0
-67.7,-17.2,0.00103998230538341,1.08518563282926,15.0951040916412,0
-67.2,-17.2,0.00103998230538341,1.08518563282926,15.0951040916412,0
-66.7,-17.2,0.00547059858455604,5.50605840325572,15.7882905553878,0
-66.2,-17.2,0.000804625724447554,0.99548826740644,15.0706853738678,0
-65.7,-17.2,0.0643485998420142,15168913115.4824,24.4281574983737,0
-65.2,-17.2,0.0699295940439588,130668128930.466,29.1767464487008,0
-64.7,-17.2,0.0699295940439588,130668128930.466,29.1767464487008,0
-64.2,-17.2,0.0596323554146705,2967050950.32094,30.2283254824531,0
-63.7,-17.2,0.0607643792739738,4523362759.3668,29.985162887269,0
-63.2,-17.2,0.0583642632906751,1853435982.32435,30.1089534611545,0
-62.7,-17.2,0.0578897921392653,1546277075.67362,30.2415986685355,0
-62.2,-17.2,0.0578897921392653,1546277075.67362,30.2415986685355,0
-61.7,-17.2,0.049717962009887,72322486.9785131,30.8800472852449,0
-61.2,-17.2,0.048007015188742,37657330.0709072,31.0874756339578,0
-60.7,-17.2,0.0446554851049309,10740818.4076035,31.3204992985841,0
-60.2,-17.2,0.0481499183548473,39411768.8526826,31.1733757600101,0
-59.7,-17.2,0.0481499183548473,39411768.8526826,31.1733757600101,0
-59.2,-17.2,0.0306024075530556,57246.0076673054,32.1658810207785,0
-58.7,-17.2,0.0226931857729003,3074.07487195117,32.6232437985977,0
-58.2,-17.2,0.0200083865479973,1144.79317199244,32.7877386885606,0
-57.7,-17.2,0.0151510745547603,192.049881288264,32.9727028687489,0
-57.2,-17.2,0.0151510745547603,192.049881288264,32.9727028687489,0
-56.7,-17.2,0.0186684698327248,700.390069462803,32.7942563209345,0
-56.2,-17.2,0.0261475240444156,10992.0558067506,32.5326390661131,0
-55.7,-17.2,0.0261953943499861,11219.8090280313,32.5741870920007,0
-55.2,-17.2,0.0456303894660801,15228558.3066508,31.5812442887933,0
-54.7,-17.2,0.0456303894660801,15228558.3066508,31.5812442887933,0
-54.2,-17.2,0.0630918596702776,10551236502.4809,30.1861599196661,0
-53.7,-17.2,0.0742381759116105,626769033473.522,28.1930683614667,0
-53.2,-17.2,0.0734634803290028,474705143581.327,28.6155613970004,0
-52.7,-17.2,0.0721304536088061,292265691318.768,28.9758991180201,0
-52.2,-17.2,0.0721304536088061,292265691318.768,28.9758991180201,0
-51.7,-17.2,0.0745287805715699,696131856057.526,28.0885238821844,0
-51.2,-17.2,0.0736516483749792,507651601860.421,28.4735022214134,0
-50.7,-17.2,0.0710100552040146,193592741145.629,28.7840115506228,0
-50.2,-17.2,0.0681408576832015,67981969325.6696,29.3479673486984,0
-49.7,-17.2,0.0681408576832015,67981969325.6696,29.3479673486984,0
-49.2,-17.2,0.0714046946219904,223522173823.84,28.6507316674556,0
-48.7,-17.2,0.0742188273113776,619913076241.457,27.8620400101676,0
-48.2,-17.2,0.0746197577031407,719501813258.856,28.0156303588917,0
-47.7,-17.2,0.0749032455441015,791929095649.581,27.5198258427581,0
-47.2,-17.2,0.0749032455441015,791929095649.581,27.5198258427581,0
-46.7,-17.2,0.0734658693155959,475285035385.232,28.5509910706636,0
-46.2,-17.2,0.0703568581781283,151632183717.521,29.6093807059378,0
-45.7,-17.2,0.0721373153889185,288697350655.401,29.677386478896,0
-45.2,-17.2,0.0704256437213791,151228057443.514,29.9782558835433,0
-44.7,-17.2,0.0704256437213791,151228057443.514,29.9782558835433,0
-44.2,-17.2,0.0756743928794335,1052379651270.79,29.1939318220766,0
-43.7,-17.2,0.0770480877601137,1756512896795.5,28.5772842557532,0
-43.2,-17.2,0.0768704699034047,1637420634041.2,27.7686324439524,0
-42.7,-17.2,0.075270088652594,910245581263.452,29.2984145302096,0
-42.2,-17.2,0.075270088652594,910245581263.452,29.2984145302096,0
-41.7,-17.2,0.0766870949028396,1537808193523.13,28.8358076126226,0
-41.2,-17.2,0.0771493975255655,1820395979849.96,28.5244646827122,0
-40.7,-17.2,0.0721962368284274,292427829676.058,29.3062874409355,0
-40.2,-17.2,0.0709415070080453,184299015923.569,29.2771852395846,0
-39.7,-17.2,0.0709415070080453,184299015923.569,29.2771852395846,0
-72.2,-16.7,0.0476308589302979,30703537.3319394,21.6978292078994,0
-71.7,-16.7,0.0432227376356843,5976700.6497474,21.0356758281431,0
-71.2,-16.7,0.0103981584032435,33.5947482379976,16.5318896052419,0
-70.7,-16.7,-0.0118028256551962,0.00982368431205086,12.7888580125393,0
-70.2,-16.7,-0.0187517124930122,0.000771455867450591,11.2626654978902,0
-69.7,-16.7,-0.0187517124930122,0.000771455867450591,11.2626654978902,0
-69.2,-16.7,-0.00996173583975556,0.0192783838552166,13.1700452578479,0
-68.7,-16.7,-0.0104955418356887,0.0158553524752444,13.0814878915459,0
-68.2,-16.7,-0.0101559418796505,0.0179549719030752,13.1853267072402,0
-67.7,-16.7,0.0200174993110914,1148.51262467876,17.8765512933449,0
-67.2,-16.7,0.0200174993110914,1148.51262467876,17.8765512933449,0
-66.7,-16.7,0.0349295359811709,278065.324736858,19.9021652783241,0
-66.2,-16.7,0.0507235822433508,95720619.1863087,22.1387428131678,0
-65.7,-16.7,0.0681714868702427,68601872282.8116,29.1453055583753,0
-65.2,-16.7,0.0587306816471167,2115405937.44961,30.3475792679939,0
-64.7,-16.7,0.0587306816471167,2115405937.44961,30.3475792679939,0
-64.2,-16.7,0.0615874635507666,6151076415.57729,29.9422143864926,0
-63.7,-16.7,0.0622169515317907,7749268645.9154,29.9102723424241,0
-63.2,-16.7,0.0595609974631349,2869219977.40996,30.2706839875576,0
-62.7,-16.7,0.0630059443370068,10312304146.0692,29.9726354896383,0
-62.2,-16.7,0.0630059443370068,10312304146.0692,29.9726354896383,0
-61.7,-16.7,0.0644256463373123,17277146237.5079,30.0225668208286,0
-61.2,-16.7,0.0619092664662727,6719766104.31414,30.3543028356858,0
-60.7,-16.7,0.0515309419611183,139084243.336194,31.0600519794058,0
-60.2,-16.7,0.0407367989829063,2461956.34795719,31.6954659074463,0
-59.7,-16.7,0.0407367989829063,2461956.34795719,31.6954659074463,0
-59.2,-16.7,0.0293329041755846,35726.5400702028,32.2907169092784,0
-58.7,-16.7,0.0248586042343019,6829.33276096363,32.5571055851665,0
-58.2,-16.7,0.026396047395341,12050.7981267939,32.4963893165199,0
-57.7,-16.7,0.0235147028560496,4160.09464644599,32.6358337818342,0
-57.2,-16.7,0.0235147028560496,4160.09464644599,32.6358337818342,0
-56.7,-16.7,0.0172252669617641,411.003669805427,32.9362916951629,0
-56.2,-16.7,0.0308263037755715,61701.2969435135,32.3830716320378,0
-55.7,-16.7,0.0308379703182076,62319.5023214379,32.3928757458256,0
-55.2,-16.7,0.0525437679029723,201943013.634987,31.1325136204194,0
-54.7,-16.7,0.0525437679029723,201943013.634987,31.1325136204194,0
-54.2,-16.7,0.0491972626996721,57461274.9784744,31.4055699087466,0
-53.7,-16.7,0.0687610088486011,85353322746.0139,29.6425121662673,0
-53.2,-16.7,0.0717149200319484,251198492427.65,29.0993114236725,0
-52.7,-16.7,0.0699985303738277,134193811458.124,29.3743112522448,0
-52.2,-16.7,0.0699985303738277,134193811458.124,29.3743112522448,0
-51.7,-16.7,0.0696623153262562,118686697203.756,29.4672870666277,0
-51.2,-16.7,0.0692015012815062,100237956214.281,29.3958862795562,0
-50.7,-16.7,0.0668793540530772,42852504193.4772,29.4452322370383,0
-50.2,-16.7,0.070459511673523,158246988082.88,28.749532130045,0
-49.7,-16.7,0.070459511673523,158246988082.88,28.749532130045,0
-49.2,-16.7,0.0729199799013486,386431718534.003,28.1036439015224,0
-48.7,-16.7,0.0739787814540172,558239233344.03,27.0293924063246,0
-48.2,-16.7,0.0748268536920202,773171499366.841,27.7765675767608,0
-47.7,-16.7,0.075088979281045,848711879500.157,27.5789321577443,0
-47.2,-16.7,0.075088979281045,848711879500.157,27.5789321577443,0
-46.7,-16.7,0.0733106688574445,449588695108.041,28.6809096359276,0
-46.2,-16.7,0.0744295448428373,677025534443.222,28.8400586669043,0
-45.7,-16.7,0.0702626501280697,143275780261.103,29.9529877482113,0
-45.2,-16.7,0.0664022827011958,33572233012.1849,30.3874099539786,0
-44.7,-16.7,0.0664022827011958,33572233012.1849,30.3874099539786,0
-44.2,-16.7,0.0768390826343382,1620916926855.38,28.9043678924257,0
-43.7,-16.7,0.0749765082782846,810577674149.372,29.4468506207199,0
-43.2,-16.7,0.0773851327580272,1983939773254.48,28.1105440086543,0
-42.7,-16.7,0.0760616349233764,1221261157980.6,29.1621061245385,0
-42.2,-16.7,0.0760616349233764,1221261157980.6,29.1621061245385,0
-41.7,-16.7,0.0709566470509188,186187523855.393,29.8388723974508,0
-41.2,-16.7,0.0770495155973076,1758874206309.68,28.867431149294,0
-40.7,-16.7,0.0755977415727107,1027163392869.23,28.9016694533625,0
-40.2,-16.7,0.0720988006264884,282298507707.508,29.2345652502289,0
-39.7,-16.7,0.0720988006264884,282298507707.508,29.2345652502289,0
-39.2,-16.7,0.0709044310125716,182228020656.513,29.4825531421832,0
-73.7,-16.2,0.0404710240922483,2161086.49729449,20.6676846582404,0
-73.2,-16.2,0.0500314014537285,74084942.292586,21.9997871027703,0
-72.7,-16.2,0.0386847770894967,1116176.5033712,20.4120760465017,0
-72.2,-16.2,0.0386847770894967,1116176.5033712,20.4120760465017,0
-71.7,-16.2,0.0132344031143695,95.1361998297349,16.9487398414283,0
-71.2,-16.2,-0.0157040157402349,0.00235450652675664,12.0271319360413,0
-70.7,-16.2,-0.0168710162877375,0.00153580087202759,11.7230458470595,0
-70.2,-16.2,-0.0118954732084075,0.00949559343726986,12.8069477994732,0
-69.7,-16.2,-0.0118954732084075,0.00949559343726986,12.8069477994732,0
-69.2,-16.2,-0.0120104854169644,0.00910413820684059,12.8349217356474,0
-68.7,-16.2,-0.0137475478963945,0.00481943434408031,12.5089744431995,0
-68.2,-16.2,0.00107843822390097,1.10068233922282,15.1307640821868,0
-67.7,-16.2,0.0551671907105431,498050231.358617,22.8345835474967,0
-67.2,-16.2,0.0551671907105431,498050231.358617,22.8345835474967,0
-66.7,-16.2,0.0619728478102329,6265722041.82591,24.0289762059395,0
-66.2,-16.2,0.0727791700531507,360502462765.933,27.2418901938729,0
-65.7,-16.2,0.0626993083188009,9274947022.97058,29.631834317473,0
-65.2,-16.2,0.062729377718419,9344564847.87587,29.9184672826674,0
-64.7,-16.2,0.062729377718419,9344564847.87587,29.9184672826674,0
-64.2,-16.2,0.0632187965045168,11203611254.7605,29.8148594404878,0
-63.7,-16.2,0.0632606805856537,11399257850.715,29.7040217823005,0
-63.2,-16.2,0.0611814756110277,5220042743.82617,30.2520132797986,0
-62.7,-16.2,0.0685726709748287,79669583416.4969,29.480228210169,0
-62.2,-16.2,0.0685726709748287,79669583416.4969,29.480228210169,0
-61.7,-16.2,0.0647439164986085,19449886814.4429,30.0481155624912,0
-61.2,-16.2,0.0571600250062276,1141638964.17893,30.7728133046196,0
-60.7,-16.2,0.0436096272833549,7178645.4226505,31.6040532574174,0
-60.2,-16.2,0.0384339247193675,1042706.79268141,31.8812904063829,0
-59.7,-16.2,0.0384339247193675,1042706.79268141,31.8812904063829,0
-59.2,-16.2,0.0543638538706808,405171220.021087,30.839988934486,0
-58.7,-16.2,0.0362862522871038,471476.709828138,31.92518808581,0
-58.2,-16.2,0.0322754048820642,105942.149722656,32.1879269031148,0
-57.7,-16.2,0.035704776717517,375530.732063946,32.080304938875,0
-57.2,-16.2,0.035704776717517,375530.732063946,32.080304938875,0
-56.7,-16.2,0.0307111757885565,59054.0208903769,32.3440845270616,0
-56.2,-16.2,0.0344799714892718,238389.221401591,32.2084853924989,0
-55.7,-16.2,0.0404147700107154,2169277.67220832,31.8967342159816,0
-55.2,-16.2,0.0639607580101216,14579207439.2396,30.0870841197732,0
-54.7,-16.2,0.0639607580101216,14579207439.2396,30.0870841197732,0
-54.2,-16.2,0.0610703363146841,4901480049.02513,30.5360310680459,0
-53.7,-16.2,0.0697397597521401,122113683444.822,29.5282901349605,0
-53.2,-16.2,0.065191815773327,22783161643.6345,30.1660962007293,0
-52.7,-16.2,0.0606802641195945,4160337150.83739,30.6782826972744,0
-52.2,-16.2,0.0606802641195945,4160337150.83739,30.6782826972744,0
-51.7,-16.2,0.0572805177188714,1174910857.6477,30.8831880650508,0
-51.2,-16.2,0.0580034506206557,1569382274.46905,30.6849041955599,0
-50.7,-16.2,0.0593609685747737,2638881418.21209,30.4547685062804,0
-50.2,-16.2,0.0695987333435532,115679369243.53,28.9329438001089,0
-49.7,-16.2,0.0695987333435532,115679369243.53,28.9329438001089,0
-49.2,-16.2,0.0721106070834848,288111708110.952,28.3547325419889,0
-48.7,-16.2,0.0743569243136988,643403018016.613,27.2441194939189,0
-48.2,-16.2,0.0749980067379741,816569204714.326,27.3595831116511,0
-47.7,-16.2,0.0756018851015286,1026996471478.98,27.6774970918708,0
-47.2,-16.2,0.0756018851015286,1026996471478.98,27.6774970918708,0
-46.7,-16.2,0.0753826443698296,956578792626.823,28.3333340334931,0
-46.2,-16.2,0.0740646622264313,591988464005.375,29.1260195246233,0
-45.7,-16.2,0.0704120043310059,152556019006.075,29.908183358565,0
-45.2,-16.2,0.0666461739022505,37032134834.2007,30.3569778034499,0
-44.7,-16.2,0.0666461739022505,37032134834.2007,30.3569778034499,0
-44.2,-16.2,0.0751393525567016,870013532262.401,29.3777310828558,0
-43.7,-16.2,0.0662406147222293,31720090875.8139,30.3858982329827,0
-43.2,-16.2,0.0757773662879466,1097204622852.75,29.3107174650689,0
-42.7,-16.2,0.0771125591562937,1804307483767.37,28.8716682988324,0
-42.2,-16.2,0.0771125591562937,1804307483767.37,28.8716682988324,0
-41.7,-16.2,0.0776293992282702,2181034425874.68,28.5277804570168,0
-41.2,-16.2,0.0777021538832522,2237130227875.73,28.47852464624,0
-40.7,-16.2,0.0756431099938857,1043289592505.7,28.9315766570601,0
-40.2,-16.2,0.0630853066586038,10110313160.2355,30.0912574913696,0
-39.7,-16.2,0.0630853066586038,10110313160.2355,30.0912574913696,0
-39.2,-16.2,0.0690681245779617,92162773624.0036,29.8107465034385,0
-74.2,-15.7,0.0462268848337628,18183822.3891921,21.4754534359477,0
-73.7,-15.7,0.0292625796136518,34486.1583617354,19.1479231767331,0
-73.2,-15.7,0.0262106075121484,11217.4531292338,18.7330289136476,0
-72.7,-15.7,-0.0106120504842674,0.0151936083049557,13.1238651027286,0
-72.2,-15.7,-0.0106120504842674,0.0151936083049557,13.1238651027286,0
-71.7,-15.7,-0.0160770627375144,0.00205389135377771,11.9720343253476,0
-71.2,-15.7,-0.0189540871201975,0.00071636676966367,11.2617894374855,0
-70.7,-15.7,-0.0166486040268993,0.00166608880791694,11.788459633858,0
-70.2,-15.7,-0.00372028305702509,0.189666518357325,14.2956831334457,0
-69.7,-15.7,-0.00372028305702509,0.189666518357325,14.2956831334457,0
-69.2,-15.7,-0.0148792843642394,0.00318442637065813,12.2696737929427,0
-68.7,-15.7,-0.00153020201798883,0.42312224710631,14.7169617173957,0
-68.2,-15.7,0.0527651314333791,204379865.264741,22.4553745961399,0
-67.7,-15.7,0.0701067918133245,130400937035.104,25.781715195021,0
-67.2,-15.7,0.0701067918133245,130400937035.104,25.781715195021,0
-66.7,-15.7,0.0726940916475612,344670676692.985,26.6358194712865,0
-66.2,-15.7,0.0709951003535578,191346870450.982,28.2738121443747,0
-65.7,-15.7,0.0648074640979492,20038290774.8916,29.2394211448729,0
-65.2,-15.7,0.0632030638221789,11106691792.5605,29.9314862616975,0
-64.7,-15.7,0.0632030638221789,11106691792.5605,29.9314862616975,0
-64.2,-15.7,0.0624086216564355,8308920683.54719,29.9139061117472,0
-63.7,-15.7,0.0632602590692761,11393239482.3959,29.6243854054482,0
-63.2,-15.7,0.0612583042577244,5368512458.84211,30.2609131409042,0
-62.7,-15.7,0.0647701953272398,19721757805.5289,29.9359321958651,0
-62.2,-15.7,0.0647701953272398,19721757805.5289,29.9359321958651,0
-61.7,-15.7,0.059099846370328,2371903307.0909,30.5889193622247,0
-61.2,-15.7,0.0508571950383125,108266605.887785,31.2142462532214,0
-60.7,-15.7,0.0436379174216988,7263122.29426858,31.6463459113266,0
-60.2,-15.7,0.0378540180322316,839159.700424574,31.9325960053453,0
-59.7,-15.7,0.0378540180322316,839159.700424574,31.9325960053453,0
-59.2,-15.7,0.0508877212684406,109936765.161331,31.0937551711715,0
-58.7,-15.7,0.0467538779476843,23365598.151232,31.3202830661664,0
-58.2,-15.7,0.0365977832039697,526202.838587042,31.9461505827491,0
-57.7,-15.7,0.0368180582067678,568422.851771155,32.0225738230381,0
-57.2,-15.7,0.0368180582067678,568422.851771155,32.0225738230381,0
-56.7,-15.7,0.0525070748960487,201888318.432821,30.9950312803273,0
-56.2,-15.7,0.0462420401423238,19108967.357911,31.5071780365643,0
-55.7,-15.7,0.0606798911499209,4278065005.09054,30.4652429720996,0
-55.2,-15.7,0.072317512689867,312402376776.39,28.8635637614845,0
-54.7,-15.7,0.072317512689867,312402376776.39,28.8635637614845,0
-54.2,-15.7,0.0707025986601249,173616342935.837,29.4018434362712,0
-53.7,-15.7,0.0693619895633012,106338543125.338,29.5901188546993,0
-53.2,-15.7,0.0616088869014366,5981767765.22242,30.5188279782205,0
-52.7,-15.7,0.0640180188351449,14775860557.5488,30.2185855879037,0
-52.2,-15.7,0.0640180188351449,14775860557.5488,30.2185855879037,0
-51.7,-15.7,0.0483859250346255,41899482.0158039,31.4864372063007,0
-51.2,-15.7,0.0451269583045145,12551999.8069961,31.6343783045144,0
-50.7,-15.7,0.0496283935982004,67310696.0892448,31.3537954975214,0
-50.2,-15.7,0.0674041600544492,51954927247.5023,29.5379043633438,0
-49.7,-15.7,0.0674041600544492,51954927247.5023,29.5379043633438,0
-49.2,-15.7,0.0684755436921144,76837897605.3098,29.3159014951995,0
-48.7,-15.7,0.0732233991212302,434256518812.541,28.5579323703719,0
-48.2,-15.7,0.0749938698853526,826760849320.69,28.1765183101906,0
-47.7,-15.7,0.0758938965190235,1141839577227.98,27.6515571038923,0
-47.2,-15.7,0.0758938965190235,1141839577227.98,27.6515571038923,0
-46.7,-15.7,0.0755924084582851,1035365830679.81,28.5670083087217,0
-46.2,-15.7,0.0743818545487423,666026341773.751,29.1143905829579,0
-45.7,-15.7,0.0745750363751046,715156899352.173,29.0880720831407,0
-45.2,-15.7,0.0690778804224981,92619042734.7447,30.1214550321294,0
-44.7,-15.7,0.0690778804224981,92619042734.7447,30.1214550321294,0
-44.2,-15.7,0.0703867193098758,150870692922.651,30.0297934842834,0
-43.7,-15.7,0.0570553501053716,1039267450.00554,30.9710021740361,0
-43.2,-15.7,0.0634822077220838,11456581857.9253,30.5849744322823,0
-42.7,-15.7,0.0777943875971506,2319809386399.62,28.6865240426764,0
-42.2,-15.7,0.0777943875971506,2319809386399.62,28.6865240426764,0
-41.7,-15.7,0.0778235839237951,2338875769857.13,28.3863618000429,0
-41.2,-15.7,0.0775684522685149,2125554588063.75,28.1895966838338,0
-40.7,-15.7,0.0761033147178467,1234088922165.68,28.8017537540358,0
-40.2,-15.7,0.0633639867692011,11202642271.1662,30.0896642866491,0
-39.7,-15.7,0.0633639867692011,11202642271.1662,30.0896642866491,0
-39.2,-15.7,0.0710128087053615,189219823090.637,29.6616667360891,0
-75.2,-15.2,0.0621003718977913,6645942562.41823,24.058534244455,0
-74.7,-15.2,0.0621003718977913,6645942562.41823,24.058534244455,0
-74.2,-15.2,0.0399616489547397,1783506.10232826,20.5955166703468,0
-73.7,-15.2,0.00932136752994784,22.624584081854,16.3822849216441,0
-73.2,-15.2,-0.0169113663434937,0.00151328142672097,11.8129191784636,0
-72.7,-15.2,-0.0247724391390818,8.51433749348493e-05,9.67876273710997,0
-72.2,-15.2,-0.0247724391390818,8.51433749348493e-05,9.67876273710997,0
-71.7,-15.2,-0.0206281325667883,0.000388137797274197,10.8726097832089,0
-71.2,-15.2,-0.0168854067642366,0.00152769551148925,11.7585450049719,0
-70.7,-15.2,-0.0138307784980977,0.00467472447202169,12.3991829515676,0
-70.2,-15.2,-0.00795407341991157,0.0402177119026704,13.536713814383,0
-69.7,-15.2,-0.00795407341991157,0.0402177119026704,13.536713814383,0
-69.2,-15.2,-0.0217057161744235,0.0002616221626401,10.6453738177299,0
-68.7,-15.2,0.0185602050578209,672.581715580209,17.6747493302494,0
-68.2,-15.2,0.0634787761744847,10999181068.9045,24.2911169590215,0
-67.7,-15.2,0.0737513165676946,515481804376.502,27.2552796326521,0
-67.2,-15.2,0.0737513165676946,515481804376.502,27.2552796326521,0
-66.7,-15.2,0.0696871018850687,118893982029.41,28.4859097503992,0
-66.2,-15.2,0.0674773984738386,53174773886.0433,28.9595822854088,0
-65.7,-15.2,0.0636232101378664,13004724779.2869,29.4987199359092,0
-65.2,-15.2,0.0606846090187449,4408576126.16853,30.0021175113745,0
-64.7,-15.2,0.0606846090187449,4408576126.16853,30.0021175113745,0
-64.2,-15.2,0.0623562749438201,8178477522.79311,29.6407389793282,0
-63.7,-15.2,0.0633497699535968,11772693360.2712,29.6154351506411,0
-63.2,-15.2,0.0629074869650437,9956350704.55106,29.9827211770654,0
-62.7,-15.2,0.0606477537046994,4294572507.84655,30.2559479074146,0
-62.2,-15.2,0.0606477537046994,4294572507.84655,30.2559479074146,0
-61.7,-15.2,0.0565301567188703,913389039.347053,30.7339879028088,0
-61.2,-15.2,0.0523953348916405,195651641.450919,30.9876006833513,0
-60.7,-15.2,0.0513383985644657,130869983.316532,31.0801096536989,0
-60.2,-15.2,0.0500498921698904,80177600.0227996,31.1501695603742,0
-59.7,-15.2,0.0500498921698904,80177600.0227996,31.1501695603742,0
-59.2,-15.2,0.0555894394487616,633779895.341003,30.8669691745272,0
-58.7,-15.2,0.0682117287585801,69821712521.3662,29.6788947751666,0
-58.2,-15.2,0.0639527393736863,14470233778.9809,30.1360990489174,0
-57.7,-15.2,0.0468651966878555,24178340.9875963,31.4155033195448,0
-57.2,-15.2,0.0468651966878555,24178340.9875963,31.4155033195448,0
-56.7,-15.2,0.0465895556370501,22134552.2044763,31.39199349657,0
-56.2,-15.2,0.0527503035133853,222606670.552506,30.9770216754554,0
-55.7,-15.2,0.0610091949404337,4821516882.29136,30.4765538705878,0
-55.2,-15.2,0.0697854640293358,124013278241.148,29.3603225238513,0
-54.7,-15.2,0.0697854640293358,124013278241.148,29.3603225238513,0
-54.2,-15.2,0.0724785637004898,331625479934.686,28.9380543763779,0
-53.7,-15.2,0.069249332058058,102045995935.727,29.6014822444209,0
-53.2,-15.2,0.0591605444925043,2387830476.60871,30.7346335173836,0
-52.7,-15.2,0.0575863389312459,1341415254.99419,30.7304639946714,0
-52.2,-15.2,0.0575863389312459,1341415254.99419,30.7304639946714,0
-51.7,-15.2,0.0355317765927559,352746.589871947,32.1484332280827,0
-51.2,-15.2,0.0364761261819746,502723.97779756,32.0970029021062,0
-50.7,-15.2,0.0413953379613356,3106501.7792542,31.8579336731978,0
-50.2,-15.2,0.0608547880086505,4477960151.66408,30.576066607943,0
-49.7,-15.2,0.0608547880086505,4477960151.66408,30.576066607943,0
-49.2,-15.2,0.0667052992359613,40201476685.6241,29.7689373125993,0
-48.7,-15.2,0.0648370255003491,19986729431.2675,30.1852030754253,0
-48.2,-15.2,0.0742679113731167,636734139794.928,28.5510909494333,0
-47.7,-15.2,0.0744098565667962,673062160995.123,28.8604254432249,0
-47.2,-15.2,0.0744098565667962,673062160995.123,28.8604254432249,0
-46.7,-15.2,0.0706861155385121,171162679820.718,29.7965686062184,0
-46.2,-15.2,0.0757118399994187,1082128344810.24,28.6257882220222,0
-45.7,-15.2,0.0757420896133764,1095441469238.05,28.7719787505337,0
-45.2,-15.2,0.075108616346268,869332540077.108,29.1251276248379,0
-44.7,-15.2,0.075108616346268,869332540077.108,29.1251276248379,0
-44.2,-15.2,0.0707735454949591,174838240251.102,30.0101204228487,0
-43.7,-15.2,0.0469222679408569,24012358.2093659,31.4957092741239,0
-43.2,-15.2,0.063744641624139,12688201989.0234,30.6103215452513,0
-42.7,-15.2,0.0780325208158736,2528997693550.22,28.567971462422,0
-42.2,-15.2,0.0780325208158736,2528997693550.22,28.567971462422,0
-41.7,-15.2,0.0779062143382266,2415037047375.94,28.5836283846305,0
-41.2,-15.2,0.0770833569830301,1781821270562.13,28.9780695539168,0
-40.7,-15.2,0.0770263711006281,1738162434247.9,28.1479631216467,0
-40.2,-15.2,0.0737411883826977,517871281486.708,29.1013611131524,0
-39.7,-15.2,0.0737411883826977,517871281486.708,29.1013611131524,0
-39.2,-15.2,0.073896135540254,549062820020.98,29.3850918691515,0
-75.7,-14.7,0.0600581636005328,3117866361.40777,23.7641637173763,0
-75.2,-14.7,0.0579093774017629,1378864423.27896,23.2063971850256,0
-74.7,-14.7,0.0579093774017629,1378864423.27896,23.2063971850256,0
-74.2,-14.7,0.000989156088239288,1.06539316139886,15.1496543827392,0
-73.7,-14.7,-0.0122910348216285,0.00821506297030099,12.7899743947605,0
-73.2,-14.7,-0.0170570903562748,0.00143460999904061,11.778739898407,0
-72.7,-14.7,-0.0222762746317131,0.000212307667530364,10.4555996464692,0
-72.2,-14.7,-0.0222762746317131,0.000212307667530364,10.4555996464692,0
-71.7,-14.7,-0.0126333862823391,0.0072468112155197,12.6968847538607,0
-71.2,-14.7,-0.0164001368221429,0.00182469321800132,11.9097099198244,0
-70.7,-14.7,-0.0173921609718863,0.0012690193374657,11.6901577295218,0
-70.2,-14.7,-0.0213000245643918,0.000303506931113616,10.7604599171059,0
-69.7,-14.7,-0.0213000245643918,0.000303506931113616,10.7604599171059,0
-69.2,-14.7,-0.0132682825067481,0.00574395672808919,12.6285000126398,0
-68.7,-14.7,0.0381227453726619,905920.641570372,20.3369683379326,0
-68.2,-14.7,0.0617559012242166,5786359598.20752,23.9630310831917,0
-67.7,-14.7,0.0716320105150103,241833378841.719,28.273174830569,0
-67.2,-14.7,0.0716320105150103,241833378841.719,28.273174830569,0
-66.7,-14.7,0.0667441048266847,40744092654.8765,29.2350772104193,0
-66.2,-14.7,0.0642814281648498,16545223080.0722,29.4559979397575,0
-65.7,-14.7,0.0602860967649887,3813937299.08012,29.9753331823573,0
-65.2,-14.7,0.0570183320616998,1126060076.22638,30.3962035163003,0
-64.7,-14.7,0.0570183320616998,1126060076.22638,30.3962035163003,0
-64.2,-14.7,0.0592771702555392,2632588369.37317,30.0153606474183,0
-63.7,-14.7,0.0598924455658047,3309957413.83836,29.9097252029937,0
-63.2,-14.7,0.060990810644331,4927184877.36146,30.0338880225436,0
-62.7,-14.7,0.0587230598341589,2115186712.66658,30.3120376042191,0
-62.2,-14.7,0.0587230598341589,2115186712.66658,30.3120376042191,0
-61.7,-14.7,0.0575589940835243,1380187042.55335,30.3222402730377,0
-61.2,-14.7,0.0533486601567442,287968318.828167,30.6310885563677,0
-60.7,-14.7,0.0637121701706669,13443026936.8647,29.690582021436,0
-60.2,-14.7,0.0579064300418479,1545908061.63621,30.4918518862109,0
-59.7,-14.7,0.0579064300418479,1545908061.63621,30.4918518862109,0
-59.2,-14.7,0.0697081205427859,120521863252.352,29.268390487889,0
-58.7,-14.7,0.0740608068290169,590152021469.902,28.589174702345,0
-58.2,-14.7,0.0713038039137354,216259245163.441,29.2263495826789,0
-57.7,-14.7,0.0590728635420026,2360038019.72555,30.5374534532903,0
-57.2,-14.7,0.0590728635420026,2360038019.72555,30.5374534532903,0
-56.7,-14.7,0.0518814581131133,162225527.990321,30.9695799574085,0
-56.2,-14.7,0.0589114355960315,2265967310.99259,30.3133352223144,0
-55.7,-14.7,0.0653530836525219,24271644779.1619,30.0837601389436,0
-55.2,-14.7,0.0639130372253327,14239820862.7252,30.1983254648965,0
-54.7,-14.7,0.0639130372253327,14239820862.7252,30.1983254648965,0
-54.2,-14.7,0.0621497640549977,7378612594.09689,30.3763896525577,0
-53.7,-14.7,0.0647319251337071,19391219873.4162,30.0176556027786,0
-53.2,-14.7,0.0569416418781135,1059811946.72276,30.7407133403952,0
-52.7,-14.7,0.0515846367156077,142578009.021613,31.1332650290671,0
-52.2,-14.7,0.0515846367156077,142578009.021613,31.1332650290671,0
-51.7,-14.7,0.0370206825774709,617808.608731933,32.0559740768851,0
-51.2,-14.7,0.0316765189647798,85098.8696002641,32.325172320685,0
-50.7,-14.7,0.0347460991124375,263182.809764562,32.1891858225873,0
-50.2,-14.7,0.0473296098123358,28188981.7178912,31.5229847982602,0
-49.7,-14.7,0.0473296098123358,28188981.7178912,31.5229847982602,0
-49.2,-14.7,0.0569298161116168,1025287762.30151,30.8976139045898,0
-48.7,-14.7,0.0589432727785592,2186187549.48574,30.7757174826036,0
-48.2,-14.7,0.0711675165536197,205962666021.178,29.4849666001022,0
-47.7,-14.7,0.0752725252360485,919971460382.607,28.5144267387415,0
-47.2,-14.7,0.0752725252360485,919971460382.607,28.5144267387415,0
-46.7,-14.7,0.0579827630242875,1478179950.56344,30.9951958367911,0
-46.2,-14.7,0.0738254838218904,544428837596.457,29.1890160631837,0
-45.7,-14.7,0.0763163760873316,1347621494139.32,28.4588563813192,0
-45.2,-14.7,0.0748166566563155,782022757975.188,29.2931135511794,0
-44.7,-14.7,0.0748166566563155,782022757975.188,29.2931135511794,0
-44.2,-14.7,0.0659397230978235,28763300545.3333,30.4834347514947,0
-43.7,-14.7,0.0505377365414092,92079992.5420406,31.3363043587357,0
-43.2,-14.7,0.0610971316398018,4722700898.92591,30.7606760953396,0
-42.7,-14.7,0.0760144274196837,1208678747635.74,29.3487962082585,0
-42.2,-14.7,0.0760144274196837,1208678747635.74,29.3487962082585,0
-41.7,-14.7,0.0739201338809926,557627105432.658,29.6537284864668,0
-41.2,-14.7,0.068988837498246,89651042350.1531,30.0567173867065,0
-40.7,-14.7,0.0772220813108211,1869565763839.84,28.6221679419591,0
-40.2,-14.7,0.0757803363362746,1097564181495.23,28.6854866505422,0
-39.7,-14.7,0.0757803363362746,1097564181495.23,28.6854866505422,0
-39.2,-14.7,0.0759800975730578,1186286321832.89,29.1325161304465,0
-76.2,-14.2,0.0607675057003926,4046857563.11755,23.8351643193658,0
-75.7,-14.2,0.0578014119678243,1328902431.5606,23.20069172933,0
-75.2,-14.2,0.0168559385471325,359.615235426166,17.4826303218202,0
-74.7,-14.2,0.0168559385471325,359.615235426166,17.4826303218202,0
-74.2,-14.2,-0.00879087010340516,0.0295999181019813,13.4801364371561,0
-73.7,-14.2,-0.00444548957513589,0.145387730251176,14.2292743102126,0
-73.2,-14.2,-0.00212986899280981,0.339597299735118,14.6169181125109,0
-72.7,-14.2,-0.0100554185793929,0.0186258622384485,13.2324505163357,0
-72.2,-14.2,-0.0100554185793929,0.0186258622384485,13.2324505163357,0
-71.7,-14.2,-0.00574696817423196,0.0902394788761869,14.0139225784073,0
-71.2,-14.2,-0.0224955869068167,0.000195927981249053,10.4504985771511,0
-70.7,-14.2,-0.0256668361034712,6.13721201320939e-05,9.44217131790805,0
-70.2,-14.2,-0.0159393865838618,0.00216003695465654,12.072924419153,0
-69.7,-14.2,-0.0159393865838618,0.00216003695465654,12.072924419153,0
-69.2,-14.2,0.029264290671027,34507.5254406854,19.1411914482474,0
-68.7,-14.2,0.05866919533561,1831040898.4058,23.4048801421472,0
-68.2,-14.2,0.072033225214448,267714262659.146,26.2420272959923,0
-67.7,-14.2,0.070313231179045,150010823642.069,28.754076171024,0
-67.2,-14.2,0.070313231179045,150010823642.069,28.754076171024,0
-66.7,-14.2,0.0630827624584147,10671794147.1394,29.7859195020792,0
-66.2,-14.2,0.0567535672228686,1021776178.66332,30.402205647536,0
-65.7,-14.2,0.0544208984105569,427601576.22249,30.6017030714542,0
-65.2,-14.2,0.0513116955824727,133356907.162266,30.8681116488912,0
-64.7,-14.2,0.0513116955824727,133356907.162266,30.8681116488912,0
-64.2,-14.2,0.0532331568463323,276923546.529832,30.5973240081265,0
-63.7,-14.2,0.0548250985253283,505806547.470534,30.3646611719729,0
-63.2,-14.2,0.054285847116869,408066455.276768,30.5741488505957,0
-62.7,-14.2,0.057475122864134,1345129963.85463,30.2506406708799,0
-62.2,-14.2,0.057475122864134,1345129963.85463,30.2506406708799,0
-61.7,-14.2,0.056347117793077,894175481.830109,30.1658927831819,0
-61.2,-14.2,0.0532271561424476,279439333.111409,30.4657990055045,0
-60.7,-14.2,0.0647650585841512,19738154538.1127,29.3444309597735,0
-60.2,-14.2,0.0616396982249935,6266512232.6005,29.9579334548692,0
-59.7,-14.2,0.0616396982249935,6266512232.6005,29.9579334548692,0
-59.2,-14.2,0.0719660203544886,273819070633.467,28.5806839696065,0
-58.7,-14.2,0.0722949191879088,309273117463.116,28.7096713458592,0
-58.2,-14.2,0.0720818350683,286455699855.105,28.8016144237981,0
-57.7,-14.2,0.0718566755702002,263767655618.867,28.754642638065,0
-57.2,-14.2,0.0718566755702002,263767655618.867,28.754642638065,0
-56.7,-14.2,0.065046350913231,21914404367.6542,29.597417994168,0
-56.2,-14.2,0.0639875474089214,14872063089.0831,29.6950018740192,0
-55.7,-14.2,0.0683251447247737,72726871346.0918,29.406821683078,0
-55.2,-14.2,0.0639639454589127,14623389783.9143,30.0454210532087,0
-54.7,-14.2,0.0639639454589127,14623389783.9143,30.0454210532087,0
-54.2,-14.2,0.0628737390002481,9816283891.61736,30.0332895173269,0
-53.7,-14.2,0.0604811137587228,4043127736.56371,30.2464371999458,0
-53.2,-14.2,0.0542147444323766,392009530.287509,30.718706246763,0
-52.7,-14.2,0.0516063457915585,146834151.432458,30.9714518161221,0
-52.2,-14.2,0.0516063457915585,146834151.432458,30.9714518161221,0
-51.7,-14.2,0.0396670979282859,1668126.15854161,31.8760431476638,0
-51.2,-14.2,0.0271279162637442,15848.5499938575,32.5282181529113,0
-50.7,-14.2,0.0342158724810678,216675.387337743,32.2064504764816,0
-50.2,-14.2,0.0375297898203087,736318.28867323,32.0448584764016,0
-49.7,-14.2,0.0375297898203087,736318.28867323,32.0448584764016,0
-49.2,-14.2,0.0472864833330488,27739381.5803236,31.5126265733769,0
-48.7,-14.2,0.0596583578234241,2868428929.26855,30.6533939130606,0
-48.2,-14.2,0.0609219823135435,4539464699.37272,30.6911352982007,0
-47.7,-14.2,0.0754947849932727,994032556601.694,28.225939517342,0
-47.2,-14.2,0.0754947849932727,994032556601.694,28.225939517342,0
-46.7,-14.2,0.0659864880641583,30038030455.7645,30.3129349246465,0
-46.2,-14.2,0.0745681867030331,713374567931.821,28.9082771028873,0
-45.7,-14.2,0.0760359944171469,1217316920764.61,28.5475909307906,0
-45.2,-14.2,0.0737023670650273,519735523602.866,29.5325524174782,0
-44.7,-14.2,0.0737023670650273,519735523602.866,29.5325524174782,0
-44.2,-14.2,0.0685275304923409,75831078570.1428,30.2499113910921,0
-43.7,-14.2,0.0467482730633677,22546070.3585629,31.4923020001574,0
-43.2,-14.2,0.0519675999413532,157830196.845915,31.1790237657044,0
-42.7,-14.2,0.0760420915810364,1218978637679.26,29.2310958699621,0
-42.2,-14.2,0.0760420915810364,1218978637679.26,29.2310958699621,0
-41.7,-14.2,0.0695988919612628,112709875429.445,30.0104905538017,0
-41.2,-14.2,0.0709949831879279,188872323736.661,29.8109254860337,0
-40.7,-14.2,0.0632406482519907,10668196047.9088,30.2333191719718,0
-40.2,-14.2,0.0752178870003248,891669618549.829,28.7928592634238,0
-39.7,-14.2,0.0752178870003248,891669618549.829,28.7928592634238,0
-39.2,-14.2,0.0741546181340835,604574964413.393,29.3479759373289,0
-76.2,-13.7,0.0563797109509396,787062413.009136,23.028592487513,0
-75.7,-13.7,0.0380511057057122,881235.884009767,20.33828393945,0
-75.2,-13.7,-0.0149275006858904,0.00312874254645906,12.3032532373354,0
-74.7,-13.7,-0.0149275006858904,0.00312874254645906,12.3032532373354,0
-74.2,-13.7,-0.00690446643708479,0.0590702910441694,13.8167844732132,0
-73.7,-13.7,0.0130639039184655,89.3288102285224,16.928965859341,0
-73.2,-13.7,0.0145319629060799,153.066027685918,17.1414063870646,0
-72.7,-13.7,-0.0074492900555849,0.0483751913860905,13.7253934706377,0
-72.2,-13.7,-0.0074492900555849,0.0483751913860905,13.7253934706377,0
-71.7,-13.7,-0.00869626538809603,0.0306366953862619,13.5074607862867,0
-71.2,-13.7,-0.00821941004422544,0.0364871931694278,13.6007407393527,0
-70.7,-13.7,0.0132756211517331,96.5503724554829,16.966642404081,0
-70.2,-13.7,0.0543571044514276,368224767.198267,22.7206919564051,0
-69.7,-13.7,0.0543571044514276,368224767.198267,22.7206919564051,0
-69.2,-13.7,0.0734793602554542,460331725095.553,26.7398510345311,0
-68.7,-13.7,0.074682528158256,726313715429.906,27.3886328647769,0
-68.2,-13.7,0.0753919514396002,951380687457.904,27.8762370648331,0
-67.7,-13.7,0.0711814281052611,206273822385.048,28.8423460235618,0
-67.2,-13.7,0.0711814281052611,206273822385.048,28.8423460235618,0
-66.7,-13.7,0.0609663240510694,4883850485.93115,30.0355366365692,0
-66.2,-13.7,0.052955478433852,246911563.544103,30.7327836671009,0
-65.7,-13.7,0.0496126731143517,70672329.7399797,30.9860611096828,0
-65.2,-13.7,0.0467545036489392,24242386.5966093,31.1912992391872,0
-64.7,-13.7,0.0467545036489392,24242386.5966093,31.1912992391872,0
-64.2,-13.7,0.0461418308307717,19331642.9118198,31.2092523213238,0
-63.7,-13.7,0.0478710617176027,36954205.0973757,31.0811484876821,0
-63.2,-13.7,0.0482069253052552,41887546.992998,31.0591652985631,0
-62.7,-13.7,0.0561447310306082,828535858.371116,30.2110076949476,0
-62.2,-13.7,0.0561447310306082,828535858.371116,30.2110076949476,0
-61.7,-13.7,0.0530946895142842,267094018.295215,30.4272566084133,0
-61.2,-13.7,0.0545245358472875,453230348.090585,30.3547838447133,0
-60.7,-13.7,0.0596177444379513,2997557065.87546,29.8448714136112,0
-60.2,-13.7,0.0701110113484816,139398086155.41,28.916576424546,0
-59.7,-13.7,0.0701110113484816,139398086155.41,28.916576424546,0
-59.2,-13.7,0.0718293672718854,260392244072.686,28.5471143133402,0
-58.7,-13.7,0.0701429893379749,141056308406.151,29.0300405923232,0
-58.2,-13.7,0.0684137190436964,75088726638.0467,29.3644242392366,0
-57.7,-13.7,0.0671410635567397,47151013521.1998,29.4287032907118,0
-57.2,-13.7,0.0671410635567397,47151013521.1998,29.4287032907118,0
-56.7,-13.7,0.0625659231553888,8832048835.079,29.7967118998149,0
-56.2,-13.7,0.062968901854035,10209955690.6679,29.9070561139561,0
-55.7,-13.7,0.066331252240902,35069270041.5598,29.7133839519538,0
-55.2,-13.7,0.0641586357718774,15759179643.8315,29.9559939812424,0
-54.7,-13.7,0.0641586357718774,15759179643.8315,29.9559939812424,0
-54.2,-13.7,0.0614587545334891,5858739892.83448,29.992100666691,0
-53.7,-13.7,0.0583885488610046,1876191945.57544,30.2757855074562,0
-53.2,-13.7,0.0564276729409403,916304590.235778,30.2592655206331,0
-52.7,-13.7,0.0521071105348825,179705480.502921,30.8019626390813,0
-52.2,-13.7,0.0521071105348825,179705480.502921,30.8019626390813,0
-51.7,-13.7,0.0466812682815945,23194969.9220239,31.334006349839,0
-51.2,-13.7,0.0311423128396189,70233.3600758556,32.3401760633006,0
-50.7,-13.7,0.0324248468330132,111822.243108777,32.2942657611227,0
-50.2,-13.7,0.0366952857242237,540542.143798556,32.0822680990633,0
-49.7,-13.7,0.0366952857242237,540542.143798556,32.0822680990633,0
-49.2,-13.7,0.0437757217613296,7505210.61078497,31.6970091884932,0
-48.7,-13.7,0.0496997486718477,69829512.0013927,31.2562518868758,0
-48.2,-13.7,0.0571963736776546,1133053190.41793,30.917684437197,0
-47.7,-13.7,0.0702896707944589,149343978412.867,29.721535149809,0
-47.2,-13.7,0.0702896707944589,149343978412.867,29.721535149809,0
-46.7,-13.7,0.0586553112769522,1917662778.34495,30.9604198927061,0
-46.2,-13.7,0.0739162304179063,562562736909.232,29.1036685718283,0
-45.7,-13.7,0.0754447888600614,982662782334.053,28.8210073723406,0
-45.2,-13.7,0.0733237240428622,452254738846.762,29.5912454377729,0
-44.7,-13.7,0.0733237240428622,452254738846.762,29.5912454377729,0
-44.2,-13.7,0.0664326698684385,34617445108.9282,30.4211205605991,0
-43.7,-13.7,0.0504626783192851,90053501.8300209,31.2638557526466,0
-43.2,-13.7,0.0527181754868058,208901629.227417,31.1384428747796,0
-42.7,-13.7,0.0757882555353312,1109642805826.23,29.2707495900963,0
-42.2,-13.7,0.0757882555353312,1109642805826.23,29.2707495900963,0
-41.7,-13.7,0.0776004288433801,2149688740455.92,28.1529726925495,0
-41.2,-13.7,0.0770806383968504,1772035388557.08,27.9233263156399,0
-40.7,-13.7,0.0727462391391693,359852817281.421,29.4685169851969,0
-40.2,-13.7,0.0759677115520965,1176430808347.92,27.9072499261654,0
-39.7,-13.7,0.0759677115520965,1176430808347.92,27.9072499261654,0
-39.2,-13.7,0.0731534997402611,417580127895.766,29.3357924060598,0
-76.2,-13.2,0.0505317555672305,89339693.2503399,22.0856762599896,0
-75.7,-13.2,0.0011350637616296,1.12383013169513,15.1886844439886,0
-75.2,-13.2,-0.0203634773075174,0.000427623301221325,11.047317735373,0
-74.7,-13.2,-0.0203634773075174,0.000427623301221325,11.047317735373,0
-74.2,-13.2,-0.00319461984751487,0.229945164896223,14.460238510225,0
-73.7,-13.2,0.0251292394992493,7530.12235266835,18.5962842591013,0
-73.2,-13.2,0.0156321124453652,229.268484656582,17.3072523432796,0
-72.7,-13.2,0.0222258913469907,2585.26335121579,18.2064214697254,0
-72.2,-13.2,0.0222258913469907,2585.26335121579,18.2064214697254,0
-71.7,-13.2,0.0136928570230267,112.424280754607,17.0271577296254,0
-71.2,-13.2,0.0519643239139476,151347325.657988,22.3413805598123,0
-70.7,-13.2,0.0736857044610841,496970462810.315,26.8366221539636,0
-70.2,-13.2,0.0722925568163987,306131356534.621,28.0086430054235,0
-69.7,-13.2,0.0722925568163987,306131356534.621,28.0086430054235,0
-69.2,-13.2,0.0728117289098551,372828075100.182,28.4462715517108,0
-68.7,-13.2,0.0753326097573194,936286924868.128,28.2414545225606,0
-68.2,-13.2,0.0749849300523016,825938324614.494,28.3712334780752,0
-67.7,-13.2,0.0695631908097426,114269654467.449,29.1025920324119,0
-67.2,-13.2,0.0695631908097426,114269654467.449,29.1025920324119,0
-66.7,-13.2,0.0573032809669428,1266518453.64178,30.2082948758258,0
-66.2,-13.2,0.0528301628761946,238206367.577669,30.6317630556099,0
-65.7,-13.2,0.0495459503954242,69471828.7570492,30.9212032281302,0
-65.2,-13.2,0.0452152767757897,13743541.3690216,31.226622689562,0
-64.7,-13.2,0.0452152767757897,13743541.3690216,31.226622689562,0
-64.2,-13.2,0.0454388885152821,14943229.6915788,31.2110104854586,0
-63.7,-13.2,0.0475019444013878,32687189.1845554,30.9727118996752,0
-63.2,-13.2,0.0510772037511646,125541044.605768,30.6199622167807,0
-62.7,-13.2,0.0544948258168143,450409552.456295,30.2956562838132,0
-62.2,-13.2,0.0544948258168143,450409552.456295,30.2956562838132,0
-61.7,-13.2,0.0519235249184161,173438707.46133,30.4665685231667,0
-61.2,-13.2,0.0574403118821676,1344541962.5019,30.001810743321,0
-60.7,-13.2,0.0676216987778649,56092770379.3705,29.1376378572438,0
-60.2,-13.2,0.0735404443363326,486942747396.318,28.482077841235,0
-59.7,-13.2,0.0735404443363326,486942747396.318,28.482077841235,0
-59.2,-13.2,0.06965317732607,117925413247.513,29.0299059399385,0
-58.7,-13.2,0.0649983629896363,21513505218.9696,29.620292837675,0
-58.2,-13.2,0.0629166828518466,9905478126.39236,30.1691103253489,0
-57.7,-13.2,0.064307680452058,16719605440.4926,29.6863630798013,0
-57.2,-13.2,0.064307680452058,16719605440.4926,29.6863630798013,0
-56.7,-13.2,0.0599269082188514,3330456093.51556,30.0873414650532,0
-56.2,-13.2,0.0599289542858456,3281199029.34808,30.344252590626,0
-55.7,-13.2,0.0622400486264313,7777117833.15032,30.0532368704392,0
-55.2,-13.2,0.0613132335852073,5495621508.68253,30.2091693631042,0
-54.7,-13.2,0.0613132335852073,5495621508.68253,30.2091693631042,0
-54.2,-13.2,0.0572183491374135,1201892088.1174,30.4841730627608,0
-53.7,-13.2,0.0556958064195084,688570924.103307,30.4898160663083,0
-53.2,-13.2,0.0551376597530343,565256075.656433,30.4096507928254,0
-52.7,-13.2,0.0539731081487582,365643247.811968,30.5225214958413,0
-52.2,-13.2,0.0539731081487582,365643247.811968,30.5225214958413,0
-51.7,-13.2,0.0498648355496988,77980085.3499865,30.9319777871854,0
-51.2,-13.2,0.0322612097294529,106912.636186045,32.2287638218293,0
-50.7,-13.2,0.0293247034866258,35685.171987539,32.4340596491968,0
-50.2,-13.2,0.037781649288258,811564.572812879,32.0183266801425,0
-49.7,-13.2,0.037781649288258,811564.572812879,32.0183266801425,0
-49.2,-13.2,0.0382099328915039,948035.475196764,31.9913191496305,0
-48.7,-13.2,0.0438864620462378,7891171.91501413,31.6481359757457,0
-48.2,-13.2,0.0508353032984268,104736018.185526,31.3118498289144,0
-47.7,-13.2,0.045083382431287,12191046.1399842,31.6571847661769,0
-47.2,-13.2,0.045083382431287,12191046.1399842,31.6571847661769,0
-46.7,-13.2,0.0626865161949113,8781099262.49505,30.5526332489254,0
-46.2,-13.2,0.074104204625412,602349968487.087,29.0236448185824,0
-45.7,-13.2,0.0752248837062849,907422631053.176,28.9550401858573,0
-45.2,-13.2,0.073675023326754,514890001632.41,29.5322558717529,0
-44.7,-13.2,0.073675023326754,514890001632.41,29.5322558717529,0
-44.2,-13.2,0.0722407576209499,301184561097.463,29.8514264307422,0
-43.7,-13.2,0.0405525959286463,2263748.52533636,31.745710541051,0
-43.2,-13.2,0.0456860851420682,15214804.6324194,31.5052082657098,0
-42.7,-13.2,0.0680284778351554,62879998187.5302,30.1846297747092,0
-42.2,-13.2,0.0680284778351554,62879998187.5302,30.1846297747092,0
-41.7,-13.2,0.0735112393106035,465933016686.294,26.4878711867046,0
-41.2,-13.2,0.0770438657687003,1745343368205.87,27.8169227516797,0
-40.7,-13.2,0.0658121330656315,27684880979.8144,30.2098635330746,0
-40.2,-13.2,0.0740297195870209,575623950265.966,28.9026490915133,0
-39.7,-13.2,0.0740297195870209,575623950265.966,28.9026490915133,0
-39.2,-13.2,0.0671104586950485,44934123299.7431,29.8363637233607,0
-76.2,-12.7,0.0313840920905072,75344.4596460751,19.4439565487794,0
-75.7,-12.7,-0.0152748864877302,0.00275490850403216,12.2370131958696,0
-75.2,-12.7,-0.00949786367675757,0.0228468342889484,13.3690789886554,0
-74.7,-12.7,-0.00949786367675757,0.0228468342889484,13.3690789886554,0
-74.2,-12.7,0.0184630332217291,648.881256154219,17.6878244956521,0
-73.7,-12.7,0.0432147200708606,5934165.93794097,21.0499211092627,0
-73.2,-12.7,0.0695477069058786,105057193489.088,25.4508652404862,0
-72.7,-12.7,0.0551697328707462,496820128.287906,22.820259570932,0
-72.2,-12.7,0.0551697328707462,496820128.287906,22.820259570932,0
-71.7,-12.7,0.0488073999450246,46926073.3293074,21.8628899348952,0
-71.2,-12.7,0.0742522466966606,625890982576.542,27.9857207666757,0
-70.7,-12.7,0.0684928418316753,76888186924.7739,28.794551061286,0
-70.2,-12.7,0.0709563735604939,189437009129.963,28.6236097652196,0
-69.7,-12.7,0.0709563735604939,189437009129.963,28.6236097652196,0
-69.2,-12.7,0.0745661950223593,708421317349.391,28.367291100687,0
-68.7,-12.7,0.0742528605250618,632665426049.476,28.5013453273191,0
-68.2,-12.7,0.0728013611353639,372269005921.682,28.6070521757999,0
-67.7,-12.7,0.0671651568159053,47502202290.1434,29.1810966183242,0
-67.2,-12.7,0.0671651568159053,47502202290.1434,29.1810966183242,0
-66.7,-12.7,0.0569248495183569,1105701089.26238,30.1595489402346,0
-66.2,-12.7,0.0517242401071837,160276532.954247,30.5383682074587,0
-65.7,-12.7,0.048791813910254,52915685.1469487,30.8866602835155,0
-65.2,-12.7,0.0472267001255982,29553008.2639449,30.9728716383292,0
-64.7,-12.7,0.0472267001255982,29553008.2639449,30.9728716383292,0
-64.2,-12.7,0.0472732907490156,30032491.6102234,30.9814839841801,0
-63.7,-12.7,0.0490163553766303,58270425.9571819,30.7509878722131,0
-63.2,-12.7,0.0516291004440118,154152879.902647,30.5825123268157,0
-62.7,-12.7,0.0528818887206461,248941142.814336,30.3278972587927,0
-62.2,-12.7,0.0528818887206461,248941142.814336,30.3278972587927,0
-61.7,-12.7,0.0570799320615133,1181843269.99317,29.9029800280198,0
-61.2,-12.7,0.0604420886863029,4058155762.08266,29.7502488709983,0
-60.7,-12.7,0.068511281514332,77706506503.9503,29.2468581775797,0
-60.2,-12.7,0.0741655177978728,611456520568.866,28.4736848903867,0
-59.7,-12.7,0.0741655177978728,611456520568.866,28.4736848903867,0
-59.2,-12.7,0.066721840465359,40431260375.7472,29.5449139854143,0
-58.7,-12.7,0.0601445338170173,3607148383.85335,30.0711660768574,0
-58.2,-12.7,0.0618370569451951,6735422451.03604,29.9494959481781,0
-57.7,-12.7,0.0627160949450147,9328350749.05342,29.7841694505404,0
-57.2,-12.7,0.0627160949450147,9328350749.05342,29.7841694505404,0
-56.7,-12.7,0.0596699507390851,3034874523.5121,30.0597519738696,0
-56.2,-12.7,0.0597268770601149,3101468844.05289,30.0322923787165,0
-55.7,-12.7,0.0590836956291331,2434711255.38586,30.1686597186905,0
-55.2,-12.7,0.0602516104172617,3734070758.8586,30.1725306018427,0
-54.7,-12.7,0.0602516104172617,3734070758.8586,30.1725306018427,0
-54.2,-12.7,0.0565257303734873,920002677.652068,30.6221594398867,0
-53.7,-12.7,0.0539318549901064,353946225.202372,30.6796530282574,0
-53.2,-12.7,0.0526825608557218,224209681.730483,30.6662582575488,0
-52.7,-12.7,0.0529810173319265,252550314.781294,30.5905127867717,0
-52.2,-12.7,0.0529810173319265,252550314.781294,30.5905127867717,0
-51.7,-12.7,0.0495812995604715,70186848.9125015,30.9441464903258,0
-51.2,-12.7,0.0346280408739498,259788.766107868,32.0176940152134,0
-50.7,-12.7,0.0262363956965396,11430.3904622392,32.5764477443168,0
-50.2,-12.7,0.0318467534935044,90266.3028167707,32.3285616529414,0
-49.7,-12.7,0.0318467534935044,90266.3028167707,32.3285616529414,0
-49.2,-12.7,0.0357276471117482,378547.048348667,32.1173191995497,0
-48.7,-12.7,0.0412452519382647,2933830.04753631,31.8313682926076,0
-48.2,-12.7,0.0387917778760269,1178579.52181282,31.9609314496541,0
-47.7,-12.7,0.0381470886989096,926757.203243992,32.0052421813308,0
-47.2,-12.7,0.0381470886989096,926757.203243992,32.0052421813308,0
-46.7,-12.7,0.0465845275781686,21196692.0592136,31.6055163308621,0
-46.2,-12.7,0.0719379478736595,273082051077.316,29.5388030979098,0
-45.7,-12.7,0.074451666683155,684761149714.772,29.2345774582116,0
-45.2,-12.7,0.07199764396303,277943627150.685,29.826729538808,0
-44.7,-12.7,0.07199764396303,277943627150.685,29.826729538808,0
-44.2,-12.7,0.0741700653835727,615663076437.469,29.6033010059289,0
-43.7,-12.7,0.0423138177222016,4337920.50631582,31.6985241007849,0
-43.2,-12.7,0.0430118531821156,5627849.23778129,31.6625996064714,0
-42.7,-12.7,0.0712350437025473,207180094045.254,29.9844132795267,0
-42.2,-12.7,0.0712350437025473,207180094045.254,29.9844132795267,0
-41.7,-12.7,0.0749096567861278,785663724551.889,26.936619525176,0
-41.2,-12.7,0.0775122064811302,2091271334380.12,28.7947522520274,0
-40.7,-12.7,0.0628718514237229,9339412344.94352,30.2994730867041,0
-40.2,-12.7,0.0484803300795536,44669336.990903,30.9259171605389,0
-39.7,-12.7,0.0484803300795536,44669336.990903,30.9259171605389,0
-39.2,-12.7,0.0502971733974135,87816460.6729589,30.8027831017262,0
-38.2,-12.7,0.0760968184313099,1242455120016.15,28.9346751993127,0
-76.7,-12.2,0.0499411563736407,71833975.2680134,22.0077114323417,0
-76.2,-12.2,0.0047311543186614,4.19908739687925,15.7429936297793,0
-75.7,-12.2,-0.0136646663489169,0.00496752836384422,12.5633737629941,0
-75.2,-12.2,-0.00484520862998655,0.125588314193967,14.2037847708895,0
-74.7,-12.2,-0.00484520862998655,0.125588314193967,14.2037847708895,0
-74.2,-12.2,0.0472121886071403,26034515.2819955,21.6187972934563,0
-73.7,-12.2,0.0671024923792494,42158741281.0722,24.9188115712924,0
-73.2,-12.2,0.0771316412762223,1814456133542.73,28.678121178582,0
-72.7,-12.2,0.0759895978026802,1171851818877.14,27.5821520726694,0
-72.2,-12.2,0.0759895978026802,1171851818877.14,27.5821520726694,0
-71.7,-12.2,0.0764476771388028,1403204520916.41,28.2297341289464,0
-71.2,-12.2,0.0678997590792683,62153246161.7148,29.3510135789766,0
-70.7,-12.2,0.0701489074961824,140997457299.478,28.6944453149825,0
-70.2,-12.2,0.0722168149677768,299826927284.497,28.4053597230872,0
-69.7,-12.2,0.0722168149677768,299826927284.497,28.4053597230872,0
-69.2,-12.2,0.072762427034706,366333070501.719,28.4584393372751,0
-68.7,-12.2,0.0686218697964382,80811267947.9877,28.9350148340854,0
-68.2,-12.2,0.0665497278715291,37915964864.4003,29.1457647953894,0
-67.7,-12.2,0.0635571923933611,12689265643.1389,29.3453043277922,0
-67.2,-12.2,0.0635571923933611,12689265643.1389,29.3453043277922,0
-66.7,-12.2,0.0574465809000987,1351525384.62173,29.921063136556,0
-66.2,-12.2,0.0535224093646755,316955942.719557,30.2209158154029,0
-65.7,-12.2,0.0527299287618747,234592538.457207,30.3823912466107,0
-65.2,-12.2,0.0490737037578009,59313624.1525495,30.7828047588454,0
-64.7,-12.2,0.0490737037578009,59313624.1525495,30.7828047588454,0
-64.2,-12.2,0.0484975427218997,47732390.8791894,30.8424675635596,0
-63.7,-12.2,0.05139819236792,142255308.540149,30.5319672758308,0
-63.2,-12.2,0.0520630054663312,182873060.434747,30.4415089701341,0
-62.7,-12.2,0.0542008465752364,406736789.516606,30.1944856275758,0
-62.2,-12.2,0.0542008465752364,406736789.516606,30.1944856275758,0
-61.7,-12.2,0.0598338208112505,3247014095.20764,29.5765716267,0
-61.2,-12.2,0.0553841445499147,626779558.745552,30.215408439914,0
-60.7,-12.2,0.0630676668751631,10608062105.2877,29.7382701732679,0
-60.2,-12.2,0.0696478469938373,117749346222.327,29.2509648832659,0
-59.7,-12.2,0.0696478469938373,117749346222.327,29.2509648832659,0
-59.2,-12.2,0.0689548246232708,91467662113.54,29.3328604108187,0
-58.7,-12.2,0.0598080489964154,3196130691.53602,30.0193322063783,0
-58.2,-12.2,0.0595285221132987,2881144983.29096,30.0592749350298,0
-57.7,-12.2,0.0624178044943815,8362879675.89611,29.761175872028,0
-57.2,-12.2,0.0624178044943815,8362879675.89611,29.761175872028,0
-56.7,-12.2,0.059983845762807,3418501469.18573,29.9373188429877,0
-56.2,-12.2,0.0594976670302296,2861997025.79173,29.9168945347475,0
-55.7,-12.2,0.0584874330608696,1963800035.855,30.101802855807,0
-55.2,-12.2,0.0590361866838931,2402394394.07688,30.1003059745909,0
-54.7,-12.2,0.0590361866838931,2402394394.07688,30.1003059745909,0
-54.2,-12.2,0.0553319743303028,601284210.912784,30.5080404681641,0
-53.7,-12.2,0.0524286719825253,203081937.864866,30.7317414711075,0
-53.2,-12.2,0.0508888986360438,114282166.032995,30.8174347197041,0
-52.7,-12.2,0.050282986208951,91557050.5452641,30.8340985075843,0
-52.2,-12.2,0.050282986208951,91557050.5452641,30.8340985075843,0
-51.7,-12.2,0.0481238573135217,40947365.2703515,30.9922035203182,0
-51.2,-12.2,0.0351817453841266,322075.442030227,31.9185873280356,0
-50.7,-12.2,0.0257392313450312,9528.27155675824,32.5943720345711,0
-50.2,-12.2,0.0300793288907836,47085.6994723473,32.4115594250338,0
-49.7,-12.2,0.0300793288907836,47085.6994723473,32.4115594250338,0
-49.2,-12.2,0.0366097412859017,528205.276677075,32.0499617548965,0
-48.7,-12.2,0.0356886450625234,373901.054152269,32.1092035546487,0
-48.2,-12.2,0.0394850968056751,1533102.15852812,31.9141581740231,0
-47.7,-12.2,0.0410986759998175,2780395.51781723,31.8522733145377,0
-47.2,-12.2,0.0410986759998175,2780395.51781723,31.8522733145377,0
-46.7,-12.2,0.0495655717448257,64710485.2874588,31.4388026203479,0
-46.2,-12.2,0.0732739931281537,445073027631.902,29.3010904469637,0
-45.7,-12.2,0.0743127179113092,650916714772.351,29.2713262301816,0
-45.2,-12.2,0.0655488377545093,24913792812.8588,30.5074343889291,0
-44.7,-12.2,0.0655488377545093,24913792812.8588,30.5074343889291,0
-44.2,-12.2,0.0608660554144275,4298325804.91219,30.8751645337573,0
-43.7,-12.2,0.0432487252779959,6126025.08555811,31.7156433941213,0
-43.2,-12.2,0.0369459381097813,595673.988545389,31.9507970482376,0
-42.7,-12.2,0.0768477028422958,1645241967679.19,29.3224115415458,0
-42.2,-12.2,0.0768477028422958,1645241967679.19,29.3224115415458,0
-41.7,-12.2,0.0778482178735039,2360520081148.89,28.4081670038081,0
-41.2,-12.2,0.0773116003657275,1931385250246.49,28.044428921079,0
-40.7,-12.2,0.0683147961988308,70608622259.4399,29.886649746508,0
-40.2,-12.2,0.0506042619807098,98306261.5267567,30.8499385595596,0
-39.7,-12.2,0.0506042619807098,98306261.5267567,30.8499385595596,0
-39.2,-12.2,0.0393832832332547,1521445.54658302,31.3396640648871,0
-38.7,-12.2,0.0490998241473596,57816278.2877343,30.5980134691721,0
-38.2,-12.2,0.0604682519051467,3918167492.39487,30.0532890567521,0
-77.2,-11.7,0.0440952238775829,8282815.34711944,21.2053008493286,0
-76.7,-11.7,0.0397292894601582,1638472.67726658,20.5660438730133,0
-76.2,-11.7,-0.0115115176267144,0.0109283462025679,13.002790893792,0
-75.7,-11.7,-0.00362861158202451,0.196099820307706,14.3999836263775,0
-75.2,-11.7,0.00824756802933349,15.2508962780045,16.2585837801511,0
-74.7,-11.7,0.00824756802933349,15.2508962780045,16.2585837801511,0
-74.2,-11.7,0.0653336413248427,21813493318.7278,24.5359971991126,0
-73.7,-11.7,0.0748210348034549,754444134878.486,26.8844508823841,0
-73.2,-11.7,0.0660528934660433,31271210573.2835,30.1286646468411,0
-72.7,-11.7,0.0533816674363124,285067577.892365,30.8456994025281,0
-72.2,-11.7,0.0533816674363124,285067577.892365,30.8456994025281,0
-71.7,-11.7,0.0652745799288668,23711653968.4307,29.9150953944106,0
-71.2,-11.7,0.066843717506437,42255494558.4824,29.4815365188603,0
-70.7,-11.7,0.0698039275508627,124502214550.762,28.8734051338442,0
-70.2,-11.7,0.0689836060399729,92233461480.6312,28.9103685087048,0
-69.7,-11.7,0.0689836060399729,92233461480.6312,28.9103685087048,0
-69.2,-11.7,0.0660092947843788,31080810149.3749,29.1057353657281,0
-68.7,-11.7,0.0618939109528585,6905858036.45074,29.5830542023093,0
-68.2,-11.7,0.0599067248388323,3335842582.70255,29.7722917387597,0
-67.7,-11.7,0.0592193899542845,2593375062.06088,29.7778840914304,0
-67.2,-11.7,0.0592193899542845,2593375062.06088,29.7778840914304,0
-66.7,-11.7,0.057351802853467,1308966371.9374,29.7812322562717,0
-66.2,-11.7,0.0546668089215035,486614241.308046,30.0256173973643,0
-65.7,-11.7,0.0555830690223491,680315186.556228,30.0411716705919,0
-65.2,-11.7,0.0517934296394778,163655256.048956,30.5878252866272,0
-64.7,-11.7,0.0517934296394778,163655256.048956,30.5878252866272,0
-64.2,-11.7,0.0509563705311607,119368021.493373,30.6823782722836,0
-63.7,-11.7,0.0543077434063421,420064563.704057,30.3000951776576,0
-63.2,-11.7,0.0558005194887845,734352580.747973,30.0912173619048,0
-62.7,-11.7,0.0543544425253455,430616425.02906,30.1804406610707,0
-62.2,-11.7,0.0543544425253455,430616425.02906,30.1804406610707,0
-61.7,-11.7,0.0519417165971656,175336031.543571,30.4134310878226,0
-61.2,-11.7,0.0509699574882366,122043304.249035,30.4944590633407,0
-60.7,-11.7,0.0573984634676807,1324894888.79883,29.9785119826676,0
-60.2,-11.7,0.0643347022566354,16870514304.1591,29.615392580129,0
-59.7,-11.7,0.0643347022566354,16870514304.1591,29.615392580129,0
-59.2,-11.7,0.0669649841482145,44194215159.6796,29.5345359193381,0
-58.7,-11.7,0.0615086510188911,5991648225.64675,29.7993814007636,0
-58.2,-11.7,0.0593211373100066,2681646177.84525,29.934626329548,0
-57.7,-11.7,0.0625938926952464,8919772306.05836,29.6151688990424,0
-57.2,-11.7,0.0625938926952464,8919772306.05836,29.6151688990424,0
-56.7,-11.7,0.0606499733007763,4377329169.99773,29.6621037300205,0
-56.2,-11.7,0.0599503986331708,3387416031.86867,29.5998734369402,0
-55.7,-11.7,0.0595053095154325,2879526362.69652,29.7541053404262,0
-55.2,-11.7,0.0593077376379646,2680453935.09038,29.7672858824957,0
-54.7,-11.7,0.0593077376379646,2680453935.09038,29.7672858824957,0
-54.2,-11.7,0.0570101735559393,1145382397.4692,30.0856947196135,0
-53.7,-11.7,0.0536078684947694,321373311.956152,30.4611721913403,0
-53.2,-11.7,0.0489237388154826,55187658.9464014,30.8962660474649,0
-52.7,-11.7,0.0501289615724734,87554926.1091596,30.7335951814734,0
-52.2,-11.7,0.0501289615724734,87554926.1091596,30.7335951814734,0
-51.7,-11.7,0.0446091919342358,11087615.6976532,31.1580365603773,0
-51.2,-11.7,0.0330155721625599,144219.845371026,32.0183523051743,0
-50.7,-11.7,0.0261916146042194,11285.7261194502,32.541762009007,0
-50.2,-11.7,0.0272270461320767,16472.3008773024,32.5045186252746,0
-49.7,-11.7,0.0272270461320767,16472.3008773024,32.5045186252746,0
-49.2,-11.7,0.0346619973318984,258336.582448314,32.1087758497786,0
-48.7,-11.7,0.0385390363438389,1079772.95892277,31.9587860761993,0
-48.2,-11.7,0.0354169770634303,341181.828119217,32.1058495879527,0
-47.7,-11.7,0.0482616740609611,40436773.2174221,31.4358888405814,0
-47.2,-11.7,0.0482616740609611,40436773.2174221,31.4358888405814,0
-46.7,-11.7,0.0611302543596103,4924638524.83586,30.6836001293753,0
-46.2,-11.7,0.0745880821123401,718633626023.06,28.9581125951797,0
-45.7,-11.7,0.0738366455956244,546873055110.834,29.2986614491474,0
-45.2,-11.7,0.0642961806377425,15727440407.3273,30.5321521434017,0
-44.7,-11.7,0.0642961806377425,15727440407.3273,30.5321521434017,0
-44.2,-11.7,0.0332722295060645,152794.395618548,32.1542836072921,0
-43.7,-11.7,0.0285188773791797,26490.6343645757,32.3079538067104,0
-43.2,-11.7,0.0352150724733018,314295.091296329,32.0354038174976,0
-42.7,-11.7,0.0737615298732565,527901307999.991,29.9248355722504,0
-42.2,-11.7,0.0737615298732565,527901307999.991,29.9248355722504,0
-41.7,-11.7,0.073845708513845,543115846803.795,29.7821713576088,0
-41.2,-11.7,0.0779600572891444,2463749766048.1,28.6098994349353,0
-40.7,-11.7,0.073950209660508,564300424698.944,29.3789952968559,0
-40.2,-11.7,0.050158998605691,83174962.1530432,30.9065375539551,0
-39.7,-11.7,0.050158998605691,83174962.1530432,30.9065375539551,0
-39.2,-11.7,0.0411736180583792,2954013.01735328,31.2987591581493,0
-38.7,-11.7,0.0477498840114053,34720005.0512988,30.7857536010519,0
-38.2,-11.7,0.052149186547484,178876762.966927,30.5237069379449,0
-37.7,-11.7,0.0760535680635181,1228172147107.67,29.1428098811642,0
-77.2,-11.2,0.0566255658185321,861184796.832935,23.0615694875834,0
-76.7,-11.2,0.0144580187709241,148.970994102341,17.1534680964547,0
-76.2,-11.2,-0.0169591922188819,0.00148696106461576,11.8709329020104,0
-75.7,-11.2,0.00670431757395006,8.65833573169018,16.0239402266351,0
-75.2,-11.2,0.0598337748295522,2813310699.89338,23.5505145978966,0
-74.7,-11.2,0.0598337748295522,2813310699.89338,23.5505145978966,0
-74.2,-11.2,0.0780357191663133,2512367659295.98,28.140977263262,0
-73.7,-11.2,0.070494639742591,160802414540.419,29.7818818185144,0
-73.2,-11.2,0.052516879645504,208006482.562841,30.8348490025957,0
-72.7,-11.2,0.056850002183731,1047501063.73809,30.5148622248755,0
-72.2,-11.2,0.056850002183731,1047501063.73809,30.5148622248755,0
-71.7,-11.2,0.0634294556992503,12062998580.4684,29.9182571852127,0
-71.2,-11.2,0.0665978967016763,38592297276.3801,29.4223572093914,0
-70.7,-11.2,0.0649241506249519,20917416008.1959,29.4111699233785,0
-70.2,-11.2,0.0632483418501811,11336717954.6455,29.6826081063534,0
-69.7,-11.2,0.0632483418501811,11336717954.6455,29.6826081063534,0
-69.2,-11.2,0.0621311944968719,7531704700.99398,29.5517998493215,0
-68.7,-11.2,0.0600632020049538,3531721657.67557,29.7670332480332,0
-68.2,-11.2,0.0582191847709872,1789900173.92219,29.9690066979172,0
-67.7,-11.2,0.0578843751511203,1577657509.21835,30.0642203534141,0
-67.2,-11.2,0.0578843751511203,1577657509.21835,30.0642203534141,0
-66.7,-11.2,0.0583789086156341,1905940459.79108,29.810624623626,0
-66.2,-11.2,0.0559309875768822,775717182.763213,29.9260367768956,0
-65.7,-11.2,0.0547458702623609,499173916.870006,30.1060936454273,0
-65.2,-11.2,0.0566251939426519,980410717.193334,30.3225109276509,0
-64.7,-11.2,0.0566251939426519,980410717.193334,30.3225109276509,0
-64.2,-11.2,0.0580597976924765,1657277309.69151,30.3210838656019,0
-63.7,-11.2,0.0635471373275806,12617399180.5034,29.4941679114666,0
-63.2,-11.2,0.0573244633761023,1292452973.23112,29.8224333067993,0
-62.7,-11.2,0.0551616305510509,581719069.853326,30.0624232441274,0
-62.2,-11.2,0.0551616305510509,581719069.853326,30.0624232441274,0
-61.7,-11.2,0.0507232448358068,109595229.852477,30.6792227779439,0
-61.2,-11.2,0.0488305696878862,55409922.3033849,30.5655275885426,0
-60.7,-11.2,0.0507354876916685,112701908.718764,30.4201612906243,0
-60.2,-11.2,0.0604764279870701,4098080743.99674,29.8897274239288,0
-59.7,-11.2,0.0604764279870701,4098080743.99674,29.8897274239288,0
-59.2,-11.2,0.065906880184419,30005216604.1868,29.7063874757458,0
-58.7,-11.2,0.0617895626294496,6645045940.61672,29.6483907026426,0
-58.2,-11.2,0.0577646607838096,1517122948.76228,29.9116259860065,0
-57.7,-11.2,0.062045251657151,7291907156.55204,29.4936884816271,0
-57.2,-11.2,0.062045251657151,7291907156.55204,29.4936884816271,0
-56.7,-11.2,0.0607458438101398,4530767378.7763,29.4992420123817,0
-56.2,-11.2,0.0606722229221088,4411277667.10932,29.4784353741571,0
-55.7,-11.2,0.0589536841258355,2353990515.40534,29.6343141540065,0
-55.2,-11.2,0.0595039907612917,2879614574.95124,29.4927193680346,0
-54.7,-11.2,0.0595039907612917,2879614574.95124,29.4927193680346,0
-54.2,-11.2,0.0584564965481203,1964023753.43685,29.6537605692876,0
-53.7,-11.2,0.0552860926409206,609546931.934865,30.0799299458819,0
-53.2,-11.2,0.0507738476731805,111619399.538009,30.6598945036715,0
-52.7,-11.2,0.0511621943104164,129733384.362618,30.5929404969344,0
-52.2,-11.2,0.0511621943104164,129733384.362618,30.5929404969344,0
-51.7,-11.2,0.0354248963042306,352970.103600867,31.8711316921208,0
-51.2,-11.2,0.0282320994598281,24205.553780711,32.3768254908661,0
-50.7,-11.2,0.0302543477085924,51202.107469217,32.2430244329002,0
-50.2,-11.2,0.0290853012890958,32898.2833595336,32.3683596033307,0
-49.7,-11.2,0.0290853012890958,32898.2833595336,32.3683596033307,0
-49.2,-11.2,0.0362253537311424,463461.365344586,32.009127156707,0
-48.7,-11.2,0.0438343133281005,7772230.09580494,31.6577345088122,0
-48.2,-11.2,0.046306665629413,19618737.6853902,31.5208757293197,0
-47.7,-11.2,0.0547669895086312,464600487.074474,30.9871566916391,0
-47.2,-11.2,0.0547669895086312,464600487.074474,30.9871566916391,0
-46.7,-11.2,0.0625012520538288,8264700782.72816,30.5434433209858,0
-46.2,-11.2,0.0712890704262597,215356434132.709,29.5989398104513,0
-45.7,-11.2,0.0656842982001061,26669642769.1547,30.3537767662014,0
-45.2,-11.2,0.0557787647207498,653307254.094026,31.080197883455,0
-44.7,-11.2,0.0557787647207498,653307254.094026,31.080197883455,0
-44.2,-11.2,0.0412836993097532,2958415.82108375,31.8277740657061,0
-43.7,-11.2,0.0385638493250087,1080192.04182014,31.9276521582171,0
-43.2,-11.2,0.0476505317584799,31343749.5778618,31.5474981132008,0
-42.7,-11.2,0.0554190592632557,564238669.782757,31.1543915274106,0
-42.2,-11.2,0.0554190592632557,564238669.782757,31.1543915274106,0
-41.7,-11.2,0.0588378826710408,2032153453.43439,30.8674627702659,0
-41.2,-11.2,0.0757357975101322,1090686415362.11,29.4833353307018,0
-40.7,-11.2,0.0714439104427607,224428813033.728,29.7200457837927,0
-40.2,-11.2,0.050782276559297,104770665.843912,30.92117685341,0
-39.7,-11.2,0.050782276559297,104770665.843912,30.92117685341,0
-39.2,-11.2,0.0398240423653598,1785239.95766116,31.4083055504049,0
-38.7,-11.2,0.0420950863647973,4206790.82296107,31.1555728363662,0
-38.2,-11.2,0.0519465703186878,165831533.200362,30.5357037917279,0
-37.7,-11.2,0.0593910539150877,2652444337.79925,29.9218846831873,0
-37.2,-11.2,0.0593910539150877,2652444337.79925,29.9218846831873,0
-77.7,-10.7,0.0507341480554373,95989263.6102098,22.1147843647827,0
-77.2,-10.7,0.0507341480554373,95989263.6102098,22.1147843647827,0
-76.7,-10.7,-0.00336740297931588,0.215812311354371,14.4543422376201,0
-76.2,-10.7,-0.0139269035946429,0.00451285862737587,12.5103618618965,0
-75.7,-10.7,0.0247809831157793,6621.34537567084,18.5529067063045,0
-75.2,-10.7,0.0758127040697915,1126420430013.61,29.4405087628409,0
-74.7,-10.7,0.0758127040697915,1126420430013.61,29.4405087628409,0
-74.2,-10.7,0.0778370389235232,2336096163306.96,28.1359261698422,0
-73.7,-10.7,0.065074742652987,21730141426.6511,30.2401014473885,0
-73.2,-10.7,0.0543950781757021,418808946.886158,30.7161727408035,0
-72.7,-10.7,0.0631651178031266,10980496068.6804,29.7379984105721,0
-72.2,-10.7,0.0631651178031266,10980496068.6804,29.7379984105721,0
-71.7,-10.7,0.0647759349880825,19793523455.2953,29.4125115643314,0
-71.2,-10.7,0.0629064020803593,9993677461.14884,29.5544711915549,0
-70.7,-10.7,0.0593951593035515,2759115873.89747,29.8583128902126,0
-70.2,-10.7,0.0591842902565737,2547262915.82211,29.9670605310667,0
-69.7,-10.7,0.0591842902565737,2547262915.82211,29.9670605310667,0
-69.2,-10.7,0.0592939225506007,2659088270.124,29.8760473900995,0
-68.7,-10.7,0.0584924959791228,1974851168.98595,30.0099646383832,0
-68.2,-10.7,0.0572479984659828,1245583474.1542,30.1279359582926,0
-67.7,-10.7,0.058589752693738,2040517575.4961,30.0837775514223,0
-67.2,-10.7,0.058589752693738,2040517575.4961,30.0837775514223,0
-66.7,-10.7,0.0602862997800929,3831793083.88666,29.8058930701117,0
-66.2,-10.7,0.0578613752507407,1576539096.12773,29.8157580747104,0
-65.7,-10.7,0.052971883546657,259504037.590123,30.1921448469458,0
-65.2,-10.7,0.0595696739590591,2921152201.68322,30.0749498383494,0
-64.7,-10.7,0.0595696739590591,2921152201.68322,30.0749498383494,0
-64.2,-10.7,0.062666566977661,9131949175.37175,29.8754897087769,0
-63.7,-10.7,0.0586938438063369,2132754343.2421,29.8059945392801,0
-63.2,-10.7,0.0537477239483984,346076517.285309,30.0795230308739,0
-62.7,-10.7,0.0526555132780855,230889140.412195,30.1860621642928,0
-62.2,-10.7,0.0526555132780855,230889140.412195,30.1860621642928,0
-61.7,-10.7,0.0498176528625068,80477569.4282353,30.4151721342578,0
-61.2,-10.7,0.0490653922621351,60700642.7076118,30.5024202584171,0
-60.7,-10.7,0.0477571024921521,36970500.1418444,30.6914547105643,0
-60.2,-10.7,0.0567163018625995,1021131895.86026,30.2049915259919,0
-59.7,-10.7,0.0567163018625995,1021131895.86026,30.2049915259919,0
-59.2,-10.7,0.0633589859128483,11772788631.5789,29.8976328711333,0
-58.7,-10.7,0.0610045857827664,4985817156.21977,29.6942693135491,0
-58.2,-10.7,0.0562316018404324,864858473.239697,29.9359057004409,0
-57.7,-10.7,0.0615442030806213,6061311266.19168,29.3001154724985,0
-57.2,-10.7,0.0615442030806213,6061311266.19168,29.3001154724985,0
-56.7,-10.7,0.0592917316139565,2661254981.46555,29.5983397654896,0
-56.2,-10.7,0.0608782267926286,4757711678.58559,29.5306868998956,0
-55.7,-10.7,0.0591440373578979,2495451215.92813,30.1271796116275,0
-55.2,-10.7,0.0585639100082571,2041213226.12868,29.5891894697148,0
-54.7,-10.7,0.0585639100082571,2041213226.12868,29.5891894697148,0
-54.2,-10.7,0.0575295198161748,1397737455.86782,29.6257807623709,0
-53.7,-10.7,0.0581676463004041,1767108751.17529,29.631950733226,0
-53.2,-10.7,0.0530668176384718,266175606.192696,30.3457195927106,0
-52.7,-10.7,0.0507742063946709,112338994.418378,30.6144607051436,0
-52.2,-10.7,0.0507742063946709,112338994.418378,30.6144607051436,0
-51.7,-10.7,0.0421321524598949,4441397.37350348,31.2326072196751,0
-51.2,-10.7,0.0432491732883744,6741959.94840466,31.1641323389426,0
-50.7,-10.7,0.0362535848666738,482551.962132706,31.7877286038261,0
-50.2,-10.7,0.0311826112822095,71796.6972983465,32.2483085033788,0
-49.7,-10.7,0.0311826112822095,71796.6972983465,32.2483085033788,0
-49.2,-10.7,0.0384777617660754,1074947.98569261,31.8612240053253,0
-48.7,-10.7,0.0520468455778048,170061817.012461,31.0379204044688,0
-48.2,-10.7,0.0524937703858844,199492109.668722,31.0742529342739,0
-47.7,-10.7,0.0488133560312765,50099481.3701385,31.3659871439931,0
-47.2,-10.7,0.0488133560312765,50099481.3701385,31.3659871439931,0
-46.7,-10.7,0.0531872235623379,254113763.253998,31.1609945185506,0
-46.2,-10.7,0.0665607217828101,37497798450.2932,30.1694811320224,0
-45.7,-10.7,0.0713483368864693,219955343765.836,29.5964982547763,0
-45.2,-10.7,0.0489111883916969,50386024.8415034,31.4446982474778,0
-44.7,-10.7,0.0489111883916969,50386024.8415034,31.4446982474778,0
-44.2,-10.7,0.0418436104156187,3634922.32572655,31.7990646365703,0
-43.7,-10.7,0.0488635573700646,49083574.1633014,31.4917641217545,0
-43.2,-10.7,0.0511178770929712,113663251.812226,31.3716468546364,0
-42.7,-10.7,0.0442917286701737,9045191.37967727,31.6192516803713,0
-42.2,-10.7,0.0442917286701737,9045191.37967727,31.6192516803713,0
-41.7,-10.7,0.0288429417920875,29936.3221201554,32.1812444555378,0
-41.2,-10.7,0.0765763863923567,1487035212602.34,29.3546624408348,0
-40.7,-10.7,0.0715689764300543,235340659037.443,29.7611382938756,0
-40.2,-10.7,0.0536900006679766,309341069.479994,30.7982665096358,0
-39.7,-10.7,0.0536900006679766,309341069.479994,30.7982665096358,0
-39.2,-10.7,0.0470438500250988,26166714.9206181,31.071491578838,0
-38.7,-10.7,0.0546852015912759,455687750.002613,30.5032608710572,0
-38.2,-10.7,0.0479023939903736,36828749.7195981,30.7643532430145,0
-37.7,-10.7,0.0471795769435779,28679887.5383923,30.5948406678307,0
-37.2,-10.7,0.0471795769435779,28679887.5383923,30.5948406678307,0
-77.7,-10.2,0.0188950222851704,760.152013275762,17.7639207030368,0
-77.2,-10.2,0.0188950222851704,760.152013275762,17.7639207030368,0
-76.7,-10.2,-0.0150280197364045,0.00301553911024135,12.2734177250022,0
-76.2,-10.2,-0.00365298157601623,0.19435508088345,14.3956926339418,0
-75.7,-10.2,0.0527848928389073,205121686.291592,22.4388848046346,0
-75.2,-10.2,0.0502591706042427,85962015.0565403,31.3087147525155,0
-74.7,-10.2,0.0502591706042427,85962015.0565403,31.3087147525155,0
-74.2,-10.2,0.0747105511832758,751970374717.629,29.2342542698426,0
-73.7,-10.2,0.0577606904349874,1438688585.08726,30.6949460408502,0
-73.2,-10.2,0.0611176439995959,5146990263.9967,30.0791850360841,0
-72.7,-10.2,0.0608454508445802,4678734520.51677,29.9501762088251,0
-72.2,-10.2,0.0608454508445802,4678734520.51677,29.9501762088251,0
-71.7,-10.2,0.061446150773138,5849036727.75461,29.7543433821936,0
-71.2,-10.2,0.0612967598347725,5538279662.39782,29.5936323185246,0
-70.7,-10.2,0.060951418824674,4885449709.71383,29.7223493721414,0
-70.2,-10.2,0.0595959152556904,2969022115.25089,29.8531919591095,0
-69.7,-10.2,0.0595959152556904,2969022115.25089,29.8531919591095,0
-69.2,-10.2,0.0585235704938734,1996479835.61111,30.0085799278624,0
-68.7,-10.2,0.05924127550166,2597630198.95192,30.002258254838,0
-68.2,-10.2,0.0579881884652057,1633441675.47893,30.1252684900374,0
-67.7,-10.2,0.0607983976806815,4620416908.80127,29.8013148429407,0
-67.2,-10.2,0.0607983976806815,4620416908.80127,29.8013148429407,0
-66.7,-10.2,0.0625263493434298,8708571552.2904,29.6637720718826,0
-66.2,-10.2,0.0587056177442807,2148574304.78589,29.7971915834497,0
-65.7,-10.2,0.0516255529816926,157697133.891172,30.2759444200409,0
-65.2,-10.2,0.0578749385220048,1568212967.16289,30.1041631249872,0
-64.7,-10.2,0.0578749385220048,1568212967.16289,30.1041631249872,0
-64.2,-10.2,0.0581239266899391,1717459455.59177,30.0972396719665,0
-63.7,-10.2,0.0551375363413193,574405748.664242,30.1291014805873,0
-63.2,-10.2,0.0507255068322436,112290213.38006,30.3975244509575,0
-62.7,-10.2,0.0508693789309911,118799997.020991,30.35029072016,0
-62.2,-10.2,0.0508693789309911,118799997.020991,30.35029072016,0
-61.7,-10.2,0.0477537676886173,37176218.5577283,30.6136884528185,0
-61.2,-10.2,0.0464729776904329,23059690.7343389,30.7067978630372,0
-60.7,-10.2,0.0455319292136136,16016823.7854413,30.9005701341142,0
-60.2,-10.2,0.0514323020817772,142428823.113858,30.6578288212857,0
-59.7,-10.2,0.0514323020817772,142428823.113858,30.6578288212857,0
-59.2,-10.2,0.0529475644916127,248408595.338108,30.642589328724,0
-58.7,-10.2,0.0560320168842249,797779044.93653,30.1448277431258,0
-58.2,-10.2,0.0544504298853588,446740661.344583,30.1502490584112,0
-57.7,-10.2,0.0566152815901019,998044768.512652,29.8070965638102,0
-57.2,-10.2,0.0566152815901019,998044768.512652,29.8070965638102,0
-56.7,-10.2,0.0562185237696318,860330465.533121,29.9575635578694,0
-56.2,-10.2,0.056390464795989,917174702.241735,29.9264661897125,0
-55.7,-10.2,0.0542904202735977,420786702.624974,30.1772310894028,0
-55.2,-10.2,0.0555095609653234,664709076.000683,29.9226352029295,0
-54.7,-10.2,0.0555095609653234,664709076.000683,29.9226352029295,0
-54.2,-10.2,0.0602054709004672,3719126791.02339,29.3818340404371,0
-53.7,-10.2,0.0595967599196449,2980305196.09772,29.4997404423019,0
-53.2,-10.2,0.0547774047403731,506619351.592698,30.0528006682751,0
-52.7,-10.2,0.0481026586946377,42257903.6502387,30.6232097139539,0
-52.2,-10.2,0.0481026586946377,42257903.6502387,30.6232097139539,0
-51.7,-10.2,0.0495324989163147,71559091.8367944,30.5859588360228,0
-51.2,-10.2,0.0511893610954521,132004933.094856,30.5215755646163,0
-50.7,-10.2,0.0452451521397164,14089006.049279,31.0951563608033,0
-50.2,-10.2,0.0360490884359131,441386.001725694,31.8932352475687,0
-49.7,-10.2,0.0360490884359131,441386.001725694,31.8932352475687,0
-49.2,-10.2,0.0382638658032556,996142.833641085,31.8363962022775,0
-48.7,-10.2,0.0534585595170368,291244025.785262,30.8545943123563,0
-48.2,-10.2,0.0527389951982903,219939350.085607,31.0045248742116,0
-47.7,-10.2,0.0448557592874331,11448805.2973621,31.5744457081881,0
-47.2,-10.2,0.0448557592874331,11448805.2973621,31.5744457081881,0
-46.7,-10.2,0.0462644592095411,19270392.8225658,31.5246812272416,0
-46.2,-10.2,0.0583923349085589,1776425803.17959,30.8247249930116,0
-45.7,-10.2,0.0542148729419809,366914143.99274,31.1446527273975,0
-45.2,-10.2,0.0398590156038047,1747939.12529671,31.8632546414264,0
-44.7,-10.2,0.0398590156038047,1747939.12529671,31.8632546414264,0
-44.2,-10.2,0.0301098062613383,47537.3678848237,32.2619721936524,0
-43.7,-10.2,0.0393229630304636,1430767.20113409,31.8824506905118,0
-43.2,-10.2,0.0357293272658591,379241.989418261,32.008604457121,0
-42.7,-10.2,0.0517457361810647,143261429.370341,31.3436690048494,0
-42.2,-10.2,0.0517457361810647,143261429.370341,31.3436690048494,0
-41.7,-10.2,0.0406797912224827,2371670.55257318,31.7596871605872,0
-41.2,-10.2,0.0691676570559887,95419373343.4609,30.2471095126257,0
-40.7,-10.2,0.0606541886484453,4043667608.81237,30.6363180968307,0
-40.2,-10.2,0.046486448554932,20966292.1787813,31.2416540371024,0
-39.7,-10.2,0.046486448554932,20966292.1787813,31.2416540371024,0
-39.2,-10.2,0.0460865306723182,18146163.8616683,31.2115514396775,0
-38.7,-10.2,0.0530717797722035,248388221.733368,30.689168997847,0
-38.2,-10.2,0.0450516560338616,12752305.5736711,30.9463272813799,0
-37.7,-10.2,0.0316845613385004,89373.507983478,31.5002934056829,0
-37.2,-10.2,0.0316845613385004,89373.507983478,31.5002934056829,0
-36.7,-10.2,0.0367918312454159,591323.499102419,31.3367432659046,0
-36.2,-10.2,0.072022496915837,277945497469.851,29.4663369393166,0
-78.2,-9.7,0.069568166929179,105808514276.649,25.3518536277438,0
-77.7,-9.7,-0.0062415484279912,0.0753057796721255,13.9641496448363,0
-77.2,-9.7,-0.0062415484279912,0.0753057796721255,13.9641496448363,0
-76.7,-9.7,-0.0135842090988596,0.00511613427914352,12.564323681538,0
-76.2,-9.7,0.0263325950821053,11705.0896594253,18.7623929435734,0
-75.7,-9.7,0.0698090796502354,115659854021.424,25.5480988178439,0
-75.2,-9.7,0.0540247459891208,355713346.89314,30.9743008809312,0
-74.7,-9.7,0.0540247459891208,355713346.89314,30.9743008809312,0
-74.2,-9.7,0.0678709952634375,61423112668.5308,29.8789549224435,0
-73.7,-9.7,0.0525401396884918,205701840.238936,31.0089779816157,0
-73.2,-9.7,0.0603371607514329,3845180795.15829,30.1946906352531,0
-72.7,-9.7,0.0585357436883204,1978096762.86125,30.270926538757,0
-72.2,-9.7,0.0585357436883204,1978096762.86125,30.270926538757,0
-71.7,-9.7,0.0623516911253423,8149213202.19149,29.7113532643223,0
-71.2,-9.7,0.0617351426403367,6500222109.84619,29.5774272617324,0
-70.7,-9.7,0.0640203125617181,15013872516.9936,29.545021130702,0
-70.2,-9.7,0.0635414411702656,12601460214.5369,29.7040975010245,0
-69.7,-9.7,0.0635414411702656,12601460214.5369,29.7040975010245,0
-69.2,-9.7,0.0607311196785403,4486892702.28112,29.9498543160908,0
-68.7,-9.7,0.0608702233200289,4733401302.65516,29.8771897192528,0
-68.2,-9.7,0.0594359101730229,2787756830.15886,30.024930820076,0
-67.7,-9.7,0.0631774458557852,11042183462.8662,29.5939537836965,0
-67.2,-9.7,0.0631774458557852,11042183462.8662,29.5939537836965,0
-66.7,-9.7,0.063775458444683,13749278084.8193,29.5505263888325,0
-66.2,-9.7,0.060144349331707,3640780115.98123,29.7123686265795,0
-65.7,-9.7,0.0532805584054561,291457889.389835,30.1294099991725,0
-65.2,-9.7,0.0547459369175357,495783527.681729,30.2127939568968,0
-64.7,-9.7,0.0547459369175357,495783527.681729,30.2127939568968,0
-64.2,-9.7,0.0545861343635834,464638963.453294,30.3076181700465,0
-63.7,-9.7,0.0513618658036658,141534685.619337,30.4207443577371,0
-63.2,-9.7,0.0487000179951212,52361846.6879509,30.6505844597202,0
-62.7,-9.7,0.0493498338901342,67007008.2851114,30.5609007883839,0
-62.2,-9.7,0.0493498338901342,67007008.2851114,30.5609007883839,0
-61.7,-9.7,0.0464097954607692,22278800.4403489,30.8183462874513,0
-61.2,-9.7,0.0444872808513629,10929981.2018773,30.89877680703,0
-60.7,-9.7,0.0456313475258428,16550002.0644085,30.9351602501589,0
-60.2,-9.7,0.0484400416646798,46450486.2316126,30.9007672235723,0
-59.7,-9.7,0.0484400416646798,46450486.2316126,30.9007672235723,0
-59.2,-9.7,0.0478036289464168,36614738.3399168,30.946203462724,0
-58.7,-9.7,0.0559542018580965,772562106.586265,30.2106925733058,0
-58.2,-9.7,0.0597048792515455,3087429710.98857,29.9232116696369,0
-57.7,-9.7,0.057178345637735,1225094445.70998,29.8893311144419,0
-57.2,-9.7,0.057178345637735,1225094445.70998,29.8893311144419,0
-56.7,-9.7,0.0557676352768837,726129650.142374,30.0827100018312,0
-56.2,-9.7,0.0540483058152708,385187730.217498,30.1770060157309,0
-55.7,-9.7,0.0544083916772614,441720119.474761,30.0651988688952,0
-55.2,-9.7,0.063258783208956,11340563159.4721,29.0473307816846,0
-54.7,-9.7,0.063258783208956,11340563159.4721,29.0473307816846,0
-54.2,-9.7,0.0627083982187553,9290140799.73657,29.1812425798043,0
-53.7,-9.7,0.0600707696251899,3544393893.5255,29.496833337719,0
-53.2,-9.7,0.0529930284031025,262686361.829521,30.1280033974924,0
-52.7,-9.7,0.0482050089096559,44399012.8014608,30.4886875599002,0
-52.2,-9.7,0.0482050089096559,44399012.8014608,30.4886875599002,0
-51.7,-9.7,0.0517761096305272,165106672.563648,30.4144994765762,0
-51.2,-9.7,0.0564991134873972,956731836.602115,29.8854023161915,0
-50.7,-9.7,0.0506371795375458,106809897.313626,30.6206070421973,0
-50.2,-9.7,0.0396474374581837,1690403.05298292,31.6480042549525,0
-49.7,-9.7,0.0396474374581837,1690403.05298292,31.6480042549525,0
-49.2,-9.7,0.0392187710699268,1410816.58976964,31.815238634794,0
-48.7,-9.7,0.0556605958894423,665547072.203262,30.6753411829103,0
-48.2,-9.7,0.0482768550811506,41192338.1845615,31.3329866707333,0
-47.7,-9.7,0.0426353993752148,5015571.94158408,31.6816587200629,0
-47.2,-9.7,0.0426353993752148,5015571.94158408,31.6816587200629,0
-46.7,-9.7,0.0471419485193101,26881231.9020893,31.4435049624195,0
-46.2,-9.7,0.0481745334871783,39357188.4145179,31.3964638170493,0
-45.7,-9.7,0.0381306711548864,932480.913858352,31.9062622355251,0
-45.2,-9.7,0.0406849702637082,2390322.99879834,31.8111641626553,0
-44.7,-9.7,0.0406849702637082,2390322.99879834,31.8111641626553,0
-44.2,-9.7,0.0303350487531178,51782.7537264079,32.2493599126076,0
-43.7,-9.7,0.0490242707148109,52334692.2643469,31.4844647396979,0
-43.2,-9.7,0.0420224461711805,3894035.32839511,31.7703574533733,0
-42.7,-9.7,0.0432135037486645,6045806.43694417,31.7025509986745,0
-42.2,-9.7,0.0432135037486645,6045806.43694417,31.7025509986745,0
-41.7,-9.7,0.054823320731386,449540498.661387,31.1730844570496,0
-41.2,-9.7,0.0516502087962258,138897395.465847,31.2710102619661,0
-40.7,-9.7,0.0385682671618598,1091011.20917154,31.7526880176011,0
-40.2,-9.7,0.0324445004725983,113590.853084398,31.9698702195873,0
-39.7,-9.7,0.0324445004725983,113590.853084398,31.9698702195873,0
-39.2,-9.7,0.0396500735140659,1646070.55948496,31.6122656248464,0
-38.7,-9.7,0.0481316290609914,39352358.4643839,31.0145460418781,0
-38.2,-9.7,0.0337623812853861,191399.93406854,31.5242259576305,0
-37.7,-9.7,0.0294013678999186,38126.5301622107,31.6693493601758,0
-37.2,-9.7,0.0294013678999186,38126.5301622107,31.6693493601758,0
-36.7,-9.7,0.0429545576118435,5940806.29001945,30.8901839346684,0
-36.2,-9.7,0.0657590346905124,27772968789.2844,29.5267890132306,0
-78.2,-9.2,0.0572594234680431,1080816032.66091,23.1197551665876,0
-77.7,-9.2,-0.006039856064596,0.0810744942076533,13.9939739720323,0
-77.2,-9.2,-0.006039856064596,0.0810744942076533,13.9939739720323,0
-76.7,-9.2,0.00213517058973511,1.62114239085083,15.3158900093451,0
-76.2,-9.2,0.0522022580342334,164995891.078177,22.3669393345343,0
-75.7,-9.2,0.0755723018420902,1013214691275.4,27.9264287957785,0
-75.2,-9.2,0.0581326492357439,1653237287.82118,30.667146328925,0
-74.7,-9.2,0.0581326492357439,1653237287.82118,30.667146328925,0
-74.2,-9.2,0.0575927215634342,1344968267.64312,30.7537257734928,0
-73.7,-9.2,0.049916814580664,77043986.9062348,31.1953310308051,0
-73.2,-9.2,0.0576642187547178,1420648031.05883,30.4445640189881,0
-72.7,-9.2,0.057577185906394,1381037365.22733,30.3971670672798,0
-72.2,-9.2,0.057577185906394,1381037365.22733,30.3971670672798,0
-71.7,-9.2,0.0628646205807298,9834014736.6788,29.7671390322197,0
-71.2,-9.2,0.0669404203912474,43612535292.4744,29.1590158852607,0
-70.7,-9.2,0.067275410965086,49316098829.1237,29.2021700799957,0
-70.2,-9.2,0.0659088612863937,29937401103.7776,29.4451322400879,0
-69.7,-9.2,0.0659088612863937,29937401103.7776,29.4451322400879,0
-69.2,-9.2,0.0634327763013905,12105622512.8375,29.7698438505113,0
-68.7,-9.2,0.0612417962763233,5415730858.79216,29.9306796803575,0
-68.2,-9.2,0.0597137557670182,3081536564.78564,30.059932814533,0
-67.7,-9.2,0.0644562486116688,17630811714.9757,29.5985469524759,0
-67.2,-9.2,0.0644562486116688,17630811714.9757,29.5985469524759,0
-66.7,-9.2,0.0661529997732755,32812571588.1651,29.4422206996504,0
-66.2,-9.2,0.063431425997755,12124667672.5566,29.5936636465595,0
-65.7,-9.2,0.0569784825030948,1136406238.09443,29.9574013732149,0
-65.2,-9.2,0.0547543412345398,498329968.378754,30.1761720209299,0
-64.7,-9.2,0.0547543412345398,498329968.378754,30.1761720209299,0
-64.2,-9.2,0.0535139398846573,312988793.509827,30.3452429256278,0
-63.7,-9.2,0.0498099190924838,79040061.4435464,30.5917582029695,0
-63.2,-9.2,0.0464022835138836,22043966.9081762,30.8890081495708,0
-62.7,-9.2,0.0449240460611128,12660160.4499549,31.0125584922782,0
-62.2,-9.2,0.0449240460611128,12660160.4499549,31.0125584922782,0
-61.7,-9.2,0.0445817708672682,11101838.4171854,31.0679916474438,0
-61.2,-9.2,0.0462045857749884,20675167.2658157,30.8192235639,0
-60.7,-9.2,0.0475366653756076,33762735.8033002,30.7932511088103,0
-60.2,-9.2,0.0498375118488653,79024807.4827986,30.7134528924096,0
-59.7,-9.2,0.0498375118488653,79024807.4827986,30.7134528924096,0
-59.2,-9.2,0.050635502014277,105642313.170346,30.7311718688758,0
-58.7,-9.2,0.0655757413592624,26565640488.412,29.7660438581117,0
-58.2,-9.2,0.0663929616391639,35840125007.3833,29.6360231091469,0
-57.7,-9.2,0.05790587875773,1595012687.09695,29.9851946377876,0
-57.2,-9.2,0.05790587875773,1595012687.09695,29.9851946377876,0
-56.7,-9.2,0.050078400202699,87706592.8020222,30.5382289744156,0
-56.2,-9.2,0.0490702136469987,60638905.8288363,30.5343832854424,0
-55.7,-9.2,0.0588518129311306,2264275616.04486,29.4247478588865,0
-55.2,-9.2,0.0666167601045597,38575985629.7335,28.5717409176119,0
-54.7,-9.2,0.0666167601045597,38575985629.7335,28.5717409176119,0
-54.2,-9.2,0.0625747027524952,8844841074.19214,29.1946681256101,0
-53.7,-9.2,0.0597701808134783,3173030839.6578,29.5172133973454,0
-53.2,-9.2,0.0539083290925032,370369660.206923,29.9014750957077,0
-52.7,-9.2,0.0515236005428478,153153316.863879,30.1534995231302,0
-52.2,-9.2,0.0515236005428478,153153316.863879,30.1534995231302,0
-51.7,-9.2,0.0519171816989089,176302215.153474,30.2139280393354,0
-51.2,-9.2,0.0538538609940478,361897527.749281,30.0039985450813,0
-50.7,-9.2,0.0526240612349165,225975907.482287,30.3693050195504,0
-50.2,-9.2,0.0473267086570625,29568148.7787779,31.1905866245984,0
-49.7,-9.2,0.0473267086570625,29568148.7787779,31.1905866245984,0
-49.2,-9.2,0.0448734985987534,11495776.0700059,31.5459143111692,0
-48.7,-9.2,0.0592692233991816,2555999266.54606,30.4399222145579,0
-48.2,-9.2,0.0464304166169017,20480685.7828281,31.5110732662487,0
-47.7,-9.2,0.0407746551524044,2507564.8507894,31.7701763526022,0
-47.2,-9.2,0.0407746551524044,2507564.8507894,31.7701763526022,0
-46.7,-9.2,0.0525167677985567,201715382.514805,31.0694110821575,0
-46.2,-9.2,0.045135742670313,12783129.1566465,31.5018034940086,0
-45.7,-9.2,0.0397428501799614,1707895.8194794,31.7958176351481,0
-45.2,-9.2,0.0420373737634451,3963101.85401295,31.739373891326,0
-44.7,-9.2,0.0420373737634451,3963101.85401295,31.739373891326,0
-44.2,-9.2,0.0236913554854414,4474.27717126559,32.497359587159,0
-43.7,-9.2,0.0345815314920618,248875.640995997,32.0774962970918,0
-43.2,-9.2,0.048061025831858,36577584.0695642,31.5286156910956,0
-42.7,-9.2,0.0219125239888418,2323.93420242765,32.509521054355,0
-42.2,-9.2,0.0219125239888418,2323.93420242765,32.509521054355,0
-41.7,-9.2,0.0254575502059739,8568.74335694773,32.3548422576127,0
-41.2,-9.2,0.0463265859287996,19173810.5239483,31.5337807887422,0
-40.7,-9.2,0.0331725811703022,147755.058419673,32.0213612420482,0
-40.2,-9.2,0.025676293296214,9309.68683127348,32.2986899965397,0
-39.7,-9.2,0.025676293296214,9309.68683127348,32.2986899965397,0
-39.2,-9.2,0.0313277703924106,75346.172771578,32.013838346367,0
-38.7,-9.2,0.0331434187510063,149503.67639271,31.7819322782166,0
-38.2,-9.2,0.043165526877158,6287118.86246145,31.1169268023792,0
-37.7,-9.2,0.0488782637330419,53335904.5044531,30.691822419494,0
-37.2,-9.2,0.0488782637330419,53335904.5044531,30.691822419494,0
-36.7,-9.2,0.0605288977840332,4047745095.16599,29.959210957345,0
-36.2,-9.2,0.0727196217087969,359825577328.014,28.6233746666144,0
-35.7,-9.2,0.0703259711275633,148969409987.61,29.3753252322787,0
-78.7,-8.7,0.0639225541360606,12958587311.6611,24.2781051028506,0
-78.2,-8.7,0.0471817116099117,25732802.0381796,21.604872605094,0
-77.7,-8.7,0.00132034666345866,1.20254908649111,15.1948799662035,0
-77.2,-8.7,0.00132034666345866,1.20254908649111,15.1948799662035,0
-76.7,-8.7,0.0223544678232412,2710.32011551106,18.2205454709797,0
-76.2,-8.7,0.063850710371719,12523163179.9279,24.3112999182024,0
-75.7,-8.7,0.0714397280292051,226961644575.662,29.2235457636819,0
-75.2,-8.7,0.0575501679056445,1326427273.33872,30.7371567057606,0
-74.7,-8.7,0.0575501679056445,1326427273.33872,30.7371567057606,0
-74.2,-8.7,0.0434231401036831,6748139.3381595,31.6342837115568,0
-73.7,-8.7,0.0530110014910111,244414253.712855,31.0108810975377,0
-73.2,-8.7,0.0578732933061036,1536994899.41974,30.4173400845552,0
-72.7,-8.7,0.0572592700060119,1221597365.33068,30.4764130268579,0
-72.2,-8.7,0.0572592700060119,1221597365.33068,30.4764130268579,0
-71.7,-8.7,0.0663622875483927,35394015420.6416,29.4763580353656,0
-71.2,-8.7,0.069348168629726,105233119631.546,29.037475225428,0
-70.7,-8.7,0.0691327104457581,97262693403.0871,29.0352624667657,0
-70.2,-8.7,0.0675185602038889,53915516509.5104,29.1791955073156,0
-69.7,-8.7,0.0675185602038889,53915516509.5104,29.1791955073156,0
-69.2,-8.7,0.0652281212417128,23354633998.0827,29.471276817116,0
-68.7,-8.7,0.0619324726571712,6987829324.74138,29.8173105983977,0
-68.2,-8.7,0.0633197066400949,11620861121.3145,29.7757193960727,0
-67.7,-8.7,0.0663933899384447,35809635819.7198,29.5308392834074,0
-67.2,-8.7,0.0663933899384447,35809635819.7198,29.5308392834074,0
-66.7,-8.7,0.0676507661117077,56750860824.3684,29.4260462481743,0
-66.2,-8.7,0.0671757032420146,47713008335.5474,29.5052062874178,0
-65.7,-8.7,0.0628795774745191,9900221764.80043,29.7279766959952,0
-65.2,-8.7,0.0586379749838098,2081735031.53775,30.0163433687656,0
-64.7,-8.7,0.0586379749838098,2081735031.53775,30.0163433687656,0
-64.2,-8.7,0.0547796803416961,499585947.181945,30.2906945969211,0
-63.7,-8.7,0.0509112892869174,118193606.14563,30.6073332440037,0
-63.2,-8.7,0.0475717912954712,34052253.1841029,30.8288744119789,0
-62.7,-8.7,0.0461146170551264,19760658.0432071,30.929196365666,0
-62.2,-8.7,0.0461146170551264,19760658.0432071,30.929196365666,0
-61.7,-8.7,0.0489500476145818,56697638.2170499,30.7812705853409,0
-61.2,-8.7,0.0515586778142044,152145804.839373,30.4364773866075,0
-60.7,-8.7,0.0530056051424273,259639357.932805,30.3764596553521,0
-60.2,-8.7,0.0545836283701356,464238788.780029,30.3299143165077,0
-59.7,-8.7,0.0545836283701356,464238788.780029,30.3299143165077,0
-59.2,-8.7,0.062710634089263,9289443900.31979,29.8957704629999,0
-58.7,-8.7,0.0722693746113647,307651237410.062,29.3136591470946,0
-58.2,-8.7,0.0688735191174658,88828802212.6227,29.5316852918445,0
-57.7,-8.7,0.0527398481846294,234946127.291703,30.4064113358561,0
-57.2,-8.7,0.0527398481846294,234946127.291703,30.4064113358561,0
-56.7,-8.7,0.0522742872140078,201070614.428919,30.1735402480463,0
-56.2,-8.7,0.0586165320503459,2074833518.11854,29.3927403847667,0
-55.7,-8.7,0.0601198998097442,3589773717.94009,29.2069019594849,0
-55.2,-8.7,0.0550411936552537,559839264.979739,29.882486283312,0
-54.7,-8.7,0.0550411936552537,559839264.979739,29.882486283312,0
-54.2,-8.7,0.0602703859755904,3806504561.41979,29.4415669441171,0
-53.7,-8.7,0.060574713889469,4256953076.75308,29.4160077736815,0
-53.2,-8.7,0.057094293134575,1191955401.45195,29.5829268055274,0
-52.7,-8.7,0.0552024606354479,595668438.927071,29.8517654543138,0
-52.2,-8.7,0.0552024606354479,595668438.927071,29.8517654543138,0
-51.7,-8.7,0.0563779563994213,917258636.898175,29.5406159842673,0
-51.2,-8.7,0.051506290375707,151790339.397594,30.2015592771425,0
-50.7,-8.7,0.0530679771259078,266699480.012909,30.3266737780063,0
-50.2,-8.7,0.0510925823283556,121595073.457124,30.9279682159326,0
-49.7,-8.7,0.0510925823283556,121595073.457124,30.9279682159326,0
-49.2,-8.7,0.0490600958572173,55703819.388461,31.2303364086807,0
-48.7,-8.7,0.0569920026291432,1076541771.69791,30.7454496387053,0
-48.2,-8.7,0.0465210419272294,21465989.6781096,31.4444412595893,0
-47.7,-8.7,0.0401364585746705,1989037.54241808,31.7717724192173,0
-47.2,-8.7,0.0401364585746705,1989037.54241808,31.7717724192173,0
-46.7,-8.7,0.0488604112804328,51721278.2310182,31.2486921916914,0
-46.2,-8.7,0.0465253282175068,21599969.5599863,31.3902186971992,0
-45.7,-8.7,0.0323480104667849,110291.249124324,32.1285007372901,0
-45.2,-8.7,0.0378413896907766,836753.707022106,31.9120082224116,0
-44.7,-8.7,0.0378413896907766,836753.707022106,31.9120082224116,0
-44.2,-8.7,0.0312259266224284,72055.4820006197,32.1976243651028,0
-43.7,-8.7,0.0165349718387257,321.481979134408,32.760709883637,0
-43.2,-8.7,0.0344331814039633,235657.098228801,32.06948760756,0
-42.7,-8.7,0.017368877580348,436.938724164158,32.7012060527091,0
-42.2,-8.7,0.017368877580348,436.938724164158,32.7012060527091,0
-41.7,-8.7,0.0118660707517187,57.7743961456771,32.8987158964065,0
-41.2,-8.7,0.0346863868966629,257711.743465991,32.0297270576301,0
-40.7,-8.7,0.0407444206683494,2429438.37832594,31.7734912459089,0
-40.2,-8.7,0.032132319391482,100842.870649844,32.0905780037435,0
-39.7,-8.7,0.032132319391482,100842.870649844,32.0905780037435,0
-39.2,-8.7,0.0286286276869778,27753.8575154909,32.1793388561965,0
-38.7,-8.7,0.0313024944467594,75110.8937172219,31.9764718818678,0
-38.2,-8.7,0.0403353723228397,2159858.0446544,31.4355127309971,0
-37.7,-8.7,0.0567312982388171,974342547.845502,30.4747122826799,0
-37.2,-8.7,0.0567312982388171,974342547.845502,30.4747122826799,0
-36.7,-8.7,0.0681565965141554,67199612479.9438,29.7028304030093,0
-36.2,-8.7,0.0744283199679049,674042163581.915,28.616161539876,0
-35.7,-8.7,0.0703564641952343,150444733056.35,29.1950637516029,0
-35.2,-8.7,0.0782370591024107,2720021161323.64,28.360174267687,0
-78.7,-8.2,0.0569168776209708,952050990.004423,23.048119867714,0
-78.2,-8.2,0.0131904180962884,93.4973982034682,16.9692263603457,0
-77.7,-8.2,0.00968749485923626,25.8616177200876,16.4401023711536,0
-77.2,-8.2,0.00968749485923626,25.8616177200876,16.4401023711536,0
-76.7,-8.2,0.0459434008239572,16252204.8302899,21.4352525422356,0
-76.2,-8.2,0.0729097958045086,368771177556.809,26.3318977821442,0
-75.7,-8.2,0.066421824692067,35983602214.8448,30.0152565516021,0
-75.2,-8.2,0.051044368437975,116397246.570599,31.1764325608273,0
-74.7,-8.2,0.051044368437975,116397246.570599,31.1764325608273,0
-74.2,-8.2,0.0448201575775461,11331793.5547205,31.574167122307,0
-73.7,-8.2,0.0586477360834856,2012381346.69138,30.5820554711779,0
-73.2,-8.2,0.0628595739475824,9782788520.5575,29.9608620135276,0
-72.7,-8.2,0.0601822139324801,3625631632.19247,30.224280848448,0
-72.2,-8.2,0.0601822139324801,3625631632.19247,30.224280848448,0
-71.7,-8.2,0.0677761968005977,59380342548.2133,29.3894285538464,0
-71.2,-8.2,0.070623283238178,167852021714.397,29.0069244943499,0
-70.7,-8.2,0.0710202518549361,194029785423.891,28.9093562030422,0
-70.2,-8.2,0.0697055678134675,120016439628.094,29.0260343737652,0
-69.7,-8.2,0.0697055678134675,120016439628.094,29.0260343737652,0
-69.2,-8.2,0.0692001123284933,99793415589.5197,29.1224739193767,0
-68.7,-8.2,0.0647545188186109,19641160766.252,29.6008742691289,0
-68.2,-8.2,0.0684424944843173,75735806215.6429,29.3693839684682,0
-67.7,-8.2,0.069610724004507,116161011939.83,29.3222913846648,0
-67.2,-8.2,0.069610724004507,116161011939.83,29.3222913846648,0
-66.7,-8.2,0.0688457258546151,87854795364.611,29.3762135588482,0
-66.2,-8.2,0.068308596937497,72210873838.7397,29.458866869403,0
-65.7,-8.2,0.0667328878515665,40583596618.2258,29.6404896251405,0
-65.2,-8.2,0.0631227923770979,10801341951.9541,29.8714017117373,0
-64.7,-8.2,0.0631227923770979,10801341951.9541,29.8714017117373,0
-64.2,-8.2,0.0581513750090102,1730375302.52969,30.1624320897838,0
-63.7,-8.2,0.0540252607215119,375218080.493083,30.4329839526062,0
-63.2,-8.2,0.0530045051697125,256331544.631513,30.5226061411679,0
-62.7,-8.2,0.0514116022037892,142125928.308464,30.5953577544676,0
-62.2,-8.2,0.0514116022037892,142125928.308464,30.5953577544676,0
-61.7,-8.2,0.053364231845697,296043311.325641,30.3688473766049,0
-61.2,-8.2,0.0573460758800114,1292621336.46798,30.1123664736629,0
-60.7,-8.2,0.0640571237473793,15244603375.9683,29.7672097205827,0
-60.2,-8.2,0.0697289362559124,121569678161.801,29.502472510833,0
-59.7,-8.2,0.0697289362559124,121569678161.801,29.502472510833,0
-59.2,-8.2,0.0758779746086459,1150981878202.81,28.9542471486013,0
-58.7,-8.2,0.0743661565137393,662178512434.162,29.1023618803795,0
-58.2,-8.2,0.0697754274361848,123654961351.598,29.5872002268302,0
-57.7,-8.2,0.0481072210954967,41854573.3245725,30.732922434292,0
-57.2,-8.2,0.0481072210954967,41854573.3245725,30.732922434292,0
-56.7,-8.2,0.0545755289038038,472148004.711295,29.9000091831436,0
-56.2,-8.2,0.056435826670265,934839376.250107,29.6889124076044,0
-55.7,-8.2,0.051733622897763,164920996.340891,30.16877602275,0
-55.2,-8.2,0.0543552073533088,432952760.109926,30.0643096433387,0
-54.7,-8.2,0.0543552073533088,432952760.109926,30.0643096433387,0
-54.2,-8.2,0.0583788373202836,1905845025.78905,29.6363602650517,0
-53.7,-8.2,0.0598662771149741,3284593609.61346,29.4469329177725,0
-53.2,-8.2,0.0571182933182364,1202512194.29414,29.6275344694262,0
-52.7,-8.2,0.0548278537138666,519304077.759377,29.8486373061623,0
-52.2,-8.2,0.0548278537138666,519304077.759377,29.8486373061623,0
-51.7,-8.2,0.0587126957611456,2153401785.95959,29.2995240262219,0
-51.2,-8.2,0.052182014805539,194951716.778849,30.1510877723615,0
-50.7,-8.2,0.055958088851018,782228689.078196,29.9985800344258,0
-50.2,-8.2,0.0502434628469099,89828884.8152473,30.8708882639023,0
-49.7,-8.2,0.0502434628469099,89828884.8152473,30.8708882639023,0
-49.2,-8.2,0.050016503922182,80642021.7159613,31.0728233788431,0
-48.7,-8.2,0.0545989212978005,448288801.647726,30.770725113331,0
-48.2,-8.2,0.0481486795566459,39833304.258291,31.2767154987044,0
-47.7,-8.2,0.0394383535265507,1543042.05369572,31.7847454775679,0
-47.2,-8.2,0.0394383535265507,1543042.05369572,31.7847454775679,0
-46.7,-8.2,0.0415104431888263,3345285.9038469,31.6498600804899,0
-46.2,-8.2,0.042382214371858,4642201.88292177,31.5879366200569,0
-45.7,-8.2,0.0307890979571746,62242.2317587689,32.17201882312,0
-45.2,-8.2,0.0335816331566934,173431.370311297,32.0729622168719,0
-44.7,-8.2,0.0335816331566934,173431.370311297,32.0729622168719,0
-44.2,-8.2,0.0328237803331771,130417.328809413,32.1161792667627,0
-43.7,-8.2,0.0122635817953247,66.8451426309743,32.9533072234375,0
-43.2,-8.2,0.0227867488751651,3212.92230795045,32.5148156935517,0
-42.7,-8.2,0.00407920036462228,3.31569203926993,33.2641295780266,0
-42.2,-8.2,0.00407920036462228,3.31569203926993,33.2641295780266,0
-41.7,-8.2,0.00830647645716587,15.6389291764077,33.0794083854488,0
-41.2,-8.2,0.0185967597949681,685.815900960079,32.6685469074379,0
-40.7,-8.2,0.0484673319092658,42966187.5135222,31.4492763081606,0
-40.2,-8.2,0.0464982018782295,20751879.0370798,31.5025755803986,0
-39.7,-8.2,0.0464982018782295,20751879.0370798,31.5025755803986,0
-39.2,-8.2,0.0415115026802799,3264100.04686819,31.6964935965272,0
-38.7,-8.2,0.0466489155915525,22220112.2594016,31.3615818264697,0
-38.2,-8.2,0.0460407495673093,17786519.2471776,31.3243580159726,0
-37.7,-8.2,0.0507954928695645,104242728.252411,31.0739122696662,0
-37.2,-8.2,0.0507954928695645,104242728.252411,31.0739122696662,0
-36.7,-8.2,0.0662651263752451,32998503623.1965,30.1747885710091,0
-36.2,-8.2,0.0683894310587316,72922997984.1699,29.7287005417122,0
-35.7,-8.2,0.068192036758618,67653510960.9267,29.5240553741584,0
-35.2,-8.2,0.0765222611013667,1453878489593.95,29.0858615699748,0
-79.2,-7.7,0.0662321064518519,30674752782.8042,24.732705504844,0
-78.7,-7.7,0.0643497490701218,15091365356.2219,24.3174906892209,0
-78.2,-7.7,0.0268282858248943,14043.345095693,18.8209638599813,0
-77.7,-7.7,0.0255129864359495,8663.16820283821,18.6321289315566,0
-77.2,-7.7,0.0255129864359495,8663.16820283821,18.6321289315566,0
-76.7,-7.7,0.0725044372956308,316676893704.175,26.1266009218255,0
-76.2,-7.7,0.0772817971363922,1917013546280.8,28.6531569212645,0
-75.7,-7.7,0.0587354373624196,2045825740.06056,30.7419921830465,0
-75.2,-7.7,0.0473965333615181,29760076.8356302,31.4045998260703,0
-74.7,-7.7,0.0473965333615181,29760076.8356302,31.4045998260703,0
-74.2,-7.7,0.0558063844762805,687185629.660053,30.9166984785089,0
-73.7,-7.7,0.0642945695910091,16500641548.8834,30.032621650922,0
-73.2,-7.7,0.0686213020059638,80910680218.6219,29.3802422870379,0
-72.7,-7.7,0.06704895258241,45544150413.2313,29.5973732911636,0
-72.2,-7.7,0.06704895258241,45544150413.2313,29.5973732911636,0
-71.7,-7.7,0.070904026474592,186339899019.501,29.109276383573,0
-71.2,-7.7,0.0731252178262807,418964652049.111,28.7693059216941,0
-70.7,-7.7,0.072655782136781,352801530082.91,28.7879396042122,0
-70.2,-7.7,0.0726239168726417,348950458217.613,28.8747034878913,0
-69.7,-7.7,0.0726239168726417,348950458217.613,28.8747034878913,0
-69.2,-7.7,0.0715321124003049,234089892758.563,28.9541053556313,0
-68.7,-7.7,0.0683530306568076,73251587039.4171,29.3144922735097,0
-68.2,-7.7,0.0702574063355166,147031029992.442,29.1895865378127,0
-67.7,-7.7,0.070278563071083,148252549236.895,29.244489015269,0
-67.2,-7.7,0.070278563071083,148252549236.895,29.244489015269,0
-66.7,-7.7,0.0693159077187441,104327423003.118,29.3501297048618,0
-66.2,-7.7,0.0697898163842365,124173379402.306,29.4231730864798,0
-65.7,-7.7,0.0669592429754857,44097087941.5322,29.6741859962053,0
-65.2,-7.7,0.0635815959315889,12757290966.4473,29.9335906795758,0
-64.7,-7.7,0.0635815959315889,12757290966.4473,29.9335906795758,0
-64.2,-7.7,0.0608899788197687,4737958271.26785,30.0667338987817,0
-63.7,-7.7,0.058245914264527,1788187957.57557,30.1941654725182,0
-63.2,-7.7,0.057224564929216,1223791976.72473,30.2852149394156,0
-62.7,-7.7,0.0577033657522008,1462810176.48605,30.2350368310597,0
-62.2,-7.7,0.0577033657522008,1462810176.48605,30.2350368310597,0
-61.7,-7.7,0.0647955639159616,19957068382.4317,29.7770062147527,0
-61.2,-7.7,0.0635363259060092,12594592497.0987,29.7513163642817,0
-60.7,-7.7,0.063760320783419,13629896543.1985,29.915956187067,0
-60.2,-7.7,0.0738547953224715,549420941597.343,29.1638490260763,0
-59.7,-7.7,0.0738547953224715,549420941597.343,29.1638490260763,0
-59.2,-7.7,0.0777297823143684,2262039242636.57,28.7029535971032,0
-58.7,-7.7,0.0745989357574796,721700815517.979,29.1468604294428,0
-58.2,-7.7,0.0651978407244814,23124065698.5018,29.8290962776225,0
-57.7,-7.7,0.0473182367663532,31242651.1454671,30.7711536266876,0
-57.2,-7.7,0.0473182367663532,31242651.1454671,30.7711536266876,0
-56.7,-7.7,0.0513861270729737,142657579.232632,30.4537399109667,0
-56.2,-7.7,0.0559059217183453,762464583.096525,30.1190830259713,0
-55.7,-7.7,0.055434262471866,640751440.141086,30.135558187186,0
-55.2,-7.7,0.0556361498570083,690497237.381807,30.1227492973846,0
-54.7,-7.7,0.0556361498570083,690497237.381807,30.1227492973846,0
-54.2,-7.7,0.0574355608667669,1347764491.26896,29.828251795037,0
-53.7,-7.7,0.0575649978981326,1415510713.34504,29.7240162567917,0
-53.2,-7.7,0.0572701523074416,1271109495.8116,29.6390569456027,0
-52.7,-7.7,0.0559808833796371,793077229.862863,29.7300678531534,0
-52.2,-7.7,0.0559808833796371,793077229.862863,29.7300678531534,0
-51.7,-7.7,0.0543245757703215,429986990.98469,30.0070570345884,0
-51.2,-7.7,0.0523117079502297,203324474.204445,30.2458345712622,0
-50.7,-7.7,0.0571187087363614,1200639987.90819,29.880078260875,0
-50.2,-7.7,0.0493011323241153,64821823.0904137,30.725081451162,0
-49.7,-7.7,0.0493011323241153,64821823.0904137,30.725081451162,0
-49.2,-7.7,0.0487811981242821,51672967.6925736,31.0289683284977,0
-48.7,-7.7,0.0507378763816935,106168032.457767,31.0099167971123,0
-48.2,-7.7,0.0526848466515406,217606642.514532,30.9632044459684,0
-47.7,-7.7,0.0409228509875623,2686495.00516226,31.6977173708559,0
-47.2,-7.7,0.0409228509875623,2686495.00516226,31.6977173708559,0
-46.7,-7.7,0.0437288010613943,7697868.20791327,31.5031090388524,0
-46.2,-7.7,0.0401104619625423,2002246.78142534,31.6871151253773,0
-45.7,-7.7,0.0261801426078089,11349.4648562407,32.3696854770977,0
-45.2,-7.7,0.0214806483192664,1990.03172923234,32.5898120733241,0
-44.7,-7.7,0.0214806483192664,1990.03172923234,32.5898120733241,0
-44.2,-7.7,0.0263814092958282,12106.9545896038,32.3733263394592,0
-43.7,-7.7,0.0125535588108149,74.3869225198363,32.9666545026415,0
-43.2,-7.7,0.016410071636916,307.43131008268,32.7891253248655,0
-42.7,-7.7,0.00565196382977689,5.90191838868475,33.2650073221237,0
-42.2,-7.7,0.00565196382977689,5.90191838868475,33.2650073221237,0
-41.7,-7.7,0.00231214225781287,1.73318315634546,33.4025011473766,0
-41.2,-7.7,0.0134719459992406,104.297757567998,32.9222620396358,0
-40.7,-7.7,0.0571052989013217,1093042030.0539,30.9335722309702,0
-40.2,-7.7,0.0704475696540094,158269819933.39,29.6318866237362,0
-39.7,-7.7,0.0704475696540094,158269819933.39,29.6318866237362,0
-39.2,-7.7,0.072482415491032,332992294186.651,29.1883619715899,0
-38.7,-7.7,0.0476602159804473,32423491.1275802,31.337920216313,0
-38.2,-7.7,0.0433766584062364,6512934.64520847,31.585043543603,0
-37.7,-7.7,0.0521175618509197,167365405.992341,31.1848287754819,0
-37.2,-7.7,0.0521175618509197,167365405.992341,31.1848287754819,0
-36.7,-7.7,0.0594183877724715,2536984408.90211,30.7777343420476,0
-36.2,-7.7,0.0617131376209463,6081614246.47291,30.3750276856214,0
-35.7,-7.7,0.0600940831009117,3383373507.58858,30.2001170165678,0
-35.2,-7.7,0.0707889579957581,175922566690.934,29.7559235101723,0
-79.2,-7.2,0.0738519257016859,525812891537.428,26.4198559688893,0
-78.7,-7.2,0.0338944668900791,189766.218960081,19.7777719212747,0
-78.2,-7.2,0.0325325626075931,114851.406787776,19.5772828836552,0
-77.7,-7.2,0.0296884462332607,40312.632296186,19.189842878559,0
-77.2,-7.2,0.0296884462332607,40312.632296186,19.189842878559,0
-76.7,-7.2,0.0779423147559083,2427506745065.31,28.1030622163202,0
-76.2,-7.2,0.0748478663372596,791045792759.877,29.4675634674624,0
-75.7,-7.2,0.0678897683663124,61469827485.4005,30.0504163033684,0
-75.2,-7.2,0.0505043362866753,94785433.7770014,31.2518348831257,0
-74.7,-7.2,0.0505043362866753,94785433.7770014,31.2518348831257,0
-74.2,-7.2,0.0633686932077586,11582292262.5554,30.3079247127354,0
-73.7,-7.2,0.0691665188129353,98844122507.1145,29.4912027960137,0
-73.2,-7.2,0.0721264827190019,291395503226.365,29.041554682191,0
-72.7,-7.2,0.0717971364501656,258382446882.38,29.1206048681473,0
-72.2,-7.2,0.0717971364501656,258382446882.38,29.1206048681473,0
-71.7,-7.2,0.0738286924370065,542619428218.183,28.8910685420248,0
-71.2,-7.2,0.0747012468656823,746058594213.171,28.7484655182286,0
-70.7,-7.2,0.0770346967766493,1750007717257.67,28.6035550414699,0
-70.2,-7.2,0.0773406518721806,1957558945949.23,28.6235455706388,0
-69.7,-7.2,0.0773406518721806,1957558945949.23,28.6235455706388,0
-69.2,-7.2,0.0768263460074724,1622366327089.4,28.65835232269,0
-68.7,-7.2,0.0727613042090804,367393127346.964,29.0413434734368,0
-68.2,-7.2,0.0711845405955558,206424825934.468,29.1670699604806,0
-67.7,-7.2,0.070365920189774,153082971771.989,29.2675368093723,0
-67.2,-7.2,0.070365920189774,153082971771.989,29.2675368093723,0
-66.7,-7.2,0.0693341515364192,105004486376.995,29.3686884706885,0
-66.2,-7.2,0.0715183175016099,233635919163.147,29.3418311825022,0
-65.7,-7.2,0.0680559625468935,65861340383.2169,29.6183796857075,0
-65.2,-7.2,0.0649534071224131,21118121541.2539,29.8569121405824,0
-64.7,-7.2,0.0649534071224131,21118121541.2539,29.8569121405824,0
-64.2,-7.2,0.0636220318249665,12940117900.8713,29.9440732505787,0
-63.7,-7.2,0.0623153457740086,8010134644.84208,29.9748057724379,0
-63.2,-7.2,0.0614485828082015,5824818878.68487,30.0281934237739,0
-62.7,-7.2,0.0644603104728275,17627519212.9027,29.8760438691426,0
-62.2,-7.2,0.0644603104728275,17627519212.9027,29.8760438691426,0
-61.7,-7.2,0.0712018058768724,208338809375.631,29.4656008918763,0
-61.2,-7.2,0.0730025289008688,402619413363.073,29.2947245546321,0
-60.7,-7.2,0.072798204970636,373549956348.048,29.3134171398329,0
-60.2,-7.2,0.0759554869654338,1184510242267.4,29.0137471917004,0
-59.7,-7.2,0.0759554869654338,1184510242267.4,29.0137471917004,0
-59.2,-7.2,0.076239025722594,1313247507624.43,28.910025742193,0
-58.7,-7.2,0.0759418722345515,1179566881306.59,29.0795260312389,0
-58.2,-7.2,0.068231026527329,70267891831.093,29.4803846667854,0
-57.7,-7.2,0.0495574418713701,71917576.1137943,30.6300834119944,0
-57.2,-7.2,0.0495574418713701,71917576.1137943,30.6300834119944,0
-56.7,-7.2,0.052648191606334,226245464.723787,30.4643203015167,0
-56.2,-7.2,0.0575861761859739,1408026078.96751,30.1566966430748,0
-55.7,-7.2,0.0552915971395249,600982549.442838,30.3337087509295,0
-55.2,-7.2,0.055988631944144,782371550.7163,30.2012321981564,0
-54.7,-7.2,0.055988631944144,782371550.7163,30.2012321981564,0
-54.2,-7.2,0.0565433171068297,966411265.30136,30.0357195001383,0
-53.7,-7.2,0.0560846237805693,820743707.391399,29.9149026501271,0
-53.2,-7.2,0.055364683782275,630984425.925166,29.8880359781618,0
-52.7,-7.2,0.054372588111192,438153725.041596,29.9604154685138,0
-52.2,-7.2,0.054372588111192,438153725.041596,29.9604154685138,0
-51.7,-7.2,0.0507239617097928,112617155.908929,30.3833072016396,0
-51.2,-7.2,0.0517587641863276,165229292.405131,30.3215462200201,0
-50.7,-7.2,0.0552155348600567,595092566.508143,30.0393827068693,0
-50.2,-7.2,0.0471166348573902,28608869.8216431,30.9000368248845,0
-49.7,-7.2,0.0471166348573902,28608869.8216431,30.9000368248845,0
-49.2,-7.2,0.0455576842842016,15618124.0777342,31.1810164336662,0
-48.7,-7.2,0.0460290150165541,18304470.6909732,31.2807274473397,0
-48.2,-7.2,0.0492453780236461,60760958.4292852,31.1050955164272,0
-47.7,-7.2,0.0423719291746704,4637607.59654137,31.5854708894092,0
-47.2,-7.2,0.0423719291746704,4637607.59654137,31.5854708894092,0
-46.7,-7.2,0.0455299090073308,15127062.4164342,31.3809648053118,0
-46.2,-7.2,0.0507500513918989,106058179.346803,31.075047640613,0
-45.7,-7.2,0.0378685689154371,867843.397736439,31.7974451247252,0
-45.2,-7.2,0.029032486289318,32519.7073283659,32.2274769807259,0
-44.7,-7.2,0.029032486289318,32519.7073283659,32.2274769807259,0
-44.2,-7.2,0.0263885237710852,12215.3223811495,32.3426487775705,0
-43.7,-7.2,0.0195758498133192,990.230076105192,32.6500630644433,0
-43.2,-7.2,0.0118432242636193,57.3802242672609,33.0211431216303,0
-42.7,-7.2,0.00684167468205167,9.13546195971555,33.267564245821,0
-42.2,-7.2,0.00684167468205167,9.13546195971555,33.267564245821,0
-41.7,-7.2,0.014300149488772,141.716855239638,32.9063487535876,0
-41.2,-7.2,0.0262967992626149,11797.557549601,32.3915077354762,0
-40.7,-7.2,0.0521709016781039,175298558.332379,31.1624444102944,0
-40.2,-7.2,0.0557973052749044,687331095.011757,30.8273506839637,0
-39.7,-7.2,0.0557973052749044,687331095.011757,30.8273506839637,0
-39.2,-7.2,0.047614821876111,32585839.4046517,31.2155419492907,0
-38.7,-7.2,0.0315880541052656,82837.9199370872,32.1199776713155,0
-38.2,-7.2,0.0176644456999268,485.567863402766,32.7404005660503,0
-37.7,-7.2,0.0168726334023137,362.943388793158,32.749972680478,0
-37.2,-7.2,0.0168726334023137,362.943388793158,32.749972680478,0
-36.7,-7.2,0.0462264802003109,18607470.7046412,31.4723630430376,0
-36.2,-7.2,0.066636173059091,37833031953.3151,30.0592543007029,0
-35.7,-7.2,0.0607457171496669,4300354247.19334,30.1867037096025,0
-35.2,-7.2,0.072754839874612,362046283438.512,29.7312100008191,0
-79.7,-6.7,0.0756604374181134,1052013543297.45,27.8101032232404,0
-79.2,-6.7,0.0770996129079164,1768054987620.59,27.494334281485,0
-78.7,-6.7,0.0435804922176172,6773940.22812669,21.0995581489631,0
-78.2,-6.7,0.0447133990059198,10304815.8126081,21.2468114585628,0
-77.7,-6.7,0.0352692332654764,314991.067380224,19.9422830019244,0
-77.2,-6.7,0.0352692332654764,314991.067380224,19.9422830019244,0
-76.7,-6.7,0.0714174678989997,211082090330.913,25.8427805728374,0
-76.2,-6.7,0.0754484944800386,984303547536.637,29.2005570182134,0
-75.7,-6.7,0.0676707186087829,56772327283.9702,30.0319003235586,0
-75.2,-6.7,0.0576350846653264,1356646294.26638,30.8188023466058,0
-74.7,-6.7,0.0576350846653264,1356646294.26638,30.8188023466058,0
-74.2,-6.7,0.0682269027338353,69837812198.5232,29.9497657585136,0
-73.7,-6.7,0.0748017515946952,776156845710.473,29.0191483909354,0
-73.2,-6.7,0.0760347816959324,1216158377858.34,28.7572984202091,0
-72.7,-6.7,0.0762202444931559,1300461381655.68,28.7208299614545,0
-72.2,-6.7,0.0762202444931559,1300461381655.68,28.7208299614545,0
-71.7,-6.7,0.0763344063270718,1355310669729.21,28.6866986304044,0
-71.2,-6.7,0.0753434950797701,943426794577.1,28.7098734523795,0
-70.7,-6.7,0.0780255947571805,2512201230866.79,28.4570464590405,0
-70.2,-6.7,0.0781734753287804,2652207464818.13,28.4672998035824,0
-69.7,-6.7,0.0781734753287804,2652207464818.13,28.4672998035824,0
-69.2,-6.7,0.0782154264773609,2695387680419.45,28.5117944210304,0
-68.7,-6.7,0.0774822499719429,2065140311049.32,28.7200759754423,0
-68.2,-6.7,0.0758851050583655,1152515465151.27,28.953317044021,0
-67.7,-6.7,0.0718231811227525,260961556505.532,29.2013398436835,0
-67.2,-6.7,0.0718231811227525,260961556505.532,29.2013398436835,0
-66.7,-6.7,0.0713123244924118,216551273147.847,29.2778155608331,0
-66.2,-6.7,0.071883218442472,267053551046.414,29.3394768370287,0
-65.7,-6.7,0.0702556129217558,147331813677.549,29.5145086290695,0
-65.2,-6.7,0.0680053017986489,64670521747.1565,29.7172022042394,0
-64.7,-6.7,0.0680053017986489,64670521747.1565,29.7172022042394,0
-64.2,-6.7,0.0663921870020196,35767273492.0222,29.8451918780218,0
-63.7,-6.7,0.0660595972437339,31677689747.8841,29.8026463433428,0
-63.2,-6.7,0.066802917058421,41647675515.0304,29.7247463404574,0
-62.7,-6.7,0.0706425244529758,169829631426.851,29.5389912036803,0
-62.2,-6.7,0.0706425244529758,169829631426.851,29.5389912036803,0
-61.7,-6.7,0.0746559097335577,737365996964.79,29.2813475523123,0
-61.2,-6.7,0.0751484996945249,882912788345.265,29.2167866879807,0
-60.7,-6.7,0.0742250128645845,629752177131.115,29.2650019302144,0
-60.2,-6.7,0.069761640547597,123017256171.976,29.4637604328273,0
-59.7,-6.7,0.069761640547597,123017256171.976,29.4637604328273,0
-59.2,-6.7,0.0709279075898354,188401762028.658,29.3255284023756,0
-58.7,-6.7,0.0766916472745737,1550636591026.02,28.9677751858279,0
-58.2,-6.7,0.0704071321093523,155789650328.504,29.4461162948685,0
-57.7,-6.7,0.0529769972580233,253896360.039216,30.5224062008712,0
-57.2,-6.7,0.0529769972580233,253896360.039216,30.5224062008712,0
-56.7,-6.7,0.0551031784325468,561330936.850041,30.3328665169732,0
-56.2,-6.7,0.056330482140442,882626488.070804,30.2839082806789,0
-55.7,-6.7,0.053632453649358,322025033.724597,30.5469600787724,0
-55.2,-6.7,0.0548183682120238,501814621.500635,30.4299478449688,0
-54.7,-6.7,0.0548183682120238,501814621.500635,30.4299478449688,0
-54.2,-6.7,0.0548242676485892,511276818.286396,30.1874852208743,0
-53.7,-6.7,0.0563853041575955,914134130.968068,29.9826078852357,0
-53.2,-6.7,0.0553033881961276,615988087.44228,29.943805543135,0
-52.7,-6.7,0.0539669515356713,376554381.354211,30.040454912873,0
-52.2,-6.7,0.0539669515356713,376554381.354211,30.040454912873,0
-51.7,-6.7,0.0523697371411471,208088991.187956,30.2134563222021,0
-51.2,-6.7,0.0506834987140184,111124236.922111,30.3642570849057,0
-50.7,-6.7,0.0495115159843877,71183330.5043546,30.5451302408059,0
-50.2,-6.7,0.0474125828891199,32189137.1411283,30.8012450254749,0
-49.7,-6.7,0.0474125828891199,32189137.1411283,30.8012450254749,0
-49.2,-6.7,0.0436228059836215,7639386.25222136,31.2288814756453,0
-48.7,-6.7,0.0405056899309795,2343956.21924801,31.5583729898844,0
-48.2,-6.7,0.0407272602368912,2532982.11592276,31.5999211258253,0
-47.7,-6.7,0.0344156726893402,241218.598216357,31.9885480466787,0
-47.2,-6.7,0.0344156726893402,241218.598216357,31.9885480466787,0
-46.7,-6.7,0.0382659754981196,1010832.33139555,31.7766463183749,0
-46.2,-6.7,0.0408167535418949,2623222.83919506,31.5984184476494,0
-45.7,-6.7,0.0492197474418944,59961424.5771603,31.1410887865143,0
-45.2,-6.7,0.0435695479553844,7331488.35387865,31.4074202056915,0
-44.7,-6.7,0.0435695479553844,7331488.35387865,31.4074202056915,0
-44.2,-6.7,0.0406566529347643,2468898.99116042,31.5810636311461,0
-43.7,-6.7,0.0353087661600999,338477.727519835,31.8245978958108,0
-43.2,-6.7,0.0188647913868991,764.889762125871,32.6645933139586,0
-42.7,-6.7,0.0126253253460041,76.7146594588751,32.9924949433422,0
-42.2,-6.7,0.0126253253460041,76.7146594588751,32.9924949433422,0
-41.7,-6.7,0.0156069201905258,229.666190021313,32.8496164581087,0
-41.2,-6.7,0.0353596320983063,339555.264343941,31.9462377418181,0
-40.7,-6.7,0.054620117212316,437877744.454562,31.0070231481057,0
-40.2,-6.7,0.0423472378639838,4549248.45506468,31.5476947643788,0
-39.7,-6.7,0.0423472378639838,4549248.45506468,31.5476947643788,0
-39.2,-6.7,0.0251083402572981,7579.17592710593,32.402055500764,0
-38.7,-6.7,0.0232875110067356,3858.56946735051,32.4864078849237,0
-38.2,-6.7,0.0235501898055483,4241.75591756951,32.4800630530472,0
-37.7,-6.7,0.001364510230226,1.2219027205545,33.4700154428072,0
-37.2,-6.7,0.001364510230226,1.2219027205545,33.4700154428072,0
-36.7,-6.7,0.019104294200002,823.342148903376,32.6550950311046,0
-36.2,-6.7,0.0636128926396294,12237404052.5352,30.3409362826477,0
-35.7,-6.7,0.0599652841438202,3181712203.11955,30.4109325041852,0
-35.2,-6.7,0.0787942341716694,3350369945440.07,29.0809037282992,0
-80.7,-6.2,0.0655726405890591,25934872543.4481,29.1546936736498,0
-80.2,-6.2,0.0677943396706237,56624509146.6504,30.4143907277553,0
-79.7,-6.2,0.0677943396706237,56624509146.6504,30.4143907277553,0
-79.2,-6.2,0.0724634407992371,311299803566.876,26.019570273685,0
-78.7,-6.2,0.0743329180144626,625681459178.371,26.5533757095236,0
-78.2,-6.2,0.0532300097407259,241102541.304159,22.4843859141129,0
-77.7,-6.2,0.0442397661379987,8653383.41874171,21.1737194826121,0
-77.2,-6.2,0.0442397661379987,8653383.41874171,21.1737194826121,0
-76.7,-6.2,0.0734480281039276,450248870156.85,26.3995854441145,0
-76.2,-6.2,0.0741253625083608,606943646479.394,29.3255271202617,0
-75.7,-6.2,0.067218664490275,47937748654.0555,30.1206043757446,0
-75.2,-6.2,0.0674906046244565,52768929329.7995,30.1903928851106,0
-74.7,-6.2,0.0674906046244565,52768929329.7995,30.1903928851106,0
-74.2,-6.2,0.0759266237962797,1174438802966.03,29.3564374143924,0
-73.7,-6.2,0.0786711586514749,3189462555735.64,28.5806147650075,0
-73.2,-6.2,0.078602046470328,3103760540489.78,28.4313912226347,0
-72.7,-6.2,0.0786205552979248,3122747089402.37,28.4065388956533,0
-72.2,-6.2,0.0786205552979248,3122747089402.37,28.4065388956533,0
-71.7,-6.2,0.0782317429580966,2711788054949.32,28.5347596474836,0
-71.2,-6.2,0.0766701027336024,1533701969779.18,28.7146116189261,0
-70.7,-6.2,0.0769591257506897,1704320189204.23,28.6490537197492,0
-70.2,-6.2,0.0785063257537876,2991666396255.2,28.3019308254291,0
-69.7,-6.2,0.0785063257537876,2991666396255.2,28.3019308254291,0
-69.2,-6.2,0.078394962136597,2878340166665.84,28.4646633499722,0
-68.7,-6.2,0.0774290489662836,2025522403546.46,28.6775462170939,0
-68.2,-6.2,0.0778162835222684,2333589132950.98,28.7256718905739,0
-67.7,-6.2,0.0758421036360763,1135059675973.47,28.9666044244156,0
-67.2,-6.2,0.0758421036360763,1135059675973.47,28.9666044244156,0
-66.7,-6.2,0.0725478527775345,340384013175.904,29.2057083118917,0
-66.2,-6.2,0.0727214168472821,362942270414.888,29.2712899671467,0
-65.7,-6.2,0.074066126832867,593874686777.445,29.2591420542766,0
-65.2,-6.2,0.0733868918639851,463503268726.185,29.4133914498369,0
-64.7,-6.2,0.0733868918639851,463503268726.185,29.4133914498369,0
-64.2,-6.2,0.0722337498258685,304012374884.035,29.5423742578214,0
-63.7,-6.2,0.0716483694572764,245415779283.701,29.6076013659414,0
-63.2,-6.2,0.0707335729568812,175620625001.016,29.5978554453522,0
-62.7,-6.2,0.0710100342366848,194323039209.503,29.6150393575779,0
-62.2,-6.2,0.0710100342366848,194323039209.503,29.6150393575779,0
-61.7,-6.2,0.076189976010476,1292342500763.8,29.1964836999037,0
-61.2,-6.2,0.0756337891101035,1054700326974.9,29.2292983162816,0
-60.7,-6.2,0.0749416705425149,818588297748.63,29.2446690658893,0
-60.2,-6.2,0.070159269361095,142297598730.362,29.4829430222731,0
-59.7,-6.2,0.070159269361095,142297598730.362,29.4829430222731,0
-59.2,-6.2,0.0721260931351559,292175873506.243,29.3316619810456,0
-58.7,-6.2,0.0734639685681109,476657473186.986,29.2655560552099,0
-58.2,-6.2,0.0737619241066033,531345750698.14,29.175929694136,0
-57.7,-6.2,0.0584041063434494,1900149113.19517,30.1536728624911,0
-57.2,-6.2,0.0584041063434494,1900149113.19517,30.1536728624911,0
-56.7,-6.2,0.0540099104910267,374608205.616217,30.3883404820296,0
-56.2,-6.2,0.053846517365248,350768474.072002,30.4649547743648,0
-55.7,-6.2,0.056157072541707,827971167.116141,30.2904907399194,0
-55.2,-6.2,0.05558537368126,667944704.759404,30.3650981563726,0
-54.7,-6.2,0.05558537368126,667944704.759404,30.3650981563726,0
-54.2,-6.2,0.0523738257374501,203441418.174577,30.5284275615681,0
-53.7,-6.2,0.0553519271450326,622731860.252319,30.1188483744843,0
-53.2,-6.2,0.0558157931298236,744386176.092371,29.8775034216896,0
-52.7,-6.2,0.0531916826085145,282381061.729965,30.1214514245775,0
-52.2,-6.2,0.0531916826085145,282381061.729965,30.1214514245775,0
-51.7,-6.2,0.0537695120068276,349825945.956962,30.0756290924465,0
-51.2,-6.2,0.0534233431521889,307995440.5294,30.0963840284208,0
-50.7,-6.2,0.0568020386065081,1069629621.85926,29.872291465241,0
-50.2,-6.2,0.0498440311265424,80710269.6664984,30.5163996865487,0
-49.7,-6.2,0.0498440311265424,80710269.6664984,30.5163996865487,0
-49.2,-6.2,0.042901862395042,5846466.00068318,31.2490853510656,0
-48.7,-6.2,0.0408995367578892,2752496.0944048,31.4284849778335,0
-48.2,-6.2,0.0378986266110179,885269.817725071,31.7413191434319,0
-47.7,-6.2,0.0286034238492738,27979.3281177396,32.280145886234,0
-47.2,-6.2,0.0286034238492738,27979.3281177396,32.280145886234,0
-46.7,-6.2,0.0296889453528266,41664.2353953007,32.2344355313249,0
-46.2,-6.2,0.0303238498792448,53305.5708003543,32.0861078404259,0
-45.7,-6.2,0.0339359325877045,204176.275614215,31.8665862816405,0
-45.2,-6.2,0.0343316389001796,236863.242623117,31.8417682491313,0
-44.7,-6.2,0.0343316389001796,236863.242623117,31.8417682491313,0
-44.2,-6.2,0.040810584769915,2644132.98174912,31.4855119443936,0
-43.7,-6.2,0.0399479259612058,1937972.46849508,31.4415883563004,0
-43.2,-6.2,0.0268205706374008,14615.3594709831,32.1833681350394,0
-42.7,-6.2,0.0179647185678902,549.411326990769,32.7057663862666,0
-42.2,-6.2,0.0179647185678902,549.411326990769,32.7057663862666,0
-41.7,-6.2,0.00571518707690615,6.04251146890915,33.3861774637064,0
-41.2,-6.2,0.0326827801791552,126261.722198328,32.0319732252593,0
-40.7,-6.2,0.0527839918667685,222218864.043158,31.0477422899263,0
-40.2,-6.2,0.0474361947507738,30439980.9315119,31.2618858299665,0
-39.7,-6.2,0.0474361947507738,30439980.9315119,31.2618858299665,0
-39.2,-6.2,0.0272110140631043,16483.0112491395,32.2852385024173,0
-38.7,-6.2,0.018428107068048,642.901764507518,32.709402523743,0
-38.2,-6.2,0.0169434259515833,372.03709719373,32.7706923951939,0
-37.7,-6.2,-0.00309137172453225,0.238647095652914,33.6910677057467,0
-37.2,-6.2,-0.00309137172453225,0.238647095652914,33.6910677057467,0
-36.7,-6.2,0.0101753313867065,30.9588206247659,33.0265245034669,0
-36.2,-6.2,0.0512784218094648,122119334.141918,31.1699890612739,0
-35.7,-6.2,0.0564040078111632,829096101.969202,30.8477834373699,0
-35.2,-6.2,0.0785010043347094,2988975117942.24,28.2062473105587,0
-80.7,-5.7,0.0562527249737785,777204123.532733,30.8991534868168,0
-80.2,-5.7,0.0675091996135493,50042648844.4146,30.6961223163793,0
-79.7,-5.7,0.0675091996135493,50042648844.4146,30.6961223163793,0
-79.2,-5.7,0.0671553024573863,42965448447.4927,24.8436327333841,0
-78.7,-5.7,0.0764800876600854,1399415803544.46,27.2826525661564,0
-78.2,-5.7,0.0644809588637028,15818294857.209,24.3530061212327,0
-77.7,-5.7,0.0676299702960838,51140675247.5818,24.9685125311621,0
-77.2,-5.7,0.0676299702960838,51140675247.5818,24.9685125311621,0
-76.7,-5.7,0.077446603403699,2025206738460.06,28.2772524778698,0
-76.2,-5.7,0.0699262777581247,130343546505.159,29.8739866827272,0
-75.7,-5.7,0.0705651057456155,164805463408.55,29.847130534214,0
-75.2,-5.7,0.0725706480342826,343843337919.23,29.7885591115634,0
-74.7,-5.7,0.0725706480342826,343843337919.23,29.7885591115634,0
-74.2,-5.7,0.0789247073514148,3507024559347.02,28.7901321573544,0
-73.7,-5.7,0.0787778834968346,3306865410166.53,28.3134686901761,0
-73.2,-5.7,0.0786656368385504,3171322859663.06,28.2464087062742,0
-72.7,-5.7,0.0785996786876486,3093603886177.52,28.2110991717388,0
-72.2,-5.7,0.0785996786876486,3093603886177.52,28.2110991717388,0
-71.7,-5.7,0.0786040073878699,3098111720366.21,28.2205989129239,0
-71.2,-5.7,0.0786297540269416,3126669928629.02,28.2408778784196,0
-70.7,-5.7,0.0787027222433821,3214337445010.74,28.2671751174926,0
-70.2,-5.7,0.0785549548376928,3043361940955.55,28.2003684927079,0
-69.7,-5.7,0.0785549548376928,3043361940955.55,28.2003684927079,0
-69.2,-5.7,0.078661663659685,3167777512693.59,28.2563683771014,0
-68.7,-5.7,0.0788060928225871,3343901384255.8,28.3733203479288,0
-68.2,-5.7,0.0787908927974033,3329470722618.58,28.5100821604274,0
-67.7,-5.7,0.0787697877605151,3307104952745.93,28.6336016431746,0
-67.2,-5.7,0.0787697877605151,3307104952745.93,28.6336016431746,0
-66.7,-5.7,0.0777009801697445,2240450205535.35,28.8501335698354,0
-66.2,-5.7,0.0778631151370067,2379602655344.6,28.9146853462571,0
-65.7,-5.7,0.0774047956847119,2012621368860.82,28.9581102329839,0
-65.2,-5.7,0.0781479386186106,2641374365609.06,28.9410213467382,0
-64.7,-5.7,0.0781479386186106,2641374365609.06,28.9410213467382,0
-64.2,-5.7,0.0778266174702244,2350269882261.92,29.0449503206082,0
-63.7,-5.7,0.069693088631854,119030467675.764,30.0423939664938,0
-63.2,-5.7,0.0506410668686887,100768071.505481,31.1722995453796,0
-62.7,-5.7,0.0646369650133766,18513662976.6389,30.2343386336187,0
-62.2,-5.7,0.0646369650133766,18513662976.6389,30.2343386336187,0
-61.7,-5.7,0.0769755536070599,1722225607098.61,29.1516007890885,0
-61.2,-5.7,0.0754846437859878,998746029602.115,29.248946371654,0
-60.7,-5.7,0.0741505555491649,612901152173.228,29.2779761241064,0
-60.2,-5.7,0.0701423124887454,141439079277.228,29.5132261258651,0
-59.7,-5.7,0.0701423124887454,141439079277.228,29.5132261258651,0
-59.2,-5.7,0.0685806292572963,79869538632.5772,29.5701111928357,0
-58.7,-5.7,0.0680130448363333,64881076899.0024,29.5657335532648,0
-58.2,-5.7,0.0669226909444279,43511006650.3641,29.4553641749907,0
-57.7,-5.7,0.0624871771684993,8582448778.34163,29.7321900655071,0
-57.2,-5.7,0.0624871771684993,8582448778.34163,29.7321900655071,0
-56.7,-5.7,0.0587173996309517,2136661387.7189,30.1086309499547,0
-56.2,-5.7,0.0538934844514226,356881844.50887,30.4647908599026,0
-55.7,-5.7,0.0565815539836522,971524038.902723,30.2209645107629,0
-55.2,-5.7,0.0550807449031401,555999618.544248,30.3505903932664,0
-54.7,-5.7,0.0550807449031401,555999618.544248,30.3505903932664,0
-54.2,-5.7,0.0510633480690383,123971466.237514,30.697632264474,0
-53.7,-5.7,0.0521684847791297,190344832.230691,30.4281964110266,0
-53.2,-5.7,0.0517764455829862,166883286.381718,30.2581365011216,0
-52.7,-5.7,0.0514614436051119,148784753.992913,30.2560534010248,0
-52.2,-5.7,0.0514614436051119,148784753.992913,30.2560534010248,0
-51.7,-5.7,0.0494641121785532,71029960.7607025,30.3790148369961,0
-51.2,-5.7,0.0493520843101148,68083941.4199511,30.3976583393535,0
-50.7,-5.7,0.0501079894249977,89943879.8174444,30.3750425712217,0
-50.2,-5.7,0.0470468462842781,28171270.8926016,30.8046430258894,0
-49.7,-5.7,0.0470468462842781,28171270.8926016,30.8046430258894,0
-49.2,-5.7,0.0455311119383935,15730943.2167597,31.0364886149516,0
-48.7,-5.7,0.0410375088170412,2870974.51693922,31.4889143609176,0
-48.2,-5.7,0.0371203142399053,657783.006365855,31.8331487822341,0
-47.7,-5.7,0.034251963441057,227320.279593129,31.9646292014634,0
-47.2,-5.7,0.034251963441057,227320.279593129,31.9646292014634,0
-46.7,-5.7,0.0402169020467704,2119498.76759827,31.5238891249019,0
-46.2,-5.7,0.0299168335633902,45802.7531561994,32.0843746131142,0
-45.7,-5.7,0.0293399234659929,36858.4567120313,32.1302399925291,0
-45.2,-5.7,0.0310426247697131,69697.9983095843,31.9982003400174,0
-44.7,-5.7,0.0310426247697131,69697.9983095843,31.9982003400174,0
-44.2,-5.7,0.0358433394902404,419514.762624351,31.6530426097013,0
-43.7,-5.7,0.0361218571509873,467488.767481891,31.5972887538444,0
-43.2,-5.7,0.0326444726995954,127668.224013756,31.813753493053,0
-42.7,-5.7,0.0178689805434842,527.83113363517,32.77129673988,0
-42.2,-5.7,0.0178689805434842,527.83113363517,32.77129673988,0
-41.7,-5.7,0.00385126229422627,3.04196796980395,33.5819613773393,0
-41.2,-5.7,0.0298871314315048,44977.9816156127,32.1003375656621,0
-40.7,-5.7,0.039112818005076,1362630.4564577,31.7362759262371,0
-40.2,-5.7,0.051393482271754,131837784.89044,31.0715139560419,0
-39.7,-5.7,0.051393482271754,131837784.89044,31.0715139560419,0
-39.2,-5.7,0.0197188079550972,1035.53033161982,32.6414046011335,0
-38.7,-5.7,0.00322993396702642,2.42074114568443,33.4113331873321,0
-38.2,-5.7,-0.0035039436746774,0.205189306131858,33.7123641519636,0
-37.7,-5.7,-0.00921220585010029,0.0253612376691057,33.9582751531227,0
-37.2,-5.7,-0.00921220585010029,0.0253612376691057,33.9582751531227,0
-36.7,-5.7,-0.000431686591894727,0.633262632002522,33.4351026671212,0
-36.2,-5.7,0.0389139201389946,1230716.28129492,31.8164541202345,0
-35.7,-5.7,0.067536532797345,51493525747.0843,30.4312136830937,0
-35.2,-5.7,0.0773080553909854,1911669441271.27,27.5836996361254,0
-80.7,-5.2,0.0494115403664811,59930564.929269,31.4093461130933,0
-80.2,-5.2,0.079322479101177,4060244339027.83,28.8353732119902,0
-79.7,-5.2,0.079322479101177,4060244339027.83,28.8353732119902,0
-79.2,-5.2,0.0512662369603024,116874191.127837,22.1824061217052,0
-78.7,-5.2,0.068075628388159,60545850855.327,25.0727159366652,0
-78.2,-5.2,0.078213233537298,2706905492497.72,29.0471293297683,0
-77.7,-5.2,0.0778475743518165,2360235609791.25,28.8349790548002,0
-77.2,-5.2,0.0778475743518165,2360235609791.25,28.8349790548002,0
-76.7,-5.2,0.0676533039078837,56123655857.2508,30.1475021514721,0
-76.2,-5.2,0.0669298423659763,43070518692.4845,30.1489041217589,0
-75.7,-5.2,0.0693520079442507,105724074978.546,29.8492475025039,0
-75.2,-5.2,0.0723655524537818,319263109945.933,29.6684511556036,0
-74.7,-5.2,0.0723655524537818,319263109945.933,29.6684511556036,0
-74.2,-5.2,0.0789009928631749,3470719348021.96,28.5913660691073,0
-73.7,-5.2,0.0787471533096415,3268456933042.02,28.2755169575445,0
-73.2,-5.2,0.0786300713257392,3129271776566.23,28.2059178853567,0
-72.7,-5.2,0.0786035370518593,3098793069595.39,28.1925988447869,0
-72.2,-5.2,0.0786035370518593,3098793069595.39,28.1925988447869,0
-71.7,-5.2,0.0786055277943202,3100184186146.76,28.1955740935533,0
-71.2,-5.2,0.0786468716385891,3145945856895.79,28.2208093781059,0
-70.7,-5.2,0.0787929029382587,3323761328052.8,28.3145700950736,0
-70.2,-5.2,0.0787667556512813,3293285767574.33,28.3029449833129,0
-69.7,-5.2,0.0787667556512813,3293285767574.33,28.3029449833129,0
-69.2,-5.2,0.0786635954006629,3169886489157.31,28.2437530742224,0
-68.7,-5.2,0.0788376738893912,3383398460630.15,28.3625936868398,0
-68.2,-5.2,0.0788974207311506,3459814319477.15,28.4232529879269,0
-67.7,-5.2,0.0789476965380754,3527697253529.39,28.5356304779953,0
-67.2,-5.2,0.0789476965380754,3527697253529.39,28.5356304779953,0
-66.7,-5.2,0.0790003501301424,3597686330381.41,28.5820667374455,0
-66.2,-5.2,0.0790201119842152,3625910221537.19,28.6362797898768,0
-65.7,-5.2,0.0789708701645229,3563272536030.43,28.6831324204708,0
-65.2,-5.2,0.0790881110115805,3720093713385.79,28.7005028456529,0
-64.7,-5.2,0.0790881110115805,3720093713385.79,28.7005028456529,0
-64.2,-5.2,0.0791357474863938,3787407846832.99,28.7558968912749,0
-63.7,-5.2,0.0787260985409879,3265568601969.09,28.9742193674662,0
-63.2,-5.2,0.0773730478646062,1992483225914.65,29.2193923349794,0
-62.7,-5.2,0.0772452305588458,1901725100937.8,29.2384843048366,0
-62.2,-5.2,0.0772452305588458,1901725100937.8,29.2384843048366,0
-61.7,-5.2,0.077533698138701,2112566819177.17,29.1289582117449,0
-61.2,-5.2,0.0753864832401773,963572001654.39,29.2729376892421,0
-60.7,-5.2,0.0684377522717252,75802189450.5336,29.5852182286958,0
-60.2,-5.2,0.063756515897433,13648965409.1334,29.8114661494203,0
-59.7,-5.2,0.063756515897433,13648965409.1334,29.8114661494203,0
-59.2,-5.2,0.0636314093576087,13035792125.2328,29.8225342266661,0
-58.7,-5.2,0.06777735311898,59532221680.5415,29.5947884345975,0
-58.2,-5.2,0.0681750035557276,68848804692.4847,29.5423653176179,0
-57.7,-5.2,0.0643928190266029,17247083661.829,29.6184982238316,0
-57.2,-5.2,0.0643928190266029,17247083661.829,29.6184982238316,0
-56.7,-5.2,0.061568140257274,6126098047.49165,29.8210305617977,0
-56.2,-5.2,0.0592803257781495,2620150977.92644,30.1501857466535,0
-55.7,-5.2,0.0582885269498652,1831706738.28703,30.040556199281,0
-55.2,-5.2,0.0542678791130871,411931690.364256,30.383570670319,0
-54.7,-5.2,0.0542678791130871,411931690.364256,30.383570670319,0
-54.2,-5.2,0.0520732384370347,181271496.512282,30.5913823178171,0
-53.7,-5.2,0.0475970362308189,34582703.3249004,30.7757339830579,0
-53.2,-5.2,0.0508835135583644,120452311.580648,30.249193179312,0
-52.7,-5.2,0.0511687790542153,133925771.17725,30.2276518474434,0
-52.2,-5.2,0.0511687790542153,133925771.17725,30.2276518474434,0
-51.7,-5.2,0.050809870852257,117684026.218512,30.1977059806345,0
-51.2,-5.2,0.0493636319502339,68603981.0968304,30.3531787950179,0
-50.7,-5.2,0.0513279017109591,142202456.997346,30.2038260994339,0
-50.2,-5.2,0.0518696293792442,172710273.709937,30.2671741741513,0
-49.7,-5.2,0.0518696293792442,172710273.709937,30.2671741741513,0
-49.2,-5.2,0.0510168331485783,123281459.726189,30.5797408575528,0
-48.7,-5.2,0.0446328385657005,11103379.4132162,31.193280464713,0
-48.2,-5.2,0.0453328780740374,14306209.5841745,31.2093516039555,0
-47.7,-5.2,0.0491642950064488,60827991.2971093,30.8526919253983,0
-47.2,-5.2,0.0491642950064488,60827991.2971093,30.8526919253983,0
-46.7,-5.2,0.045176343128439,13740206.4135019,31.0660059759818,0
-46.2,-5.2,0.0411913137609963,3122314.685272,31.2469296730524,0
-45.7,-5.2,0.038855442802481,1277250.1023119,31.5266329480024,0
-45.2,-5.2,0.0340228233727448,211192.402429362,31.7856205403653,0
-44.7,-5.2,0.0340228233727448,211192.402429362,31.7856205403653,0
-44.2,-5.2,0.0338961863278647,201142.768078522,31.7929366286579,0
-43.7,-5.2,0.037195203457073,688226.184391971,31.5958739879107,0
-43.2,-5.2,0.0342816886855039,232078.234082078,31.7818310905322,0
-42.7,-5.2,0.0225359729133829,2944.05936950913,32.550087893675,0
-42.2,-5.2,0.0225359729133829,2944.05936950913,32.550087893675,0
-41.7,-5.2,0.0114766635386064,49.9604824917016,33.165549816194,0
-41.2,-5.2,0.0191134783247549,832.574725327221,32.6569618873725,0
-40.7,-5.2,0.0323745293575999,111299.821861456,32.0359397882825,0
-40.2,-5.2,0.0454119043577518,14094575.3243184,31.3748205568998,0
-39.7,-5.2,0.0454119043577518,14094575.3243184,31.3748205568998,0
-39.2,-5.2,0.0277772626936344,20218.1633072259,32.2590483572535,0
-38.7,-5.2,0.0114354033692787,49.1210010048154,33.0525206795896,0
-38.2,-5.2,0.000105767283693555,0.770562649741604,33.5161213786261,0
-37.7,-5.2,0.0122616072846349,66.9121168538006,32.8464725628141,0
-37.2,-5.2,0.0122616072846349,66.9121168538006,32.8464725628141,0
-36.7,-5.2,0.0556489417257815,602633289.611463,31.2955802240227,0
-36.2,-5.2,0.0747349509385337,738220228652.385,30.1938783923879,0
-35.7,-5.2,0.0793783889177915,4146509836047.78,28.8113656328651,0
-81.2,-4.7,0.0757814807992521,1090912348461.35,27.3843461360348,0
-80.7,-4.7,0.0627072899646535,8305827699.15574,30.8993495760064,0
-80.2,-4.7,0.0728423795205091,375204379051.68,30.1420120968232,0
-79.7,-4.7,0.0728423795205091,375204379051.68,30.1420120968232,0
-79.2,-4.7,0.0536929432540202,287237865.771443,22.5455078098719,0
-78.7,-4.7,0.062896552429998,8784236053.95869,24.0799496656027,0
-78.2,-4.7,0.0768034593233966,1616171098098.69,29.1654000476308,0
-77.7,-4.7,0.0681474365403671,66805764228.5957,30.2596230133588,0
-77.2,-4.7,0.0681474365403671,66805764228.5957,30.2596230133588,0
-76.7,-4.7,0.066171543373058,32288492320.0597,30.3186536990583,0
-76.2,-4.7,0.0717636023852532,255856371996.743,29.7875392622902,0
-75.7,-4.7,0.0731218679361715,420882697877.536,29.4322829918574,0
-75.2,-4.7,0.0748041870375788,778883059575.175,29.3142562906508,0
-74.7,-4.7,0.0748041870375788,778883059575.175,29.3142562906508,0
-74.2,-4.7,0.0789083140126907,3476948163376.94,28.4880221173128,0
-73.7,-4.7,0.0787330512356082,3251738710468.44,28.2638580649353,0
-73.2,-4.7,0.0786069074618844,3102001559494.8,28.1847736532585,0
-72.7,-4.7,0.0786471762038069,3150418982624.15,28.214453835186,0
-72.2,-4.7,0.0786471762038069,3150418982624.15,28.214453835186,0
-71.7,-4.7,0.0786501764139002,3152900806763.34,28.2159284895313,0
-71.2,-4.7,0.078711425431829,3224470065318.61,28.2531610337737,0
-70.7,-4.7,0.0788010644400783,3334443178680.07,28.3135737349553,0
-70.2,-4.7,0.0788579325610656,3406766666913.27,28.3501583643082,0
-69.7,-4.7,0.0788579325610656,3406766666913.27,28.3501583643082,0
-69.2,-4.7,0.0788201043441358,3360036755455.36,28.3345014670195,0
-68.7,-4.7,0.0788519557587395,3401412720563.2,28.3799302627111,0
-68.2,-4.7,0.0789779405915748,3565761178321.44,28.47485819739,0
-67.7,-4.7,0.0790297348334214,3635563703605.09,28.5576447948105,0
-67.2,-4.7,0.0790297348334214,3635563703605.09,28.5576447948105,0
-66.7,-4.7,0.0790715322297812,3691865974218.53,28.5589177705625,0
-66.2,-4.7,0.0790801586734606,3703726014954.61,28.571855206733,0
-65.7,-4.7,0.0790946001975293,3725208050718.72,28.590712549919,0
-65.2,-4.7,0.079130700786794,3776698212844.29,28.6266022015723,0
-64.7,-4.7,0.079130700786794,3776698212844.29,28.6266022015723,0
-64.2,-4.7,0.0791526682493654,3808382016787.27,28.6795159708972,0
-63.7,-4.7,0.0790092597790127,3615775550964.87,28.7846899826017,0
-63.2,-4.7,0.0786898734147723,3219047440802.19,28.8978357877025,0
-62.7,-4.7,0.078115362316781,2612208169672.84,29.0627566453411,0
-62.2,-4.7,0.078115362316781,2612208169672.84,29.0627566453411,0
-61.7,-4.7,0.0772703691485514,1919239803878.72,29.1878931479403,0
-61.2,-4.7,0.069561968331612,114422879553.18,29.6680104591376,0
-60.7,-4.7,0.0624558693842229,8465834841.51333,29.8845794136966,0
-60.2,-4.7,0.0564851453222889,939618770.364261,30.1939794290504,0
-59.7,-4.7,0.0564851453222889,939618770.364261,30.1939794290504,0
-59.2,-4.7,0.0577704894390111,1508961301.8179,30.1355854265677,0
-58.7,-4.7,0.0665949870705711,38623313538.5188,29.7040311236246,0
-58.2,-4.7,0.0674676929254907,53160512622.542,29.675666195824,0
-57.7,-4.7,0.0642384967027564,16296939389.6901,29.7469593515371,0
-57.2,-4.7,0.0642384967027564,16296939389.6901,29.7469593515371,0
-56.7,-4.7,0.0603985370753379,3993378228.75452,29.8120635499231,0
-56.2,-4.7,0.0591040406788303,2457651779.44983,30.1409444401438,0
-55.7,-4.7,0.0578651973636772,1564187003.73081,30.1069003412514,0
-55.2,-4.7,0.0571072778984359,1185180832.15018,30.105598933365,0
-54.7,-4.7,0.0571072778984359,1185180832.15018,30.105598933365,0
-54.2,-4.7,0.0480842570105325,41120902.9613948,30.8248506411122,0
-53.7,-4.7,0.0491851436350872,62869997.5269425,30.6098978158002,0
-53.2,-4.7,0.0512813133688724,139845103.449845,30.1851945087226,0
-52.7,-4.7,0.0515618150114846,155237865.721295,30.1571000694535,0
-52.2,-4.7,0.0515618150114846,155237865.721295,30.1571000694535,0
-51.7,-4.7,0.0534546330238683,313585754.007806,29.9264116799221,0
-51.2,-4.7,0.0505232263688875,105865653.913838,30.2142751992366,0
-50.7,-4.7,0.052122412922312,191308773.472934,30.0950622084972,0
-50.2,-4.7,0.0548701545846221,525824741.84884,29.9678994647632,0
-49.7,-4.7,0.0548701545846221,525824741.84884,29.9678994647632,0
-49.2,-4.7,0.0553099422735455,616775879.490246,30.0063291550313,0
-48.7,-4.7,0.0494641736094871,70783198.8454619,30.4252408256454,0
-48.2,-4.7,0.0481918733747768,43676188.0476189,30.6158351126838,0
-47.7,-4.7,0.0471620855608745,29307519.4102656,30.8110555936103,0
-47.2,-4.7,0.0471620855608745,29307519.4102656,30.8110555936103,0
-46.7,-4.7,0.0474625368545926,32863407.6635862,30.7622210079201,0
-46.2,-4.7,0.0468343768332415,26084402.8185598,30.7616482441831,0
-45.7,-4.7,0.0420158315709892,4246783.79574969,31.1488644035384,0
-45.2,-4.7,0.0325937345909751,121458.304391546,32.022194226982,0
-44.7,-4.7,0.0325937345909751,121458.304391546,32.022194226982,0
-44.2,-4.7,0.0327876623010154,133203.420392814,31.8083005989926,0
-43.7,-4.7,0.0343207292073681,234729.489940078,31.730098274571,0
-43.2,-4.7,0.0354197760081379,353132.963201344,31.7002013549078,0
-42.7,-4.7,0.0247700403429757,6679.0985489629,32.4907392023397,0
-42.2,-4.7,0.0247700403429757,6679.0985489629,32.4907392023397,0
-41.7,-4.7,0.0180966410344099,569.513473918914,32.8526505493794,0
-41.2,-4.7,0.0416114989914426,3521190.24605829,31.4456252360517,0
-40.7,-4.7,0.037101080983502,647859.989624993,31.710849596548,0
-40.2,-4.7,0.0413243442410226,3123978.30638502,31.4439565269678,0
-39.7,-4.7,0.0413243442410226,3123978.30638502,31.4439565269678,0
-39.2,-4.7,0.039281656947233,1454482.81127123,31.5742658957154,0
-38.7,-4.7,0.0279312419311684,21404.3727630513,32.2207412091674,0
-38.2,-4.7,0.0318170794047307,89748.1355282479,32.1075253091321,0
-37.7,-4.7,0.079825784748626,4897068181318.96,29.3692967207201,0
-80.7,-4.2,0.0371563644553717,644196.723797626,31.9884760478565,0
-80.2,-4.2,0.0737975212008063,535837834482.54,29.99113833216,0
-79.7,-4.2,0.0737975212008063,535837834482.54,29.99113833216,0
-79.2,-4.2,0.0565686932675426,835559909.592909,22.992335902863,0
-78.7,-4.2,0.0585996808305028,1777578205.26138,23.3477918429605,0
-78.2,-4.2,0.0765620721626333,1444244018414.44,27.4678646495255,0
-77.7,-4.2,0.0701538358561248,140578763218.191,30.0946494065209,0
-77.2,-4.2,0.0701538358561248,140578763218.191,30.0946494065209,0
-76.7,-4.2,0.0762775104745399,1335695315174.95,29.3811296041149,0
-76.2,-4.2,0.0784375519187989,2938530653852.77,28.9374739867802,0
-75.7,-4.2,0.078658103682613,3176780080252.25,28.6076154221951,0
-75.2,-4.2,0.078863127128791,3422968189242.76,28.5624306184719,0
-74.7,-4.2,0.078863127128791,3422968189242.76,28.5624306184719,0
-74.2,-4.2,0.0788096759131929,3347902702538.19,28.3253413924613,0
-73.7,-4.2,0.0786444023396498,3145771347062.68,28.2077643940578,0
-73.2,-4.2,0.078637565207308,3137614411800.83,28.2013207089936,0
-72.7,-4.2,0.078653302182679,3157426660607.21,28.2148845343504,0
-72.2,-4.2,0.078653302182679,3157426660607.21,28.2148845343504,0
-71.7,-4.2,0.0786137094817079,3110434480914.33,28.1905741960518,0
-71.2,-4.2,0.0786590907099825,3163016651029.61,28.2184360929153,0
-70.7,-4.2,0.0788153050476595,3353847171788.13,28.3214780137127,0
-70.2,-4.2,0.0787760217688663,3304039947948.18,28.297240996098,0
-69.7,-4.2,0.0787760217688663,3304039947948.18,28.297240996098,0
-69.2,-4.2,0.0788808162368829,3437111002434.02,28.3739091091308,0
-68.7,-4.2,0.0789545194304385,3537220319530.24,28.5270006811283,0
-68.2,-4.2,0.0790367936749898,3647967013294.83,28.6027010327991,0
-67.7,-4.2,0.0791327867700786,3778945655273.3,28.6226048260611,0
-67.2,-4.2,0.0791327867700786,3778945655273.3,28.6226048260611,0
-66.7,-4.2,0.079118732990297,3759544981675.76,28.6508692773983,0
-66.2,-4.2,0.0791648122387705,3822201528479.74,28.5999016523924,0
-65.7,-4.2,0.0790643377944268,3682721039200.93,28.5418119623752,0
-65.2,-4.2,0.0791143845061859,3753608201312.91,28.6162015141256,0
-64.7,-4.2,0.0791143845061859,3753608201312.91,28.6162015141256,0
-64.2,-4.2,0.0788988543952218,3469542961089.33,28.665245703031,0
-63.7,-4.2,0.0784457718624323,2941944769667.48,28.800740683667,0
-63.2,-4.2,0.0762820550993511,1335823474756.53,29.1952776231552,0
-62.7,-4.2,0.0759883975413202,1199381054484.93,29.1465547860903,0
-62.2,-4.2,0.0759883975413202,1199381054484.93,29.1465547860903,0
-61.7,-4.2,0.0737029438397833,520468151555.852,29.3879332334792,0
-61.2,-4.2,0.0644470799090581,17518147013.3561,29.9427513680629,0
-60.7,-4.2,0.058798700076079,2195865788.19486,30.1573304448325,0
-60.2,-4.2,0.0539759624924491,368794944.861982,30.4326261699931,0
-59.7,-4.2,0.0539759624924491,368794944.861982,30.4326261699931,0
-59.2,-4.2,0.0560002464569416,784774067.018243,30.2372363546549,0
-58.7,-4.2,0.059476887899022,2828738117.08455,30.0576080597439,0
-58.2,-4.2,0.0588332924942621,2229310357.28496,30.111778841218,0
-57.7,-4.2,0.0583960054614077,1901132063.9948,30.0943819151158,0
-57.2,-4.2,0.0583960054614077,1901132063.9948,30.0943819151158,0
-56.7,-4.2,0.0597280832176429,3114843636.42714,29.9411607013744,0
-56.2,-4.2,0.0598577642708592,3258052924.32454,30.0107437898524,0
-55.7,-4.2,0.0561401507233444,820591934.408122,30.3336865321572,0
-55.2,-4.2,0.0504583217373812,100425798.021229,30.5863637787396,0
-54.7,-4.2,0.0504583217373812,100425798.021229,30.5863637787396,0
-54.2,-4.2,0.0504853478141233,101669597.579225,30.5586651959857,0
-53.7,-4.2,0.052367371832934,207291012.728179,30.2551976038818,0
-53.2,-4.2,0.0518458955735909,172076458.886685,30.177650639867,0
-52.7,-4.2,0.0537674004476406,350076632.010087,30.0360078188721,0
-52.2,-4.2,0.0537674004476406,350076632.010087,30.0360078188721,0
-51.7,-4.2,0.0540686012114977,391894178.600186,29.9833147104303,0
-51.2,-4.2,0.0543106047389239,427683971.706243,30.0186319686424,0
-50.7,-4.2,0.0514433044098623,146022470.461156,30.4274167008961,0
-50.2,-4.2,0.0543839388684755,438978469.714055,30.0357690417446,0
-49.7,-4.2,0.0543839388684755,438978469.714055,30.0357690417446,0
-49.2,-4.2,0.053513085820711,317476325.179542,30.1470385561057,0
-48.7,-4.2,0.0501837941098043,92059200.4871195,30.4322940858447,0
-48.2,-4.2,0.0476950495735641,35981376.5917166,30.7322545748832,0
-47.7,-4.2,0.0466224782329242,23875552.1849113,30.8599788915616,0
-47.2,-4.2,0.0466224782329242,23875552.1849113,30.8599788915616,0
-46.7,-4.2,0.048104029883117,41624498.9884626,30.72693646647,0
-46.2,-4.2,0.0464142049181049,22292432.6081571,30.747496987219,0
-45.7,-4.2,0.0391273148330811,1411253.66830089,31.4430281038949,0
-45.2,-4.2,0.0330117141535634,140545.031060585,32.0719065921778,0
-44.7,-4.2,0.0330117141535634,140545.031060585,32.0719065921778,0
-44.2,-4.2,0.0298805666251047,43992.8355880716,32.2595119728044,0
-43.7,-4.2,0.0326280128062747,124667.204531458,31.8212366821967,0
-43.2,-4.2,0.0354915221346291,361134.364566652,31.7059035874935,0
-42.7,-4.2,0.0290366472580585,32536.2544532465,32.1675112499503,0
-42.2,-4.2,0.0290366472580585,32536.2544532465,32.1675112499503,0
-41.7,-4.2,0.0174525904028741,446.53581646367,33.0058368505136,0
-41.2,-4.2,0.030241958189591,50978.7813385153,32.0618111623175,0
-40.7,-4.2,0.0397379590647297,1751019.06464909,31.4636828758687,0
-40.2,-4.2,0.0277053743269677,19725.7032571475,32.2208304661638,0
-39.7,-4.2,0.0277053743269677,19725.7032571475,32.2208304661638,0
-39.2,-4.2,0.0268347834154569,14301.5337265529,32.2478356569267,0
-38.7,-4.2,0.051130770709558,117417448.340303,31.1210260605655,0
-38.2,-4.2,0.079779397537024,4814429210895.48,29.3362929236178,0
-80.7,-3.7,0.0770521834821315,1737222518648.38,27.5118153197061,0
-80.2,-3.7,0.0791172449375818,3756676224540.78,28.597835798562,0
-79.7,-3.7,0.0791172449375818,3756676224540.78,28.597835798562,0
-79.2,-3.7,0.0528225499307436,208194188.862523,22.4140621559718,0
-78.7,-3.7,0.0448869178298125,11005400.5309687,21.2733266544902,0
-78.2,-3.7,0.0679038953474178,56831971855.5293,25.0727482047574,0
-77.7,-3.7,0.0758252149605787,1132216222836.75,29.3888592642995,0
-77.2,-3.7,0.0758252149605787,1132216222836.75,29.3888592642995,0
-76.7,-3.7,0.07843775073685,2916909278286.41,28.190564389429,0
-76.2,-3.7,0.0783082113850387,2776933971827.37,28.0594400951344,0
-75.7,-3.7,0.0782505365573222,2716465477485.03,28.0075211442808,0
-75.2,-3.7,0.0784322989432894,2906731508752.73,28.0902322888595,0
-74.7,-3.7,0.0784322989432894,2906731508752.73,28.0902322888595,0
-74.2,-3.7,0.078566045356249,3055696088291.21,28.162107024303,0
-73.7,-3.7,0.0785775545909469,3067998766496.58,28.1661164018425,0
-73.2,-3.7,0.0786262104913839,3124250351685.9,28.1945603347142,0
-72.7,-3.7,0.0786610964531425,3166303070635.79,28.2165764437533,0
-72.2,-3.7,0.0786610964531425,3166303070635.79,28.2165764437533,0
-71.7,-3.7,0.0786108263274116,3107089520781.39,28.1866461850032,0
-71.2,-3.7,0.0786112984633561,3107450810480.5,28.1890984062687,0
-70.7,-3.7,0.0787798750404595,3310264621378.02,28.3077413757963,0
-70.2,-3.7,0.0786667893298597,3171897945396.89,28.2353585562045,0
-69.7,-3.7,0.0786667893298597,3171897945396.89,28.2353585562045,0
-69.2,-3.7,0.0788265798538639,3369034697359.14,28.3435699392202,0
-68.7,-3.7,0.0789804816467308,3571640677396.18,28.5252340891213,0
-68.2,-3.7,0.0790333873903988,3643218004815.31,28.5771368299431,0
-67.7,-3.7,0.0791471932948303,3799460319004.49,28.6114533746341,0
-67.2,-3.7,0.0791471932948303,3799460319004.49,28.6114533746341,0
-66.7,-3.7,0.0791399771076284,3789027631444.68,28.6050048604538,0
-66.2,-3.7,0.0791903193353947,3860038163962.93,28.6104251366483,0
-65.7,-3.7,0.0790131039637254,3613050435146.64,28.4831817674537,0
-65.2,-3.7,0.0790488435190849,3663540954787.89,28.6023570928571,0
-64.7,-3.7,0.0790488435190849,3663540954787.89,28.6023570928571,0
-64.2,-3.7,0.0783592571882717,2851854068126.9,28.8283595311641,0
-63.7,-3.7,0.0773349472330503,1960995988078.25,28.9149131787647,0
-63.2,-3.7,0.0734683331236519,477247374954.279,29.3153176032702,0
-62.7,-3.7,0.0732903949334289,446994513867.03,29.2458936543406,0
-62.2,-3.7,0.0732903949334289,446994513867.03,29.2458936543406,0
-61.7,-3.7,0.0706530519646644,170475756290.105,29.4755167511613,0
-61.2,-3.7,0.064333541249636,16783776400.431,29.9808403744392,0
-60.7,-3.7,0.0634525284486293,12185677266.5454,29.9114861863494,0
-60.2,-3.7,0.0579351209368502,1596978667.19335,30.2000245848723,0
-59.7,-3.7,0.0579351209368502,1596978667.19335,30.2000245848723,0
-59.2,-3.7,0.0569044608984862,1094578738.20424,30.2085640610755,0
-58.7,-3.7,0.0541033604616341,388640040.167463,30.3596677608577,0
-58.2,-3.7,0.0532347425561001,282971149.061884,30.3510424860165,0
-57.7,-3.7,0.0539011746226232,361716798.868589,30.3285038047963,0
-57.2,-3.7,0.0539011746226232,361716798.868589,30.3285038047963,0
-56.7,-3.7,0.059194562428055,2552399566.00835,30.0424525329421,0
-56.2,-3.7,0.0578261527971783,1544204346.45222,30.0818704404313,0
-55.7,-3.7,0.057292375609531,1272957592.49017,30.0328266815484,0
-55.2,-3.7,0.0511633189656154,131741562.07247,30.4333987516223,0
-54.7,-3.7,0.0511633189656154,131741562.07247,30.4333987516223,0
-54.2,-3.7,0.0459904089163313,19148905.4908358,30.8049126209085,0
-53.7,-3.7,0.0504839204150334,103752135.26146,30.3006624148112,0
-53.2,-3.7,0.0540118639740561,384065460.9994,29.9647001300514,0
-52.7,-3.7,0.0579137094497656,1609656194.70517,29.7250101516961,0
-52.2,-3.7,0.0579137094497656,1609656194.70517,29.7250101516961,0
-51.7,-3.7,0.049964952510179,84775164.0543262,30.4604359310716,0
-51.2,-3.7,0.0545497390261666,462083476.899821,30.2176984336326,0
-50.7,-3.7,0.0576753111101797,1473728453.14552,29.8263015741452,0
-50.2,-3.7,0.0566313964393787,1004144287.46029,29.8957471011309,0
-49.7,-3.7,0.0566313964393787,1004144287.46029,29.8957471011309,0
-49.2,-3.7,0.0554897911531176,658661718.309745,30.0132109334633,0
-48.7,-3.7,0.0541208343921085,396455426.205321,30.1522141299426,0
-48.2,-3.7,0.0478329396495023,37561799.3916778,30.7909752482986,0
-47.7,-3.7,0.047336678216446,30829436.1741874,30.8880640840598,0
-47.2,-3.7,0.047336678216446,30829436.1741874,30.8880640840598,0
-46.7,-3.7,0.0469180496709051,26431330.4190896,30.8573432940955,0
-46.2,-3.7,0.0456900982842906,16981118.9730999,30.7643166945846,0
-45.7,-3.7,0.040892846893312,2740017.94109396,31.2766140191285,0
-45.2,-3.7,0.0352427930997329,324068.981985551,31.8461579122927,0
-44.7,-3.7,0.0352427930997329,324068.981985551,31.8461579122927,0
-44.2,-3.7,0.0298681109002517,43545.3438417643,32.2708723356605,0
-43.7,-3.7,0.0217188237677601,2140.15613715527,32.7663650914831,0
-43.2,-3.7,0.0243337183697885,5635.28265087783,32.5725341213113,0
-42.7,-3.7,0.0249818868444755,7181.23847802514,32.4980726582806,0
-42.2,-3.7,0.0249818868444755,7181.23847802514,32.4980726582806,0
-41.7,-3.7,0.0139281267456508,122.161804735751,33.2113019429399,0
-41.2,-3.7,0.0387388268705575,1210066.58294147,31.5313029671583,0
-40.7,-3.7,0.0262273329745089,11449.639696225,32.3037740966962,0
-40.2,-3.7,0.0260405658786062,10650.6820551205,32.3270392840819,0
-39.7,-3.7,0.0260405658786062,10650.6820551205,32.3270392840819,0
-39.2,-3.7,0.0497044673464151,69393067.8526538,31.1695903157903,0
-38.7,-3.7,0.0792908816903888,4025533791619.18,29.3347292056956,0
-79.7,-3.2,0.078358198415217,2826458356189.83,28.0427305782108,0
-79.2,-3.2,0.0482228627556841,37829625.2229835,21.7414522262674,0
-78.7,-3.2,0.0155878308352866,225.581883610347,17.2647785814336,0
-78.2,-3.2,0.0656961743666254,24976785021.5751,24.6052676253426,0
-77.7,-3.2,0.0781331832946078,2605826760153.77,28.1002401168896,0
-77.2,-3.2,0.0781331832946078,2605826760153.77,28.1002401168896,0
-76.7,-3.2,0.0772373294159952,1860615013479.75,27.5448589406816,0
-76.2,-3.2,0.077355576144286,1943670038253.44,27.5760216549616,0
-75.7,-3.2,0.0777803085338564,2277545935349.76,27.7612812929893,0
-75.2,-3.2,0.0781653802022161,2630405675393.6,27.9475552773188,0
-74.7,-3.2,0.0781653802022161,2630405675393.6,27.9475552773188,0
-74.2,-3.2,0.0782668788199258,2731867460835.62,27.9937599879122,0
-73.7,-3.2,0.0784755730540366,2952991083502.91,28.1058990615014,0
-73.2,-3.2,0.0785372638404874,3021709636953.69,28.1411836258418,0
-72.7,-3.2,0.078553960375989,3041119842902.6,28.1506367014703,0
-72.2,-3.2,0.078553960375989,3041119842902.6,28.1506367014703,0
-71.7,-3.2,0.0785346378186111,3019126169713.63,28.1402787166373,0
-71.2,-3.2,0.078558651997736,3046750546144.16,28.1586585774314,0
-70.7,-3.2,0.0788310964497605,3375138742670.71,28.3542544302405,0
-70.2,-3.2,0.0788816032582989,3439136067469.24,28.3880934863276,0
-69.7,-3.2,0.0788816032582989,3439136067469.24,28.3880934863276,0
-69.2,-3.2,0.0788731470467987,3428541170281.33,28.3746093624561,0
-68.7,-3.2,0.0790597622272282,3678653796830.29,28.5582057726451,0
-68.2,-3.2,0.0790543883531692,3671105530497.03,28.5584852208068,0
-67.7,-3.2,0.0791515996102922,3805979042010.31,28.5930442499155,0
-67.2,-3.2,0.0791515996102922,3805979042010.31,28.5930442499155,0
-66.7,-3.2,0.0791228343433917,3763981196951.49,28.5530741075976,0
-66.2,-3.2,0.0791092311410731,3744841071127.33,28.5416276417301,0
-65.7,-3.2,0.0790385402521016,3648096613768.11,28.5000244638975,0
-65.2,-3.2,0.0791095636213913,3747426016423.35,28.6076941911804,0
-64.7,-3.2,0.0791095636213913,3747426016423.35,28.6076941911804,0
-64.2,-3.2,0.0791637446673703,3827563662543.36,28.7458097245018,0
-63.7,-3.2,0.0788486290954291,3410073635086.11,28.7565213088649,0
-63.2,-3.2,0.0782630379854346,2754629116460.82,28.8775700147059,0
-62.7,-3.2,0.0776476823709565,2200459709296.63,28.9973545453885,0
-62.2,-3.2,0.0776476823709565,2200459709296.63,28.9973545453885,0
-61.7,-3.2,0.0749034459584014,807308459312.906,29.2682927752373,0
-61.2,-3.2,0.0702906729784953,149394412807.344,29.5616592999179,0
-60.7,-3.2,0.0703169065479585,150846970546.302,29.5563963274162,0
-60.2,-3.2,0.0683176474122548,72573021746.8051,29.6221409649855,0
-59.7,-3.2,0.0683176474122548,72573021746.8051,29.6221409649855,0
-59.2,-3.2,0.0663337328186242,35105048994.9386,29.7153581830507,0
-58.7,-3.2,0.0639469595516502,14647730220.5123,29.7648160474805,0
-58.2,-3.2,0.0612726488388079,5494935688.09096,29.8525181959528,0
-57.7,-3.2,0.0544163953806691,438712713.655395,30.2621827229015,0
-57.2,-3.2,0.0544163953806691,438712713.655395,30.2621827229015,0
-56.7,-3.2,0.0558518788009906,744200874.865137,30.2158890546557,0
-56.2,-3.2,0.0573139859340605,1278853414.71404,30.1054046271523,0
-55.7,-3.2,0.0588547125047612,2266088754.6062,29.8951312561952,0
-55.2,-3.2,0.0539552417914089,372735921.796924,30.1720439985272,0
-54.7,-3.2,0.0539552417914089,372735921.796924,30.1720439985272,0
-54.2,-3.2,0.0495698881677619,73246098.4968226,30.4677511270813,0
-53.7,-3.2,0.0525329364088251,221906007.608211,30.1358572829077,0
-53.2,-3.2,0.0565254936071219,966778656.599466,29.8663741783815,0
-52.7,-3.2,0.0579974774722735,1658572933.6493,29.8184534048397,0
-52.2,-3.2,0.0579974774722735,1658572933.6493,29.8184534048397,0
-51.7,-3.2,0.0599367270571143,3375485563.1895,29.7657484544284,0
-51.2,-3.2,0.0564175768325915,925909712.327684,29.9883460738384,0
-50.7,-3.2,0.0546705599940444,488540843.292943,29.9818301958837,0
-50.2,-3.2,0.0541073603442796,396911618.879096,30.021710520139,0
-49.7,-3.2,0.0541073603442796,396911618.879096,30.021710520139,0
-49.2,-3.2,0.0554605620608911,651743268.82611,30.0078723999733,0
-48.7,-3.2,0.0566740527394751,1013379809.75586,30.0737813828664,0
-48.2,-3.2,0.0499184568583512,80757499.6773288,30.7565333571002,0
-47.7,-3.2,0.047962574626584,38341645.0579964,30.956503257344,0
-47.2,-3.2,0.047962574626584,38341645.0579964,30.956503257344,0
-46.7,-3.2,0.049224394001336,62305933.4575326,30.7199237581019,0
-46.2,-3.2,0.0470349168275204,27877226.3840125,30.694657903983,0
-45.7,-3.2,0.0422682463384265,4622507.81770463,31.1025527531697,0
-45.2,-3.2,0.0401325379466282,2056783.48143143,31.3482034987312,0
-44.7,-3.2,0.0401325379466282,2056783.48143143,31.3482034987312,0
-44.2,-3.2,0.03464089450448,256848.250056426,31.975079349967,0
-43.7,-3.2,0.0276797999677662,19318.6754907681,32.443675339535,0
-43.2,-3.2,0.0257172255914781,9438.34319422118,32.4649600232027,0
-42.7,-3.2,0.0251676890946404,7728.12653906578,32.4468094561299,0
-42.2,-3.2,0.0251676890946404,7728.12653906578,32.4468094561299,0
-41.7,-3.2,0.0266911461869865,13703.7517886366,32.2444861924316,0
-41.2,-3.2,0.036880431470863,597410.477408366,31.7625201160892,0
-40.7,-3.2,0.0303943599266547,53479.6597110012,32.1151614386737,0
-40.2,-3.2,0.0535959929625968,292820654.70576,31.1028521963783,0
-39.7,-3.2,0.0535959929625968,292820654.70576,31.1028521963783,0
-79.7,-2.7,0.0560751601527142,720764845.276432,31.2056756828651,0
-79.2,-2.7,0.0742625006402932,611643455543.027,26.6059184733439,0
-78.7,-2.7,0.00882176417928053,18.8279646864214,16.3162530470449,0
-78.2,-2.7,0.0561814411833209,723727572.289827,22.9328443923277,0
-77.7,-2.7,0.0738118660875737,517276079831.529,26.4193407399116,0
-77.2,-2.7,0.0738118660875737,517276079831.529,26.4193407399116,0
-76.7,-2.7,0.0764928405475327,1408330868290.57,27.2495445080672,0
-76.2,-2.7,0.0770589827987629,1739677700621.22,27.4556910995875,0
-75.7,-2.7,0.0776663642926575,2182623549121.94,27.713011446154,0
-75.2,-2.7,0.0779453803291558,2422833828604.58,27.8391594414617,0
-74.7,-2.7,0.0779453803291558,2422833828604.58,27.8391594414617,0
-74.2,-2.7,0.0780770863029356,2544772373384.33,27.8958591464121,0
-73.7,-2.7,0.0783443200510555,2811647901219.66,28.033243622031,0
-73.2,-2.7,0.0784689680686051,2945337944555.03,28.1008449550621,0
-72.7,-2.7,0.078524257493707,3006776445379.38,28.133451467793,0
-72.2,-2.7,0.078524257493707,3006776445379.38,28.133451467793,0
-71.7,-2.7,0.0785438800744035,3028948194342.58,28.1446090883269,0
-71.2,-2.7,0.0785866794578706,3078871940254.85,28.1777868471223,0
-70.7,-2.7,0.0788239737775558,3366147062164.82,28.3364933981658,0
-70.2,-2.7,0.0789515940114544,3531100412186.03,28.4283863361402,0
-69.7,-2.7,0.0789515940114544,3531100412186.03,28.4283863361402,0
-69.2,-2.7,0.0788193900033722,3360641413557.22,28.3357460698211,0
-68.7,-2.7,0.0788582704313693,3410560627948.42,28.3782425727375,0
-68.2,-2.7,0.078918342930844,3488091026710.38,28.4259313180122,0
-67.7,-2.7,0.0789074691483829,3474279832303.25,28.3987061809354,0
-67.2,-2.7,0.0789074691483829,3474279832303.25,28.3987061809354,0
-66.7,-2.7,0.0790140490065737,3615009509983.54,28.4664525523039,0
-66.2,-2.7,0.0789963388873128,3591830653498.77,28.4725499836359,0
-65.7,-2.7,0.0790857836128479,3716767851882.94,28.605001600913,0
-65.2,-2.7,0.0791504866221946,3806817816334.11,28.6165690377442,0
-64.7,-2.7,0.0791504866221946,3806817816334.11,28.6165690377442,0
-64.2,-2.7,0.0791936685020078,3867444532983.01,28.6348182734312,0
-63.7,-2.7,0.0791881752532103,3859915107548.23,28.6681335772187,0
-63.2,-2.7,0.0791121964673717,3759543210962.79,28.8428439149663,0
-62.7,-2.7,0.0786624203675697,3191651442982.35,28.9956356189867,0
-62.2,-2.7,0.0786624203675697,3191651442982.35,28.9956356189867,0
-61.7,-2.7,0.0760703194908055,1237678565701.46,29.2512174384571,0
-61.2,-2.7,0.0721341173213914,293304496106.329,29.4626343484054,0
-60.7,-2.7,0.0718827871738946,267584364987.504,29.5618092826022,0
-60.2,-2.7,0.0716387200885533,244662185764.842,29.468530304467,0
-59.7,-2.7,0.0716387200885533,244662185764.842,29.468530304467,0
-59.2,-2.7,0.0706796101211066,172236296047.564,29.4846593564752,0
-58.7,-2.7,0.067559600529922,54988427910.8882,29.6022252791498,0
-58.2,-2.7,0.0639027715167987,14416135649.1125,29.732050712004,0
-57.7,-2.7,0.0592773242131423,2636174276.28687,29.9908432090622,0
-57.2,-2.7,0.0592773242131423,2636174276.28687,29.9908432090622,0
-56.7,-2.7,0.0535772223460222,315721554.511178,30.5434878827905,0
-56.2,-2.7,0.0562904628060704,880479661.697619,30.0743033540564,0
-55.7,-2.7,0.0618813951949739,6879665530.99006,29.7394895658471,0
-55.2,-2.7,0.0581470664715458,1748808128.77084,29.8990596704989,0
-54.7,-2.7,0.0581470664715458,1748808128.77084,29.8990596704989,0
-54.2,-2.7,0.053157023553352,278282355.934395,30.1714138831503,0
-53.7,-2.7,0.0564495525540391,937550476.264619,29.9662151360639,0
-53.2,-2.7,0.0589928489505088,2388569293.06501,29.7993560511484,0
-52.7,-2.7,0.0598165702473531,3231277174.12904,29.7473503529627,0
-52.2,-2.7,0.0598165702473531,3231277174.12904,29.7473503529627,0
-51.7,-2.7,0.0617355644488594,6524320059.57301,29.7012976101848,0
-51.2,-2.7,0.0561826575972714,850036516.937896,29.9734589886865,0
-50.7,-2.7,0.0500670354458881,89219212.6347274,30.274979469575,0
-50.2,-2.7,0.0507642946375471,115175636.662763,30.2734416711819,0
-49.7,-2.7,0.0507642946375471,115175636.662763,30.2734416711819,0
-49.2,-2.7,0.0543540952827903,432938149.024273,30.0982100278376,0
-48.7,-2.7,0.0578174882731271,1537780377.79017,30.1037142670756,0
-48.2,-2.7,0.0563168058514374,871129793.456407,30.3826220674168,0
-47.7,-2.7,0.0530380927673987,255177417.678432,30.617818224332,0
-47.2,-2.7,0.0530380927673987,255177417.678432,30.617818224332,0
-46.7,-2.7,0.052930743385972,246985681.395272,30.5137734738454,0
-46.2,-2.7,0.0467300232994361,24386904.7760113,30.8868913079291,0
-45.7,-2.7,0.0328454981167719,130747.569954547,32.1668393831514,0
-45.2,-2.7,0.0429230730596765,5762020.29716474,31.2803057256986,0
-44.7,-2.7,0.0429230730596765,5762020.29716474,31.2803057256986,0
-44.2,-2.7,0.0687453743790013,83956109174.7093,30.0449777340758,0
-43.7,-2.7,0.0562167676008406,772989709.942379,31.0879491963954,0
-43.2,-2.7,0.0702553271212652,143367424183.4,30.3656700308437,0
-42.7,-2.7,0.0794292442400226,4221304540413.67,28.8589652636474,0
-80.7,-2.2,0.0796047133140267,4509881466464.6,28.9959565236376,0
-80.2,-2.2,0.00529997386668767,5.19815826421513,33.1472863562234,0
-79.7,-2.2,0.00529997386668767,5.19815826421513,33.1472863562234,0
-79.2,-2.2,0.0777637640252998,2277666940130.2,28.1993843342459,0
-78.7,-2.2,0.00661785012600553,8.38878745189853,16.0026618084127,0
-78.2,-2.2,0.0435028680290161,6594075.71081918,21.0706039244796,0
-77.7,-2.2,0.0715987265796868,226291031727.707,25.8301753918472,0
-77.2,-2.2,0.0715987265796868,226291031727.707,25.8301753918472,0
-76.7,-2.2,0.0759445656209463,1147257543090.82,27.054083411515,0
-76.2,-2.2,0.0770626876921622,1742535239054.36,27.4624353228712,0
-75.7,-2.2,0.0775531409130141,2092574057969.32,27.6677315790847,0
-75.2,-2.2,0.0779080397073309,2389063773405.3,27.8243156776813,0
-74.7,-2.2,0.0779080397073309,2389063773405.3,27.8243156776813,0
-74.2,-2.2,0.0779918206195174,2464779818711.7,27.8575785651613,0
-73.7,-2.2,0.0782310838318882,2695212417795.89,27.9768252706908,0
-73.2,-2.2,0.0784440558806068,2918472774593.56,28.0901959973025,0
-72.7,-2.2,0.0784390823666179,2912515142127.58,28.0854213941941,0
-72.2,-2.2,0.0784390823666179,2912515142127.58,28.0854213941941,0
-71.7,-2.2,0.0785443222244641,3029893043687.13,28.146192294826,0
-71.2,-2.2,0.0786702894796578,3176873931658.3,28.2290563736047,0
-70.7,-2.2,0.0787930450858419,3327923470738.76,28.3108917710714,0
-70.2,-2.2,0.0788989235742304,3462166991137.82,28.3810889690366,0
-69.7,-2.2,0.0788989235742304,3462166991137.82,28.3810889690366,0
-69.2,-2.2,0.0787539892413677,3280251023041.84,28.2892621060481,0
-68.7,-2.2,0.0788056504446143,3344606217355.22,28.3259789604451,0
-68.2,-2.2,0.0788692300011281,3425078973621.57,28.3743426659411,0
-67.7,-2.2,0.0788672325699953,3422854862592.48,28.3656908378576,0
-67.2,-2.2,0.0788672325699953,3422854862592.48,28.3656908378576,0
-66.7,-2.2,0.0789647902348316,3550009219223.69,28.4325852204271,0
-66.2,-2.2,0.0790229275189941,3628058917628.78,28.4758737479963,0
-65.7,-2.2,0.0791104407674415,3749829601998.05,28.5642777060775,0
-65.2,-2.2,0.0791209192836603,3764473656577.6,28.574432424351,0
-64.7,-2.2,0.0791209192836603,3764473656577.6,28.574432424351,0
-64.2,-2.2,0.0791598926630052,3819014430636.5,28.6016853145271,0
-63.7,-2.2,0.0793514299881521,4105274823767.62,28.8552204575643,0
-63.2,-2.2,0.0787183770206846,3263174357546.28,29.212385284777,0
-62.7,-2.2,0.0768824523002953,1667472648913.95,29.4095299939861,0
-62.2,-2.2,0.0768824523002953,1667472648913.95,29.4095299939861,0
-61.7,-2.2,0.0742844880561062,644444020064.106,29.5422426943014,0
-61.2,-2.2,0.0736832977266039,517117575927.014,29.4590282496804,0
-60.7,-2.2,0.0693662725248075,106124343591.094,29.915736704769,0
-60.2,-2.2,0.0728224125026275,377259412198.124,29.436701548156,0
-59.7,-2.2,0.0728224125026275,377259412198.124,29.436701548156,0
-59.2,-2.2,0.0698949309459728,129248096491.844,29.5560776647882,0
-58.7,-2.2,0.0650724463925196,22120167493.9443,29.7183765408435,0
-58.2,-2.2,0.0579105433361345,1584502654.58835,30.1776957358289,0
-57.7,-2.2,0.0568047134164885,1063003785.74148,30.0693320658865,0
-57.2,-2.2,0.0568047134164885,1063003785.74148,30.0693320658865,0
-56.7,-2.2,0.0568501180360153,1082138405.50215,30.0431220913532,0
-56.2,-2.2,0.0557996357954377,734105697.320154,30.1197062013264,0
-55.7,-2.2,0.0576187740061797,1430445102.70622,30.0957701049088,0
-55.2,-2.2,0.0578678424866337,1567192430.7063,30.0932814861692,0
-54.7,-2.2,0.0578678424866337,1567192430.7063,30.0932814861692,0
-54.2,-2.2,0.0488975851812028,57234482.0991139,30.4615006286115,0
-53.7,-2.2,0.0591718702567962,2547031896.67789,29.8489050673027,0
-53.2,-2.2,0.0581315454160081,1734575576.64707,29.9372237092998,0
-52.7,-2.2,0.0544102811677554,439031219.959571,30.1913504039742,0
-52.2,-2.2,0.0544102811677554,439031219.959571,30.1913504039742,0
-51.7,-2.2,0.0549120374955641,530791447.956302,30.1064982554188,0
-51.2,-2.2,0.0553963732107777,636105436.4604,30.0267801852088,0
-50.7,-2.2,0.0522881341760414,201890483.105009,30.2192041546344,0
-50.2,-2.2,0.0547785960661938,504709953.483071,30.1372985186135,0
-49.7,-2.2,0.0547785960661938,504709953.483071,30.1372985186135,0
-49.2,-2.2,0.0580544980294878,1682458689.73628,30.0317641816867,0
-48.7,-2.2,0.0587611634709061,2175838317.99969,30.0676845770532,0
-48.2,-2.2,0.0615279278067391,5983724644.0657,30.0846011777666,0
-47.7,-2.2,0.0474187867876684,29494061.2230825,31.4375894325431,0
-47.2,-2.2,0.0474187867876684,29494061.2230825,31.4375894325431,0
-46.7,-2.2,0.0570111554127389,1113498431.64104,30.3519579645873,0
-46.2,-2.2,0.0496352276748624,72119485.9078792,30.6945667367025,0
-45.7,-2.2,0.0398674886910783,1805895.07160559,31.6433302461652,0
-45.2,-2.2,0.057524335849209,1313028454.10107,30.624747610649,0
-44.7,-2.2,0.057524335849209,1313028454.10107,30.624747610649,0
-80.7,-1.7,0.0797589482473849,4778463786350.09,29.3701162563654,0
-80.2,-1.7,0.00804687616794677,14.2157072009548,33.1195941733139,0
-79.7,-1.7,0.00804687616794677,14.2157072009548,33.1195941733139,0
-79.2,-1.7,0.07654462433226,1442255765065.73,27.5555839856414,0
-78.7,-1.7,0.00461102732640284,4.01834832827973,15.7097815842887,0
-78.2,-1.7,0.0337963755095971,183078.407935032,19.7487743142751,0
-77.7,-1.7,0.0719585320438242,258910014615.794,25.9159541082249,0
-77.2,-1.7,0.0719585320438242,258910014615.794,25.9159541082249,0
-76.7,-1.7,0.075980317872717,1163135425109.79,27.0691463889303,0
-76.2,-1.7,0.0770104215798261,1709396318799.58,27.4476698057849,0
-75.7,-1.7,0.0774293587971484,1998599195164.86,27.6191126468017,0
-75.2,-1.7,0.0778387086978913,2328329922133.93,27.7961377994743,0
-74.7,-1.7,0.0778387086978913,2328329922133.93,27.7961377994743,0
-74.2,-1.7,0.0779148327121633,2394982855807.39,27.8260465768721,0
-73.7,-1.7,0.0784148970592237,2887919632567.45,28.0929249189453,0
-73.2,-1.7,0.0783628830446748,2831735480083.03,28.0534446070495,0
-72.7,-1.7,0.078332694196357,2799357214944.14,28.0297527581678,0
-72.2,-1.7,0.078332694196357,2799357214944.14,28.0297527581678,0
-71.7,-1.7,0.0783988458957269,2869967015282.63,28.065643360624,0
-71.2,-1.7,0.0786851322054378,3194823036521.34,28.2336366751302,0
-70.7,-1.7,0.078777814777506,3309158393448.65,28.2948785734064,0
-70.2,-1.7,0.0788529751417378,3403463880844.86,28.3403666428115,0
-69.7,-1.7,0.0788529751417378,3403463880844.86,28.3403666428115,0
-69.2,-1.7,0.078617086434196,3116879187437.4,28.1979452738803,0
-68.7,-1.7,0.0786996720343554,3214701480368.07,28.2525887396907,0
-68.2,-1.7,0.0788154990650392,3357146294731.5,28.3279364075603,0
-67.7,-1.7,0.0788591223892651,3412770681922.82,28.3598753703759,0
-67.2,-1.7,0.0788591223892651,3412770681922.82,28.3598753703759,0
-66.7,-1.7,0.0788849216928632,3446035931603.75,28.3788662025897,0
-66.2,-1.7,0.0789219873759512,3494133721605.31,28.4031451964828,0
-65.7,-1.7,0.0790005711773006,3598266640410.65,28.4616258582739,0
-65.2,-1.7,0.0791873157566441,3859643859898.27,28.6430472249189,0
-64.7,-1.7,0.0791873157566441,3859643859898.27,28.6430472249189,0
-64.2,-1.7,0.079221750212223,3908860510235.91,28.6686774745305,0
-63.7,-1.7,0.0792875491945348,4018067298758.55,29.1461969083264,0
-63.2,-1.7,0.0780608277661298,2566516331295.02,29.3762765441323,0
-62.7,-1.7,0.0761315413947032,1267105705303.37,29.5005805921143,0
-62.2,-1.7,0.0761315413947032,1267105705303.37,29.5005805921143,0
-61.7,-1.7,0.0756367966023658,1056785954913.84,29.4032523889971,0
-61.2,-1.7,0.0745714456856807,715735839105.723,29.4419668492176,0
-60.7,-1.7,0.0757975596040807,1120455761808.71,29.3072893681207,0
-60.2,-1.7,0.0712428936409977,211687591781.946,29.7039693444996,0
-59.7,-1.7,0.0712428936409977,211687591781.946,29.7039693444996,0
-59.2,-1.7,0.0713402429864572,219283037808.668,29.4808030251021,0
-58.7,-1.7,0.0637831325361366,13778209762.1757,29.8271051771489,0
-58.2,-1.7,0.0588734334006303,2269201252.99426,30.0443819170602,0
-57.7,-1.7,0.0540740452455303,386373331.416625,30.2908262814077,0
-57.2,-1.7,0.0540740452455303,386373331.416625,30.2908262814077,0
-56.7,-1.7,0.051447120475967,146392349.110248,30.4134185085557,0
-56.2,-1.7,0.0483576079609148,46209197.0626879,30.6623436149449,0
-55.7,-1.7,0.0442376873971007,9913338.24892403,30.9369272392944,0
-55.2,-1.7,0.0476549490755179,36134320.3538172,30.5300878525885,0
-54.7,-1.7,0.0476549490755179,36134320.3538172,30.5300878525885,0
-54.2,-1.7,0.0552653793523224,610974135.492134,29.7290754292661,0
-53.7,-1.7,0.0543047128932328,426213007.487939,29.9832020031979,0
-53.2,-1.7,0.0535122738533399,316558592.909221,30.1057209411933,0
-52.7,-1.7,0.0551582308882362,581172705.361262,30.0665357947309,0
-52.2,-1.7,0.0551582308882362,581172705.361262,30.0665357947309,0
-51.7,-1.7,0.0523338374026013,203961883.182722,30.2969673297622,0
-51.2,-1.7,0.051766315916971,164831403.161499,30.3893439615445,0
-50.7,-1.7,0.0524749543656003,214967298.720204,30.30701716891,0
-50.2,-1.7,0.054317459580592,424377245.382885,30.2189743824646,0
-49.7,-1.7,0.054317459580592,424377245.382885,30.2189743824646,0
-48.7,-1.7,0.0637460984176267,13591437127.1092,29.8399811867916,0
-48.2,-1.7,0.0624218892362687,8312980635.93555,30.0433618583244,0
-47.7,-1.7,0.0551584484183927,541824657.956115,30.80054260922,0
-47.2,-1.7,0.0551584484183927,541824657.956115,30.80054260922,0
-46.7,-1.7,0.0485560635057137,44872982.6945238,31.3827123675004,0
-46.2,-1.7,0.048656355777791,47277977.2557908,31.2309006536988,0
-45.7,-1.7,0.0583799589308611,1859554962.44683,30.2682737103016,0
-45.2,-1.7,0.0790331591847723,3655492569728.36,28.8957111380685,0
-80.7,-1.2,0.0792782254363514,3990720566841.21,28.6223956585437,0
-80.2,-1.2,0.0316774288529238,86152.1367364738,32.028784332206,0
-79.7,-1.2,0.0316774288529238,86152.1367364738,32.028784332206,0
-79.2,-1.2,0.0754543437890738,957975590895.166,27.0571958037086,0
-78.7,-1.2,0.00851833102357145,16.8427490216155,16.2928194285834,0
-78.2,-1.2,0.00816047669343894,14.7694318484868,16.2161383956557,0
-77.7,-1.2,0.0702594560923559,137143429837.137,25.5242857839611,0
-77.2,-1.2,0.0702594560923559,137143429837.137,25.5242857839611,0
-76.7,-1.2,0.077253639216548,1873650714561.5,27.6073861321704,0
-76.2,-1.2,0.0778074273361765,2303756390291.53,27.8209418416697,0
-75.7,-1.2,0.0775986946745619,2129830029085.46,27.6969860154025,0
-75.2,-1.2,0.0777102069212859,2219855261566.49,27.7390107628255,0
-74.7,-1.2,0.0777102069212859,2219855261566.49,27.7390107628255,0
-74.2,-1.2,0.077947088295659,2425028296890.43,27.8464422739197,0
-73.7,-1.2,0.0783102103066772,2777666232025.12,28.0366269524751,0
-73.2,-1.2,0.0781454900892687,2611275007767.28,27.9393769835629,0
-72.7,-1.2,0.0780587856505834,2527126389115.99,27.8917505754407,0
-72.2,-1.2,0.0780587856505834,2527126389115.99,27.8917505754407,0
-71.7,-1.2,0.0782750613001327,2740440484190.99,28.0005187859617,0
-71.2,-1.2,0.078514075967006,2997052488569.64,28.1291357620965,0
-70.7,-1.2,0.0785760507352071,3068580673979.43,28.1685412734552,0
-70.2,-1.2,0.0787996821736356,3337235765399.81,28.3081103344745,0
-69.7,-1.2,0.0787996821736356,3337235765399.81,28.3081103344745,0
-69.2,-1.2,0.0786566621710195,3163998931236.2,28.2310605456908,0
-68.7,-1.2,0.0787132777660366,3230917905660.98,28.2675500934605,0
-68.2,-1.2,0.0788550484760728,3406881260302.7,28.3593175147729,0
-67.7,-1.2,0.0789184228655627,3488906627884.37,28.4000043502655,0
-67.2,-1.2,0.0789184228655627,3488906627884.37,28.4000043502655,0
-66.7,-1.2,0.078856770741183,3409572042535.29,28.3550410563189,0
-66.2,-1.2,0.0788982525238756,3463337085111.14,28.3823909708518,0
-65.7,-1.2,0.0789778242119282,3567874553548.19,28.4426060186609,0
-65.2,-1.2,0.0792963601300807,4020740711151.74,28.7524353427394,0
-64.7,-1.2,0.0792963601300807,4020740711151.74,28.7524353427394,0
-64.2,-1.2,0.0793092544492981,4042396502916.28,28.8618905376113,0
-63.7,-1.2,0.0788681675833178,3448310161248.62,29.2789757528237,0
-63.2,-1.2,0.0779043187290445,2423137126247.68,29.3206519841742,0
-62.7,-1.2,0.0767273190532832,1575381690675.81,29.4133905464401,0
-62.2,-1.2,0.0767273190532832,1575381690675.81,29.4133905464401,0
-61.7,-1.2,0.0765248912856417,1462710387819.7,29.4129929172845,0
-61.2,-1.2,0.0756987208747008,1081408259648.1,29.4717168733004,0
-60.7,-1.2,0.0769920056481625,1735073880887.73,29.2724945142726,0
-60.2,-1.2,0.0771090002921349,1808483451974.92,29.0293737996043,0
-59.7,-1.2,0.0771090002921349,1808483451974.92,29.0293737996043,0
-59.2,-1.2,0.0749351213862849,816596076038.702,29.1854190579971,0
-58.7,-1.2,0.0671769750480013,47794862351.1817,29.6403319439714,0
-58.2,-1.2,0.0621227366849251,7501683317.57071,29.8448520977594,0
-57.7,-1.2,0.0539236133823096,367197071.802827,30.2281298300102,0
-57.2,-1.2,0.0539236133823096,367197071.802827,30.2281298300102,0
-56.7,-1.2,0.0487048605965273,52596376.2840042,30.6318989130246,0
-56.2,-1.2,0.0439815922571096,8992775.67457184,30.9754305525857,0
-55.7,-1.2,0.0508649362871353,120125602.686833,30.1932804274922,0
-55.2,-1.2,0.0505468957111326,107770324.47428,30.0406238567506,0
-54.7,-1.2,0.0505468957111326,107770324.47428,30.0406238567506,0
-54.2,-1.2,0.0497582265865236,80235270.4790209,30.1550716075054,0
-53.7,-1.2,0.0655949788905862,26691612139.6996,28.7238526546173,0
-53.2,-1.2,0.052910509927607,253027441.134999,30.0865275874076,0
-52.7,-1.2,0.0548518456866546,515314288.223571,30.0854745647531,0
-52.2,-1.2,0.0548518456866546,515314288.223571,30.0854745647531,0
-51.7,-1.2,0.0613429753032315,5627548146.63807,29.8573332702062,0
-51.2,-1.2,0.063105992844569,10756314520.5273,29.7969793432176,0
-50.7,-1.2,0.0631575505533675,10950081497.2329,29.8720643035334,0
-50.2,-1.2,0.0616953364244631,6383729974.5402,30.0083161034445,0
-49.7,-1.2,0.0616953364244631,6383729974.5402,30.0083161034445,0
-49.2,-1.2,0.0660893756830623,32095921321.6168,29.7404848433105,0
-48.2,-1.2,0.0685609746507451,79201823816.3128,29.8342067028921,0
-47.7,-1.2,0.061268207608702,5170499079.71633,30.6346420634209,0
-47.2,-1.2,0.061268207608702,5170499079.71633,30.6346420634209,0
-46.7,-1.2,0.0707394437877625,175857379036.417,29.5567107372503,0
-46.2,-1.2,0.0778273320418738,2353059676551.65,29.0066766682161,0
-80.2,-0.700000000000003,0.061765362233235,6279953127.52697,30.4455068306712,0
-79.7,-0.700000000000003,0.061765362233235,6279953127.52697,30.4455068306712,0
-79.2,-0.700000000000003,0.0770728591541426,1758333542466.54,27.7461344003619,0
-78.7,-0.700000000000003,0.0318106137555213,88077.4404692847,19.4932911422132,0
-78.2,-0.700000000000003,-0.00906279119550483,0.0267934845596051,13.4079817598664,0
-77.7,-0.700000000000003,0.0592503125743208,2266355663.72502,23.4368298960169,0
-77.2,-0.700000000000003,0.0592503125743208,2266355663.72502,23.4368298960169,0
-76.7,-0.700000000000003,0.0773675109206119,1956958876311.68,27.7226833843613,0
-76.2,-0.700000000000003,0.0778226202505315,2316516419981.96,27.8287698935814,0
-75.7,-0.700000000000003,0.0776640769191635,2182608023842.31,27.7278057649493,0
-75.2,-0.700000000000003,0.077646606934294,2167967367276.94,27.7103899836663,0
-74.7,-0.700000000000003,0.077646606934294,2167967367276.94,27.7103899836663,0
-74.2,-0.700000000000003,0.0779706604911351,2446957788330.09,27.8605690179585,0
-73.7,-0.700000000000003,0.0780087832014388,2481611796931.94,27.8732050114675,0
-73.2,-0.700000000000003,0.0779458237455414,2423804498052.54,27.8403174804105,0
-72.7,-0.700000000000003,0.0778210812248838,2312897138836.81,27.781152480375,0
-72.2,-0.700000000000003,0.0778210812248838,2312897138836.81,27.781152480375,0
-71.7,-0.700000000000003,0.0781742388212423,2639464833579.78,27.9520302025256,0
-71.2,-0.700000000000003,0.0782557165428269,2720865077034.71,27.9893772348655,0
-70.7,-0.700000000000003,0.0783829653045603,2853912998906.44,28.0602415181796,0
-70.2,-0.700000000000003,0.0785896234374167,3085416537123.9,28.1859405201977,0
-69.7,-0.700000000000003,0.0785896234374167,3085416537123.9,28.1859405201977,0
-69.2,-0.700000000000003,0.0785432800885059,3033250741780.63,28.1678984553838,0
-68.7,-0.700000000000003,0.0787634870235636,3292842419842.54,28.3039952069171,0
-68.2,-0.700000000000003,0.0788928620005175,3454922632092.37,28.3860153735023,0
-67.7,-0.700000000000003,0.0789188477295047,3488423293156.76,28.3951204459957,0
-67.2,-0.700000000000003,0.0789188477295047,3488423293156.76,28.3951204459957,0
-66.7,-0.700000000000003,0.0788175936957843,3358914066222.47,28.321092941195,0
-66.2,-0.700000000000003,0.0788502866135905,3401121273724.42,28.3430648615513,0
-65.7,-0.700000000000003,0.0789280439364202,3502296850537.48,28.4066947411458,0
-65.2,-0.700000000000003,0.0792589093931957,3964779354298.66,28.7098019104106,0
-64.7,-0.700000000000003,0.0792589093931957,3964779354298.66,28.7098019104106,0
-64.2,-0.700000000000003,0.0793204969892098,4058929694738.72,28.865471479305,0
-63.7,-0.700000000000003,0.078582582664532,3106220246875.04,29.3018647799954,0
-63.2,-0.700000000000003,0.0775719448589419,2146148990584.85,29.3928381088361,0
-62.7,-0.700000000000003,0.0756737820798523,1071794036674.8,29.6461624678417,0
-62.2,-0.700000000000003,0.0756737820798523,1071794036674.8,29.6461624678417,0
-61.7,-0.700000000000003,0.0768206399335041,1630624084549.48,29.4799752113539,0
-61.2,-0.700000000000003,0.077086658165019,1797353438981.37,29.4475129428858,0
-60.7,-0.700000000000003,0.0781246353964782,2626642055715.93,29.2648464148589,0
-60.2,-0.700000000000003,0.0783275516953508,2822282973678.02,28.8640629443165,0
-59.7,-0.700000000000003,0.0783275516953508,2822282973678.02,28.8640629443165,0
-59.2,-0.700000000000003,0.0763974765100777,1393960388595.51,29.0706137607754,0
-58.7,-0.700000000000003,0.0692844272177248,103373175051.026,29.5242364740745,0
-58.2,-0.700000000000003,0.0634336361641351,12132872220.4701,29.8030292265352,0
-57.7,-0.700000000000003,0.0531559667867451,275426649.414662,30.3263391787524,0
-57.2,-0.700000000000003,0.0531559667867451,275426649.414662,30.3263391787524,0
-56.7,-0.700000000000003,0.0484165417892127,47287908.3336842,30.6416598456885,0
-56.2,-0.700000000000003,0.0474839589493131,33658345.8594615,30.6344994663717,0
-55.7,-0.700000000000003,0.0532441460746419,288744046.53484,30.0758843778139,0
-55.2,-0.700000000000003,0.0606258190082657,4341980679.96344,29.2546527248431,0
-54.7,-0.700000000000003,0.0606258190082657,4341980679.96344,29.2546527248431,0
-54.2,-0.700000000000003,0.060142461229345,3640293829.69934,29.3153183360035,0
-53.7,-0.700000000000003,0.0533102104151066,295628805.21059,30.0114038485851,0
-53.2,-0.700000000000003,0.0619161004096777,6965479346.2263,29.2415494025286,0
-52.7,-0.700000000000003,0.0595253742124615,2893923443.86779,29.7103787387546,0
-52.2,-0.700000000000003,0.0595253742124615,2893923443.86779,29.7103787387546,0
-51.7,-0.700000000000003,0.0637442914994442,13529456454.9828,29.8196567396857,0
-51.2,-0.700000000000003,0.0658736358326086,29638557755.9081,29.7683295179067,0
-50.7,-0.700000000000003,0.066470369479973,36861993862.6868,29.8049299433789,0
-50.2,-0.700000000000003,0.0674723809353397,52936969243.1075,29.9660039769924,0
-49.7,-0.700000000000003,0.0674723809353397,52936969243.1075,29.9660039769924,0
-49.2,-0.700000000000003,0.0709135511551756,187696411056.233,29.6082909847911,0
-48.7,-0.700000000000003,0.0750486721858939,852333485797.805,29.6475655893992,0
-47.2,-0.700000000000003,0.0791093375583582,3754520340634.6,28.8273529560987,0
-80.2,-0.200000000000003,0.0788768019768823,3451257078982.04,28.8259203610045,0
-79.7,-0.200000000000003,0.0788768019768823,3451257078982.04,28.8259203610045,0
-79.2,-0.200000000000003,0.0761035914393707,1251591997440.61,28.9635439923799,0
-78.7,-0.200000000000003,0.0536807367157072,286138197.365584,22.5606683150134,0
-78.2,-0.200000000000003,-0.0036853186673248,0.192091865902346,14.3769713931581,0
-77.7,-0.200000000000003,0.0473837635653568,27738606.8016534,21.6264734884474,0
-77.2,-0.200000000000003,0.0473837635653568,27738606.8016534,21.6264734884474,0
-76.7,-0.200000000000003,0.0773135535639839,1918649448010.86,27.7136153228645,0
-76.2,-0.200000000000003,0.0770764907848048,1752331570084.58,27.486688383384,0
-75.7,-0.200000000000003,0.0774974290629006,2050787199804.5,27.6544106557732,0
-75.2,-0.200000000000003,0.0777241470005901,2232102392622.08,27.7489969225131,0
-74.7,-0.200000000000003,0.0777241470005901,2232102392622.08,27.7489969225131,0
-74.2,-0.200000000000003,0.0779215544090261,2402683336234.52,27.8379907213027,0
-73.7,-0.200000000000003,0.0779901200482704,2464917732433.05,27.8696448175944,0
-73.2,-0.200000000000003,0.0777236263803032,2230608048165.66,27.7401929717218,0
-72.7,-0.200000000000003,0.0778251152610007,2317060303400.9,27.786514908518,0
-72.2,-0.200000000000003,0.0778251152610007,2317060303400.9,27.786514908518,0
-71.7,-0.200000000000003,0.0780482057992789,2518974003752.54,27.8922198412327,0
-71.2,-0.200000000000003,0.078047535620065,2517834270828.76,27.8878406156381,0
-70.7,-0.200000000000003,0.0780918156158956,2559666627484.56,27.9098993773187,0
-70.2,-0.200000000000003,0.0782917355470313,2759260215427.41,28.0162214798444,0
-69.7,-0.200000000000003,0.0782917355470313,2759260215427.41,28.0162214798444,0
-69.2,-0.200000000000003,0.0784255610071433,2902020839461.71,28.0948977370964,0
-68.7,-0.200000000000003,0.0787315458527452,3254714354187.35,28.28264269452,0
-68.2,-0.200000000000003,0.0788488795293158,3399650180941.25,28.3532965508991,0
-67.7,-0.200000000000003,0.078791988584625,3326352733003.7,28.3063361073912,0
-67.2,-0.200000000000003,0.078791988584625,3326352733003.7,28.3063361073912,0
-66.7,-0.200000000000003,0.0787768786764978,3307511761771.01,28.2938873365587,0
-66.2,-0.200000000000003,0.079054257346075,3671408543345,28.5082281050878,0
-65.7,-0.200000000000003,0.0787174153800931,3238985144214.03,28.3224375563133,0
-65.2,-0.200000000000003,0.0791333572745791,3785645112966.02,28.6673902351497,0
-64.7,-0.200000000000003,0.0791333572745791,3785645112966.02,28.6673902351497,0
-64.2,-0.200000000000003,0.079310244667805,4044801984095.65,28.8667145331591,0
-63.7,-0.200000000000003,0.0788512867125288,3427834651191.29,29.3420411605596,0
-63.2,-0.200000000000003,0.0774848221911021,2079575561367.98,29.6475665598815,0
-62.7,-0.200000000000003,0.0765605805449581,1480664604229.7,29.7404905860425,0
-62.2,-0.200000000000003,0.0765605805449581,1480664604229.7,29.7404905860425,0
-61.7,-0.200000000000003,0.0768070973623338,1621711349558.11,29.526278476266,0
-61.2,-0.200000000000003,0.0753163620790145,938671890665.636,29.6720093609278,0
-60.7,-0.200000000000003,0.0747938345563136,775495053414.664,29.7065196517666,0
-60.2,-0.200000000000003,0.077181315851196,1860072805710.07,29.3075863477712,0
-59.7,-0.200000000000003,0.077181315851196,1860072805710.07,29.3075863477712,0
-59.2,-0.200000000000003,0.0761524204220195,1276398190331.7,29.3275873416304,0
-58.7,-0.200000000000003,0.0723674518849969,319449198529.445,29.3610666263938,0
-58.2,-0.200000000000003,0.0640204426764606,15000419807.9865,29.9036083475247,0
-57.7,-0.200000000000003,0.0541999471165349,401526356.762417,30.3900913414332,0
-57.2,-0.200000000000003,0.0541999471165349,401526356.762417,30.3900913414332,0
-56.7,-0.200000000000003,0.0518200756366281,168165174.564411,30.3845611379186,0
-56.2,-0.200000000000003,0.0502783225555128,95451250.6900228,30.4124114626662,0
-55.7,-0.200000000000003,0.0542963270108131,425245838.209173,30.0285691338213,0
-55.2,-0.200000000000003,0.0618214770347424,6723155625.32495,29.1892069267995,0
-54.7,-0.200000000000003,0.0618214770347424,6723155625.32495,29.1892069267995,0
-54.2,-0.200000000000003,0.0584872897931526,1986978403.80918,29.4830707179006,0
-53.7,-0.200000000000003,0.0542030875831453,412208032.277285,29.9357281031936,0
-53.2,-0.200000000000003,0.0541094193261631,396120660.125369,30.0036446559417,0
-52.7,-0.200000000000003,0.0594913365208538,2867276193.89424,29.698554162425,0
-52.2,-0.200000000000003,0.0594913365208538,2867276193.89424,29.698554162425,0
-51.7,-0.200000000000003,0.0627535396513337,9418667652.03249,29.8581858124065,0
-50.2,-0.200000000000003,0.0729041358964238,388810637918.063,29.4424503541724,0
-49.2,-0.200000000000003,0.0785686219002298,3078267890872.75,28.7387386386842,0
-79.7,0.299999999999997,0.0781189209784108,2586199898077.06,27.9083768118666,0
-79.2,0.299999999999997,0.0710765268016901,198716901336.454,29.8347598360793,0
-78.7,0.299999999999997,0.0683170244242739,66392047924.9591,25.1142867605042,0
-78.2,0.299999999999997,0.0203301988753381,1288.59049863968,17.9549991765685,0
-77.7,0.299999999999997,0.0215832379985269,2042.12630598254,18.1005009283721,0
-77.2,0.299999999999997,0.0215832379985269,2042.12630598254,18.1005009283721,0
-76.7,0.299999999999997,0.07184831397106,248399958737.757,25.9376929451989,0
-76.2,0.299999999999997,0.0772163176513914,1847204749440.41,27.5679837336268,0
-75.7,0.299999999999997,0.0774570052465952,2020570320139.08,27.6418921170598,0
-75.2,0.299999999999997,0.0776873794067835,2202799376063.98,27.7377765599779,0
-74.7,0.299999999999997,0.0776873794067835,2202799376063.98,27.7377765599779,0
-74.2,0.299999999999997,0.0778523829715135,2342080403133.32,27.8092332298265,0
-73.7,0.299999999999997,0.0778872148019008,2372371880518.74,27.825419835614,0
-73.2,0.299999999999997,0.077802441536991,2297593979454.32,27.7842924717724,0
-72.7,0.299999999999997,0.0776935986055708,2206519783496.03,27.7294976965585,0
-72.2,0.299999999999997,0.0776935986055708,2206519783496.03,27.7294976965585,0
-71.7,0.299999999999997,0.077866599515447,2354448915268.57,27.8088871021379,0
-71.2,0.299999999999997,0.0778107150303237,2305337682080.96,27.7780483481016,0
-70.7,0.299999999999997,0.0777180424766561,2226271158566.62,27.733336878714,0
-70.2,0.299999999999997,0.0780717840064332,2541867348041.72,27.9043165615462,0
-69.7,0.299999999999997,0.0780717840064332,2541867348041.72,27.9043165615462,0
-69.2,0.299999999999997,0.0783305041257391,2800397967178.15,28.0411660204066,0
-68.7,0.299999999999997,0.0786405333745355,3145133867069.87,28.2253559285115,0
-68.2,0.299999999999997,0.0787631938012734,3293122872804.85,28.2962500823124,0
-67.7,0.299999999999997,0.0787287388024953,3249255372852.97,28.263337908935,0
-67.2,0.299999999999997,0.0787287388024953,3249255372852.97,28.263337908935,0
-66.7,0.299999999999997,0.0788660681697347,3419863357305.77,28.351845085389,0
-66.2,0.299999999999997,0.0785909355683641,3086756911364.43,28.2032821499386,0
-65.7,0.299999999999997,0.0765496335135697,1439965742189.52,27.3080677455839,0
-65.2,0.299999999999997,0.078725458767595,3253041286275.24,28.4441335003066,0
-64.7,0.299999999999997,0.078725458767595,3253041286275.24,28.4441335003066,0
-64.2,0.299999999999997,0.0793084024781421,4047068799090.89,29.0307421526235,0
-63.7,0.299999999999997,0.0775274512359354,2110296830144.75,29.6320499354003,0
-63.2,0.299999999999997,0.0782837801860125,2785421440402.13,29.4785652032863,0
-62.7,0.299999999999997,0.0767965379409715,1612463724694.56,29.6502035697844,0
-62.2,0.299999999999997,0.0767965379409715,1612463724694.56,29.6502035697844,0
-61.7,0.299999999999997,0.0755709530988532,1029329078000.05,29.6107797027819,0
-61.2,0.299999999999997,0.0718321403374866,259712545770.656,29.9338374611965,0
-60.7,0.299999999999997,0.0714814774242368,228926601496.859,29.8800958355568,0
-60.2,0.299999999999997,0.0715409232645126,234594095814.007,29.7777096315271,0
-59.7,0.299999999999997,0.0715409232645126,234594095814.007,29.7777096315271,0
-59.2,0.299999999999997,0.0714601469831271,228066914667.706,29.7547236263559,0
-58.7,0.299999999999997,0.070814012215998,180478349979.079,29.7125419829355,0
-58.2,0.299999999999997,0.063727884000296,13350252775.8031,30.081226332115,0
-57.7,0.299999999999997,0.0573400322304066,1285765069.70045,30.1823277227949,0
-57.2,0.299999999999997,0.0573400322304066,1285765069.70045,30.1823277227949,0
-56.7,0.299999999999997,0.0527405123383535,236162465.596832,30.3503418004477,0
-56.2,0.299999999999997,0.0530037552149509,262180509.362188,30.2313549823441,0
-55.7,0.299999999999997,0.0555265323556133,668996260.502731,29.9486916478917,0
-55.2,0.299999999999997,0.0604204368348001,4029350275.84978,29.3933812976915,0
-54.7,0.299999999999997,0.0604204368348001,4029350275.84978,29.3933812976915,0
-54.2,0.299999999999997,0.0561682124362044,849219675.808033,29.8157908658759,0
-53.7,0.299999999999997,0.0587315198879386,2173074813.37572,29.5467054921114,0
-53.2,0.299999999999997,0.0555102524390006,666482261.077603,29.879157534825,0
-52.7,0.299999999999997,0.0630548602155161,10568183663.3758,29.2964479019768,0
-52.2,0.299999999999997,0.0630548602155161,10568183663.3758,29.2964479019768,0
-51.7,0.299999999999997,0.0597859688945891,3168884127.49613,30.0083297562519,0
-51.2,0.299999999999997,0.0548602009899099,499266540.850542,30.6052562962812,0
-50.7,0.299999999999997,0.0608892430928186,4718190352.1004,30.1599625256487,0
-79.7,0.799999999999997,0.0762211405623525,1270741298526.96,27.1056090757359,0
-79.2,0.799999999999997,0.0789779493845769,3586849086741.35,29.0918999940089,0
-78.7,0.799999999999997,0.0786472147634869,3156705612478.77,28.3813120185697,0
-78.2,0.799999999999997,0.0562929270672278,755567395.781997,22.9655208860735,0
-77.7,0.799999999999997,0.0152641018168085,200.345831844163,17.2469782292373,0
-77.2,0.799999999999997,0.0152641018168085,200.345831844163,17.2469782292373,0
-76.7,0.799999999999997,0.0445405446873423,9687451.14407946,21.2192492266647,0
-76.2,0.799999999999997,0.0737333908151705,502387252927.596,26.4235597312503,0
-75.7,0.799999999999997,0.07820124524984,2671835210810.16,28.0641796388238,0
-75.2,0.799999999999997,0.0782997556077306,2773068440411.58,28.0986706493697,0
-74.7,0.799999999999997,0.0782997556077306,2773068440411.58,28.0986706493697,0
-74.2,0.799999999999997,0.0787688103753623,3304453611220.04,28.4187301407868,0
-73.7,0.799999999999997,0.078134588821984,2604388686296.95,27.9794758103627,0
-73.2,0.799999999999997,0.0775698768101533,2107168274198.61,27.6835728272913,0
-72.7,0.799999999999997,0.0773392648103927,1933184349052.48,27.5765966779807,0
-72.2,0.799999999999997,0.0773392648103927,1933184349052.48,27.5765966779807,0
-71.7,0.799999999999997,0.077597761951198,2129773377987.62,27.6907121260597,0
-71.2,0.799999999999997,0.0781262914080902,2595101413854.72,27.9537336086844,0
-70.7,0.799999999999997,0.0777883601526413,2285623657596.07,27.7684264700793,0
-70.2,0.799999999999997,0.0779419331010351,2421237753068.91,27.8409053008576,0
-69.7,0.799999999999997,0.0779419331010351,2421237753068.91,27.8409053008576,0
-69.2,0.799999999999997,0.078240642678279,2707684843808.02,27.9954398522727,0
-68.7,0.799999999999997,0.0785658354473317,3058057924861.56,28.1861162293309,0
-68.2,0.799999999999997,0.0786623370016034,3170754473927.97,28.2328286252104,0
-67.7,0.799999999999997,0.078612095446409,3110806896599.01,28.1898382079157,0
-67.2,0.799999999999997,0.078612095446409,3110806896599.01,28.1898382079157,0
-66.7,0.799999999999997,0.0788957007954604,3457899779779.18,28.3729327148264,0
-66.2,0.799999999999997,0.0790114749903227,3612115334836.42,28.4972948958029,0
-65.7,0.799999999999997,0.074106746653333,577081723521.525,26.4823846947395,0
-65.2,0.799999999999997,0.0762489949971677,1287007180637.42,27.1904951032867,0
-64.7,0.799999999999997,0.0762489949971677,1287007180637.42,27.1904951032867,0
-64.2,0.799999999999997,0.0790396231278083,3668093364429.85,29.02964175359,0
-63.7,0.799999999999997,0.0787532978178987,3291926555610.9,28.5866123222886,0
-63.2,0.799999999999997,0.0785559678192978,3068407469738.92,28.7996580264592,0
-62.7,0.799999999999997,0.0746203898930176,726387939130.32,29.5657737272908,0
-62.2,0.799999999999997,0.0746203898930176,726387939130.32,29.5657737272908,0
-61.7,0.799999999999997,0.0694030003843255,106279591522.657,29.9684340901341,0
-61.2,0.799999999999997,0.0660920383344541,31225422675.738,30.1940677462975,0
-60.7,0.799999999999997,0.0636032660461735,12463411739.4567,30.2539605175631,0
-60.2,0.799999999999997,0.0626828772845024,8889893649.26457,30.2176349655562,0
-59.7,0.799999999999997,0.0626828772845024,8889893649.26457,30.2176349655562,0
-59.2,0.799999999999997,0.0634947096390723,12024726020.4795,30.1521039595125,0
-58.7,0.799999999999997,0.0704028968250087,154968208164.625,29.6640588240684,0
-58.2,0.799999999999997,0.0714890033314905,231662138084.38,29.4504238510188,0
-57.7,0.799999999999997,0.0614285579741773,5811150778.69594,29.9042298633756,0
-57.2,0.799999999999997,0.0614285579741773,5811150778.69594,29.9042298633756,0
-56.7,0.799999999999997,0.0514651154011355,145483464.577854,30.5605504678903,0
-56.2,0.799999999999997,0.0587367590818986,2171563677.83116,29.8631502895623,0
-55.7,0.799999999999997,0.0575195930824408,1389370211.30381,29.9009408302275,0
-55.2,0.799999999999997,0.0624329674498535,8418831937.70088,29.4710582992819,0
-54.7,0.799999999999997,0.0624329674498535,8418831937.70088,29.4710582992819,0
-54.2,0.799999999999997,0.0617571948131518,6575861035.81262,29.5513360027821,0
-53.7,0.799999999999997,0.0613246122557535,5613769497.16308,29.5404843954963,0
-53.2,0.799999999999997,0.0592313103067836,2609397374.00756,29.5864377680458,0
-52.7,0.799999999999997,0.0567160449150752,1035716860.93419,29.9027226735658,0
-52.2,0.799999999999997,0.0567160449150752,1035716860.93419,29.9027226735658,0
-51.7,0.799999999999997,0.0564898581036298,946535543.32675,30.0901933292262,0
-51.2,0.799999999999997,0.0522616393389628,195203932.245866,30.5175497722307,0
-50.7,0.799999999999997,0.0511463956120525,127132742.130167,30.724127227621,0
-78.7,1.3,0.0785541213999745,3075655279451.87,29.6454685448979,0
-78.2,1.3,0.0778461207474447,2341487064460.46,28.0356101570644,0
-77.7,1.3,0.0571421436220487,1034726673.30718,23.0919334896258,0
-77.2,1.3,0.0571421436220487,1034726673.30718,23.0919334896258,0
-76.7,1.3,0.0355055375817671,344109.279623467,19.98127258489,0
-76.2,1.3,0.0550594482876125,477622979.804246,22.7649645892586,0
-75.7,1.3,0.0735665170362658,471879987192.053,26.3803865998172,0
-75.2,1.3,0.0781667085285745,2667496231883.62,29.2572425440589,0
-74.7,1.3,0.0781667085285745,2667496231883.62,29.2572425440589,0
-74.2,1.3,0.0771599424381004,1846234397099.8,29.4487722294742,0
-73.7,1.3,0.0785113430759664,3000908669552.99,28.2404908299559,0
-73.2,1.3,0.0772195503881617,1849716769608.85,27.5388534725156,0
-72.7,1.3,0.0772976346215583,1903935662394.15,27.5621402190691,0
-72.2,1.3,0.0772976346215583,1903935662394.15,27.5621402190691,0
-71.7,1.3,0.0774516687946765,2016942194023.8,27.6338000588256,0
-71.2,1.3,0.0781017436028235,2571567331849.76,27.9462713026857,0
-70.7,1.3,0.0779081606809911,2390703238456.79,27.8249190676147,0
-70.2,1.3,0.0778734053763993,2359856742131.78,27.8095840393101,0
-69.7,1.3,0.0778734053763993,2359856742131.78,27.8095840393101,0
-69.2,1.3,0.078157276207675,2624573990996.92,27.9545806132276,0
-68.7,1.3,0.078424859320465,2901307872828.96,28.1046112011229,0
-68.2,1.3,0.0784246441453552,2900961768409.91,28.0933425024699,0
-67.7,1.3,0.0784429954760434,2919791743839.17,28.0925777301218,0
-67.2,1.3,0.0784429954760434,2919791743839.17,28.0925777301218,0
-66.7,1.3,0.0790310987783935,3638521223119.19,28.4920285799384,0
-66.2,1.3,0.0793491242895905,4100705548831.73,28.8596315983071,0
-65.7,1.3,0.0763149186027033,1316673501613.98,27.1735424972989,0
-65.2,1.3,0.0746860889139457,716801864444.508,26.6484463718459,0
-64.7,1.3,0.0746860889139457,716801864444.508,26.6484463718459,0
-64.2,1.3,0.0758346571528424,1103495731362.56,27.0591581844661,0
-63.7,1.3,0.077654191272217,2207357746479.48,28.8886472772423,0
-63.2,1.3,0.0713778162648816,221786891909.111,29.6530942822732,0
-62.7,1.3,0.0713078842472289,216343588205.212,29.5727401522657,0
-62.2,1.3,0.0713078842472289,216343588205.212,29.5727401522657,0
-61.7,1.3,0.0739663951840705,572776068018.855,29.1878680071707,0
-61.2,1.3,0.0579325156655068,1517387972.03681,30.538768688831,0
-60.7,1.3,0.0540086711347051,354748856.11784,30.6375155814723,0
-60.2,1.3,0.0574382539931628,1274681894.25094,30.3902191551123,0
-59.7,1.3,0.0574382539931628,1274681894.25094,30.3902191551123,0
-59.2,1.3,0.0675097312981817,53322032781.7908,29.835660241244,0
-58.7,1.3,0.0703084801245603,149719297918.74,29.6838403139181,0
-58.2,1.3,0.0697925666916496,124374857809.478,29.5488229417219,0
-57.7,1.3,0.0567417289431878,1019280014.8471,30.3706062861593,0
-57.2,1.3,0.0567417289431878,1019280014.8471,30.3706062861593,0
-56.7,1.3,0.0560584842529046,785334035.792159,30.4731771366361,0
-56.2,1.3,0.0643363443529803,16895369809.1621,29.6555191920244,0
-55.7,1.3,0.0615608251740289,6110542929.53194,29.8158247806831,0
-55.2,1.3,0.0646965201291385,19277116003.3017,29.5999699327278,0
-54.7,1.3,0.0646965201291385,19277116003.3017,29.5999699327278,0
-54.2,1.3,0.0659776173076358,30806531467.044,29.6034197246363,0
-53.7,1.3,0.0619333165487705,7006022457.99675,29.8020251998577,0
-53.2,1.3,0.0626818210318253,9220780730.85542,29.3620502992827,0
-52.7,1.3,0.0577864329073732,1530085322.41458,29.9522070227951,0
-52.2,1.3,0.0577864329073732,1530085322.41458,29.9522070227951,0
-51.7,1.3,0.0561285087009437,826466324.704595,30.1561638315018,0
-51.2,1.3,0.0564854364880238,940212717.149783,30.1859480635617,0
-50.7,1.3,0.0540662780201441,376800606.252917,30.5608497699507,0
-50.2,1.3,0.0737052433428988,520960409952.903,29.3794058473258,0
-78.7,1.8,0.0794514889778973,4256136818870.17,28.8525325384965,0
-78.2,1.8,0.065704237853454,26068247115.5786,30.7572500836076,0
-77.7,1.8,0.0742709988041183,613515495335.608,26.6037080548289,0
-77.2,1.8,0.0742709988041183,613515495335.608,26.6037080548289,0
-76.7,1.8,0.0500739590544206,75133375.8722841,22.013900442713,0
-76.2,1.8,0.032806404859072,127125.318997822,19.6183491221469,0
-75.7,1.8,0.0588884962991621,1979939984.87291,23.3756206907171,0
-75.2,1.8,0.0772040582698256,1840372380680.67,27.6433003789407,0
-74.7,1.8,0.0772040582698256,1840372380680.67,27.6433003789407,0
-74.2,1.8,0.0765216656686996,1461812871067.12,29.5894762453962,0
-73.7,1.8,0.0785543892892093,3050459900164.8,28.2887588835639,0
-73.2,1.8,0.0782369530221398,2709832579132.64,28.0930094423796,0
-72.7,1.8,0.0778017357701796,2299156697093.89,27.7940751393836,0
-72.2,1.8,0.0778017357701796,2299156697093.89,27.7940751393836,0
-71.7,1.8,0.0777871284825475,2287119973122.21,27.7993461723836,0
-71.2,1.8,0.0777962652890879,2293842553533.11,27.7885892069802,0
-70.7,1.8,0.0780009860293866,2475620212549.05,27.8694772691814,0
-70.2,1.8,0.0780212687827763,2494935581112.35,27.8848901336187,0
-69.7,1.8,0.0780212687827763,2494935581112.35,27.8848901336187,0
-69.2,1.8,0.0780488187587858,2520650509376.29,27.9002710210868,0
-68.7,1.8,0.0782989150989282,2768225931627.94,28.0336368068636,0
-68.2,1.8,0.0781098245275587,2579573884660.84,27.9267505777141,0
-67.7,1.8,0.0783753467541876,2847569688036.71,28.0571310590613,0
-67.2,1.8,0.0783753467541876,2847569688036.71,28.0571310590613,0
-66.7,1.8,0.07893664528023,3512597390912.9,28.4250837047251,0
-66.2,1.8,0.0792807209380349,3996556432296.91,28.7512298103826,0
-65.7,1.8,0.0786647973722806,3172372703504.67,28.2341418451745,0
-65.2,1.8,0.0776683292742007,2187564881100.47,27.7485096953997,0
-64.7,1.8,0.0776683292742007,2187564881100.47,27.7485096953997,0
-64.2,1.8,0.0775433421128719,2100724490192.58,27.9946703230238,0
-63.7,1.8,0.0763350175807461,1357637775141.71,28.5114503007452,0
-63.2,1.8,0.0703929380425911,153664400320.954,29.3370533461357,0
-62.7,1.8,0.0667776261395431,40975528182.1376,29.7766222505467,0
-62.2,1.8,0.0667776261395431,40975528182.1376,29.7766222505467,0
-61.7,1.8,0.0640035912921899,14641497820.4498,29.9266419840955,0
-61.2,1.8,0.0479448636857485,37014494.5471652,30.8663857759814,0
-60.7,1.8,0.0477991070143684,35255050.1078325,30.8341500194807,0
-60.2,1.8,0.0522920159282613,187098009.246911,30.6597700604709,0
-59.7,1.8,0.0522920159282613,187098009.246911,30.6597700604709,0
-59.2,1.8,0.0587239171983828,2037164570.3243,30.4195099740069,0
-58.7,1.8,0.0556228001476077,645040711.266892,30.5529700102337,0
-58.2,1.8,0.0507379040723811,106930862.818129,30.668412752425,0
-57.7,1.8,0.0555904851520904,659048720.124851,30.4565611227972,0
-57.2,1.8,0.0555904851520904,659048720.124851,30.4565611227972,0
-56.7,1.8,0.0577220408505324,1449301908.13326,30.4127486719908,0
-56.2,1.8,0.0678173572309713,60397620595.4407,29.6086804264234,0
-55.7,1.8,0.0705670079016249,164894597580.47,29.1335888984348,0
-55.2,1.8,0.0687156769288927,83883779054.621,29.4834852999315,0
-54.7,1.8,0.0687156769288927,83883779054.621,29.4834852999315,0
-54.2,1.8,0.066180262335283,33089305422.0851,29.8764267673482,0
-53.7,1.8,0.065613028913286,26955111590.8208,29.7061600070128,0
-53.2,1.8,0.0648558466974826,20421177507.9921,29.3151447835573,0
-52.7,1.8,0.0606385017186442,4361962833.08421,29.7938054882417,0
-52.2,1.8,0.0606385017186442,4361962833.08421,29.7938054882417,0
-51.7,1.8,0.0622684251967524,7926200402.01159,29.6816886518106,0
-51.2,1.8,0.0612793839821259,5502524277.07478,29.8926565927494,0
-50.7,1.8,0.0690843535265341,96030764280.9056,29.5887894913007,0
-78.2,2.3,0.0791339172002817,3801175878736.5,29.4192226321676,0
-77.7,2.3,0.0767027783817846,1522557764981.33,27.3708015638691,0
-77.2,2.3,0.0767027783817846,1522557764981.33,27.3708015638691,0
-76.7,2.3,0.0589389284179006,2019159547.30077,23.3764586073385,0
-76.2,2.3,0.028272154082821,23932.2998299563,19.0159978597603,0
-75.7,2.3,0.0602624130596447,3299386734.98865,23.6068611251673,0
-75.2,2.3,0.059305710608696,2313346127.18985,23.4497394168401,0
-74.7,2.3,0.059305710608696,2313346127.18985,23.4497394168401,0
-74.2,2.3,0.0770373043008853,1728021894060.25,27.5438273127135,0
-73.7,2.3,0.0776746805807347,2194039172839.35,27.7803381474888,0
-73.2,2.3,0.0783462632243111,2821367067045.17,28.1346523144045,0
-72.7,2.3,0.0782375941728137,2705708315655.39,28.0178292433724,0
-72.2,2.3,0.0782375941728137,2705708315655.39,28.0178292433724,0
-71.7,2.3,0.0780577939522078,2530513165833.49,27.9309558028088,0
-71.2,2.3,0.0778953213018359,2381018901679.29,27.8441877817015,0
-70.7,2.3,0.0780111649547281,2485424491778.37,27.8812267406554,0
-70.2,2.3,0.0784245420587855,2903838287041.29,28.1439922782749,0
-69.7,2.3,0.0784245420587855,2903838287041.29,28.1439922782749,0
-69.2,2.3,0.0784598899214234,2941555099046.66,28.1482597881743,0
-68.7,2.3,0.078282719475151,2752016441772.67,28.0275533370847,0
-68.2,2.3,0.0782750649193856,2744943219303.4,28.0169790927496,0
-67.7,2.3,0.078423745367894,2901600880679.31,28.0904742217256,0
-67.2,2.3,0.078423745367894,2901600880679.31,28.0904742217256,0
-66.7,2.3,0.0789561275889123,3540866087022.43,28.4402650475717,0
-66.2,2.3,0.0792951360495004,4019643719826.62,28.7477452580931,0
-65.7,2.3,0.078843158683754,3392332863056.16,28.3529987017643,0
-65.2,2.3,0.078789882441253,3343760875827.68,28.8412325599119,0
-64.7,2.3,0.078789882441253,3343760875827.68,28.8412325599119,0
-64.2,2.3,0.0773873178686689,1979081150473.73,27.8236048430277,0
-63.7,2.3,0.0733176913503494,434206089771.714,26.5237102780917,0
-63.2,2.3,0.0753057366730662,931887747386.908,28.6363882925295,0
-62.7,2.3,0.0686181537387422,80249402726.7727,29.584538564928,0
-62.2,2.3,0.0686181537387422,80249402726.7727,29.584538564928,0
-61.7,2.3,0.0611442071078351,5058270389.3428,30.1517799741026,0
-61.2,2.3,0.0515295348244243,141438293.245915,30.6428806494807,0
-60.7,2.3,0.0375832225174599,785941.473569539,31.3831795309393,0
-60.2,2.3,0.0353334614305092,336087.768804171,31.620411177676,0
-59.7,2.3,0.0353334614305092,336087.768804171,31.620411177676,0
-59.2,2.3,0.0420390801572075,4041885.93694842,31.3701862563331,0
-58.7,2.3,0.0488198294865625,51192924.8628089,30.9277175369349,0
-58.2,2.3,0.050484537108402,96394589.4918673,30.7664814382633,0
-57.7,2.3,0.0550777001130703,538533773.796038,30.5833005749683,0
-57.2,2.3,0.0550777001130703,538533773.796038,30.5833005749683,0
-56.7,2.3,0.0598392172698386,3151632144.9904,30.4162240932858,0
-56.2,2.3,0.0725952978219471,346924664309.559,29.4048423878618,0
-55.7,2.3,0.0748344455363579,786210842369.373,29.1728330523362,0
-55.2,2.3,0.0731740588096361,428402805140.082,29.2585431171273,0
-54.7,2.3,0.0731740588096361,428402805140.082,29.2585431171273,0
-54.2,2.3,0.0633460434433373,11487804086.9612,30.3088926472049,0
-53.7,2.3,0.0640131057829617,14871842695.3157,30.066822564645,0
-53.2,2.3,0.0636656207044835,13215275949.067,29.6340324838436,0
-52.7,2.3,0.0615106478616381,6001047206.12045,29.7884741054603,0
-52.2,2.3,0.0615106478616381,6001047206.12045,29.7884741054603,0
-51.7,2.3,0.0657168186366242,27982457908.5368,29.4387909240504,0
-51.2,2.3,0.0677893167191606,59759835070.0789,29.4803144498156,0
-77.7,2.8,0.0777788995196554,2276430027452.98,27.7511638267876,0
-77.2,2.8,0.0777788995196554,2276430027452.98,27.7511638267876,0
-76.7,2.8,0.0700044118506155,124737147873.594,25.4578727527533,0
-76.2,2.8,0.0320517495266106,96342.2616891286,19.5291216649226,0
-75.7,2.8,0.0655382875486492,23540690839.1782,24.5599465749175,0
-75.2,2.8,0.0663212072796635,31513768418.0862,24.7132067740532,0
-74.7,2.8,0.0663212072796635,31513768418.0862,24.7132067740532,0
-74.2,2.8,0.0680089503266956,59315579732.004,25.0526074486282,0
-73.7,2.8,0.0766549777947688,1497419127423.95,27.3332321128343,0
-73.2,2.8,0.0786044270305158,3104651607493.39,28.2533671186816,0
-72.7,2.8,0.0789979525685952,3597410298557.87,28.5301668189278,0
-72.2,2.8,0.0789979525685952,3597410298557.87,28.5301668189278,0
-71.7,2.8,0.0787844876912063,3320054620148.3,28.3465923119657,0
-71.2,2.8,0.0782340881942955,2702371284586.4,28.0145111807295,0
-70.7,2.8,0.0779594434828335,2438526018011.58,27.8803927840642,0
-70.2,2.8,0.0782612327868679,2731320133937.9,28.0508972685389,0
-69.7,2.8,0.0782612327868679,2731320133937.9,28.0508972685389,0
-69.2,2.8,0.0783430549629333,2816645117789.12,28.097961023872,0
-68.7,2.8,0.0783666644395626,2841068956976.74,28.0904941065581,0
-68.2,2.8,0.0785128512677406,3001091390307.66,28.1633061798224,0
-67.7,2.8,0.0786803449019338,3195882095673,28.2719945571795,0
-67.2,2.8,0.0786803449019338,3195882095673,28.2719945571795,0
-66.7,2.8,0.0788725587204785,3437636350365.89,28.5185568889529,0
-66.2,2.8,0.0788139700035589,3369209547635.36,28.6694601735494,0
-65.7,2.8,0.0790113773795687,3620885447514.14,28.6669183265619,0
-65.2,2.8,0.0772802779140855,1924713241991.43,28.9620990221705,0
-64.7,2.8,0.0772802779140855,1924713241991.43,28.9620990221705,0
-64.2,2.8,0.0749132320064567,785136280746.128,26.8758848495936,0
-63.7,2.8,0.074419070833112,655529841281.965,26.8896940886954,0
-63.2,2.8,0.0707396327476683,174322778334.108,29.2938379986747,0
-62.7,2.8,0.0669002628026476,42538046862.5336,29.7638351922444,0
-62.2,2.8,0.0669002628026476,42538046862.5336,29.7638351922444,0
-61.7,2.8,0.0598551787145753,3113879192.99278,30.2936916777621,0
-61.2,2.8,0.03898629964161,1309038.72431759,31.423322630287,0
-60.7,2.8,0.0233951291098815,4018.85915620507,32.3224765412431,0
-60.2,2.8,0.0216681147216915,2130.55569259419,32.3561343122794,0
-59.7,2.8,0.0216681147216915,2130.55569259419,32.3561343122794,0
-59.2,2.8,0.0549898090745063,506571586.120914,30.665039685355,0
-58.7,2.8,0.0495389084938543,67358610.4107838,30.8786489156195,0
-58.2,2.8,0.053058484834927,250555540.109089,30.7182986758987,0
-57.7,2.8,0.0575259892591261,1334765818.4752,30.5210327898937,0
-57.2,2.8,0.0575259892591261,1334765818.4752,30.5210327898937,0
-56.7,2.8,0.0681061240846925,67028141950.1521,29.8375288263729,0
-56.2,2.8,0.0710113513770798,194291673423.978,29.5294875371771,0
-55.7,2.8,0.0692776494146921,102871602922.687,29.8339011181811,0
-55.2,2.8,0.07055765043236,164399130675.652,29.8368465580802,0
-54.7,2.8,0.07055765043236,164399130675.652,29.8368465580802,0
-54.2,2.8,0.0603958309055698,3830357253.4925,30.5408463585864,0
-53.7,2.8,0.0598937704742749,3208372748.29171,30.4652595296655,0
-53.2,2.8,0.0636028840871976,12905081114.2414,29.7678346806277,0
-52.7,2.8,0.0630756623206077,10645601005.5477,29.7327766521911,0
-52.2,2.8,0.0630756623206077,10645601005.5477,29.7327766521911,0
-51.7,2.8,0.0690511056644328,94802543900.3761,29.3542287115303,0
-51.2,2.8,0.0754398671363203,979993413382.145,28.9367749151296,0
-77.2,3.3,0.0758652835394079,1111967938505.15,26.9897757716702,0
-76.7,3.3,0.0725147194111396,318576913305.684,26.0444902062229,0
-76.2,3.3,0.0397408509413391,1644902.13341451,20.5660849346223,0
-75.7,3.3,0.0586988940102549,1848546013.19184,23.3533765838333,0
-75.2,3.3,0.075435868690697,982295139702.849,29.5892427479908,0
-74.7,3.3,0.075435868690697,982295139702.849,29.5892427479908,0
-74.2,3.3,0.0457276675436769,15060259.2898215,21.3899909259386,0
-73.7,3.3,0.0707299852605095,163537871868.962,25.6284463495336,0
-73.2,3.3,0.0788466560048174,3405505005039.42,28.5785450696022,0
-72.7,3.3,0.0789913712168323,3605117381047.93,29.1104157749568,0
-72.2,3.3,0.0789913712168323,3605117381047.93,29.1104157749568,0
-71.7,3.3,0.0792918494545261,4016948482086.11,28.8216592449682,0
-71.2,3.3,0.0788311368383277,3379350132430.83,28.3891960029356,0
-70.7,3.3,0.0782814949544902,2752149179678.33,28.0854360454857,0
-70.2,3.3,0.0782372388965601,2713466023480.4,28.2358212798729,0
-69.7,3.3,0.0782372388965601,2713466023480.4,28.2358212798729,0
-69.2,3.3,0.0782083472826768,2690603495535.85,28.3829547825705,0
-68.7,3.3,0.078444523997038,2935207098286.97,28.3971978603784,0
-68.2,3.3,0.0785859468109603,3094729559025.27,28.5001684671745,0
-67.7,3.3,0.0783139507530629,2806263973318.12,28.6872165031139,0
-67.2,3.3,0.0783139507530629,2806263973318.12,28.6872165031139,0
-66.7,3.3,0.0760632513074544,1222791953917.74,28.9069488151171,0
-66.2,3.3,0.0770285543967581,1752813701742.44,28.6992942907165,0
-65.7,3.3,0.0753392664932446,918129614122.417,26.9101652259445,0
-65.2,3.3,0.0752156912932116,879414200181.251,26.9903739512777,0
-64.7,3.3,0.0752156912932116,879414200181.251,26.9903739512777,0
-64.2,3.3,0.0741702557080411,595165386292.729,26.670438665941,0
-63.7,3.3,0.0767258141937866,1566116670397.71,28.4590074113391,0
-63.2,3.3,0.0746775859960603,741151248699.159,29.0062443162834,0
-62.7,3.3,0.0685864313396947,79178209945.7142,29.6665240161115,0
-62.2,3.3,0.0685864313396947,79178209945.7142,29.6665240161115,0
-61.7,3.3,0.0516585448441399,147308792.713372,30.7513961387137,0
-61.2,3.3,0.0259251143700077,10219.1502959291,32.1965077823202,0
-60.7,3.3,0.0145830011034321,156.235131605706,32.8103959905819,0
-60.2,3.3,0.0142748796232406,139.660517953268,32.8010543995087,0
-59.7,3.3,0.0142748796232406,139.660517953268,32.8010543995087,0
-59.2,3.3,0.0361112995941467,454012.502164855,31.5338765283746,0
-58.7,3.3,0.0462360244956879,19658978.2588654,31.0723993434942,0
-58.2,3.3,0.0481683782558188,40560841.3496208,31.001235308003,0
-57.7,3.3,0.0625886164182263,8722817955.25645,30.2805507207139,0
-57.2,3.3,0.0625886164182263,8722817955.25645,30.2805507207139,0
-56.7,3.3,0.0652992670317933,23809669472.2028,30.0744944286501,0
-56.2,3.3,0.0744862559965604,691672582902.935,29.0820621389748,0
-55.7,3.3,0.0707405303682864,176021717766.774,29.6899298295955,0
-55.2,3.3,0.0667542432204494,40372163771.618,30.1583832714478,0
-54.7,3.3,0.0667542432204494,40372163771.618,30.1583832714478,0
-54.2,3.3,0.0614542302201731,5672312829.76763,30.4808837551208,0
-53.7,3.3,0.0627700601743663,9464990534.00848,29.9857190631524,0
-53.2,3.3,0.0649413003691291,21055474663.8239,29.4450005509034,0
-52.7,3.3,0.0648998276338481,20755762844.5805,29.6904750902827,0
-52.2,3.3,0.0648998276338481,20755762844.5805,29.6904750902827,0
-51.7,3.3,0.0666490064890582,39385722866.0165,29.6259536666375,0
-51.2,3.3,0.0765714076651096,1481775108186.93,28.8754090522315,0
-76.7,3.8,0.0756560847613234,1030499670413.52,26.9601362150812,0
-76.2,3.8,0.0538804734649478,308915632.246638,22.583055468315,0
-75.7,3.8,0.0419461946933498,3715611.32447361,20.8663718021477,0
-75.2,3.8,0.0668127015905513,39776127590.6752,30.5898788167547,0
-74.7,3.8,0.0668127015905513,39776127590.6752,30.5898788167547,0
-74.2,3.8,0.0407408750574616,2379126.04327692,20.6924810102365,0
-73.7,3.8,0.0540580143619565,329698261.397773,22.6107991697791,0
-73.2,3.8,0.0775375656095516,2113365877899.88,28.790186501087,0
-72.7,3.8,0.0768526370854202,1649804010014.66,29.5476403706211,0
-72.2,3.8,0.0768526370854202,1649804010014.66,29.5476403706211,0
-71.7,3.8,0.0783446219560464,2846969431032.67,29.2698442115629,0
-71.2,3.8,0.0785993147140399,3123934522716.64,29.1533402767761,0
-70.7,3.8,0.0780856865614246,2586318931131.48,28.9878199587056,0
-70.2,3.8,0.0770447065948492,1765208980183.36,28.8712859107861,0
-69.7,3.8,0.0770447065948492,1765208980183.36,28.8712859107861,0
-69.2,3.8,0.0744550993275923,684365168150.784,28.894021577919,0
-68.7,3.8,0.071871058096059,266096993994.89,29.056489462324,0
-68.2,3.8,0.0716893694222658,249015687016.885,29.0903202037442,0
-67.7,3.8,0.0737315145679802,525501656965.602,28.9730579139464,0
-67.2,3.8,0.0737315145679802,525501656965.602,28.9730579139464,0
-66.7,3.8,0.0747913407605109,773508191887.384,28.775812667387,0
-66.2,3.8,0.0764416273583631,1410303276471.15,28.4089513993133,0
-65.7,3.8,0.0751126837814627,846578560803.357,26.9776367114614,0
-65.2,3.8,0.068776157488376,79231809231.9933,25.2512174665187,0
-64.7,3.8,0.068776157488376,79231809231.9933,25.2512174665187,0
-64.2,3.8,0.0726845916532687,341899977302.278,26.2612278189511,0
-63.7,3.8,0.0764158308952804,1400988236344.1,28.6909299265933,0
-63.2,3.8,0.0771821041063867,1851515828904.25,28.5060792254482,0
-62.7,3.8,0.072242377721066,303109315949.298,29.3888207525761,0
-62.2,3.8,0.072242377721066,303109315949.298,29.3888207525761,0
-61.7,3.8,0.0630948873285232,10341553757.2728,30.0973915159479,0
-61.2,3.8,0.0210038808141496,1666.13937923668,32.4055793735827,0
-60.7,3.8,0.0124744342448401,72.0310981358607,32.8914780360531,0
-60.2,3.8,0.030241726108726,51353.936061604,31.8012525820262,0
-59.7,3.8,0.030241726108726,51353.936061604,31.8012525820262,0
-59.2,3.8,0.0479688559365272,37714137.3190683,30.8952267732158,0
-58.7,3.8,0.0512292389838312,126338824.770085,30.8674331881193,0
-58.2,3.8,0.0558969308921451,713921890.266223,30.7173757279971,0
-57.7,3.8,0.0679744683150388,63701891493.9371,29.9494589715775,0
-57.2,3.8,0.0679744683150388,63701891493.9371,29.9494589715775,0
-56.7,3.8,0.0733444010805861,456564203534.759,29.3890159715549,0
-56.2,3.8,0.0749620389764308,824336681697.64,29.1951131855453,0
-55.7,3.8,0.0700755920330668,137991638062.958,29.7104080935474,0
-55.2,3.8,0.0671357121895101,46741350068.9557,30.0088410199055,0
-54.7,3.8,0.0671357121895101,46741350068.9557,30.0088410199055,0
-54.2,3.8,0.0627916047056869,9377135796.46986,30.3097493054449,0
-53.7,3.8,0.0671412484154437,47135222697.6755,29.702014356291,0
-53.2,3.8,0.0712438314695706,210700382416.344,28.9325194867669,0
-52.7,3.8,0.0702716391407499,147995392661.038,29.245626813466,0
-52.2,3.8,0.0702716391407499,147995392661.038,29.245626813466,0
-51.7,3.8,0.068953994161994,91451635939.252,29.4195978125493,0
-51.2,3.8,0.0772448524289642,1893297849267.72,28.7318826159668,0
-77.2,4.3,0.0768490188238,1606918960075.7,27.3447554070785,0
-76.7,4.3,0.0765788475958599,1454857548051.66,27.2748369385925,0
-76.2,4.3,0.0683274479069155,66723897832.1836,25.104615728364,0
-75.7,4.3,0.0301463789131755,47755.0473629459,19.2757788470445,0
-75.2,4.3,0.0751425152714974,849668352864.359,26.8000675450239,0
-74.7,4.3,0.0751425152714974,849668352864.359,26.8000675450239,0
-74.2,4.3,0.0568635409156482,934446846.064673,23.0317780794577,0
-73.7,4.3,0.0296043879548372,39070.2581409624,19.1937001087312,0
-73.2,4.3,0.076738183073429,1549532840030.75,27.5182007347814,0
-72.7,4.3,0.0711697459435962,203824100603.31,29.9576872592661,0
-72.2,4.3,0.0711697459435962,203824100603.31,29.9576872592661,0
-71.7,4.3,0.0721448130019468,290926406726.128,29.9291838177068,0
-71.2,4.3,0.0729457913853107,390633259181.533,29.8459657115942,0
-70.7,4.3,0.0720001497739448,276198413664.4,29.9150097722899,0
-70.2,4.3,0.071395049507366,222759035099.425,29.8860721808509,0
-69.7,4.3,0.071395049507366,222759035099.425,29.8860721808509,0
-69.2,4.3,0.0708708278646047,184691518898.68,29.5685702533708,0
-68.7,4.3,0.0675216276732888,54208655733.9487,29.3871464057852,0
-68.2,4.3,0.0647435467695906,19549412311.9077,29.5214288929064,0
-67.7,4.3,0.0724209384553093,324624986678.457,28.6891781919536,0
-67.2,4.3,0.0724209384553093,324624986678.457,28.6891781919536,0
-66.7,4.3,0.0756344848681951,1030939801007.56,27.3323392512804,0
-66.2,4.3,0.0750621300286921,853571786268.954,28.7482532076925,0
-65.7,4.3,0.0757463113917745,1075877850759.9,27.3965198136726,0
-65.2,4.3,0.0729206688057451,372608797087.189,26.2962971944401,0
-64.7,4.3,0.0729206688057451,372608797087.189,26.2962971944401,0
-64.2,4.3,0.0696972498564637,111820780867.322,25.4983142808168,0
-63.7,4.3,0.0768420352195369,1635037404502.88,28.5275890111157,0
-63.2,4.3,0.0698907875134098,128176574651.811,29.6995890875093,0
-62.7,4.3,0.0717251789533882,251202050567.404,29.4939526423602,0
-62.2,4.3,0.0717251789533882,251202050567.404,29.4939526423602,0
-61.7,4.3,0.076897102430222,1670266666303.81,28.6549180110107,0
-61.2,4.3,0.0768250380525668,1608435672033.82,27.7911636217728,0
-60.7,4.3,0.0752253133871449,909142862052.797,29.3098894066766,0
-60.2,4.3,0.0711040863667491,200749208146.198,29.5758149321473,0
-59.7,4.3,0.0711040863667491,200749208146.198,29.5758149321473,0
-59.2,4.3,0.0760388366270466,1222617190910.61,28.9787311483551,0
-58.7,4.3,0.0659705696181183,30152270688.3391,30.1787048857462,0
-58.2,4.3,0.0654458302546356,24677079002.5888,30.3151070932554,0
-57.7,4.3,0.068837504834714,87414301726.2175,29.9317620435069,0
-57.2,4.3,0.068837504834714,87414301726.2175,29.9317620435069,0
-56.7,4.3,0.0710579022250231,197830917213.367,29.6119642674328,0
-56.2,4.3,0.0702523384924551,147142744046.741,29.8061989814585,0
-55.7,4.3,0.071950567137131,274157998521.61,29.5570683023195,0
-55.2,4.3,0.0693347746948991,105151932960.146,29.7909698962982,0
-54.7,4.3,0.0693347746948991,105151932960.146,29.7909698962982,0
-54.2,4.3,0.0669900816080475,44368313634.6654,29.980254755188,0
-53.7,4.3,0.0693535499187074,105916351676.791,29.6211931443266,0
-53.2,4.3,0.0681405665297966,67853856602.6502,29.7796455842724,0
-52.7,4.3,0.0752256712000978,905026413116.834,28.9149422474898,0
-52.2,4.3,0.0752256712000978,905026413116.834,28.9149422474898,0
-77.2,4.8,0.0763520699388682,1334050959396.12,27.1578374874331,0
-76.7,4.8,0.0774298241317187,2000244041702.4,27.624973409071,0
-76.2,4.8,0.0676050383038781,50907886944.231,24.9512958402596,0
-75.7,4.8,0.0377337098634968,783696.084970748,20.2943466990547,0
-75.2,4.8,0.0622854285637964,7023077139.85084,23.9373360988777,0
-74.7,4.8,0.0622854285637964,7023077139.85084,23.9373360988777,0
-74.2,4.8,0.0669625088668098,40118256571.2334,24.8154299337103,0
-73.7,4.8,0.0185666936605438,673.768447779591,17.7094914429942,0
-73.2,4.8,0.0503483883961515,83295482.4930581,22.0544232748999,0
-72.7,4.8,0.0735928459020632,499068171338.696,29.4554277883283,0
-72.2,4.8,0.0735928459020632,499068171338.696,29.4554277883283,0
-71.7,4.8,0.0624069469344564,7782038207.29616,30.484904874845,0
-71.2,4.8,0.0585032353029864,1817064134.56905,30.6806424909286,0
-70.7,4.8,0.0549753412196527,487592342.182738,30.883585966899,0
-70.2,4.8,0.0599612780518879,3162329692.58521,30.637545321354,0
-69.7,4.8,0.0599612780518879,3162329692.58521,30.637545321354,0
-69.2,4.8,0.066338797323022,34222818355.2721,30.177784732847,0
-68.7,4.8,0.062238546692268,7595585536.13434,30.2069578657561,0
-68.2,4.8,0.0605304139359742,4100664147.80619,30.0761657166322,0
-67.7,4.8,0.0706387263062895,169080888125.882,28.6863246264444,0
-67.2,4.8,0.0706387263062895,169080888125.882,28.6863246264444,0
-66.7,4.8,0.0714457693730883,214904471674.867,25.9905877181043,0
-66.2,4.8,0.0721628670143548,295562384689.187,28.8162550246588,0
-65.7,4.8,0.0707514771765758,176136014406.382,28.6470163274391,0
-65.2,4.8,0.075408955278449,954908272151.559,27.6141053501644,0
-64.7,4.8,0.075408955278449,954908272151.559,27.6141053501644,0
-64.2,4.8,0.0754222425907034,952988326409.138,27.2393304421517,0
-63.7,4.8,0.071374184977632,221019838646.826,29.4819927390726,0
-63.2,4.8,0.065172470965382,22352462802.2808,30.1161597516099,0
-62.7,4.8,0.0703526267611771,151374359052.683,29.726709353557,0
-62.2,4.8,0.0703526267611771,151374359052.683,29.726709353557,0
-61.7,4.8,0.0762425882445744,1289223375263.89,27.3993245179321,0
-61.2,4.8,0.0759452634256311,1150112834829.69,27.2314733964213,0
-60.7,4.8,0.074101435990148,574603740081.113,26.5461282914682,0
-60.2,4.8,0.0745570368241239,683399486663.467,26.7477276813046,0
-59.7,4.8,0.0745570368241239,683399486663.467,26.7477276813046,0
-59.2,4.8,0.0775249548822564,2082345672686.08,28.0234586497732,0
-58.7,4.8,0.0702489243774804,146333849105.67,29.9696236480671,0
-58.2,4.8,0.0689870261728272,91699300403.3797,30.0916449041105,0
-57.7,4.8,0.0633259769240008,11363743547.5644,30.3489732483042,0
-57.2,4.8,0.0633259769240008,11363743547.5644,30.3489732483042,0
-56.7,4.8,0.0675055511962597,53320788228.9739,30.1005743725167,0
-56.2,4.8,0.0660611195204998,31413568104.7943,30.1080103326439,0
-55.7,4.8,0.0670630368215634,45561160378.2987,29.9899067384288,0
-55.2,4.8,0.0682920583669508,71776178894.9632,29.8040322821476,0
-54.7,4.8,0.0682920583669508,71776178894.9632,29.8040322821476,0
-54.2,4.8,0.06682628198723,41922371655.0099,29.8658094509789,0
-53.7,4.8,0.0730012284894145,402348684194.808,29.4146024086961,0
-53.2,4.8,0.0754562320513123,985001624723.407,29.0009824829657,0
-52.7,4.8,0.07843132939056,2904693854709.95,28.2218010478723,0
-52.2,4.8,0.07843132939056,2904693854709.95,28.2218010478723,0
-77.2,5.3,0.076417563579134,1366903836021.7,27.1794638705306,0
-76.7,5.3,0.077328420013715,1925505374932.5,27.5865624795149,0
-76.2,5.3,0.0663069374608078,31405744468.1498,24.6863871827119,0
-75.7,5.3,0.048167734026874,37152030.5365558,21.7414464426719,0
-75.2,5.3,0.0699117565696463,120524440012.181,25.4552352809897,0
-74.7,5.3,0.0699117565696463,120524440012.181,25.4552352809897,0
-74.2,5.3,0.0765159825719574,1424342244114.82,27.3685393466438,0
-73.7,5.3,0.0336849611523408,175905.174050594,19.745539465611,0
-73.2,5.3,0.0150345273614726,184.175769955658,17.2154959306837,0
-72.7,5.3,0.05250979329428,185798234.191088,22.3766276732511,0
-72.2,5.3,0.05250979329428,185798234.191088,22.3766276732511,0
-71.7,5.3,0.0625432148129892,8199379300.92875,30.4712985007561,0
-71.2,5.3,0.0472228853116405,26970074.3926106,31.3000327221016,0
-70.7,5.3,0.0466863319107154,22080969.904278,31.3318269022315,0
-70.2,5.3,0.0497882272994582,70416956.9899524,31.174811381212,0
-69.7,5.3,0.0497882272994582,70416956.9899524,31.174811381212,0
-69.2,5.3,0.0569837710923427,1045268508.28657,30.739717731669,0
-68.7,5.3,0.0555262340984273,610961797.541691,30.7329006743544,0
-68.2,5.3,0.0535609739052748,294446170.550625,30.8463829381298,0
-67.7,5.3,0.0613501957313385,5603267309.58771,29.9124617641868,0
-67.2,5.3,0.0613501957313385,5603267309.58771,29.9124617641868,0
-66.7,5.3,0.0734746618934014,473188258929.806,27.9636992501357,0
-66.2,5.3,0.0744121863294584,664255711665.257,27.7600965963353,0
-65.7,5.3,0.0744560412724485,669811641256.676,27.3255700120689,0
-65.2,5.3,0.0744756861040635,669937603154.233,27.0213494732633,0
-64.7,5.3,0.0744756861040635,669937603154.233,27.0213494732633,0
-64.2,5.3,0.0677076497274351,57584499572.3032,29.4181207771822,0
-63.7,5.3,0.070698815607755,172427221127.604,29.5033558357243,0
-63.2,5.3,0.0663940366112144,35170758722.5944,30.0178875344969,0
-62.7,5.3,0.0774647641831203,2052460274768.73,28.5068480099533,0
-62.2,5.3,0.0774647641831203,2052460274768.73,28.5068480099533,0
-61.7,5.3,0.0696516219649409,109141834227.06,25.4202966151646,0
-61.2,5.3,0.0708522401573742,170544480277.694,25.6910391904467,0
-60.7,5.3,0.0751153616428309,842384010667.491,26.9580675164686,0
-60.2,5.3,0.0749546388329254,792040020234.144,26.8627205037188,0
-59.7,5.3,0.0749546388329254,792040020234.144,26.8627205037188,0
-59.2,5.3,0.0769506372055414,1707483058618.73,29.1576047603128,0
-58.7,5.3,0.0733294599519456,453424176849.93,29.8520522882738,0
-58.2,5.3,0.0680843393590349,65284699502.1488,30.2620540476129,0
-57.7,5.3,0.066347895751802,34556899827.0653,30.2721347760265,0
-57.2,5.3,0.066347895751802,34556899827.0653,30.2721347760265,0
-56.7,5.3,0.0576284569251599,1375275694.54936,30.6623554436656,0
-56.2,5.3,0.0637723152169114,13485984933.7561,30.2430014068643,0
-55.7,5.3,0.0638512570185481,13911491038.9014,30.206880983663,0
-55.2,5.3,0.0626358826314299,8868925278.45494,30.2904044013566,0
-54.7,5.3,0.0626358826314299,8868925278.45494,30.2904044013566,0
-54.2,5.3,0.0679805292306527,63870454337.8117,29.9280624639212,0
-53.7,5.3,0.0753204988011007,939060878032.47,29.1287138637503,0
-53.2,5.3,0.0783302266688763,2815765839835.75,28.6574474456007,0
-77.2,5.8,0.0763631421349004,1338900129829.12,27.1578358354586,0
-76.7,5.8,0.0769630699693654,1678938028796.42,27.4523957546011,0
-76.2,5.8,0.0623205962933865,7127428434.12245,23.9498350753224,0
-75.7,5.8,0.0466585263714555,21264609.0239136,21.5253105493829,0
-75.2,5.8,0.0707048644884622,162100742840.45,25.6486319704529,0
-74.7,5.8,0.0707048644884622,162100742840.45,25.6486319704529,0
-74.2,5.8,0.0784511102957225,2956352760850.77,29.0028692446638,0
-73.7,5.8,0.0629729345821355,9059186517.45537,24.060470750906,0
-73.2,5.8,0.02652237693967,12573.2187189109,18.7888179495271,0
-72.7,5.8,0.0141298741704769,132.080852390725,17.0912249745021,0
-72.2,5.8,0.0141298741704769,132.080852390725,17.0912249745021,0
-71.7,5.8,0.0776380155837159,2178084967622.73,28.1292799253838,0
-71.2,5.8,0.0421739845322114,4129635.67578078,31.5739015526054,0
-70.7,5.8,0.0411548625803969,2816417.40941101,31.6435315188397,0
-70.2,5.8,0.0455376792518212,14417825.4600627,31.3978615333966,0
-69.7,5.8,0.0455376792518212,14417825.4600627,31.3978615333966,0
-69.2,5.8,0.0507554115105155,101906199.775384,31.0693884453514,0
-68.7,5.8,0.0506954121108885,100007160.742289,31.0477459528061,0
-68.2,5.8,0.0471603074189525,26506445.0497326,31.2778481993593,0
-67.7,5.8,0.0517789420003223,151335888.035421,30.934504259503,0
-67.2,5.8,0.0517789420003223,151335888.035421,30.934504259503,0
-66.7,5.8,0.0722038188904833,299362662521.948,28.5787167982188,0
-66.2,5.8,0.0752448111359215,898899294683.876,27.6942638434781,0
-65.7,5.8,0.0751058098381064,850238006001.232,27.3803866427188,0
-65.2,5.8,0.0741665877621729,611679253852.736,28.1876925487365,0
-64.7,5.8,0.0741665877621729,611679253852.736,28.1876925487365,0
-64.2,5.8,0.0620826182476101,7200584576.45433,30.055434787638,0
-63.7,5.8,0.0708620394648806,183243950403.261,29.6564747988276,0
-63.2,5.8,0.068277602701251,70701464400.6858,30.0326744460807,0
-62.7,5.8,0.076603848984892,1470065983447.54,27.4715092694716,0
-62.2,5.8,0.076603848984892,1470065983447.54,27.4715092694716,0
-61.7,5.8,0.0770137970853536,1713818482135.59,27.6403664231582,0
-61.2,5.8,0.0760547102943539,1196020207857.69,27.250890019894,0
-60.7,5.8,0.0762997370558056,1312790843474.77,27.3829803751457,0
-60.2,5.8,0.0771493559965958,1830065772095.73,28.7340434299032,0
-59.7,5.8,0.0771493559965958,1830065772095.73,28.7340434299032,0
-59.2,5.8,0.0758360199828076,1136525606044,29.4234787843199,0
-58.7,5.8,0.0723576347163402,314221928862.858,30.1388075010354,0
-58.2,5.8,0.0630217876025591,9768010437.77753,30.7890531719252,0
-57.7,5.8,0.0775571830626472,2133434074853.86,29.3897999737538,0
-57.2,5.8,0.0775571830626472,2133434074853.86,29.3897999737538,0
-56.7,5.8,0.0780876470064944,2578680489654.81,28.7539489471017,0
-56.2,5.8,0.0782838972079599,2752534164035.58,28.217622667676,0
-55.7,5.8,0.0781931354429511,2671340037464.73,28.4812457406693,0
-55.2,5.8,0.0779710188738016,2464091732174.08,28.5378080391355,0
-54.7,5.8,0.0779710188738016,2464091732174.08,28.5378080391355,0
-54.2,5.8,0.0783933514896522,2866591564965.57,28.2205554181799,0
-77.2,6.3,0.077601630857035,2129956511888.02,27.6951087535643,0
-76.7,6.3,0.076765489566485,1560153366198.79,27.4011065502757,0
-76.2,6.3,0.0612306862166711,4756074638.35919,23.763086274538,0
-75.7,6.3,0.0379311560684331,844062.381646615,20.3173987003631,0
-75.2,6.3,0.0662561527208514,30835456425.3148,24.6851486606118,0
-74.7,6.3,0.0662561527208514,30835456425.3148,24.6851486606118,0
-74.2,6.3,0.0783057218566123,2807617490562.97,29.3691677036536,0
-73.7,6.3,0.0754297143787707,946836841458.09,26.8984971948507,0
-73.2,6.3,0.0625799384767595,7835621797.86825,23.9974102768821,0
-72.7,6.3,0.00951441277424569,24.2705210424445,16.4493092125046,0
-72.2,6.3,0.00951441277424569,24.2705210424445,16.4493092125046,0
-71.7,6.3,0.0628606904298863,8690420194.8776,24.0500119653016,0
-71.2,6.3,0.0454247127629256,14008697.4913397,31.3445758048189,0
-70.7,6.3,0.0380431663487558,889091.32957609,31.8032965316028,0
-70.2,6.3,0.0405682878500373,2262353.66655029,31.687521533123,0
-69.7,6.3,0.0405682878500373,2262353.66655029,31.687521533123,0
-69.2,6.3,0.0424721525378177,4605959.77125079,31.5458928675054,0
-68.7,6.3,0.0442517235680344,8973278.21630252,31.4060348035651,0
-68.2,6.3,0.0433867667170087,6490498.18954866,31.471967993061,0
-67.7,6.3,0.0427510368436078,5096907.42016696,31.581904058427,0
-67.2,6.3,0.0427510368436078,5096907.42016696,31.581904058427,0
-66.7,6.3,0.0570925865556235,1120289068.02095,30.5432664848194,0
-66.2,6.3,0.0745961072667829,715116161602.367,28.2249023001113,0
-65.7,6.3,0.070932253654,188636235120.268,28.975411277449,0
-65.2,6.3,0.061279122544757,5387219109.22827,30.1091261617648,0
-64.7,6.3,0.061279122544757,5387219109.22827,30.1091261617648,0
-64.2,6.3,0.0571454514262811,1134133338.24431,30.5548474670818,0
-63.7,6.3,0.0564382209243081,861320907.779444,30.7504158920824,0
-63.2,6.3,0.0597370562792438,2946323244.22047,30.6417552064162,0
-62.7,6.3,0.0746501366250391,736600245224.809,29.409454032643,0
-62.2,6.3,0.0746501366250391,736600245224.809,29.409454032643,0
-61.7,6.3,0.0607286773323537,4350647063.96801,30.441256434095,0
-61.2,6.3,0.0644238427033183,17153435001.7847,30.2124258386128,0
-60.7,6.3,0.0771189344000604,1805903477012.12,28.5245608484151,0
-60.2,6.3,0.0750256275118752,844738921836.671,29.3594341257808,0
-59.7,6.3,0.0750256275118752,844738921836.671,29.3594341257808,0
-59.2,6.3,0.076431746392855,1412763976205.11,29.3201520447295,0
-58.7,6.3,0.077645393218706,2203677721059.45,29.4787306767996,0
-58.2,6.3,0.0771912974223712,1866729892660.21,29.5761541777273,0
-57.7,6.3,0.0783110129729617,2776455200705.56,28.0562290222717,0
-77.2,6.8,0.0785412862196213,3040874093567.01,28.5177699273669,0
-76.7,6.8,0.0777962935796456,2295737410091.83,27.9090392474861,0
-76.2,6.8,0.0649665827731436,19079743910.3067,24.4334776184911,0
-75.7,6.8,0.0474900714109343,28916277.8100585,21.6376288118643,0
-75.2,6.8,0.0722953553935853,293785531624.28,26.0140900915885,0
-74.7,6.8,0.0722953553935853,293785531624.28,26.0140900915885,0
-74.2,6.8,0.0787941246579057,3354041839860,29.1091408341696,0
-73.7,6.8,0.0787942450229593,3354065844762.1,29.1082201842421,0
-73.2,6.8,0.0673552420173884,46472492461.2034,24.9093586301132,0
-72.7,6.8,0.0217479270050058,2167.47584482139,18.1561084275916,0
-72.2,6.8,0.0217479270050058,2167.47584482139,18.1561084275916,0
-71.7,6.8,0.0781229183249745,2597333073125.63,28.1560281179011,0
-71.2,6.8,0.0502009466784138,83225161.7162971,31.1550817504917,0
-70.7,6.8,0.0398242600135103,1727387.07806647,31.6896381812329,0
-70.2,6.8,0.0375165440595544,730954.889319443,31.8328889723062,0
-69.7,6.8,0.0375165440595544,730954.889319443,31.8328889723062,0
-69.2,6.8,0.0370197368997959,607913.915777784,31.8423566534051,0
-68.7,6.8,0.0380792604152093,901434.031510254,31.7691036569268,0
-68.2,6.8,0.0378093316249926,814246.347652301,31.8069415780035,0
-67.7,6.8,0.0377400290848117,792429.016343789,31.8407526296436,0
-67.2,6.8,0.0377400290848117,792429.016343789,31.8407526296436,0
-66.7,6.8,0.0387044473792121,1132373.65687856,31.8342118549757,0
-66.2,6.8,0.0605290560672881,4066996958.21024,30.1863257053536,0
-65.7,6.8,0.0521902299466742,178077507.267127,30.8824803094544,0
-65.2,6.8,0.0415901205448926,3362129.06899654,31.6189489355539,0
-64.7,6.8,0.0415901205448926,3362129.06899654,31.6189489355539,0
-64.2,6.8,0.0474920412641439,30250367.5004568,31.3470615571788,0
-63.7,6.8,0.0513793892236412,128927876.559199,31.210462159064,0
-63.2,6.8,0.0557643535689753,663680417.018392,31.0089848505862,0
-62.7,6.8,0.062932533773105,9691878069.12149,30.520296114399,0
-62.2,6.8,0.062932533773105,9691878069.12149,30.520296114399,0
-61.7,6.8,0.0566647817537342,955820204.400012,30.7330713276799,0
-61.2,6.8,0.0634305818601015,11883892823.5805,30.2676403235374,0
-60.7,6.8,0.0716247075108952,243419926437.882,29.6001476125791,0
-60.2,6.8,0.0755039822427171,1005956201271.11,29.2922227646286,0
-59.7,6.8,0.0755039822427171,1005956201271.11,29.2922227646286,0
-59.2,6.8,0.0779670658081398,2473156946186.09,28.9812299742086,0
-58.7,6.8,0.079258617591585,3965687362832.45,28.9145858037877,0
-58.2,6.8,0.0783630395048358,2831406275503.29,28.1116039413312,0
-80.7,7.3,0.0735118729978375,482749050957.88,28.5418440178668,0
-77.7,7.3,0.0776860295218405,2217231737540.82,28.292239750402,0
-77.2,7.3,0.0776860295218405,2217231737540.82,28.292239750402,0
-76.7,7.3,0.0782391514363761,2719985728877.65,28.4345154507215,0
-76.2,7.3,0.0733169622348011,430302088141.213,26.3063229177592,0
-75.7,7.3,0.0761593874581018,1244707890882.24,27.1655546910914,0
-75.2,7.3,0.0784311882349114,2927324907337.75,28.6350622780019,0
-74.7,7.3,0.0784311882349114,2927324907337.75,28.6350622780019,0
-74.2,7.3,0.078583039472871,3093868603257.96,28.6458900217981,0
-73.7,7.3,0.0572429217051196,1121063073.53243,30.9994856833528,0
-73.2,7.3,0.0653678740764445,22127830128.2585,24.5150762970671,0
-72.7,7.3,0.0501837904180522,78071669.6220864,22.0400209620103,0
-72.2,7.3,0.0501837904180522,78071669.6220864,22.0400209620103,0
-71.7,7.3,0.0783351340678409,2828052134299.77,28.7897131874383,0
-71.2,7.3,0.0428160607878136,5271170.26459942,31.6220876694081,0
-70.7,7.3,0.042711057120141,5066872.74586435,31.556070783056,0
-70.2,7.3,0.0346256871313348,250488.16880936,32.0089758546311,0
-69.7,7.3,0.0346256871313348,250488.16880936,32.0089758546311,0
-69.2,7.3,0.0309234871182991,63591.5800844993,32.1902769497253,0
-68.7,7.3,0.0312850849554334,72731.2985691052,32.1501290866742,0
-68.2,7.3,0.0300912289169357,46773.0464165277,32.2206741254686,0
-67.7,7.3,0.0291202604011034,32659.9995886832,32.2886170619882,0
-67.2,7.3,0.0291202604011034,32659.9995886832,32.2886170619882,0
-66.7,7.3,0.0302830028381428,50302.9245625785,32.2175868180383,0
-66.2,7.3,0.0386323832155566,1111886.70420251,31.806932147545,0
-65.7,7.3,0.0357898650587899,388946.770351952,31.9786071940816,0
-65.2,7.3,0.0194148904520331,924.971394130127,32.6790997309892,0
-64.7,7.3,0.0194148904520331,924.971394130127,32.6790997309892,0
-64.2,7.3,0.0256668066876581,9271.08784855428,32.4133580045183,0
-63.7,7.3,0.0290486985780203,32457.974316843,32.276074385371,0
-63.2,7.3,0.0521233409762593,169591284.559711,31.2940717562671,0
-62.7,7.3,0.0553181403990639,562457238.652608,31.0717971781785,0
-62.2,7.3,0.0553181403990639,562457238.652608,31.0717971781785,0
-61.7,7.3,0.0626181035603063,8714366549.66326,30.4403552827324,0
-61.2,7.3,0.0690692025898155,95412536593.8567,29.7930058267515,0
-60.7,7.3,0.0712403257816124,211374209272.55,29.5859537419756,0
-60.2,7.3,0.0745312491137338,704824879889.306,29.4281075604801,0
-59.7,7.3,0.0745312491137338,704824879889.306,29.4281075604801,0
-59.2,7.3,0.078675002442626,3205373987014.77,29.0700093233434,0
-58.7,7.3,0.0788761912711607,3431004457187.71,28.4257342733914,0
-81.2,7.8,0.0635917971379715,12728613525.2266,30.0937488770037,0
-80.7,7.8,0.0653809339551164,24553470605.9055,30.055702940952,0
-78.2,7.8,0.0748988278435802,803962706317.565,28.7333167085858,0
-77.7,7.8,0.0759023767383983,1152464369059.86,28.1608459160547,0
-77.2,7.8,0.0759023767383983,1152464369059.86,28.1608459160547,0
-76.7,7.8,0.0784761332428071,2975748383286.81,28.6942832277347,0
-76.2,7.8,0.0760974421693451,1250321613128.85,29.1524091737152,0
-75.7,7.8,0.0464652117123159,20129651.8761915,31.6032917613382,0
-75.2,7.8,0.0629031509330111,9480422396.41874,30.4275943207043,0
-74.7,7.8,0.0629031509330111,9480422396.41874,30.4275943207043,0
-74.2,7.8,0.0742870402541693,644674735009.521,29.3970369027166,0
-73.7,7.8,0.0495167019132681,63407357.604102,31.3544546772905,0
-73.2,7.8,0.070964918017991,178218485122.269,25.6948174777497,0
-72.7,7.8,0.0620517387447075,6669325939.8911,30.9857846409764,0
-72.2,7.8,0.0620517387447075,6669325939.8911,30.9857846409764,0
-71.7,7.8,0.0579487083104059,1396305978.42222,23.2241932694172,0
-71.2,7.8,0.0735840906788232,475817679946.846,26.4335873171466,0
-70.7,7.8,0.0513609480074244,127076569.206111,31.2189500024818,0
-70.2,7.8,0.0346566610090925,254220.810400426,32.0508952498879,0
-69.7,7.8,0.0346566610090925,254220.810400426,32.0508952498879,0
-69.2,7.8,0.026424491273368,12111.0913686635,32.426694841058,0
-68.7,7.8,0.0208781332031403,1568.54266862673,32.7023470444964,0
-68.2,7.8,0.0195267538171551,954.076948767336,32.7728544305361,0
-67.7,7.8,0.0179182941792323,528.066987474755,32.8674979008298,0
-67.2,7.8,0.0179182941792323,528.066987474755,32.8674979008298,0
-66.7,7.8,0.0161933890403261,280.491396376316,32.9316973619224,0
-66.2,7.8,0.0158763826712987,250.133724712389,32.9032161946032,0
-65.7,7.8,0.0122890001002806,67.2386997268371,32.9820727899217,0
-65.2,7.8,0.0104779039482341,34.7406934584695,32.9931445624952,0
-64.7,7.8,0.0104779039482341,34.7406934584695,32.9931445624952,0
-64.2,7.8,0.0108582003770019,40.0465987755708,32.956777050075,0
-63.7,7.8,0.0136988166704158,113.963750861801,32.861684779638,0
-63.2,7.8,0.0330110796060971,141184.608926071,32.1392188355252,0
-62.7,7.8,0.0557111628460431,651863204.300085,31.070312645598,0
-62.2,7.8,0.0557111628460431,651863204.300085,31.070312645598,0
-61.7,7.8,0.0740441623110153,588886667479.244,29.3510306965706,0
-61.2,7.8,0.0667842027051839,41033782362.2019,30.0347138731771,0
-60.7,7.8,0.0691801481575789,99110390736.6096,29.8947109647047,0
-60.2,7.8,0.0759760298395443,1194556614748.01,29.290677070367,0
-59.7,7.8,0.0759760298395443,1194556614748.01,29.290677070367,0
-59.2,7.8,0.0793081492452196,4036397559533.63,28.8963067867372,0
-81.2,8.3,0.077461005472774,2023640813376.52,27.8109165863851,0
-80.7,8.3,0.0763913677589028,1384777137944.94,28.5876858110144,0
-78.2,8.3,0.0749190800367716,812941693290.448,29.4549685246972,0
-77.7,8.3,0.0777996218084549,2305933128964.81,28.081675275026,0
-77.2,8.3,0.0777996218084549,2305933128964.81,28.081675275026,0
-76.7,8.3,0.0791206363191604,3765669523365.21,28.5823863333366,0
-76.2,8.3,0.0579005312510221,1403782531.46506,31.0627244304388,0
-75.7,8.3,0.0159563468673006,258.669298564723,32.7965015802307,0
-75.2,8.3,0.0424919800365297,4647518.45462279,31.5747388592538,0
-74.7,8.3,0.0424919800365297,4647518.45462279,31.5747388592538,0
-74.2,8.3,0.0395646109475643,1582758.5178118,31.6754499751919,0
-73.7,8.3,0.0447383852587627,10919674.5518574,31.5271272129826,0
-73.2,8.3,0.0773690558995552,1988633847441.98,29.343446619804,0
-72.7,8.3,-0.0173549029190706,0.00128729989697539,34.4825799199377,0
-72.2,8.3,-0.0173549029190706,0.00128729989697539,34.4825799199377,0
-71.7,8.3,0.0340035872932817,204960.864346518,32.0210791032989,0
-71.2,8.3,0.050271203061351,80838596.6692523,22.0405060503542,0
-70.7,8.3,0.0766132163457151,1475904653684.58,27.4109979226199,0
-70.2,8.3,0.0368979195497727,584636.266680305,31.9403412071859,0
-69.7,8.3,0.0368979195497727,584636.266680305,31.9403412071859,0
-69.2,8.3,0.0214875286072892,1972.55041231737,32.6201937620349,0
-68.7,8.3,0.00961876671465539,25.1350526641399,33.2081924255902,0
-68.2,8.3,0.00545994903984098,5.4685690737958,33.4226770673353,0
-67.7,8.3,0.00327602306637689,2.45734073774696,33.491015179786,0
-67.2,8.3,0.00327602306637689,2.45734073774696,33.491015179786,0
-66.7,8.3,0.00313445401737418,2.33662798340258,33.3984143608302,0
-66.2,8.3,0.00372999762376502,2.91380019199398,33.2761980174985,0
-65.7,8.3,0.00213371779586857,1.62358806096978,33.3241069174912,0
-65.2,8.3,0.00496376794317747,4.5934973102713,33.1831244317104,0
-64.7,8.3,0.00496376794317747,4.5934973102713,33.1831244317104,0
-64.2,8.3,0.0154610471562396,218.051158221151,32.7732964304534,0
-63.7,8.3,0.0200765561903412,1194.73253132122,32.6174408555641,0
-63.2,8.3,0.0249021951725801,7084.13104821733,32.4576800883007,0
-62.7,8.3,0.0448937312009525,11610393.6235018,31.6453590963548,0
-62.2,8.3,0.0448937312009525,11610393.6235018,31.6453590963548,0
-61.7,8.3,0.0676244997987947,55606054589.9601,30.1165651762424,0
-61.2,8.3,0.0691488085612223,97567950648.3851,30.0114977088191,0
-60.7,8.3,0.0761348418777434,1266093602865.55,29.4243110824144,0
-60.2,8.3,0.07878344095078,3311069064771.77,28.3899286261443,0
-59.7,8.3,0.07878344095078,3311069064771.77,28.3899286261443,0
-80.7,8.8,0.0793306649208262,4068630274031.08,28.7907697146524,0
-80.2,8.8,0.0773708365505442,1992504697876.56,29.2649368546266,0
-78.7,8.8,0.0786801327592996,3214137969731.66,28.9558240448831,0
-78.2,8.8,0.0790742460295851,3701499821341.14,28.6391256301977,0
-77.7,8.8,0.0783406346964005,2808262953687.51,28.0113177483179,0
-76.2,8.8,0.0675446616292985,50389682585.2826,30.6757449534275,0
-75.7,8.8,0.0127001433694915,78.1499679508399,32.9379145905319,0
-75.2,8.8,0.0184943131795399,652.916232386107,32.837748331567,0
-74.7,8.8,0.0184943131795399,652.916232386107,32.837748331567,0
-74.2,8.8,0.00814790222962462,14.6615474162572,33.2589756622314,0
-73.7,8.8,0.0198509949641246,1099.96644947253,32.5136209674606,0
-73.2,8.8,0.0471575213274391,27033510.7243668,31.5081365589801,0
-72.7,8.8,-0.0220105374849928,0.000234074070303467,34.7517202848233,0
-72.2,8.8,-0.0220105374849928,0.000234074070303467,34.7517202848233,0
-71.7,8.8,0.0107028208808386,38.0907951039885,32.9392796452312,0
-71.2,8.8,0.0730842902127461,393045594577.606,26.2636353860941,0
-70.7,8.8,0.044632393081253,10007418.8435222,21.2369130767906,0
-70.2,8.8,0.077525121055458,2107281821486,29.0739285436935,0
-69.7,8.8,0.077525121055458,2107281821486,29.0739285436935,0
-69.2,8.8,0.0283614412107013,24921.338249612,32.2918954144586,0
-68.7,8.8,0.00361099509077634,2.78105579179313,33.4049042327734,0
-68.2,8.8,-0.00320133774791751,0.229094792163839,33.740517826449,0
-67.7,8.8,-0.002344360262766,0.313822244928277,33.6172886192172,0
-67.2,8.8,-0.002344360262766,0.313822244928277,33.6172886192172,0
-66.7,8.8,-0.000106121739239628,0.713659821693811,33.4254834274003,0
-66.2,8.8,-0.00170811215726429,0.397042877242463,33.44751727609,0
-65.7,8.8,-0.00567027221494594,0.0929712970119944,33.6112794579011,0
-65.2,8.8,-0.00346348317372946,0.208856111937284,33.5216974407292,0
-64.7,8.8,-0.00346348317372946,0.208856111937284,33.5216974407292,0
-64.2,8.8,0.0283501855991684,25163.2720007325,32.3084097150216,0
-63.7,8.8,0.0314446954046838,78992.4503229431,32.2040022428573,0
-63.2,8.8,0.0290744562917331,32818.9298747038,32.3286650624974,0
-62.7,8.8,0.0396174025119097,1633024.42460219,31.8735490231205,0
-62.2,8.8,0.0396174025119097,1633024.42460219,31.8735490231205,0
-61.7,8.8,0.0580405221861718,1569383338.25816,30.8434808901509,0
-61.2,8.8,0.0759978082399768,1203683007911.74,29.3818492520245,0
-79.7,9.3,0.0789033317554019,3465140391750.89,28.3621086819821,0
-79.2,9.3,0.0790039756291812,3598933024574,28.435984556653,0
-78.7,9.3,0.0784873349449984,2965526388827.81,28.1136799035027,0
-75.7,9.3,0.0218478257372879,2262.19971350423,32.5133579644287,0
-75.2,9.3,0.00353449587657777,2.70377777881344,33.4136378524756,0
-74.7,9.3,0.00353449587657777,2.70377777881344,33.4136378524756,0
-74.2,9.3,0.00177420838639501,1.41686698014221,33.5894436395524,0
-73.7,9.3,-0.0099572741634271,0.0192988033212311,34.0950373299095,0
-73.2,9.3,0.0624670642102201,7930239295.82103,30.8280500465925,0
-72.7,9.3,-0.0176527729083176,0.00115430922106034,34.2943500487117,0
-72.2,9.3,-0.0176527729083176,0.00115430922106034,34.2943500487117,0
-70.7,9.3,0.0607898696996385,4129840538.9967,31.0573130799733,0
-70.2,9.3,0.0702397237156894,135939230813.567,25.5194547953239,0
-69.7,9.3,0.0702397237156894,135939230813.567,25.5194547953239,0
-69.2,9.3,0.0709858534879569,188359202578.047,30.2190747010941,0
-68.7,9.3,0.0127457714707318,79.6929045787793,32.8910887707471,0
-68.2,9.3,-0.00575064239540786,0.0901834146015032,33.6713507835581,0
-67.7,9.3,-0.00241723573226918,0.306140872631928,33.4754576342892,0
-67.2,9.3,-0.00241723573226918,0.306140872631928,33.4754576342892,0
-66.7,9.3,0.00239549768927292,1.79029397706678,33.2352517240296,0
-66.2,9.3,0.0128203876317851,82.4798157659065,32.8271883525896,0
-65.7,9.3,0.000979705458405451,1.06677940459883,33.2762771817234,0
-65.2,9.3,-0.0120469253246874,0.00899473117832468,33.8895851122908,0
-64.7,9.3,-0.0120469253246874,0.00899473117832468,33.8895851122908,0
-64.2,9.3,0.0135003559943766,105.798379958499,32.8523967260589,0
-63.7,9.3,0.0354598313974157,348419.293434113,32.0446009146486,0
-63.2,9.3,0.0282150965841345,23937.4562459981,32.3323263893522,0
-62.7,9.3,0.0416712240237975,3497444.32160324,31.7765562783622,0
-62.2,9.3,0.0416712240237975,3497444.32160324,31.7765562783622,0
-61.7,9.3,0.0669675452948442,43037435597.1006,30.3709518284643,0
-61.2,9.3,0.0792965738414572,4018942599415.83,28.9784203552404,0
-75.2,9.8,-0.000381379752033427,0.644156949341173,33.5395275002033,0
-74.7,9.8,-0.000381379752033427,0.644156949341173,33.5395275002033,0
-74.2,9.8,-0.00940031301362744,0.0236531689199959,34.1891577614346,0
-73.7,9.8,-0.0166335658927152,0.00167462747829927,34.561275425333,0
-73.2,9.8,0.0767581795742236,1554441222642.57,27.4351847840645,0
-72.7,9.8,0.00613732439573092,7.1026755406965,33.0580606563065,0
-72.2,9.8,0.00613732439573092,7.1026755406965,33.0580606563065,0
-70.7,9.8,0.0146505523498297,162.107739079958,32.7418786106225,0
-70.2,9.8,0.0791563019834616,3827113083487.24,29.1395563767787,0
-69.7,9.8,0.0791563019834616,3827113083487.24,29.1395563767787,0
-69.2,9.8,0.0772675598246515,1919481315864.78,29.7548222353068,0
-68.7,9.8,0.0678791746143771,58288673464.585,30.6737503830809,0
-68.2,9.8,0.0636879046819454,12277605362.9384,30.8932131791408,0
-67.7,9.8,0.0664282129173228,34005117186.5099,30.7565611206315,0
-67.2,9.8,0.0664282129173228,34005117186.5099,30.7565611206315,0
-66.7,9.8,0.0685187658761064,74197027857.0207,30.6391706993025,0
-66.2,9.8,0.0608525697691888,4313031344.8479,31.0075284425856,0
-65.7,9.8,0.0605848219068722,3911563181.23079,31.0035835744059,0
-65.2,9.8,0.0473745955180368,28726013.4341017,31.6091187849201,0
-64.7,9.8,0.0473745955180368,28726013.4341017,31.6091187849201,0
-64.2,9.8,0.0428085998836967,5291355.17933044,31.7721423507961,0
-63.7,9.8,0.0782817079883846,2761690963991.81,28.633328532074,0
-63.2,9.8,0.0635782656604452,12017578806.8573,30.7604492307543,0
-62.7,9.8,0.0694932270089256,107088860211.854,30.5292762525637,0
-62.2,9.8,0.0694932270089256,107088860211.854,30.5292762525637,0
-61.7,9.8,0.0792082754275962,3900546263331.89,29.3042349842116,0
-75.2,10.3,0.00362305386007322,2.80454822611943,33.2102523606262,0
-74.7,10.3,0.00362305386007322,2.80454822611943,33.2102523606262,0
-74.2,10.3,0.00915583312374098,21.3286175019909,32.9970908571906,0
-73.7,10.3,0.076147977492789,1241898817960.14,27.229680925091,0
-73.2,10.3,0.0783519077833019,2819389379426.25,28.1563439869932,0
-72.7,10.3,0.0770173164463527,1751202311633.7,29.595026960727,0
-72.2,10.3,0.0770173164463527,1751202311633.7,29.595026960727,0
-71.2,10.3,-0.024482574804105,9.46802329431919e-05,34.8564659390752,0
-70.7,10.3,0.0257198089247875,9600.95608512708,32.3656817333091,0
-70.2,10.3,0.0389829128280128,1284701.43535011,31.9077166733433,0
-69.7,10.3,0.0389829128280128,1284701.43535011,31.9077166733433,0
-69.2,10.3,0.0647107485251747,18109925466.1607,30.8022013738781,0
-68.7,10.3,0.0531277589051249,247192130.241855,31.2789187034892,0
-68.2,10.3,0.0692097545790113,98335719033.9493,30.2897185833339,0
-67.7,10.3,0.0780720389302337,2569279570880.46,29.2643831535821,0
-67.2,10.3,0.0780720389302337,2569279570880.46,29.2643831535821,0
-66.7,10.3,0.0776006421240043,2126025858409.15,27.9714436221152,0
-66.2,10.3,0.0755210685240904,1011549060417.54,29.6262014995537,0
-64.2,10.3,0.0783870463577307,2885217946862.42,29.1948358359533,0
-63.7,10.3,0.0711664654557141,200890101389.718,30.3150652616768,0
-63.2,10.3,0.0782760465079807,2774904338759.89,29.5378416152481,0
-62.7,10.3,0.0793410649081966,4081959583706.71,28.8405540287589,0
-61.2,10.3,0.07907354532967,3711586441659.11,29.2694565856087,0
-75.2,10.8,0.0741238267337772,590204882641.295,30.3698518323226,0
-74.7,10.8,0.0741238267337772,590204882641.295,30.3698518323226,0
-74.2,10.8,0.0725806458134879,334269448676.29,30.3464091360814,0
-73.7,10.8,0.074582057563323,689186286161.063,26.6897105152881,0
-73.2,10.8,0.0778910212621736,2409492219144.27,29.4205870971745,0
-72.7,10.8,0.0612514739858489,5080452801.67611,30.8484915001315,0
-72.2,10.8,0.0612514739858489,5080452801.67611,30.8484915001315,0
-71.7,10.8,0.0304996826175265,56206.0601952746,32.1981947642668,0
-71.2,10.8,0.0137524935705961,116.581519328376,32.839610178244,0
-70.7,10.8,0.012797587696964,82.2419789051313,32.847051697974,0
-70.2,10.8,0.0197904010539907,1080.58431422495,32.5796696557251,0
-69.7,10.8,0.0197904010539907,1080.58431422495,32.5796696557251,0
-69.2,10.8,0.0501609817540684,82143226.5739309,31.4098678886063,0
-68.7,10.8,0.0517841361882767,150016357.024056,31.3406415976724,0
-61.2,10.8,0.0778172968997846,2308042835532.94,27.8708909082827,0
-73.2,11.3,0.0751083268767318,865185300699.222,30.0001393475999,0
-72.7,11.3,0.0176256638690873,486.118944787344,32.653832548611,0
-72.2,11.3,0.0176256638690873,486.118944787344,32.653832548611,0
-70.2,11.3,0.0424362052451622,4649282.438044,31.7677959907343,0
-69.7,11.3,0.0424362052451622,4649282.438044,31.7677959907343,0
-69.2,11.3,0.0762684670476318,1330830806597.63,29.7213544214687,0
-68.7,11.3,0.0784533245709272,2931687551761.03,28.2857352565303,0
-72.2,11.8,0.0784029470117022,2902137481006.16,29.2356368258672,0
-71.7,11.8,0.0531271546733495,243868597.628669,31.3785682362361,0
-70.2,11.8,0.0770677698796131,1783674858945.43,29.6451992547483,0
-71.7,12.3,0.078847647744545,3400873744137.13,28.6674328596119,0
