"lon","lat","A_growth","n_A_end","mean_Temp","tot_mu"
19.6,-34.7,0.0369053021127287,584292.172822572,20.1746754587502,2943828.10164263
19.7,-34.7,0.0437319101495849,7342307.95453537,21.2654090587954,26964838.104831
19.8,-34.7,0.0437319101495849,7342307.95453537,21.2654090587954,26964838.104831
19.9,-34.7,0.0437319101495849,7342307.95453537,21.2654090587954,26964838.104831
20,-34.7,0.0437319101495849,7342307.95453537,21.2654090587954,26964838.104831
20.1,-34.7,0.0437319101495849,7342307.95453537,21.2654090587954,26964838.104831
19.4,-34.6,0.0369053021127287,584292.172822572,20.1746754587502,2943828.10164263
19.5,-34.6,0.0369053021127287,584292.172822572,20.1746754587502,2943828.10164263
19.6,-34.6,0.0369053021127287,584292.172822572,20.1746754587502,2943828.10164263
19.7,-34.6,0.0437319101495849,7342307.95453537,21.2654090587954,26964838.104831
19.8,-34.6,0.0437319101495849,7342307.95453537,21.2654090587954,26964838.104831
19.9,-34.6,0.0437319101495849,7342307.95453537,21.2654090587954,26964838.104831
20,-34.6,0.0437319101495849,7342307.95453537,21.2654090587954,26964838.104831
20.1,-34.6,0.0437319101495849,7342307.95453537,21.2654090587954,26964838.104831
20.2,-34.6,0.0437319101495849,7342307.95453537,21.2654090587954,26964838.104831
19.4,-34.5,0.0369053021127287,584292.172822572,20.1746754587502,2943828.10164263
19.5,-34.5,0.0369053021127287,584292.172822572,20.1746754587502,2943828.10164263
19.6,-34.5,0.0369053021127287,584292.172822572,20.1746754587502,2943828.10164263
19.7,-34.5,0.0437319101495849,7342307.95453537,21.2654090587954,26964838.104831
19.8,-34.5,0.0437319101495849,7342307.95453537,21.2654090587954,26964838.104831
19.9,-34.5,0.0437319101495849,7342307.95453537,21.2654090587954,26964838.104831
20,-34.5,0.0437319101495849,7342307.95453537,21.2654090587954,26964838.104831
20.1,-34.5,0.0437319101495849,7342307.95453537,21.2654090587954,26964838.104831
20.2,-34.5,0.0437319101495849,7342307.95453537,21.2654090587954,26964838.104831
20.3,-34.5,0.0437319101495849,7342307.95453537,21.2654090587954,26964838.104831
20.4,-34.5,0.0386890482383291,1127833.98634931,20.4271513306921,5677989.24674107
19.2,-34.4,0.0369053021127287,584292.172822572,20.1746754587502,2943828.10164263
19.3,-34.4,0.0369053021127287,584292.172822572,20.1746754587502,2943828.10164263
19.4,-34.4,0.0369053021127287,584292.172822572,20.1746754587502,2943828.10164263
19.5,-34.4,0.0369053021127287,584292.172822572,20.1746754587502,2943828.10164263
19.6,-34.4,0.0369053021127287,584292.172822572,20.1746754587502,2943828.10164263
19.7,-34.4,0.0437319101495849,7342307.95453537,21.2654090587954,26964838.104831
19.8,-34.4,0.0437319101495849,7342307.95453537,21.2654090587954,26964838.104831
19.9,-34.4,0.0437319101495849,7342307.95453537,21.2654090587954,26964838.104831
20,-34.4,0.0437319101495849,7342307.95453537,21.2654090587954,26964838.104831
20.1,-34.4,0.0437319101495849,7342307.95453537,21.2654090587954,26964838.104831
20.2,-34.4,0.0437319101495849,7342307.95453537,21.2654090587954,26964838.104831
20.3,-34.4,0.0437319101495849,7342307.95453537,21.2654090587954,26964838.104831
20.4,-34.4,0.0386890482383291,1127833.98634931,20.4271513306921,5677989.24674107
20.5,-34.4,0.0386890482383291,1127833.98634931,20.4271513306921,5677989.24674107
20.6,-34.4,0.0386890482383291,1127833.98634931,20.4271513306921,5677989.24674107
20.7,-34.4,0.0386890482383291,1127833.98634931,20.4271513306921,5677989.24674107
20.8,-34.4,0.0386890482383291,1127833.98634931,20.4271513306921,5677989.24674107
21.3,-34.4,0.0347577071176098,263314.666351064,19.8552722343421,1669706.33420629
18.9,-34.3,0.0248196398395074,6748.21462177612,18.4609465235597,73248.0535584118
19,-34.3,0.0248196398395074,6748.21462177612,18.4609465235597,73248.0535584118
19.1,-34.3,0.0369053021127287,584292.172822572,20.1746754587502,2943828.10164263
19.2,-34.3,0.0369053021127287,584292.172822572,20.1746754587502,2943828.10164263
19.3,-34.3,0.0369053021127287,584292.172822572,20.1746754587502,2943828.10164263
19.4,-34.3,0.0369053021127287,584292.172822572,20.1746754587502,2943828.10164263
19.5,-34.3,0.0369053021127287,584292.172822572,20.1746754587502,2943828.10164263
19.6,-34.3,0.0369053021127287,584292.172822572,20.1746754587502,2943828.10164263
19.7,-34.3,0.0437319101495849,7342307.95453537,21.2654090587954,26964838.104831
19.8,-34.3,0.0437319101495849,7342307.95453537,21.2654090587954,26964838.104831
19.9,-34.3,0.0437319101495849,7342307.95453537,21.2654090587954,26964838.104831
20,-34.3,0.0437319101495849,7342307.95453537,21.2654090587954,26964838.104831
20.1,-34.3,0.0437319101495849,7342307.95453537,21.2654090587954,26964838.104831
20.2,-34.3,0.0437319101495849,7342307.95453537,21.2654090587954,26964838.104831
20.3,-34.3,0.0437319101495849,7342307.95453537,21.2654090587954,26964838.104831
20.4,-34.3,0.0386890482383291,1127833.98634931,20.4271513306921,5677989.24674107
20.5,-34.3,0.0386890482383291,1127833.98634931,20.4271513306921,5677989.24674107
20.6,-34.3,0.0386890482383291,1127833.98634931,20.4271513306921,5677989.24674107
20.7,-34.3,0.0386890482383291,1127833.98634931,20.4271513306921,5677989.24674107
20.8,-34.3,0.0386890482383291,1127833.98634931,20.4271513306921,5677989.24674107
20.9,-34.3,0.0386890482383291,1127833.98634931,20.4271513306921,5677989.24674107
21,-34.3,0.0347577071176098,263314.666351064,19.8552722343421,1669706.33420629
21.1,-34.3,0.0347577071176098,263314.666351064,19.8552722343421,1669706.33420629
21.2,-34.3,0.0347577071176098,263314.666351064,19.8552722343421,1669706.33420629
21.3,-34.3,0.0347577071176098,263314.666351064,19.8552722343421,1669706.33420629
21.4,-34.3,0.0347577071176098,263314.666351064,19.8552722343421,1669706.33420629
21.5,-34.3,0.0347577071176098,263314.666351064,19.8552722343421,1669706.33420629
21.6,-34.3,0.0331977545550346,148016.571817444,19.6392327170903,1050703.72181759
21.7,-34.3,0.0331977545550346,148016.571817444,19.6392327170903,1050703.72181759
21.8,-34.3,0.0331977545550346,148016.571817444,19.6392327170903,1050703.72181759
18.4,-34.2,0.0235462878381641,4221.37975878594,18.2977591715994,49418.9538093205
18.9,-34.2,0.0370887476549307,627731.681881435,20.2245508260178,2788685.50543263
19,-34.2,0.0370887476549307,627731.681881435,20.2245508260178,2788685.50543263
19.1,-34.2,0.0419176683068834,3765329.07802455,21.0452053508642,12943576.915742
19.2,-34.2,0.0419176683068834,3765329.07802455,21.0452053508642,12943576.915742
19.3,-34.2,0.0419176683068834,3765329.07802455,21.0452053508642,12943576.915742
19.4,-34.2,0.0419176683068834,3765329.07802455,21.0452053508642,12943576.915742
19.5,-34.2,0.0419176683068834,3765329.07802455,21.0452053508642,12943576.915742
19.6,-34.2,0.0419176683068834,3765329.07802455,21.0452053508642,12943576.915742
19.7,-34.2,0.0496670022653603,67060573.526767,22.439069490981,193334054.142559
19.8,-34.2,0.0496670022653603,67060573.526767,22.439069490981,193334054.142559
19.9,-34.2,0.0496670022653603,67060573.526767,22.439069490981,193334054.142559
20,-34.2,0.0496670022653603,67060573.526767,22.439069490981,193334054.142559
20.1,-34.2,0.0496670022653603,67060573.526767,22.439069490981,193334054.142559
20.2,-34.2,0.0496670022653603,67060573.526767,22.439069490981,193334054.142559
20.3,-34.2,0.0496670022653603,67060573.526767,22.439069490981,193334054.142559
20.4,-34.2,0.0507495567925794,99835584.0949779,22.5266215633958,293462762.896916
20.5,-34.2,0.0507495567925794,99835584.0949779,22.5266215633958,293462762.896916
20.6,-34.2,0.0507495567925794,99835584.0949779,22.5266215633958,293462762.896916
20.7,-34.2,0.0507495567925794,99835584.0949779,22.5266215633958,293462762.896916
20.8,-34.2,0.0507495567925794,99835584.0949779,22.5266215633958,293462762.896916
20.9,-34.2,0.0507495567925794,99835584.0949779,22.5266215633958,293462762.896916
21,-34.2,0.0527315395187587,208304571.013823,22.8385552164249,606378072.325734
21.1,-34.2,0.0527315395187587,208304571.013823,22.8385552164249,606378072.325734
21.2,-34.2,0.0527315395187587,208304571.013823,22.8385552164249,606378072.325734
21.3,-34.2,0.0527315395187587,208304571.013823,22.8385552164249,606378072.325734
21.4,-34.2,0.0527315395187587,208304571.013823,22.8385552164249,606378072.325734
21.5,-34.2,0.0527315395187587,208304571.013823,22.8385552164249,606378072.325734
21.6,-34.2,0.0507950555733739,100956549.08945,22.4105685981737,317266950.598692
21.7,-34.2,0.0507950555733739,100956549.08945,22.4105685981737,317266950.598692
21.8,-34.2,0.0507950555733739,100956549.08945,22.4105685981737,317266950.598692
21.9,-34.2,0.0507950555733739,100956549.08945,22.4105685981737,317266950.598692
22,-34.2,0.0507950555733739,100956549.08945,22.4105685981737,317266950.598692
18.4,-34.1,0.0235462878381641,4221.37975878594,18.2977591715994,49418.9538093205
18.5,-34.1,0.0370887476549307,627731.681881435,20.2245508260178,2788685.50543263
18.8,-34.1,0.0370887476549307,627731.681881435,20.2245508260178,2788685.50543263
18.9,-34.1,0.0370887476549307,627731.681881435,20.2245508260178,2788685.50543263
19,-34.1,0.0370887476549307,627731.681881435,20.2245508260178,2788685.50543263
19.1,-34.1,0.0419176683068834,3765329.07802455,21.0452053508642,12943576.915742
19.2,-34.1,0.0419176683068834,3765329.07802455,21.0452053508642,12943576.915742
19.3,-34.1,0.0419176683068834,3765329.07802455,21.0452053508642,12943576.915742
19.4,-34.1,0.0419176683068834,3765329.07802455,21.0452053508642,12943576.915742
19.5,-34.1,0.0419176683068834,3765329.07802455,21.0452053508642,12943576.915742
19.6,-34.1,0.0419176683068834,3765329.07802455,21.0452053508642,12943576.915742
19.7,-34.1,0.0496670022653603,67060573.526767,22.439069490981,193334054.142559
19.8,-34.1,0.0496670022653603,67060573.526767,22.439069490981,193334054.142559
19.9,-34.1,0.0496670022653603,67060573.526767,22.439069490981,193334054.142559
20,-34.1,0.0496670022653603,67060573.526767,22.439069490981,193334054.142559
20.1,-34.1,0.0496670022653603,67060573.526767,22.439069490981,193334054.142559
20.2,-34.1,0.0496670022653603,67060573.526767,22.439069490981,193334054.142559
20.3,-34.1,0.0496670022653603,67060573.526767,22.439069490981,193334054.142559
20.4,-34.1,0.0507495567925794,99835584.0949779,22.5266215633958,293462762.896916
20.5,-34.1,0.0507495567925794,99835584.0949779,22.5266215633958,293462762.896916
20.6,-34.1,0.0507495567925794,99835584.0949779,22.5266215633958,293462762.896916
20.7,-34.1,0.0507495567925794,99835584.0949779,22.5266215633958,293462762.896916
20.8,-34.1,0.0507495567925794,99835584.0949779,22.5266215633958,293462762.896916
20.9,-34.1,0.0507495567925794,99835584.0949779,22.5266215633958,293462762.896916
21,-34.1,0.0527315395187587,208304571.013823,22.8385552164249,606378072.325734
21.1,-34.1,0.0527315395187587,208304571.013823,22.8385552164249,606378072.325734
21.2,-34.1,0.0527315395187587,208304571.013823,22.8385552164249,606378072.325734
21.3,-34.1,0.0527315395187587,208304571.013823,22.8385552164249,606378072.325734
21.4,-34.1,0.0527315395187587,208304571.013823,22.8385552164249,606378072.325734
21.5,-34.1,0.0527315395187587,208304571.013823,22.8385552164249,606378072.325734
21.6,-34.1,0.0507950555733739,100956549.08945,22.4105685981737,317266950.598692
21.7,-34.1,0.0507950555733739,100956549.08945,22.4105685981737,317266950.598692
21.8,-34.1,0.0507950555733739,100956549.08945,22.4105685981737,317266950.598692
21.9,-34.1,0.0507950555733739,100956549.08945,22.4105685981737,317266950.598692
22,-34.1,0.0507950555733739,100956549.08945,22.4105685981737,317266950.598692
22.1,-34.1,0.0507950555733739,100956549.08945,22.4105685981737,317266950.598692
24.4,-34.1,0.047571201106495,30264201.6508206,21.7827942825308,113623358.361435
24.5,-34.1,0.047571201106495,30264201.6508206,21.7827942825308,113623358.361435
24.6,-34.1,0.047571201106495,30264201.6508206,21.7827942825308,113623358.361435
24.7,-34.1,0.0457985201684425,15639810.576683,21.4605627872266,66980005.9899362
24.8,-34.1,0.0457985201684425,15639810.576683,21.4605627872266,66980005.9899362
18.4,-34,0.0235462878381641,4221.37975878594,18.2977591715994,49418.9538093205
18.5,-34,0.0370887476549307,627731.681881435,20.2245508260178,2788685.50543263
18.6,-34,0.0370887476549307,627731.681881435,20.2245508260178,2788685.50543263
18.7,-34,0.0370887476549307,627731.681881435,20.2245508260178,2788685.50543263
18.8,-34,0.0370887476549307,627731.681881435,20.2245508260178,2788685.50543263
18.9,-34,0.0370887476549307,627731.681881435,20.2245508260178,2788685.50543263
19,-34,0.0370887476549307,627731.681881435,20.2245508260178,2788685.50543263
19.1,-34,0.0419176683068834,3765329.07802455,21.0452053508642,12943576.915742
19.2,-34,0.0419176683068834,3765329.07802455,21.0452053508642,12943576.915742
19.3,-34,0.0419176683068834,3765329.07802455,21.0452053508642,12943576.915742
19.4,-34,0.0419176683068834,3765329.07802455,21.0452053508642,12943576.915742
19.5,-34,0.0419176683068834,3765329.07802455,21.0452053508642,12943576.915742
19.6,-34,0.0419176683068834,3765329.07802455,21.0452053508642,12943576.915742
19.7,-34,0.0496670022653603,67060573.526767,22.439069490981,193334054.142559
19.8,-34,0.0496670022653603,67060573.526767,22.439069490981,193334054.142559
19.9,-34,0.0496670022653603,67060573.526767,22.439069490981,193334054.142559
20,-34,0.0496670022653603,67060573.526767,22.439069490981,193334054.142559
20.1,-34,0.0496670022653603,67060573.526767,22.439069490981,193334054.142559
20.2,-34,0.0496670022653603,67060573.526767,22.439069490981,193334054.142559
20.3,-34,0.0496670022653603,67060573.526767,22.439069490981,193334054.142559
20.4,-34,0.0507495567925794,99835584.0949779,22.5266215633958,293462762.896916
20.5,-34,0.0507495567925794,99835584.0949779,22.5266215633958,293462762.896916
20.6,-34,0.0507495567925794,99835584.0949779,22.5266215633958,293462762.896916
20.7,-34,0.0507495567925794,99835584.0949779,22.5266215633958,293462762.896916
20.8,-34,0.0507495567925794,99835584.0949779,22.5266215633958,293462762.896916
20.9,-34,0.0507495567925794,99835584.0949779,22.5266215633958,293462762.896916
21,-34,0.0527315395187587,208304571.013823,22.8385552164249,606378072.325734
21.1,-34,0.0527315395187587,208304571.013823,22.8385552164249,606378072.325734
21.2,-34,0.0527315395187587,208304571.013823,22.8385552164249,606378072.325734
21.3,-34,0.0527315395187587,208304571.013823,22.8385552164249,606378072.325734
21.4,-34,0.0527315395187587,208304571.013823,22.8385552164249,606378072.325734
21.5,-34,0.0527315395187587,208304571.013823,22.8385552164249,606378072.325734
21.6,-34,0.0507950555733739,100956549.08945,22.4105685981737,317266950.598692
21.7,-34,0.0507950555733739,100956549.08945,22.4105685981737,317266950.598692
21.8,-34,0.0507950555733739,100956549.08945,22.4105685981737,317266950.598692
21.9,-34,0.0507950555733739,100956549.08945,22.4105685981737,317266950.598692
22,-34,0.0507950555733739,100956549.08945,22.4105685981737,317266950.598692
22.1,-34,0.0507950555733739,100956549.08945,22.4105685981737,317266950.598692
22.2,-34,0.0439906667488808,8022989.4563644,21.2107976070524,34041209.158154
22.3,-34,0.0439906667488808,8022989.4563644,21.2107976070524,34041209.158154
22.4,-34,0.0439906667488808,8022989.4563644,21.2107976070524,34041209.158154
22.5,-34,0.0439906667488808,8022989.4563644,21.2107976070524,34041209.158154
22.6,-34,0.0440562221443,8220087.03588275,21.220594551879,34837127.7700138
22.7,-34,0.0440562221443,8220087.03588275,21.220594551879,34837127.7700138
22.8,-34,0.0440562221443,8220087.03588275,21.220594551879,34837127.7700138
22.9,-34,0.0422544961991796,4218001.1065466,20.9596263966411,18290692.7938668
23,-34,0.0422544961991796,4218001.1065466,20.9596263966411,18290692.7938668
23.1,-34,0.0422544961991796,4218001.1065466,20.9596263966411,18290692.7938668
23.2,-34,0.0422544961991796,4218001.1065466,20.9596263966411,18290692.7938668
23.3,-34,0.0422544961991796,4218001.1065466,20.9596263966411,18290692.7938668
23.4,-34,0.0422544961991796,4218001.1065466,20.9596263966411,18290692.7938668
23.5,-34,0.0392382932312091,1379966.93391036,20.4950523756323,7046943.29375505
23.8,-34,0.0392382932312091,1379966.93391036,20.4950523756323,7046943.29375505
23.9,-34,0.0392382932312091,1379966.93391036,20.4950523756323,7046943.29375505
24,-34,0.0392382932312091,1379966.93391036,20.4950523756323,7046943.29375505
24.1,-34,0.047571201106495,30264201.6508206,21.7827942825308,113623358.361435
24.2,-34,0.047571201106495,30264201.6508206,21.7827942825308,113623358.361435
24.3,-34,0.047571201106495,30264201.6508206,21.7827942825308,113623358.361435
24.4,-34,0.047571201106495,30264201.6508206,21.7827942825308,113623358.361435
24.5,-34,0.047571201106495,30264201.6508206,21.7827942825308,113623358.361435
24.6,-34,0.047571201106495,30264201.6508206,21.7827942825308,113623358.361435
24.7,-34,0.0457985201684425,15639810.576683,21.4605627872266,66980005.9899362
24.8,-34,0.0457985201684425,15639810.576683,21.4605627872266,66980005.9899362
24.9,-34,0.0457985201684425,15639810.576683,21.4605627872266,66980005.9899362
25.4,-34,0.0458557644555496,15926789.3330872,21.4445082530355,77088558.3822358
25.5,-34,0.0458557644555496,15926789.3330872,21.4445082530355,77088558.3822358
25.6,-34,0.0458557644555496,15926789.3330872,21.4445082530355,77088558.3822358
18.5,-33.9,0.0370887476549307,627731.681881435,20.2245508260178,2788685.50543263
18.6,-33.9,0.0370887476549307,627731.681881435,20.2245508260178,2788685.50543263
18.7,-33.9,0.0370887476549307,627731.681881435,20.2245508260178,2788685.50543263
18.8,-33.9,0.0370887476549307,627731.681881435,20.2245508260178,2788685.50543263
18.9,-33.9,0.0370887476549307,627731.681881435,20.2245508260178,2788685.50543263
19,-33.9,0.0370887476549307,627731.681881435,20.2245508260178,2788685.50543263
19.1,-33.9,0.0419176683068834,3765329.07802455,21.0452053508642,12943576.915742
19.2,-33.9,0.0419176683068834,3765329.07802455,21.0452053508642,12943576.915742
19.3,-33.9,0.0419176683068834,3765329.07802455,21.0452053508642,12943576.915742
19.4,-33.9,0.0419176683068834,3765329.07802455,21.0452053508642,12943576.915742
19.5,-33.9,0.0419176683068834,3765329.07802455,21.0452053508642,12943576.915742
19.6,-33.9,0.0419176683068834,3765329.07802455,21.0452053508642,12943576.915742
19.7,-33.9,0.0496670022653603,67060573.526767,22.439069490981,193334054.142559
19.8,-33.9,0.0496670022653603,67060573.526767,22.439069490981,193334054.142559
19.9,-33.9,0.0496670022653603,67060573.526767,22.439069490981,193334054.142559
20,-33.9,0.0496670022653603,67060573.526767,22.439069490981,193334054.142559
20.1,-33.9,0.0496670022653603,67060573.526767,22.439069490981,193334054.142559
20.2,-33.9,0.0496670022653603,67060573.526767,22.439069490981,193334054.142559
20.3,-33.9,0.0496670022653603,67060573.526767,22.439069490981,193334054.142559
20.4,-33.9,0.0507495567925794,99835584.0949779,22.5266215633958,293462762.896916
20.5,-33.9,0.0507495567925794,99835584.0949779,22.5266215633958,293462762.896916
20.6,-33.9,0.0507495567925794,99835584.0949779,22.5266215633958,293462762.896916
20.7,-33.9,0.0507495567925794,99835584.0949779,22.5266215633958,293462762.896916
20.8,-33.9,0.0507495567925794,99835584.0949779,22.5266215633958,293462762.896916
20.9,-33.9,0.0507495567925794,99835584.0949779,22.5266215633958,293462762.896916
21,-33.9,0.0527315395187587,208304571.013823,22.8385552164249,606378072.325734
21.1,-33.9,0.0527315395187587,208304571.013823,22.8385552164249,606378072.325734
21.2,-33.9,0.0527315395187587,208304571.013823,22.8385552164249,606378072.325734
21.3,-33.9,0.0527315395187587,208304571.013823,22.8385552164249,606378072.325734
21.4,-33.9,0.0527315395187587,208304571.013823,22.8385552164249,606378072.325734
21.5,-33.9,0.0527315395187587,208304571.013823,22.8385552164249,606378072.325734
21.6,-33.9,0.0507950555733739,100956549.08945,22.4105685981737,317266950.598692
21.7,-33.9,0.0507950555733739,100956549.08945,22.4105685981737,317266950.598692
21.8,-33.9,0.0507950555733739,100956549.08945,22.4105685981737,317266950.598692
21.9,-33.9,0.0507950555733739,100956549.08945,22.4105685981737,317266950.598692
22,-33.9,0.0507950555733739,100956549.08945,22.4105685981737,317266950.598692
22.1,-33.9,0.0507950555733739,100956549.08945,22.4105685981737,317266950.598692
22.2,-33.9,0.0439906667488808,8022989.4563644,21.2107976070524,34041209.158154
22.3,-33.9,0.0439906667488808,8022989.4563644,21.2107976070524,34041209.158154
22.4,-33.9,0.0439906667488808,8022989.4563644,21.2107976070524,34041209.158154
22.5,-33.9,0.0439906667488808,8022989.4563644,21.2107976070524,34041209.158154
22.6,-33.9,0.0440562221443,8220087.03588275,21.220594551879,34837127.7700138
22.7,-33.9,0.0440562221443,8220087.03588275,21.220594551879,34837127.7700138
22.8,-33.9,0.0440562221443,8220087.03588275,21.220594551879,34837127.7700138
22.9,-33.9,0.0422544961991796,4218001.1065466,20.9596263966411,18290692.7938668
23,-33.9,0.0422544961991796,4218001.1065466,20.9596263966411,18290692.7938668
23.1,-33.9,0.0422544961991796,4218001.1065466,20.9596263966411,18290692.7938668
23.2,-33.9,0.0422544961991796,4218001.1065466,20.9596263966411,18290692.7938668
23.3,-33.9,0.0422544961991796,4218001.1065466,20.9596263966411,18290692.7938668
23.4,-33.9,0.0422544961991796,4218001.1065466,20.9596263966411,18290692.7938668
23.5,-33.9,0.0392382932312091,1379966.93391036,20.4950523756323,7046943.29375505
23.6,-33.9,0.0392382932312091,1379966.93391036,20.4950523756323,7046943.29375505
23.7,-33.9,0.0392382932312091,1379966.93391036,20.4950523756323,7046943.29375505
23.8,-33.9,0.0392382932312091,1379966.93391036,20.4950523756323,7046943.29375505
23.9,-33.9,0.0392382932312091,1379966.93391036,20.4950523756323,7046943.29375505
24,-33.9,0.0392382932312091,1379966.93391036,20.4950523756323,7046943.29375505
24.1,-33.9,0.047571201106495,30264201.6508206,21.7827942825308,113623358.361435
24.2,-33.9,0.047571201106495,30264201.6508206,21.7827942825308,113623358.361435
24.3,-33.9,0.047571201106495,30264201.6508206,21.7827942825308,113623358.361435
24.4,-33.9,0.047571201106495,30264201.6508206,21.7827942825308,113623358.361435
24.5,-33.9,0.047571201106495,30264201.6508206,21.7827942825308,113623358.361435
24.6,-33.9,0.047571201106495,30264201.6508206,21.7827942825308,113623358.361435
24.7,-33.9,0.0457985201684425,15639810.576683,21.4605627872266,66980005.9899362
24.8,-33.9,0.0457985201684425,15639810.576683,21.4605627872266,66980005.9899362
24.9,-33.9,0.0457985201684425,15639810.576683,21.4605627872266,66980005.9899362
25,-33.9,0.0457985201684425,15639810.576683,21.4605627872266,66980005.9899362
25.1,-33.9,0.0457985201684425,15639810.576683,21.4605627872266,66980005.9899362
25.2,-33.9,0.0457985201684425,15639810.576683,21.4605627872266,66980005.9899362
25.3,-33.9,0.0457985201684425,15639810.576683,21.4605627872266,66980005.9899362
25.4,-33.9,0.0458557644555496,15926789.3330872,21.4445082530355,77088558.3822358
25.5,-33.9,0.0458557644555496,15926789.3330872,21.4445082530355,77088558.3822358
25.6,-33.9,0.0458557644555496,15926789.3330872,21.4445082530355,77088558.3822358
18.5,-33.8,0.0370887476549307,627731.681881435,20.2245508260178,2788685.50543263
18.6,-33.8,0.0370887476549307,627731.681881435,20.2245508260178,2788685.50543263
18.7,-33.8,0.0370887476549307,627731.681881435,20.2245508260178,2788685.50543263
18.8,-33.8,0.0370887476549307,627731.681881435,20.2245508260178,2788685.50543263
18.9,-33.8,0.0370887476549307,627731.681881435,20.2245508260178,2788685.50543263
19,-33.8,0.0370887476549307,627731.681881435,20.2245508260178,2788685.50543263
19.1,-33.8,0.0419176683068834,3765329.07802455,21.0452053508642,12943576.915742
19.2,-33.8,0.0419176683068834,3765329.07802455,21.0452053508642,12943576.915742
19.3,-33.8,0.0419176683068834,3765329.07802455,21.0452053508642,12943576.915742
19.4,-33.8,0.0419176683068834,3765329.07802455,21.0452053508642,12943576.915742
19.5,-33.8,0.0419176683068834,3765329.07802455,21.0452053508642,12943576.915742
19.6,-33.8,0.0419176683068834,3765329.07802455,21.0452053508642,12943576.915742
19.7,-33.8,0.0496670022653603,67060573.526767,22.439069490981,193334054.142559
19.8,-33.8,0.0496670022653603,67060573.526767,22.439069490981,193334054.142559
19.9,-33.8,0.0496670022653603,67060573.526767,22.439069490981,193334054.142559
20,-33.8,0.0496670022653603,67060573.526767,22.439069490981,193334054.142559
20.1,-33.8,0.0496670022653603,67060573.526767,22.439069490981,193334054.142559
20.2,-33.8,0.0496670022653603,67060573.526767,22.439069490981,193334054.142559
20.3,-33.8,0.0496670022653603,67060573.526767,22.439069490981,193334054.142559
20.4,-33.8,0.0507495567925794,99835584.0949779,22.5266215633958,293462762.896916
20.5,-33.8,0.0507495567925794,99835584.0949779,22.5266215633958,293462762.896916
20.6,-33.8,0.0507495567925794,99835584.0949779,22.5266215633958,293462762.896916
20.7,-33.8,0.0507495567925794,99835584.0949779,22.5266215633958,293462762.896916
20.8,-33.8,0.0507495567925794,99835584.0949779,22.5266215633958,293462762.896916
20.9,-33.8,0.0507495567925794,99835584.0949779,22.5266215633958,293462762.896916
21,-33.8,0.0527315395187587,208304571.013823,22.8385552164249,606378072.325734
21.1,-33.8,0.0527315395187587,208304571.013823,22.8385552164249,606378072.325734
21.2,-33.8,0.0527315395187587,208304571.013823,22.8385552164249,606378072.325734
21.3,-33.8,0.0527315395187587,208304571.013823,22.8385552164249,606378072.325734
21.4,-33.8,0.0527315395187587,208304571.013823,22.8385552164249,606378072.325734
21.5,-33.8,0.0527315395187587,208304571.013823,22.8385552164249,606378072.325734
21.6,-33.8,0.0507950555733739,100956549.08945,22.4105685981737,317266950.598692
21.7,-33.8,0.0507950555733739,100956549.08945,22.4105685981737,317266950.598692
21.8,-33.8,0.0507950555733739,100956549.08945,22.4105685981737,317266950.598692
21.9,-33.8,0.0507950555733739,100956549.08945,22.4105685981737,317266950.598692
22,-33.8,0.0507950555733739,100956549.08945,22.4105685981737,317266950.598692
22.1,-33.8,0.0507950555733739,100956549.08945,22.4105685981737,317266950.598692
22.2,-33.8,0.0439906667488808,8022989.4563644,21.2107976070524,34041209.158154
22.3,-33.8,0.0439906667488808,8022989.4563644,21.2107976070524,34041209.158154
22.4,-33.8,0.0439906667488808,8022989.4563644,21.2107976070524,34041209.158154
22.5,-33.8,0.0439906667488808,8022989.4563644,21.2107976070524,34041209.158154
22.6,-33.8,0.0440562221443,8220087.03588275,21.220594551879,34837127.7700138
22.7,-33.8,0.0440562221443,8220087.03588275,21.220594551879,34837127.7700138
22.8,-33.8,0.0440562221443,8220087.03588275,21.220594551879,34837127.7700138
22.9,-33.8,0.0422544961991796,4218001.1065466,20.9596263966411,18290692.7938668
23,-33.8,0.0422544961991796,4218001.1065466,20.9596263966411,18290692.7938668
23.1,-33.8,0.0422544961991796,4218001.1065466,20.9596263966411,18290692.7938668
23.2,-33.8,0.0422544961991796,4218001.1065466,20.9596263966411,18290692.7938668
23.3,-33.8,0.0422544961991796,4218001.1065466,20.9596263966411,18290692.7938668
23.4,-33.8,0.0422544961991796,4218001.1065466,20.9596263966411,18290692.7938668
23.5,-33.8,0.0392382932312091,1379966.93391036,20.4950523756323,7046943.29375505
23.6,-33.8,0.0392382932312091,1379966.93391036,20.4950523756323,7046943.29375505
23.7,-33.8,0.0392382932312091,1379966.93391036,20.4950523756323,7046943.29375505
23.8,-33.8,0.0392382932312091,1379966.93391036,20.4950523756323,7046943.29375505
23.9,-33.8,0.0392382932312091,1379966.93391036,20.4950523756323,7046943.29375505
24,-33.8,0.0392382932312091,1379966.93391036,20.4950523756323,7046943.29375505
24.1,-33.8,0.047571201106495,30264201.6508206,21.7827942825308,113623358.361435
24.2,-33.8,0.047571201106495,30264201.6508206,21.7827942825308,113623358.361435
24.3,-33.8,0.047571201106495,30264201.6508206,21.7827942825308,113623358.361435
24.4,-33.8,0.047571201106495,30264201.6508206,21.7827942825308,113623358.361435
24.5,-33.8,0.047571201106495,30264201.6508206,21.7827942825308,113623358.361435
24.6,-33.8,0.047571201106495,30264201.6508206,21.7827942825308,113623358.361435
24.7,-33.8,0.0457985201684425,15639810.576683,21.4605627872266,66980005.9899362
24.8,-33.8,0.0457985201684425,15639810.576683,21.4605627872266,66980005.9899362
24.9,-33.8,0.0457985201684425,15639810.576683,21.4605627872266,66980005.9899362
25,-33.8,0.0457985201684425,15639810.576683,21.4605627872266,66980005.9899362
25.1,-33.8,0.0457985201684425,15639810.576683,21.4605627872266,66980005.9899362
25.2,-33.8,0.0457985201684425,15639810.576683,21.4605627872266,66980005.9899362
25.3,-33.8,0.0457985201684425,15639810.576683,21.4605627872266,66980005.9899362
25.4,-33.8,0.0458557644555496,15926789.3330872,21.4445082530355,77088558.3822358
25.5,-33.8,0.0458557644555496,15926789.3330872,21.4445082530355,77088558.3822358
25.6,-33.8,0.0458557644555496,15926789.3330872,21.4445082530355,77088558.3822358
25.7,-33.8,0.0458557644555496,15926789.3330872,21.4445082530355,77088558.3822358
18.5,-33.7,0.0464973890642784,20656287.7666585,21.8727050362502,64008813.6329476
18.6,-33.7,0.0464973890642784,20656287.7666585,21.8727050362502,64008813.6329476
18.7,-33.7,0.0464973890642784,20656287.7666585,21.8727050362502,64008813.6329476
18.8,-33.7,0.0464973890642784,20656287.7666585,21.8727050362502,64008813.6329476
18.9,-33.7,0.0464973890642784,20656287.7666585,21.8727050362502,64008813.6329476
19,-33.7,0.0464973890642784,20656287.7666585,21.8727050362502,64008813.6329476
19.1,-33.7,0.0380937481904854,914048.553011705,20.4248151540872,3298945.0053948
19.2,-33.7,0.0380937481904854,914048.553011705,20.4248151540872,3298945.0053948
19.3,-33.7,0.0380937481904854,914048.553011705,20.4248151540872,3298945.0053948
19.4,-33.7,0.0380937481904854,914048.553011705,20.4248151540872,3298945.0053948
19.5,-33.7,0.0380937481904854,914048.553011705,20.4248151540872,3298945.0053948
19.6,-33.7,0.0380937481904854,914048.553011705,20.4248151540872,3298945.0053948
19.7,-33.7,0.0344650895680712,238750.997360945,19.8085502389906,942010.056323213
19.8,-33.7,0.0344650895680712,238750.997360945,19.8085502389906,942010.056323213
19.9,-33.7,0.0344650895680712,238750.997360945,19.8085502389906,942010.056323213
20,-33.7,0.0344650895680712,238750.997360945,19.8085502389906,942010.056323213
20.1,-33.7,0.0344650895680712,238750.997360945,19.8085502389906,942010.056323213
20.2,-33.7,0.0344650895680712,238750.997360945,19.8085502389906,942010.056323213
20.3,-33.7,0.0344650895680712,238750.997360945,19.8085502389906,942010.056323213
20.4,-33.7,0.0443861721983588,9428096.05769165,21.5043158018571,28794043.1277912
20.5,-33.7,0.0443861721983588,9428096.05769165,21.5043158018571,28794043.1277912
20.6,-33.7,0.0443861721983588,9428096.05769165,21.5043158018571,28794043.1277912
20.7,-33.7,0.0443861721983588,9428096.05769165,21.5043158018571,28794043.1277912
20.8,-33.7,0.0443861721983588,9428096.05769165,21.5043158018571,28794043.1277912
20.9,-33.7,0.0443861721983588,9428096.05769165,21.5043158018571,28794043.1277912
21,-33.7,0.0494188747638441,61166168.5608332,22.3895001685523,174095522.981932
21.1,-33.7,0.0494188747638441,61166168.5608332,22.3895001685523,174095522.981932
21.2,-33.7,0.0494188747638441,61166168.5608332,22.3895001685523,174095522.981932
21.3,-33.7,0.0494188747638441,61166168.5608332,22.3895001685523,174095522.981932
21.4,-33.7,0.0494188747638441,61166168.5608332,22.3895001685523,174095522.981932
21.5,-33.7,0.0494188747638441,61166168.5608332,22.3895001685523,174095522.981932
21.6,-33.7,0.0506998154197818,98492163.1800955,22.6276092704737,275695412.811343
21.7,-33.7,0.0506998154197818,98492163.1800955,22.6276092704737,275695412.811343
21.8,-33.7,0.0506998154197818,98492163.1800955,22.6276092704737,275695412.811343
21.9,-33.7,0.0506998154197818,98492163.1800955,22.6276092704737,275695412.811343
22,-33.7,0.0506998154197818,98492163.1800955,22.6276092704737,275695412.811343
22.1,-33.7,0.0506998154197818,98492163.1800955,22.6276092704737,275695412.811343
22.2,-33.7,0.0461846109255376,18329380.9635261,21.7591008932509,56215305.5135542
22.3,-33.7,0.0461846109255376,18329380.9635261,21.7591008932509,56215305.5135542
22.4,-33.7,0.0461846109255376,18329380.9635261,21.7591008932509,56215305.5135542
22.5,-33.7,0.0461846109255376,18329380.9635261,21.7591008932509,56215305.5135542
22.6,-33.7,0.0462854312572337,19028959.146349,21.7769475091662,58261521.7189362
22.7,-33.7,0.0462854312572337,19028959.146349,21.7769475091662,58261521.7189362
22.8,-33.7,0.0462854312572337,19028959.146349,21.7769475091662,58261521.7189362
22.9,-33.7,0.0422322164266875,4231069.40868842,21.0932020339972,13807552.7527428
23,-33.7,0.0422322164266875,4231069.40868842,21.0932020339972,13807552.7527428
23.1,-33.7,0.0422322164266875,4231069.40868842,21.0932020339972,13807552.7527428
23.2,-33.7,0.0422322164266875,4231069.40868842,21.0932020339972,13807552.7527428
23.3,-33.7,0.0422322164266875,4231069.40868842,21.0932020339972,13807552.7527428
23.4,-33.7,0.0422322164266875,4231069.40868842,21.0932020339972,13807552.7527428
23.5,-33.7,0.0432296629830124,6121521.25326287,21.24689040942,20019764.812586
23.6,-33.7,0.0432296629830124,6121521.25326287,21.24689040942,20019764.812586
23.7,-33.7,0.0432296629830124,6121521.25326287,21.24689040942,20019764.812586
23.8,-33.7,0.0432296629830124,6121521.25326287,21.24689040942,20019764.812586
23.9,-33.7,0.0432296629830124,6121521.25326287,21.24689040942,20019764.812586
24,-33.7,0.0432296629830124,6121521.25326287,21.24689040942,20019764.812586
24.1,-33.7,0.0505632000274447,93285862.5653552,22.5250477866853,274419414.820823
24.2,-33.7,0.0505632000274447,93285862.5653552,22.5250477866853,274419414.820823
24.3,-33.7,0.0505632000274447,93285862.5653552,22.5250477866853,274419414.820823
24.4,-33.7,0.0505632000274447,93285862.5653552,22.5250477866853,274419414.820823
24.5,-33.7,0.0505632000274447,93285862.5653552,22.5250477866853,274419414.820823
24.6,-33.7,0.0505632000274447,93285862.5653552,22.5250477866853,274419414.820823
24.7,-33.7,0.0559688580210702,695680509.400922,23.476132798079,1975085409.66749
24.8,-33.7,0.0559688580210702,695680509.400922,23.476132798079,1975085409.66749
24.9,-33.7,0.0559688580210702,695680509.400922,23.476132798079,1975085409.66749
25,-33.7,0.0559688580210702,695680509.400922,23.476132798079,1975085409.66749
25.1,-33.7,0.0559688580210702,695680509.400922,23.476132798079,1975085409.66749
25.2,-33.7,0.0559688580210702,695680509.400922,23.476132798079,1975085409.66749
25.3,-33.7,0.0559688580210702,695680509.400922,23.476132798079,1975085409.66749
25.4,-33.7,0.0617749129819064,6049547201.19567,24.6426168103422,16739142845.3472
25.5,-33.7,0.0617749129819064,6049547201.19567,24.6426168103422,16739142845.3472
25.6,-33.7,0.0617749129819064,6049547201.19567,24.6426168103422,16739142845.3472
25.7,-33.7,0.0617749129819064,6049547201.19567,24.6426168103422,16739142845.3472
25.8,-33.7,0.0617749129819064,6049547201.19567,24.6426168103422,16739142845.3472
25.9,-33.7,0.0617749129819064,6049547201.19567,24.6426168103422,16739142845.3472
26,-33.7,0.0549095747261799,463305841.940302,23.0140272346324,1445586263.75706
26.1,-33.7,0.0549095747261799,463305841.940302,23.0140272346324,1445586263.75706
26.2,-33.7,0.0549095747261799,463305841.940302,23.0140272346324,1445586263.75706
26.3,-33.7,0.0549095747261799,463305841.940302,23.0140272346324,1445586263.75706
26.4,-33.7,0.0549095747261799,463305841.940302,23.0140272346324,1445586263.75706
26.5,-33.7,0.0549095747261799,463305841.940302,23.0140272346324,1445586263.75706
26.6,-33.7,0.0556895282069005,615443937.905262,23.0454965383275,2087167071.14381
18.4,-33.6,0.026461557866324,12355.3072035421,18.6868371904646,110648.911020378
18.5,-33.6,0.0464973890642784,20656287.7666585,21.8727050362502,64008813.6329476
18.6,-33.6,0.0464973890642784,20656287.7666585,21.8727050362502,64008813.6329476
18.7,-33.6,0.0464973890642784,20656287.7666585,21.8727050362502,64008813.6329476
18.8,-33.6,0.0464973890642784,20656287.7666585,21.8727050362502,64008813.6329476
18.9,-33.6,0.0464973890642784,20656287.7666585,21.8727050362502,64008813.6329476
19,-33.6,0.0464973890642784,20656287.7666585,21.8727050362502,64008813.6329476
19.1,-33.6,0.0380937481904854,914048.553011705,20.4248151540872,3298945.0053948
19.2,-33.6,0.0380937481904854,914048.553011705,20.4248151540872,3298945.0053948
19.3,-33.6,0.0380937481904854,914048.553011705,20.4248151540872,3298945.0053948
19.4,-33.6,0.0380937481904854,914048.553011705,20.4248151540872,3298945.0053948
19.5,-33.6,0.0380937481904854,914048.553011705,20.4248151540872,3298945.0053948
19.6,-33.6,0.0380937481904854,914048.553011705,20.4248151540872,3298945.0053948
19.7,-33.6,0.0344650895680712,238750.997360945,19.8085502389906,942010.056323213
19.8,-33.6,0.0344650895680712,238750.997360945,19.8085502389906,942010.056323213
19.9,-33.6,0.0344650895680712,238750.997360945,19.8085502389906,942010.056323213
20,-33.6,0.0344650895680712,238750.997360945,19.8085502389906,942010.056323213
20.1,-33.6,0.0344650895680712,238750.997360945,19.8085502389906,942010.056323213
20.2,-33.6,0.0344650895680712,238750.997360945,19.8085502389906,942010.056323213
20.3,-33.6,0.0344650895680712,238750.997360945,19.8085502389906,942010.056323213
20.4,-33.6,0.0443861721983588,9428096.05769165,21.5043158018571,28794043.1277912
20.5,-33.6,0.0443861721983588,9428096.05769165,21.5043158018571,28794043.1277912
20.6,-33.6,0.0443861721983588,9428096.05769165,21.5043158018571,28794043.1277912
20.7,-33.6,0.0443861721983588,9428096.05769165,21.5043158018571,28794043.1277912
20.8,-33.6,0.0443861721983588,9428096.05769165,21.5043158018571,28794043.1277912
20.9,-33.6,0.0443861721983588,9428096.05769165,21.5043158018571,28794043.1277912
21,-33.6,0.0494188747638441,61166168.5608332,22.3895001685523,174095522.981932
21.1,-33.6,0.0494188747638441,61166168.5608332,22.3895001685523,174095522.981932
21.2,-33.6,0.0494188747638441,61166168.5608332,22.3895001685523,174095522.981932
21.3,-33.6,0.0494188747638441,61166168.5608332,22.3895001685523,174095522.981932
21.4,-33.6,0.0494188747638441,61166168.5608332,22.3895001685523,174095522.981932
21.5,-33.6,0.0494188747638441,61166168.5608332,22.3895001685523,174095522.981932
21.6,-33.6,0.0506998154197818,98492163.1800955,22.6276092704737,275695412.811343
21.7,-33.6,0.0506998154197818,98492163.1800955,22.6276092704737,275695412.811343
21.8,-33.6,0.0506998154197818,98492163.1800955,22.6276092704737,275695412.811343
21.9,-33.6,0.0506998154197818,98492163.1800955,22.6276092704737,275695412.811343
22,-33.6,0.0506998154197818,98492163.1800955,22.6276092704737,275695412.811343
22.1,-33.6,0.0506998154197818,98492163.1800955,22.6276092704737,275695412.811343
22.2,-33.6,0.0461846109255376,18329380.9635261,21.7591008932509,56215305.5135542
22.3,-33.6,0.0461846109255376,18329380.9635261,21.7591008932509,56215305.5135542
22.4,-33.6,0.0461846109255376,18329380.9635261,21.7591008932509,56215305.5135542
22.5,-33.6,0.0461846109255376,18329380.9635261,21.7591008932509,56215305.5135542
22.6,-33.6,0.0462854312572337,19028959.146349,21.7769475091662,58261521.7189362
22.7,-33.6,0.0462854312572337,19028959.146349,21.7769475091662,58261521.7189362
22.8,-33.6,0.0462854312572337,19028959.146349,21.7769475091662,58261521.7189362
22.9,-33.6,0.0422322164266875,4231069.40868842,21.0932020339972,13807552.7527428
23,-33.6,0.0422322164266875,4231069.40868842,21.0932020339972,13807552.7527428
23.1,-33.6,0.0422322164266875,4231069.40868842,21.0932020339972,13807552.7527428
23.2,-33.6,0.0422322164266875,4231069.40868842,21.0932020339972,13807552.7527428
23.3,-33.6,0.0422322164266875,4231069.40868842,21.0932020339972,13807552.7527428
23.4,-33.6,0.0422322164266875,4231069.40868842,21.0932020339972,13807552.7527428
23.5,-33.6,0.0432296629830124,6121521.25326287,21.24689040942,20019764.812586
23.6,-33.6,0.0432296629830124,6121521.25326287,21.24689040942,20019764.812586
23.7,-33.6,0.0432296629830124,6121521.25326287,21.24689040942,20019764.812586
23.8,-33.6,0.0432296629830124,6121521.25326287,21.24689040942,20019764.812586
23.9,-33.6,0.0432296629830124,6121521.25326287,21.24689040942,20019764.812586
24,-33.6,0.0432296629830124,6121521.25326287,21.24689040942,20019764.812586
24.1,-33.6,0.0505632000274447,93285862.5653552,22.5250477866853,274419414.820823
24.2,-33.6,0.0505632000274447,93285862.5653552,22.5250477866853,274419414.820823
24.3,-33.6,0.0505632000274447,93285862.5653552,22.5250477866853,274419414.820823
24.4,-33.6,0.0505632000274447,93285862.5653552,22.5250477866853,274419414.820823
24.5,-33.6,0.0505632000274447,93285862.5653552,22.5250477866853,274419414.820823
24.6,-33.6,0.0505632000274447,93285862.5653552,22.5250477866853,274419414.820823
24.7,-33.6,0.0559688580210702,695680509.400922,23.476132798079,1975085409.66749
24.8,-33.6,0.0559688580210702,695680509.400922,23.476132798079,1975085409.66749
24.9,-33.6,0.0559688580210702,695680509.400922,23.476132798079,1975085409.66749
25,-33.6,0.0559688580210702,695680509.400922,23.476132798079,1975085409.66749
25.1,-33.6,0.0559688580210702,695680509.400922,23.476132798079,1975085409.66749
25.2,-33.6,0.0559688580210702,695680509.400922,23.476132798079,1975085409.66749
25.3,-33.6,0.0559688580210702,695680509.400922,23.476132798079,1975085409.66749
25.4,-33.6,0.0617749129819064,6049547201.19567,24.6426168103422,16739142845.3472
25.5,-33.6,0.0617749129819064,6049547201.19567,24.6426168103422,16739142845.3472
25.6,-33.6,0.0617749129819064,6049547201.19567,24.6426168103422,16739142845.3472
25.7,-33.6,0.0617749129819064,6049547201.19567,24.6426168103422,16739142845.3472
25.8,-33.6,0.0617749129819064,6049547201.19567,24.6426168103422,16739142845.3472
25.9,-33.6,0.0617749129819064,6049547201.19567,24.6426168103422,16739142845.3472
26,-33.6,0.0549095747261799,463305841.940302,23.0140272346324,1445586263.75706
26.1,-33.6,0.0549095747261799,463305841.940302,23.0140272346324,1445586263.75706
26.2,-33.6,0.0549095747261799,463305841.940302,23.0140272346324,1445586263.75706
26.3,-33.6,0.0549095747261799,463305841.940302,23.0140272346324,1445586263.75706
26.4,-33.6,0.0549095747261799,463305841.940302,23.0140272346324,1445586263.75706
26.5,-33.6,0.0549095747261799,463305841.940302,23.0140272346324,1445586263.75706
26.6,-33.6,0.0556895282069005,615443937.905262,23.0454965383275,2087167071.14381
26.7,-33.6,0.0556895282069005,615443937.905262,23.0454965383275,2087167071.14381
26.8,-33.6,0.0556895282069005,615443937.905262,23.0454965383275,2087167071.14381
18.4,-33.5,0.026461557866324,12355.3072035421,18.6868371904646,110648.911020378
18.5,-33.5,0.0464973890642784,20656287.7666585,21.8727050362502,64008813.6329476
18.6,-33.5,0.0464973890642784,20656287.7666585,21.8727050362502,64008813.6329476
18.7,-33.5,0.0464973890642784,20656287.7666585,21.8727050362502,64008813.6329476
18.8,-33.5,0.0464973890642784,20656287.7666585,21.8727050362502,64008813.6329476
18.9,-33.5,0.0464973890642784,20656287.7666585,21.8727050362502,64008813.6329476
19,-33.5,0.0464973890642784,20656287.7666585,21.8727050362502,64008813.6329476
19.1,-33.5,0.0380937481904854,914048.553011705,20.4248151540872,3298945.0053948
19.2,-33.5,0.0380937481904854,914048.553011705,20.4248151540872,3298945.0053948
19.3,-33.5,0.0380937481904854,914048.553011705,20.4248151540872,3298945.0053948
19.4,-33.5,0.0380937481904854,914048.553011705,20.4248151540872,3298945.0053948
19.5,-33.5,0.0380937481904854,914048.553011705,20.4248151540872,3298945.0053948
19.6,-33.5,0.0380937481904854,914048.553011705,20.4248151540872,3298945.0053948
19.7,-33.5,0.0344650895680712,238750.997360945,19.8085502389906,942010.056323213
19.8,-33.5,0.0344650895680712,238750.997360945,19.8085502389906,942010.056323213
19.9,-33.5,0.0344650895680712,238750.997360945,19.8085502389906,942010.056323213
20,-33.5,0.0344650895680712,238750.997360945,19.8085502389906,942010.056323213
20.1,-33.5,0.0344650895680712,238750.997360945,19.8085502389906,942010.056323213
20.2,-33.5,0.0344650895680712,238750.997360945,19.8085502389906,942010.056323213
20.3,-33.5,0.0344650895680712,238750.997360945,19.8085502389906,942010.056323213
20.4,-33.5,0.0443861721983588,9428096.05769165,21.5043158018571,28794043.1277912
20.5,-33.5,0.0443861721983588,9428096.05769165,21.5043158018571,28794043.1277912
20.6,-33.5,0.0443861721983588,9428096.05769165,21.5043158018571,28794043.1277912
20.7,-33.5,0.0443861721983588,9428096.05769165,21.5043158018571,28794043.1277912
20.8,-33.5,0.0443861721983588,9428096.05769165,21.5043158018571,28794043.1277912
20.9,-33.5,0.0443861721983588,9428096.05769165,21.5043158018571,28794043.1277912
21,-33.5,0.0494188747638441,61166168.5608332,22.3895001685523,174095522.981932
21.1,-33.5,0.0494188747638441,61166168.5608332,22.3895001685523,174095522.981932
21.2,-33.5,0.0494188747638441,61166168.5608332,22.3895001685523,174095522.981932
21.3,-33.5,0.0494188747638441,61166168.5608332,22.3895001685523,174095522.981932
21.4,-33.5,0.0494188747638441,61166168.5608332,22.3895001685523,174095522.981932
21.5,-33.5,0.0494188747638441,61166168.5608332,22.3895001685523,174095522.981932
21.6,-33.5,0.0506998154197818,98492163.1800955,22.6276092704737,275695412.811343
21.7,-33.5,0.0506998154197818,98492163.1800955,22.6276092704737,275695412.811343
21.8,-33.5,0.0506998154197818,98492163.1800955,22.6276092704737,275695412.811343
21.9,-33.5,0.0506998154197818,98492163.1800955,22.6276092704737,275695412.811343
22,-33.5,0.0506998154197818,98492163.1800955,22.6276092704737,275695412.811343
22.1,-33.5,0.0506998154197818,98492163.1800955,22.6276092704737,275695412.811343
22.2,-33.5,0.0461846109255376,18329380.9635261,21.7591008932509,56215305.5135542
22.3,-33.5,0.0461846109255376,18329380.9635261,21.7591008932509,56215305.5135542
22.4,-33.5,0.0461846109255376,18329380.9635261,21.7591008932509,56215305.5135542
22.5,-33.5,0.0461846109255376,18329380.9635261,21.7591008932509,56215305.5135542
22.6,-33.5,0.0462854312572337,19028959.146349,21.7769475091662,58261521.7189362
22.7,-33.5,0.0462854312572337,19028959.146349,21.7769475091662,58261521.7189362
22.8,-33.5,0.0462854312572337,19028959.146349,21.7769475091662,58261521.7189362
22.9,-33.5,0.0422322164266875,4231069.40868842,21.0932020339972,13807552.7527428
23,-33.5,0.0422322164266875,4231069.40868842,21.0932020339972,13807552.7527428
23.1,-33.5,0.0422322164266875,4231069.40868842,21.0932020339972,13807552.7527428
23.2,-33.5,0.0422322164266875,4231069.40868842,21.0932020339972,13807552.7527428
23.3,-33.5,0.0422322164266875,4231069.40868842,21.0932020339972,13807552.7527428
23.4,-33.5,0.0422322164266875,4231069.40868842,21.0932020339972,13807552.7527428
23.5,-33.5,0.0432296629830124,6121521.25326287,21.24689040942,20019764.812586
23.6,-33.5,0.0432296629830124,6121521.25326287,21.24689040942,20019764.812586
23.7,-33.5,0.0432296629830124,6121521.25326287,21.24689040942,20019764.812586
23.8,-33.5,0.0432296629830124,6121521.25326287,21.24689040942,20019764.812586
23.9,-33.5,0.0432296629830124,6121521.25326287,21.24689040942,20019764.812586
24,-33.5,0.0432296629830124,6121521.25326287,21.24689040942,20019764.812586
24.1,-33.5,0.0505632000274447,93285862.5653552,22.5250477866853,274419414.820823
24.2,-33.5,0.0505632000274447,93285862.5653552,22.5250477866853,274419414.820823
24.3,-33.5,0.0505632000274447,93285862.5653552,22.5250477866853,274419414.820823
24.4,-33.5,0.0505632000274447,93285862.5653552,22.5250477866853,274419414.820823
24.5,-33.5,0.0505632000274447,93285862.5653552,22.5250477866853,274419414.820823
24.6,-33.5,0.0505632000274447,93285862.5653552,22.5250477866853,274419414.820823
24.7,-33.5,0.0559688580210702,695680509.400922,23.476132798079,1975085409.66749
24.8,-33.5,0.0559688580210702,695680509.400922,23.476132798079,1975085409.66749
24.9,-33.5,0.0559688580210702,695680509.400922,23.476132798079,1975085409.66749
25,-33.5,0.0559688580210702,695680509.400922,23.476132798079,1975085409.66749
25.1,-33.5,0.0559688580210702,695680509.400922,23.476132798079,1975085409.66749
25.2,-33.5,0.0559688580210702,695680509.400922,23.476132798079,1975085409.66749
25.3,-33.5,0.0559688580210702,695680509.400922,23.476132798079,1975085409.66749
25.4,-33.5,0.0617749129819064,6049547201.19567,24.6426168103422,16739142845.3472
25.5,-33.5,0.0617749129819064,6049547201.19567,24.6426168103422,16739142845.3472
25.6,-33.5,0.0617749129819064,6049547201.19567,24.6426168103422,16739142845.3472
25.7,-33.5,0.0617749129819064,6049547201.19567,24.6426168103422,16739142845.3472
25.8,-33.5,0.0617749129819064,6049547201.19567,24.6426168103422,16739142845.3472
25.9,-33.5,0.0617749129819064,6049547201.19567,24.6426168103422,16739142845.3472
26,-33.5,0.0549095747261799,463305841.940302,23.0140272346324,1445586263.75706
26.1,-33.5,0.0549095747261799,463305841.940302,23.0140272346324,1445586263.75706
26.2,-33.5,0.0549095747261799,463305841.940302,23.0140272346324,1445586263.75706
26.3,-33.5,0.0549095747261799,463305841.940302,23.0140272346324,1445586263.75706
26.4,-33.5,0.0549095747261799,463305841.940302,23.0140272346324,1445586263.75706
26.5,-33.5,0.0549095747261799,463305841.940302,23.0140272346324,1445586263.75706
26.6,-33.5,0.0556895282069005,615443937.905262,23.0454965383275,2087167071.14381
26.7,-33.5,0.0556895282069005,615443937.905262,23.0454965383275,2087167071.14381
26.8,-33.5,0.0556895282069005,615443937.905262,23.0454965383275,2087167071.14381
26.9,-33.5,0.0556895282069005,615443937.905262,23.0454965383275,2087167071.14381
27,-33.5,0.0556895282069005,615443937.905262,23.0454965383275,2087167071.14381
27.1,-33.5,0.0556895282069005,615443937.905262,23.0454965383275,2087167071.14381
18.3,-33.4,0.026461557866324,12355.3072035421,18.6868371904646,110648.911020378
18.4,-33.4,0.026461557866324,12355.3072035421,18.6868371904646,110648.911020378
18.5,-33.4,0.0464973890642784,20656287.7666585,21.8727050362502,64008813.6329476
18.6,-33.4,0.0464973890642784,20656287.7666585,21.8727050362502,64008813.6329476
18.7,-33.4,0.0464973890642784,20656287.7666585,21.8727050362502,64008813.6329476
18.8,-33.4,0.0464973890642784,20656287.7666585,21.8727050362502,64008813.6329476
18.9,-33.4,0.0464973890642784,20656287.7666585,21.8727050362502,64008813.6329476
19,-33.4,0.0464973890642784,20656287.7666585,21.8727050362502,64008813.6329476
19.1,-33.4,0.0380937481904854,914048.553011705,20.4248151540872,3298945.0053948
19.2,-33.4,0.0380937481904854,914048.553011705,20.4248151540872,3298945.0053948
19.3,-33.4,0.0380937481904854,914048.553011705,20.4248151540872,3298945.0053948
19.4,-33.4,0.0380937481904854,914048.553011705,20.4248151540872,3298945.0053948
19.5,-33.4,0.0380937481904854,914048.553011705,20.4248151540872,3298945.0053948
19.6,-33.4,0.0380937481904854,914048.553011705,20.4248151540872,3298945.0053948
19.7,-33.4,0.0344650895680712,238750.997360945,19.8085502389906,942010.056323213
19.8,-33.4,0.0344650895680712,238750.997360945,19.8085502389906,942010.056323213
19.9,-33.4,0.0344650895680712,238750.997360945,19.8085502389906,942010.056323213
20,-33.4,0.0344650895680712,238750.997360945,19.8085502389906,942010.056323213
20.1,-33.4,0.0344650895680712,238750.997360945,19.8085502389906,942010.056323213
20.2,-33.4,0.0344650895680712,238750.997360945,19.8085502389906,942010.056323213
20.3,-33.4,0.0344650895680712,238750.997360945,19.8085502389906,942010.056323213
20.4,-33.4,0.0443861721983588,9428096.05769165,21.5043158018571,28794043.1277912
20.5,-33.4,0.0443861721983588,9428096.05769165,21.5043158018571,28794043.1277912
20.6,-33.4,0.0443861721983588,9428096.05769165,21.5043158018571,28794043.1277912
20.7,-33.4,0.0443861721983588,9428096.05769165,21.5043158018571,28794043.1277912
20.8,-33.4,0.0443861721983588,9428096.05769165,21.5043158018571,28794043.1277912
20.9,-33.4,0.0443861721983588,9428096.05769165,21.5043158018571,28794043.1277912
21,-33.4,0.0494188747638441,61166168.5608332,22.3895001685523,174095522.981932
21.1,-33.4,0.0494188747638441,61166168.5608332,22.3895001685523,174095522.981932
21.2,-33.4,0.0494188747638441,61166168.5608332,22.3895001685523,174095522.981932
21.3,-33.4,0.0494188747638441,61166168.5608332,22.3895001685523,174095522.981932
21.4,-33.4,0.0494188747638441,61166168.5608332,22.3895001685523,174095522.981932
21.5,-33.4,0.0494188747638441,61166168.5608332,22.3895001685523,174095522.981932
21.6,-33.4,0.0506998154197818,98492163.1800955,22.6276092704737,275695412.811343
21.7,-33.4,0.0506998154197818,98492163.1800955,22.6276092704737,275695412.811343
21.8,-33.4,0.0506998154197818,98492163.1800955,22.6276092704737,275695412.811343
21.9,-33.4,0.0506998154197818,98492163.1800955,22.6276092704737,275695412.811343
22,-33.4,0.0506998154197818,98492163.1800955,22.6276092704737,275695412.811343
22.1,-33.4,0.0506998154197818,98492163.1800955,22.6276092704737,275695412.811343
22.2,-33.4,0.0461846109255376,18329380.9635261,21.7591008932509,56215305.5135542
22.3,-33.4,0.0461846109255376,18329380.9635261,21.7591008932509,56215305.5135542
22.4,-33.4,0.0461846109255376,18329380.9635261,21.7591008932509,56215305.5135542
22.5,-33.4,0.0461846109255376,18329380.9635261,21.7591008932509,56215305.5135542
22.6,-33.4,0.0462854312572337,19028959.146349,21.7769475091662,58261521.7189362
22.7,-33.4,0.0462854312572337,19028959.146349,21.7769475091662,58261521.7189362
22.8,-33.4,0.0462854312572337,19028959.146349,21.7769475091662,58261521.7189362
22.9,-33.4,0.0422322164266875,4231069.40868842,21.0932020339972,13807552.7527428
23,-33.4,0.0422322164266875,4231069.40868842,21.0932020339972,13807552.7527428
23.1,-33.4,0.0422322164266875,4231069.40868842,21.0932020339972,13807552.7527428
23.2,-33.4,0.0422322164266875,4231069.40868842,21.0932020339972,13807552.7527428
23.3,-33.4,0.0422322164266875,4231069.40868842,21.0932020339972,13807552.7527428
23.4,-33.4,0.0422322164266875,4231069.40868842,21.0932020339972,13807552.7527428
23.5,-33.4,0.0432296629830124,6121521.25326287,21.24689040942,20019764.812586
23.6,-33.4,0.0432296629830124,6121521.25326287,21.24689040942,20019764.812586
23.7,-33.4,0.0432296629830124,6121521.25326287,21.24689040942,20019764.812586
23.8,-33.4,0.0432296629830124,6121521.25326287,21.24689040942,20019764.812586
23.9,-33.4,0.0432296629830124,6121521.25326287,21.24689040942,20019764.812586
24,-33.4,0.0432296629830124,6121521.25326287,21.24689040942,20019764.812586
24.1,-33.4,0.0505632000274447,93285862.5653552,22.5250477866853,274419414.820823
24.2,-33.4,0.0505632000274447,93285862.5653552,22.5250477866853,274419414.820823
24.3,-33.4,0.0505632000274447,93285862.5653552,22.5250477866853,274419414.820823
24.4,-33.4,0.0505632000274447,93285862.5653552,22.5250477866853,274419414.820823
24.5,-33.4,0.0505632000274447,93285862.5653552,22.5250477866853,274419414.820823
24.6,-33.4,0.0505632000274447,93285862.5653552,22.5250477866853,274419414.820823
24.7,-33.4,0.0559688580210702,695680509.400922,23.476132798079,1975085409.66749
24.8,-33.4,0.0559688580210702,695680509.400922,23.476132798079,1975085409.66749
24.9,-33.4,0.0559688580210702,695680509.400922,23.476132798079,1975085409.66749
25,-33.4,0.0559688580210702,695680509.400922,23.476132798079,1975085409.66749
25.1,-33.4,0.0559688580210702,695680509.400922,23.476132798079,1975085409.66749
25.2,-33.4,0.0559688580210702,695680509.400922,23.476132798079,1975085409.66749
25.3,-33.4,0.0559688580210702,695680509.400922,23.476132798079,1975085409.66749
25.4,-33.4,0.0617749129819064,6049547201.19567,24.6426168103422,16739142845.3472
25.5,-33.4,0.0617749129819064,6049547201.19567,24.6426168103422,16739142845.3472
25.6,-33.4,0.0617749129819064,6049547201.19567,24.6426168103422,16739142845.3472
25.7,-33.4,0.0617749129819064,6049547201.19567,24.6426168103422,16739142845.3472
25.8,-33.4,0.0617749129819064,6049547201.19567,24.6426168103422,16739142845.3472
25.9,-33.4,0.0617749129819064,6049547201.19567,24.6426168103422,16739142845.3472
26,-33.4,0.0549095747261799,463305841.940302,23.0140272346324,1445586263.75706
26.1,-33.4,0.0549095747261799,463305841.940302,23.0140272346324,1445586263.75706
26.2,-33.4,0.0549095747261799,463305841.940302,23.0140272346324,1445586263.75706
26.3,-33.4,0.0549095747261799,463305841.940302,23.0140272346324,1445586263.75706
26.4,-33.4,0.0549095747261799,463305841.940302,23.0140272346324,1445586263.75706
26.5,-33.4,0.0549095747261799,463305841.940302,23.0140272346324,1445586263.75706
26.6,-33.4,0.0556895282069005,615443937.905262,23.0454965383275,2087167071.14381
26.7,-33.4,0.0556895282069005,615443937.905262,23.0454965383275,2087167071.14381
26.8,-33.4,0.0556895282069005,615443937.905262,23.0454965383275,2087167071.14381
26.9,-33.4,0.0556895282069005,615443937.905262,23.0454965383275,2087167071.14381
27,-33.4,0.0556895282069005,615443937.905262,23.0454965383275,2087167071.14381
27.1,-33.4,0.0556895282069005,615443937.905262,23.0454965383275,2087167071.14381
27.2,-33.4,0.0490479915626913,51921706.9636822,21.9103986285708,253728802.330249
18.2,-33.3,0.026461557866324,12355.3072035421,18.6868371904646,110648.911020378
18.3,-33.3,0.026461557866324,12355.3072035421,18.6868371904646,110648.911020378
18.4,-33.3,0.026461557866324,12355.3072035421,18.6868371904646,110648.911020378
18.5,-33.3,0.0464973890642784,20656287.7666585,21.8727050362502,64008813.6329476
18.6,-33.3,0.0464973890642784,20656287.7666585,21.8727050362502,64008813.6329476
18.7,-33.3,0.0464973890642784,20656287.7666585,21.8727050362502,64008813.6329476
18.8,-33.3,0.0464973890642784,20656287.7666585,21.8727050362502,64008813.6329476
18.9,-33.3,0.0464973890642784,20656287.7666585,21.8727050362502,64008813.6329476
19,-33.3,0.0464973890642784,20656287.7666585,21.8727050362502,64008813.6329476
19.1,-33.3,0.0380937481904854,914048.553011705,20.4248151540872,3298945.0053948
19.2,-33.3,0.0380937481904854,914048.553011705,20.4248151540872,3298945.0053948
19.3,-33.3,0.0380937481904854,914048.553011705,20.4248151540872,3298945.0053948
19.4,-33.3,0.0380937481904854,914048.553011705,20.4248151540872,3298945.0053948
19.5,-33.3,0.0380937481904854,914048.553011705,20.4248151540872,3298945.0053948
19.6,-33.3,0.0380937481904854,914048.553011705,20.4248151540872,3298945.0053948
19.7,-33.3,0.0344650895680712,238750.997360945,19.8085502389906,942010.056323213
19.8,-33.3,0.0344650895680712,238750.997360945,19.8085502389906,942010.056323213
19.9,-33.3,0.0344650895680712,238750.997360945,19.8085502389906,942010.056323213
20,-33.3,0.0344650895680712,238750.997360945,19.8085502389906,942010.056323213
20.1,-33.3,0.0344650895680712,238750.997360945,19.8085502389906,942010.056323213
20.2,-33.3,0.0344650895680712,238750.997360945,19.8085502389906,942010.056323213
20.3,-33.3,0.0344650895680712,238750.997360945,19.8085502389906,942010.056323213
20.4,-33.3,0.0443861721983588,9428096.05769165,21.5043158018571,28794043.1277912
20.5,-33.3,0.0443861721983588,9428096.05769165,21.5043158018571,28794043.1277912
20.6,-33.3,0.0443861721983588,9428096.05769165,21.5043158018571,28794043.1277912
20.7,-33.3,0.0443861721983588,9428096.05769165,21.5043158018571,28794043.1277912
20.8,-33.3,0.0443861721983588,9428096.05769165,21.5043158018571,28794043.1277912
20.9,-33.3,0.0443861721983588,9428096.05769165,21.5043158018571,28794043.1277912
21,-33.3,0.0494188747638441,61166168.5608332,22.3895001685523,174095522.981932
21.1,-33.3,0.0494188747638441,61166168.5608332,22.3895001685523,174095522.981932
21.2,-33.3,0.0494188747638441,61166168.5608332,22.3895001685523,174095522.981932
21.3,-33.3,0.0494188747638441,61166168.5608332,22.3895001685523,174095522.981932
21.4,-33.3,0.0494188747638441,61166168.5608332,22.3895001685523,174095522.981932
21.5,-33.3,0.0494188747638441,61166168.5608332,22.3895001685523,174095522.981932
21.6,-33.3,0.0506998154197818,98492163.1800955,22.6276092704737,275695412.811343
21.7,-33.3,0.0506998154197818,98492163.1800955,22.6276092704737,275695412.811343
21.8,-33.3,0.0506998154197818,98492163.1800955,22.6276092704737,275695412.811343
21.9,-33.3,0.0506998154197818,98492163.1800955,22.6276092704737,275695412.811343
22,-33.3,0.0506998154197818,98492163.1800955,22.6276092704737,275695412.811343
22.1,-33.3,0.0506998154197818,98492163.1800955,22.6276092704737,275695412.811343
22.2,-33.3,0.0461846109255376,18329380.9635261,21.7591008932509,56215305.5135542
22.3,-33.3,0.0461846109255376,18329380.9635261,21.7591008932509,56215305.5135542
22.4,-33.3,0.0461846109255376,18329380.9635261,21.7591008932509,56215305.5135542
22.5,-33.3,0.0461846109255376,18329380.9635261,21.7591008932509,56215305.5135542
22.6,-33.3,0.0462854312572337,19028959.146349,21.7769475091662,58261521.7189362
22.7,-33.3,0.0462854312572337,19028959.146349,21.7769475091662,58261521.7189362
22.8,-33.3,0.0462854312572337,19028959.146349,21.7769475091662,58261521.7189362
22.9,-33.3,0.0422322164266875,4231069.40868842,21.0932020339972,13807552.7527428
23,-33.3,0.0422322164266875,4231069.40868842,21.0932020339972,13807552.7527428
23.1,-33.3,0.0422322164266875,4231069.40868842,21.0932020339972,13807552.7527428
23.2,-33.3,0.0422322164266875,4231069.40868842,21.0932020339972,13807552.7527428
23.3,-33.3,0.0422322164266875,4231069.40868842,21.0932020339972,13807552.7527428
23.4,-33.3,0.0422322164266875,4231069.40868842,21.0932020339972,13807552.7527428
23.5,-33.3,0.0432296629830124,6121521.25326287,21.24689040942,20019764.812586
23.6,-33.3,0.0432296629830124,6121521.25326287,21.24689040942,20019764.812586
23.7,-33.3,0.0432296629830124,6121521.25326287,21.24689040942,20019764.812586
23.8,-33.3,0.0432296629830124,6121521.25326287,21.24689040942,20019764.812586
23.9,-33.3,0.0432296629830124,6121521.25326287,21.24689040942,20019764.812586
24,-33.3,0.0432296629830124,6121521.25326287,21.24689040942,20019764.812586
24.1,-33.3,0.0505632000274447,93285862.5653552,22.5250477866853,274419414.820823
24.2,-33.3,0.0505632000274447,93285862.5653552,22.5250477866853,274419414.820823
24.3,-33.3,0.0505632000274447,93285862.5653552,22.5250477866853,274419414.820823
24.4,-33.3,0.0505632000274447,93285862.5653552,22.5250477866853,274419414.820823
24.5,-33.3,0.0505632000274447,93285862.5653552,22.5250477866853,274419414.820823
24.6,-33.3,0.0505632000274447,93285862.5653552,22.5250477866853,274419414.820823
24.7,-33.3,0.0559688580210702,695680509.400922,23.476132798079,1975085409.66749
24.8,-33.3,0.0559688580210702,695680509.400922,23.476132798079,1975085409.66749
24.9,-33.3,0.0559688580210702,695680509.400922,23.476132798079,1975085409.66749
25,-33.3,0.0559688580210702,695680509.400922,23.476132798079,1975085409.66749
25.1,-33.3,0.0559688580210702,695680509.400922,23.476132798079,1975085409.66749
25.2,-33.3,0.0559688580210702,695680509.400922,23.476132798079,1975085409.66749
25.3,-33.3,0.0559688580210702,695680509.400922,23.476132798079,1975085409.66749
25.4,-33.3,0.0617749129819064,6049547201.19567,24.6426168103422,16739142845.3472
25.5,-33.3,0.0617749129819064,6049547201.19567,24.6426168103422,16739142845.3472
25.6,-33.3,0.0617749129819064,6049547201.19567,24.6426168103422,16739142845.3472
25.7,-33.3,0.0617749129819064,6049547201.19567,24.6426168103422,16739142845.3472
25.8,-33.3,0.0617749129819064,6049547201.19567,24.6426168103422,16739142845.3472
25.9,-33.3,0.0617749129819064,6049547201.19567,24.6426168103422,16739142845.3472
26,-33.3,0.0549095747261799,463305841.940302,23.0140272346324,1445586263.75706
26.1,-33.3,0.0549095747261799,463305841.940302,23.0140272346324,1445586263.75706
26.2,-33.3,0.0549095747261799,463305841.940302,23.0140272346324,1445586263.75706
26.3,-33.3,0.0549095747261799,463305841.940302,23.0140272346324,1445586263.75706
26.4,-33.3,0.0549095747261799,463305841.940302,23.0140272346324,1445586263.75706
26.5,-33.3,0.0549095747261799,463305841.940302,23.0140272346324,1445586263.75706
26.6,-33.3,0.0556895282069005,615443937.905262,23.0454965383275,2087167071.14381
26.7,-33.3,0.0556895282069005,615443937.905262,23.0454965383275,2087167071.14381
26.8,-33.3,0.0556895282069005,615443937.905262,23.0454965383275,2087167071.14381
26.9,-33.3,0.0556895282069005,615443937.905262,23.0454965383275,2087167071.14381
27,-33.3,0.0556895282069005,615443937.905262,23.0454965383275,2087167071.14381
27.1,-33.3,0.0556895282069005,615443937.905262,23.0454965383275,2087167071.14381
27.2,-33.3,0.0490479915626913,51921706.9636822,21.9103986285708,253728802.330249
27.3,-33.3,0.0490479915626913,51921706.9636822,21.9103986285708,253728802.330249
27.4,-33.3,0.0490479915626913,51921706.9636822,21.9103986285708,253728802.330249
18.1,-33.2,0.0377508435076749,798140.697744576,20.2848363776675,3870489.40572041
18.2,-33.2,0.0377508435076749,798140.697744576,20.2848363776675,3870489.40572041
18.3,-33.2,0.0377508435076749,798140.697744576,20.2848363776675,3870489.40572041
18.4,-33.2,0.0377508435076749,798140.697744576,20.2848363776675,3870489.40572041
18.5,-33.2,0.051175481093822,118201160.417671,22.8391834770088,327342880.774823
18.6,-33.2,0.051175481093822,118201160.417671,22.8391834770088,327342880.774823
18.7,-33.2,0.051175481093822,118201160.417671,22.8391834770088,327342880.774823
18.8,-33.2,0.051175481093822,118201160.417671,22.8391834770088,327342880.774823
18.9,-33.2,0.051175481093822,118201160.417671,22.8391834770088,327342880.774823
19,-33.2,0.051175481093822,118201160.417671,22.8391834770088,327342880.774823
19.1,-33.2,0.0339709827255025,198723.340518636,19.7154040801148,824137.07902323
19.2,-33.2,0.0339709827255025,198723.340518636,19.7154040801148,824137.07902323
19.3,-33.2,0.0339709827255025,198723.340518636,19.7154040801148,824137.07902323
19.4,-33.2,0.0339709827255025,198723.340518636,19.7154040801148,824137.07902323
19.5,-33.2,0.0339709827255025,198723.340518636,19.7154040801148,824137.07902323
19.6,-33.2,0.0339709827255025,198723.340518636,19.7154040801148,824137.07902323
19.7,-33.2,0.0434274248781528,6641269.91899777,21.4612070198419,19713572.3700133
19.8,-33.2,0.0434274248781528,6641269.91899777,21.4612070198419,19713572.3700133
19.9,-33.2,0.0434274248781528,6641269.91899777,21.4612070198419,19713572.3700133
20,-33.2,0.0434274248781528,6641269.91899777,21.4612070198419,19713572.3700133
20.1,-33.2,0.0434274248781528,6641269.91899777,21.4612070198419,19713572.3700133
20.2,-33.2,0.0434274248781528,6641269.91899777,21.4612070198419,19713572.3700133
20.3,-33.2,0.0434274248781528,6641269.91899777,21.4612070198419,19713572.3700133
20.4,-33.2,0.0408992855908648,2586051.81260684,20.9100578708072,8278122.81773867
20.5,-33.2,0.0408992855908648,2586051.81260684,20.9100578708072,8278122.81773867
20.6,-33.2,0.0408992855908648,2586051.81260684,20.9100578708072,8278122.81773867
20.7,-33.2,0.0408992855908648,2586051.81260684,20.9100578708072,8278122.81773867
20.8,-33.2,0.0408992855908648,2586051.81260684,20.9100578708072,8278122.81773867
20.9,-33.2,0.0408992855908648,2586051.81260684,20.9100578708072,8278122.81773867
21,-33.2,0.0502209838871861,82601161.3136717,22.5876815146345,228931606.756047
21.1,-33.2,0.0502209838871861,82601161.3136717,22.5876815146345,228931606.756047
21.2,-33.2,0.0502209838871861,82601161.3136717,22.5876815146345,228931606.756047
21.3,-33.2,0.0502209838871861,82601161.3136717,22.5876815146345,228931606.756047
21.4,-33.2,0.0502209838871861,82601161.3136717,22.5876815146345,228931606.756047
21.5,-33.2,0.0502209838871861,82601161.3136717,22.5876815146345,228931606.756047
21.6,-33.2,0.0566866203293573,928515001.0308,24.2066835126393,2615396815.36197
21.7,-33.2,0.0566866203293573,928515001.0308,24.2066835126393,2615396815.36197
21.8,-33.2,0.0566866203293573,928515001.0308,24.2066835126393,2615396815.36197
21.9,-33.2,0.0566866203293573,928515001.0308,24.2066835126393,2615396815.36197
22,-33.2,0.0566866203293573,928515001.0308,24.2066835126393,2615396815.36197
22.1,-33.2,0.0566866203293573,928515001.0308,24.2066835126393,2615396815.36197
22.2,-33.2,0.0481596106443109,38362217.2884768,22.2061004310199,107968714.651686
22.3,-33.2,0.0481596106443109,38362217.2884768,22.2061004310199,107968714.651686
22.4,-33.2,0.0481596106443109,38362217.2884768,22.2061004310199,107968714.651686
22.5,-33.2,0.0481596106443109,38362217.2884768,22.2061004310199,107968714.651686
22.6,-33.2,0.0482620772548441,39853899.0884291,22.2259176701365,112013389.324453
22.7,-33.2,0.0482620772548441,39853899.0884291,22.2259176701365,112013389.324453
22.8,-33.2,0.0482620772548441,39853899.0884291,22.2259176701365,112013389.324453
22.9,-33.2,0.0498528745771686,72058531.8096839,22.5299950444644,200180692.76315
23,-33.2,0.0498528745771686,72058531.8096839,22.5299950444644,200180692.76315
23.1,-33.2,0.0498528745771686,72058531.8096839,22.5299950444644,200180692.76315
23.2,-33.2,0.0498528745771686,72058531.8096839,22.5299950444644,200180692.76315
23.3,-33.2,0.0498528745771686,72058531.8096839,22.5299950444644,200180692.76315
23.4,-33.2,0.0498528745771686,72058531.8096839,22.5299950444644,200180692.76315
23.5,-33.2,0.0491789104652628,56041116.6710391,22.3809280524252,157960810.802715
23.6,-33.2,0.0491789104652628,56041116.6710391,22.3809280524252,157960810.802715
23.7,-33.2,0.0491789104652628,56041116.6710391,22.3809280524252,157960810.802715
23.8,-33.2,0.0491789104652628,56041116.6710391,22.3809280524252,157960810.802715
23.9,-33.2,0.0491789104652628,56041116.6710391,22.3809280524252,157960810.802715
24,-33.2,0.0491789104652628,56041116.6710391,22.3809280524252,157960810.802715
24.1,-33.2,0.0554233308192702,573430210.258048,23.6076603222785,1604230403.95511
24.2,-33.2,0.0554233308192702,573430210.258048,23.6076603222785,1604230403.95511
24.3,-33.2,0.0554233308192702,573430210.258048,23.6076603222785,1604230403.95511
24.4,-33.2,0.0554233308192702,573430210.258048,23.6076603222785,1604230403.95511
24.5,-33.2,0.0554233308192702,573430210.258048,23.6076603222785,1604230403.95511
24.6,-33.2,0.0554233308192702,573430210.258048,23.6076603222785,1604230403.95511
24.7,-33.2,0.0582131510048165,1618198005.61365,24.1252675399927,4546646600.86139
24.8,-33.2,0.0582131510048165,1618198005.61365,24.1252675399927,4546646600.86139
24.9,-33.2,0.0582131510048165,1618198005.61365,24.1252675399927,4546646600.86139
25,-33.2,0.0582131510048165,1618198005.61365,24.1252675399927,4546646600.86139
25.1,-33.2,0.0582131510048165,1618198005.61365,24.1252675399927,4546646600.86139
25.2,-33.2,0.0582131510048165,1618198005.61365,24.1252675399927,4546646600.86139
25.3,-33.2,0.0582131510048165,1618198005.61365,24.1252675399927,4546646600.86139
25.4,-33.2,0.0543931582217824,387890872.653923,23.2301811714579,1099182452.14519
25.5,-33.2,0.0543931582217824,387890872.653923,23.2301811714579,1099182452.14519
25.6,-33.2,0.0543931582217824,387890872.653923,23.2301811714579,1099182452.14519
25.7,-33.2,0.0543931582217824,387890872.653923,23.2301811714579,1099182452.14519
25.8,-33.2,0.0543931582217824,387890872.653923,23.2301811714579,1099182452.14519
25.9,-33.2,0.0543931582217824,387890872.653923,23.2301811714579,1099182452.14519
26,-33.2,0.0574736841514001,1218223604.83874,23.7492562321456,3442539833.0598
26.1,-33.2,0.0574736841514001,1218223604.83874,23.7492562321456,3442539833.0598
26.2,-33.2,0.0574736841514001,1218223604.83874,23.7492562321456,3442539833.0598
26.3,-33.2,0.0574736841514001,1218223604.83874,23.7492562321456,3442539833.0598
26.4,-33.2,0.0574736841514001,1218223604.83874,23.7492562321456,3442539833.0598
26.5,-33.2,0.0574736841514001,1218223604.83874,23.7492562321456,3442539833.0598
26.6,-33.2,0.0563325979464461,791293092.192914,23.3549405860825,2291868175.23237
26.7,-33.2,0.0563325979464461,791293092.192914,23.3549405860825,2291868175.23237
26.8,-33.2,0.0563325979464461,791293092.192914,23.3549405860825,2291868175.23237
26.9,-33.2,0.0563325979464461,791293092.192914,23.3549405860825,2291868175.23237
27,-33.2,0.0563325979464461,791293092.192914,23.3549405860825,2291868175.23237
27.1,-33.2,0.0563325979464461,791293092.192914,23.3549405860825,2291868175.23237
27.2,-33.2,0.0557415288992716,628946711.682674,23.0703837596365,2049000164.63658
27.3,-33.2,0.0557415288992716,628946711.682674,23.0703837596365,2049000164.63658
27.4,-33.2,0.0557415288992716,628946711.682674,23.0703837596365,2049000164.63658
27.5,-33.2,0.0557415288992716,628946711.682674,23.0703837596365,2049000164.63658
27.6,-33.2,0.0557415288992716,628946711.682674,23.0703837596365,2049000164.63658
18,-33.1,0.0377508435076749,798140.697744576,20.2848363776675,3870489.40572041
18.1,-33.1,0.0377508435076749,798140.697744576,20.2848363776675,3870489.40572041
18.2,-33.1,0.0377508435076749,798140.697744576,20.2848363776675,3870489.40572041
18.3,-33.1,0.0377508435076749,798140.697744576,20.2848363776675,3870489.40572041
18.4,-33.1,0.0377508435076749,798140.697744576,20.2848363776675,3870489.40572041
18.5,-33.1,0.051175481093822,118201160.417671,22.8391834770088,327342880.774823
18.6,-33.1,0.051175481093822,118201160.417671,22.8391834770088,327342880.774823
18.7,-33.1,0.051175481093822,118201160.417671,22.8391834770088,327342880.774823
18.8,-33.1,0.051175481093822,118201160.417671,22.8391834770088,327342880.774823
18.9,-33.1,0.051175481093822,118201160.417671,22.8391834770088,327342880.774823
19,-33.1,0.051175481093822,118201160.417671,22.8391834770088,327342880.774823
19.1,-33.1,0.0339709827255025,198723.340518636,19.7154040801148,824137.07902323
19.2,-33.1,0.0339709827255025,198723.340518636,19.7154040801148,824137.07902323
19.3,-33.1,0.0339709827255025,198723.340518636,19.7154040801148,824137.07902323
19.4,-33.1,0.0339709827255025,198723.340518636,19.7154040801148,824137.07902323
19.5,-33.1,0.0339709827255025,198723.340518636,19.7154040801148,824137.07902323
19.6,-33.1,0.0339709827255025,198723.340518636,19.7154040801148,824137.07902323
19.7,-33.1,0.0434274248781528,6641269.91899777,21.4612070198419,19713572.3700133
19.8,-33.1,0.0434274248781528,6641269.91899777,21.4612070198419,19713572.3700133
19.9,-33.1,0.0434274248781528,6641269.91899777,21.4612070198419,19713572.3700133
20,-33.1,0.0434274248781528,6641269.91899777,21.4612070198419,19713572.3700133
20.1,-33.1,0.0434274248781528,6641269.91899777,21.4612070198419,19713572.3700133
20.2,-33.1,0.0434274248781528,6641269.91899777,21.4612070198419,19713572.3700133
20.3,-33.1,0.0434274248781528,6641269.91899777,21.4612070198419,19713572.3700133
20.4,-33.1,0.0408992855908648,2586051.81260684,20.9100578708072,8278122.81773867
20.5,-33.1,0.0408992855908648,2586051.81260684,20.9100578708072,8278122.81773867
20.6,-33.1,0.0408992855908648,2586051.81260684,20.9100578708072,8278122.81773867
20.7,-33.1,0.0408992855908648,2586051.81260684,20.9100578708072,8278122.81773867
20.8,-33.1,0.0408992855908648,2586051.81260684,20.9100578708072,8278122.81773867
20.9,-33.1,0.0408992855908648,2586051.81260684,20.9100578708072,8278122.81773867
21,-33.1,0.0502209838871861,82601161.3136717,22.5876815146345,228931606.756047
21.1,-33.1,0.0502209838871861,82601161.3136717,22.5876815146345,228931606.756047
21.2,-33.1,0.0502209838871861,82601161.3136717,22.5876815146345,228931606.756047
21.3,-33.1,0.0502209838871861,82601161.3136717,22.5876815146345,228931606.756047
21.4,-33.1,0.0502209838871861,82601161.3136717,22.5876815146345,228931606.756047
21.5,-33.1,0.0502209838871861,82601161.3136717,22.5876815146345,228931606.756047
21.6,-33.1,0.0566866203293573,928515001.0308,24.2066835126393,2615396815.36197
21.7,-33.1,0.0566866203293573,928515001.0308,24.2066835126393,2615396815.36197
21.8,-33.1,0.0566866203293573,928515001.0308,24.2066835126393,2615396815.36197
21.9,-33.1,0.0566866203293573,928515001.0308,24.2066835126393,2615396815.36197
22,-33.1,0.0566866203293573,928515001.0308,24.2066835126393,2615396815.36197
22.1,-33.1,0.0566866203293573,928515001.0308,24.2066835126393,2615396815.36197
22.2,-33.1,0.0481596106443109,38362217.2884768,22.2061004310199,107968714.651686
22.3,-33.1,0.0481596106443109,38362217.2884768,22.2061004310199,107968714.651686
22.4,-33.1,0.0481596106443109,38362217.2884768,22.2061004310199,107968714.651686
22.5,-33.1,0.0481596106443109,38362217.2884768,22.2061004310199,107968714.651686
22.6,-33.1,0.0482620772548441,39853899.0884291,22.2259176701365,112013389.324453
22.7,-33.1,0.0482620772548441,39853899.0884291,22.2259176701365,112013389.324453
22.8,-33.1,0.0482620772548441,39853899.0884291,22.2259176701365,112013389.324453
22.9,-33.1,0.0498528745771686,72058531.8096839,22.5299950444644,200180692.76315
23,-33.1,0.0498528745771686,72058531.8096839,22.5299950444644,200180692.76315
23.1,-33.1,0.0498528745771686,72058531.8096839,22.5299950444644,200180692.76315
23.2,-33.1,0.0498528745771686,72058531.8096839,22.5299950444644,200180692.76315
23.3,-33.1,0.0498528745771686,72058531.8096839,22.5299950444644,200180692.76315
23.4,-33.1,0.0498528745771686,72058531.8096839,22.5299950444644,200180692.76315
23.5,-33.1,0.0491789104652628,56041116.6710391,22.3809280524252,157960810.802715
23.6,-33.1,0.0491789104652628,56041116.6710391,22.3809280524252,157960810.802715
23.7,-33.1,0.0491789104652628,56041116.6710391,22.3809280524252,157960810.802715
23.8,-33.1,0.0491789104652628,56041116.6710391,22.3809280524252,157960810.802715
23.9,-33.1,0.0491789104652628,56041116.6710391,22.3809280524252,157960810.802715
24,-33.1,0.0491789104652628,56041116.6710391,22.3809280524252,157960810.802715
24.1,-33.1,0.0554233308192702,573430210.258048,23.6076603222785,1604230403.95511
24.2,-33.1,0.0554233308192702,573430210.258048,23.6076603222785,1604230403.95511
24.3,-33.1,0.0554233308192702,573430210.258048,23.6076603222785,1604230403.95511
24.4,-33.1,0.0554233308192702,573430210.258048,23.6076603222785,1604230403.95511
24.5,-33.1,0.0554233308192702,573430210.258048,23.6076603222785,1604230403.95511
24.6,-33.1,0.0554233308192702,573430210.258048,23.6076603222785,1604230403.95511
24.7,-33.1,0.0582131510048165,1618198005.61365,24.1252675399927,4546646600.86139
24.8,-33.1,0.0582131510048165,1618198005.61365,24.1252675399927,4546646600.86139
24.9,-33.1,0.0582131510048165,1618198005.61365,24.1252675399927,4546646600.86139
25,-33.1,0.0582131510048165,1618198005.61365,24.1252675399927,4546646600.86139
25.1,-33.1,0.0582131510048165,1618198005.61365,24.1252675399927,4546646600.86139
25.2,-33.1,0.0582131510048165,1618198005.61365,24.1252675399927,4546646600.86139
25.3,-33.1,0.0582131510048165,1618198005.61365,24.1252675399927,4546646600.86139
25.4,-33.1,0.0543931582217824,387890872.653923,23.2301811714579,1099182452.14519
25.5,-33.1,0.0543931582217824,387890872.653923,23.2301811714579,1099182452.14519
25.6,-33.1,0.0543931582217824,387890872.653923,23.2301811714579,1099182452.14519
25.7,-33.1,0.0543931582217824,387890872.653923,23.2301811714579,1099182452.14519
25.8,-33.1,0.0543931582217824,387890872.653923,23.2301811714579,1099182452.14519
25.9,-33.1,0.0543931582217824,387890872.653923,23.2301811714579,1099182452.14519
26,-33.1,0.0574736841514001,1218223604.83874,23.7492562321456,3442539833.0598
26.1,-33.1,0.0574736841514001,1218223604.83874,23.7492562321456,3442539833.0598
26.2,-33.1,0.0574736841514001,1218223604.83874,23.7492562321456,3442539833.0598
26.3,-33.1,0.0574736841514001,1218223604.83874,23.7492562321456,3442539833.0598
26.4,-33.1,0.0574736841514001,1218223604.83874,23.7492562321456,3442539833.0598
26.5,-33.1,0.0574736841514001,1218223604.83874,23.7492562321456,3442539833.0598
26.6,-33.1,0.0563325979464461,791293092.192914,23.3549405860825,2291868175.23237
26.7,-33.1,0.0563325979464461,791293092.192914,23.3549405860825,2291868175.23237
26.8,-33.1,0.0563325979464461,791293092.192914,23.3549405860825,2291868175.23237
26.9,-33.1,0.0563325979464461,791293092.192914,23.3549405860825,2291868175.23237
27,-33.1,0.0563325979464461,791293092.192914,23.3549405860825,2291868175.23237
27.1,-33.1,0.0563325979464461,791293092.192914,23.3549405860825,2291868175.23237
27.2,-33.1,0.0557415288992716,628946711.682674,23.0703837596365,2049000164.63658
27.3,-33.1,0.0557415288992716,628946711.682674,23.0703837596365,2049000164.63658
27.4,-33.1,0.0557415288992716,628946711.682674,23.0703837596365,2049000164.63658
27.5,-33.1,0.0557415288992716,628946711.682674,23.0703837596365,2049000164.63658
27.6,-33.1,0.0557415288992716,628946711.682674,23.0703837596365,2049000164.63658
27.7,-33.1,0.0557415288992716,628946711.682674,23.0703837596365,2049000164.63658
18,-33,0.0377508435076749,798140.697744576,20.2848363776675,3870489.40572041
18.1,-33,0.0377508435076749,798140.697744576,20.2848363776675,3870489.40572041
18.2,-33,0.0377508435076749,798140.697744576,20.2848363776675,3870489.40572041
18.3,-33,0.0377508435076749,798140.697744576,20.2848363776675,3870489.40572041
18.4,-33,0.0377508435076749,798140.697744576,20.2848363776675,3870489.40572041
18.5,-33,0.051175481093822,118201160.417671,22.8391834770088,327342880.774823
18.6,-33,0.051175481093822,118201160.417671,22.8391834770088,327342880.774823
18.7,-33,0.051175481093822,118201160.417671,22.8391834770088,327342880.774823
18.8,-33,0.051175481093822,118201160.417671,22.8391834770088,327342880.774823
18.9,-33,0.051175481093822,118201160.417671,22.8391834770088,327342880.774823
19,-33,0.051175481093822,118201160.417671,22.8391834770088,327342880.774823
19.1,-33,0.0339709827255025,198723.340518636,19.7154040801148,824137.07902323
19.2,-33,0.0339709827255025,198723.340518636,19.7154040801148,824137.07902323
19.3,-33,0.0339709827255025,198723.340518636,19.7154040801148,824137.07902323
19.4,-33,0.0339709827255025,198723.340518636,19.7154040801148,824137.07902323
19.5,-33,0.0339709827255025,198723.340518636,19.7154040801148,824137.07902323
19.6,-33,0.0339709827255025,198723.340518636,19.7154040801148,824137.07902323
19.7,-33,0.0434274248781528,6641269.91899777,21.4612070198419,19713572.3700133
19.8,-33,0.0434274248781528,6641269.91899777,21.4612070198419,19713572.3700133
19.9,-33,0.0434274248781528,6641269.91899777,21.4612070198419,19713572.3700133
20,-33,0.0434274248781528,6641269.91899777,21.4612070198419,19713572.3700133
20.1,-33,0.0434274248781528,6641269.91899777,21.4612070198419,19713572.3700133
20.2,-33,0.0434274248781528,6641269.91899777,21.4612070198419,19713572.3700133
20.3,-33,0.0434274248781528,6641269.91899777,21.4612070198419,19713572.3700133
20.4,-33,0.0408992855908648,2586051.81260684,20.9100578708072,8278122.81773867
20.5,-33,0.0408992855908648,2586051.81260684,20.9100578708072,8278122.81773867
20.6,-33,0.0408992855908648,2586051.81260684,20.9100578708072,8278122.81773867
20.7,-33,0.0408992855908648,2586051.81260684,20.9100578708072,8278122.81773867
20.8,-33,0.0408992855908648,2586051.81260684,20.9100578708072,8278122.81773867
20.9,-33,0.0408992855908648,2586051.81260684,20.9100578708072,8278122.81773867
21,-33,0.0502209838871861,82601161.3136717,22.5876815146345,228931606.756047
21.1,-33,0.0502209838871861,82601161.3136717,22.5876815146345,228931606.756047
21.2,-33,0.0502209838871861,82601161.3136717,22.5876815146345,228931606.756047
21.3,-33,0.0502209838871861,82601161.3136717,22.5876815146345,228931606.756047
21.4,-33,0.0502209838871861,82601161.3136717,22.5876815146345,228931606.756047
21.5,-33,0.0502209838871861,82601161.3136717,22.5876815146345,228931606.756047
21.6,-33,0.0566866203293573,928515001.0308,24.2066835126393,2615396815.36197
21.7,-33,0.0566866203293573,928515001.0308,24.2066835126393,2615396815.36197
21.8,-33,0.0566866203293573,928515001.0308,24.2066835126393,2615396815.36197
21.9,-33,0.0566866203293573,928515001.0308,24.2066835126393,2615396815.36197
22,-33,0.0566866203293573,928515001.0308,24.2066835126393,2615396815.36197
22.1,-33,0.0566866203293573,928515001.0308,24.2066835126393,2615396815.36197
22.2,-33,0.0481596106443109,38362217.2884768,22.2061004310199,107968714.651686
22.3,-33,0.0481596106443109,38362217.2884768,22.2061004310199,107968714.651686
22.4,-33,0.0481596106443109,38362217.2884768,22.2061004310199,107968714.651686
22.5,-33,0.0481596106443109,38362217.2884768,22.2061004310199,107968714.651686
22.6,-33,0.0482620772548441,39853899.0884291,22.2259176701365,112013389.324453
22.7,-33,0.0482620772548441,39853899.0884291,22.2259176701365,112013389.324453
22.8,-33,0.0482620772548441,39853899.0884291,22.2259176701365,112013389.324453
22.9,-33,0.0498528745771686,72058531.8096839,22.5299950444644,200180692.76315
23,-33,0.0498528745771686,72058531.8096839,22.5299950444644,200180692.76315
23.1,-33,0.0498528745771686,72058531.8096839,22.5299950444644,200180692.76315
23.2,-33,0.0498528745771686,72058531.8096839,22.5299950444644,200180692.76315
23.3,-33,0.0498528745771686,72058531.8096839,22.5299950444644,200180692.76315
23.4,-33,0.0498528745771686,72058531.8096839,22.5299950444644,200180692.76315
23.5,-33,0.0491789104652628,56041116.6710391,22.3809280524252,157960810.802715
23.6,-33,0.0491789104652628,56041116.6710391,22.3809280524252,157960810.802715
23.7,-33,0.0491789104652628,56041116.6710391,22.3809280524252,157960810.802715
23.8,-33,0.0491789104652628,56041116.6710391,22.3809280524252,157960810.802715
23.9,-33,0.0491789104652628,56041116.6710391,22.3809280524252,157960810.802715
24,-33,0.0491789104652628,56041116.6710391,22.3809280524252,157960810.802715
24.1,-33,0.0554233308192702,573430210.258048,23.6076603222785,1604230403.95511
24.2,-33,0.0554233308192702,573430210.258048,23.6076603222785,1604230403.95511
24.3,-33,0.0554233308192702,573430210.258048,23.6076603222785,1604230403.95511
24.4,-33,0.0554233308192702,573430210.258048,23.6076603222785,1604230403.95511
24.5,-33,0.0554233308192702,573430210.258048,23.6076603222785,1604230403.95511
24.6,-33,0.0554233308192702,573430210.258048,23.6076603222785,1604230403.95511
24.7,-33,0.0582131510048165,1618198005.61365,24.1252675399927,4546646600.86139
24.8,-33,0.0582131510048165,1618198005.61365,24.1252675399927,4546646600.86139
24.9,-33,0.0582131510048165,1618198005.61365,24.1252675399927,4546646600.86139
25,-33,0.0582131510048165,1618198005.61365,24.1252675399927,4546646600.86139
25.1,-33,0.0582131510048165,1618198005.61365,24.1252675399927,4546646600.86139
25.2,-33,0.0582131510048165,1618198005.61365,24.1252675399927,4546646600.86139
25.3,-33,0.0582131510048165,1618198005.61365,24.1252675399927,4546646600.86139
25.4,-33,0.0543931582217824,387890872.653923,23.2301811714579,1099182452.14519
25.5,-33,0.0543931582217824,387890872.653923,23.2301811714579,1099182452.14519
25.6,-33,0.0543931582217824,387890872.653923,23.2301811714579,1099182452.14519
25.7,-33,0.0543931582217824,387890872.653923,23.2301811714579,1099182452.14519
25.8,-33,0.0543931582217824,387890872.653923,23.2301811714579,1099182452.14519
25.9,-33,0.0543931582217824,387890872.653923,23.2301811714579,1099182452.14519
26,-33,0.0574736841514001,1218223604.83874,23.7492562321456,3442539833.0598
26.1,-33,0.0574736841514001,1218223604.83874,23.7492562321456,3442539833.0598
26.2,-33,0.0574736841514001,1218223604.83874,23.7492562321456,3442539833.0598
26.3,-33,0.0574736841514001,1218223604.83874,23.7492562321456,3442539833.0598
26.4,-33,0.0574736841514001,1218223604.83874,23.7492562321456,3442539833.0598
26.5,-33,0.0574736841514001,1218223604.83874,23.7492562321456,3442539833.0598
26.6,-33,0.0563325979464461,791293092.192914,23.3549405860825,2291868175.23237
26.7,-33,0.0563325979464461,791293092.192914,23.3549405860825,2291868175.23237
26.8,-33,0.0563325979464461,791293092.192914,23.3549405860825,2291868175.23237
26.9,-33,0.0563325979464461,791293092.192914,23.3549405860825,2291868175.23237
27,-33,0.0563325979464461,791293092.192914,23.3549405860825,2291868175.23237
27.1,-33,0.0563325979464461,791293092.192914,23.3549405860825,2291868175.23237
27.2,-33,0.0557415288992716,628946711.682674,23.0703837596365,2049000164.63658
27.3,-33,0.0557415288992716,628946711.682674,23.0703837596365,2049000164.63658
27.4,-33,0.0557415288992716,628946711.682674,23.0703837596365,2049000164.63658
27.5,-33,0.0557415288992716,628946711.682674,23.0703837596365,2049000164.63658
27.6,-33,0.0557415288992716,628946711.682674,23.0703837596365,2049000164.63658
27.7,-33,0.0557415288992716,628946711.682674,23.0703837596365,2049000164.63658
27.8,-33,0.0557415288992716,628946711.682674,23.0703837596365,2049000164.63658
27.9,-33,0.0500483441066414,75313626.9699547,22.0598345875324,348844642.411289
17.9,-32.9,0.0377508435076749,798140.697744576,20.2848363776675,3870489.40572041
18,-32.9,0.0377508435076749,798140.697744576,20.2848363776675,3870489.40572041
18.1,-32.9,0.0377508435076749,798140.697744576,20.2848363776675,3870489.40572041
18.2,-32.9,0.0377508435076749,798140.697744576,20.2848363776675,3870489.40572041
18.3,-32.9,0.0377508435076749,798140.697744576,20.2848363776675,3870489.40572041
18.4,-32.9,0.0377508435076749,798140.697744576,20.2848363776675,3870489.40572041
18.5,-32.9,0.051175481093822,118201160.417671,22.8391834770088,327342880.774823
18.6,-32.9,0.051175481093822,118201160.417671,22.8391834770088,327342880.774823
18.7,-32.9,0.051175481093822,118201160.417671,22.8391834770088,327342880.774823
18.8,-32.9,0.051175481093822,118201160.417671,22.8391834770088,327342880.774823
18.9,-32.9,0.051175481093822,118201160.417671,22.8391834770088,327342880.774823
19,-32.9,0.051175481093822,118201160.417671,22.8391834770088,327342880.774823
19.1,-32.9,0.0339709827255025,198723.340518636,19.7154040801148,824137.07902323
19.2,-32.9,0.0339709827255025,198723.340518636,19.7154040801148,824137.07902323
19.3,-32.9,0.0339709827255025,198723.340518636,19.7154040801148,824137.07902323
19.4,-32.9,0.0339709827255025,198723.340518636,19.7154040801148,824137.07902323
19.5,-32.9,0.0339709827255025,198723.340518636,19.7154040801148,824137.07902323
19.6,-32.9,0.0339709827255025,198723.340518636,19.7154040801148,824137.07902323
19.7,-32.9,0.0434274248781528,6641269.91899777,21.4612070198419,19713572.3700133
19.8,-32.9,0.0434274248781528,6641269.91899777,21.4612070198419,19713572.3700133
19.9,-32.9,0.0434274248781528,6641269.91899777,21.4612070198419,19713572.3700133
20,-32.9,0.0434274248781528,6641269.91899777,21.4612070198419,19713572.3700133
20.1,-32.9,0.0434274248781528,6641269.91899777,21.4612070198419,19713572.3700133
20.2,-32.9,0.0434274248781528,6641269.91899777,21.4612070198419,19713572.3700133
20.3,-32.9,0.0434274248781528,6641269.91899777,21.4612070198419,19713572.3700133
20.4,-32.9,0.0408992855908648,2586051.81260684,20.9100578708072,8278122.81773867
20.5,-32.9,0.0408992855908648,2586051.81260684,20.9100578708072,8278122.81773867
20.6,-32.9,0.0408992855908648,2586051.81260684,20.9100578708072,8278122.81773867
20.7,-32.9,0.0408992855908648,2586051.81260684,20.9100578708072,8278122.81773867
20.8,-32.9,0.0408992855908648,2586051.81260684,20.9100578708072,8278122.81773867
20.9,-32.9,0.0408992855908648,2586051.81260684,20.9100578708072,8278122.81773867
21,-32.9,0.0502209838871861,82601161.3136717,22.5876815146345,228931606.756047
21.1,-32.9,0.0502209838871861,82601161.3136717,22.5876815146345,228931606.756047
21.2,-32.9,0.0502209838871861,82601161.3136717,22.5876815146345,228931606.756047
21.3,-32.9,0.0502209838871861,82601161.3136717,22.5876815146345,228931606.756047
21.4,-32.9,0.0502209838871861,82601161.3136717,22.5876815146345,228931606.756047
21.5,-32.9,0.0502209838871861,82601161.3136717,22.5876815146345,228931606.756047
21.6,-32.9,0.0566866203293573,928515001.0308,24.2066835126393,2615396815.36197
21.7,-32.9,0.0566866203293573,928515001.0308,24.2066835126393,2615396815.36197
21.8,-32.9,0.0566866203293573,928515001.0308,24.2066835126393,2615396815.36197
21.9,-32.9,0.0566866203293573,928515001.0308,24.2066835126393,2615396815.36197
22,-32.9,0.0566866203293573,928515001.0308,24.2066835126393,2615396815.36197
22.1,-32.9,0.0566866203293573,928515001.0308,24.2066835126393,2615396815.36197
22.2,-32.9,0.0481596106443109,38362217.2884768,22.2061004310199,107968714.651686
22.3,-32.9,0.0481596106443109,38362217.2884768,22.2061004310199,107968714.651686
22.4,-32.9,0.0481596106443109,38362217.2884768,22.2061004310199,107968714.651686
22.5,-32.9,0.0481596106443109,38362217.2884768,22.2061004310199,107968714.651686
22.6,-32.9,0.0482620772548441,39853899.0884291,22.2259176701365,112013389.324453
22.7,-32.9,0.0482620772548441,39853899.0884291,22.2259176701365,112013389.324453
22.8,-32.9,0.0482620772548441,39853899.0884291,22.2259176701365,112013389.324453
22.9,-32.9,0.0498528745771686,72058531.8096839,22.5299950444644,200180692.76315
23,-32.9,0.0498528745771686,72058531.8096839,22.5299950444644,200180692.76315
23.1,-32.9,0.0498528745771686,72058531.8096839,22.5299950444644,200180692.76315
23.2,-32.9,0.0498528745771686,72058531.8096839,22.5299950444644,200180692.76315
23.3,-32.9,0.0498528745771686,72058531.8096839,22.5299950444644,200180692.76315
23.4,-32.9,0.0498528745771686,72058531.8096839,22.5299950444644,200180692.76315
23.5,-32.9,0.0491789104652628,56041116.6710391,22.3809280524252,157960810.802715
23.6,-32.9,0.0491789104652628,56041116.6710391,22.3809280524252,157960810.802715
23.7,-32.9,0.0491789104652628,56041116.6710391,22.3809280524252,157960810.802715
23.8,-32.9,0.0491789104652628,56041116.6710391,22.3809280524252,157960810.802715
23.9,-32.9,0.0491789104652628,56041116.6710391,22.3809280524252,157960810.802715
24,-32.9,0.0491789104652628,56041116.6710391,22.3809280524252,157960810.802715
24.1,-32.9,0.0554233308192702,573430210.258048,23.6076603222785,1604230403.95511
24.2,-32.9,0.0554233308192702,573430210.258048,23.6076603222785,1604230403.95511
24.3,-32.9,0.0554233308192702,573430210.258048,23.6076603222785,1604230403.95511
24.4,-32.9,0.0554233308192702,573430210.258048,23.6076603222785,1604230403.95511
24.5,-32.9,0.0554233308192702,573430210.258048,23.6076603222785,1604230403.95511
24.6,-32.9,0.0554233308192702,573430210.258048,23.6076603222785,1604230403.95511
24.7,-32.9,0.0582131510048165,1618198005.61365,24.1252675399927,4546646600.86139
24.8,-32.9,0.0582131510048165,1618198005.61365,24.1252675399927,4546646600.86139
24.9,-32.9,0.0582131510048165,1618198005.61365,24.1252675399927,4546646600.86139
25,-32.9,0.0582131510048165,1618198005.61365,24.1252675399927,4546646600.86139
25.1,-32.9,0.0582131510048165,1618198005.61365,24.1252675399927,4546646600.86139
25.2,-32.9,0.0582131510048165,1618198005.61365,24.1252675399927,4546646600.86139
25.3,-32.9,0.0582131510048165,1618198005.61365,24.1252675399927,4546646600.86139
25.4,-32.9,0.0543931582217824,387890872.653923,23.2301811714579,1099182452.14519
25.5,-32.9,0.0543931582217824,387890872.653923,23.2301811714579,1099182452.14519
25.6,-32.9,0.0543931582217824,387890872.653923,23.2301811714579,1099182452.14519
25.7,-32.9,0.0543931582217824,387890872.653923,23.2301811714579,1099182452.14519
25.8,-32.9,0.0543931582217824,387890872.653923,23.2301811714579,1099182452.14519
25.9,-32.9,0.0543931582217824,387890872.653923,23.2301811714579,1099182452.14519
26,-32.9,0.0574736841514001,1218223604.83874,23.7492562321456,3442539833.0598
26.1,-32.9,0.0574736841514001,1218223604.83874,23.7492562321456,3442539833.0598
26.2,-32.9,0.0574736841514001,1218223604.83874,23.7492562321456,3442539833.0598
26.3,-32.9,0.0574736841514001,1218223604.83874,23.7492562321456,3442539833.0598
26.4,-32.9,0.0574736841514001,1218223604.83874,23.7492562321456,3442539833.0598
26.5,-32.9,0.0574736841514001,1218223604.83874,23.7492562321456,3442539833.0598
26.6,-32.9,0.0563325979464461,791293092.192914,23.3549405860825,2291868175.23237
26.7,-32.9,0.0563325979464461,791293092.192914,23.3549405860825,2291868175.23237
26.8,-32.9,0.0563325979464461,791293092.192914,23.3549405860825,2291868175.23237
26.9,-32.9,0.0563325979464461,791293092.192914,23.3549405860825,2291868175.23237
27,-32.9,0.0563325979464461,791293092.192914,23.3549405860825,2291868175.23237
27.1,-32.9,0.0563325979464461,791293092.192914,23.3549405860825,2291868175.23237
27.2,-32.9,0.0557415288992716,628946711.682674,23.0703837596365,2049000164.63658
27.3,-32.9,0.0557415288992716,628946711.682674,23.0703837596365,2049000164.63658
27.4,-32.9,0.0557415288992716,628946711.682674,23.0703837596365,2049000164.63658
27.5,-32.9,0.0557415288992716,628946711.682674,23.0703837596365,2049000164.63658
27.6,-32.9,0.0557415288992716,628946711.682674,23.0703837596365,2049000164.63658
27.7,-32.9,0.0557415288992716,628946711.682674,23.0703837596365,2049000164.63658
27.8,-32.9,0.0557415288992716,628946711.682674,23.0703837596365,2049000164.63658
27.9,-32.9,0.0500483441066414,75313626.9699547,22.0598345875324,348844642.411289
28,-32.9,0.0500483441066414,75313626.9699547,22.0598345875324,348844642.411289
17.9,-32.8,0.0377508435076749,798140.697744576,20.2848363776675,3870489.40572041
18,-32.8,0.0377508435076749,798140.697744576,20.2848363776675,3870489.40572041
18.1,-32.8,0.0377508435076749,798140.697744576,20.2848363776675,3870489.40572041
18.2,-32.8,0.0377508435076749,798140.697744576,20.2848363776675,3870489.40572041
18.3,-32.8,0.0377508435076749,798140.697744576,20.2848363776675,3870489.40572041
18.4,-32.8,0.0377508435076749,798140.697744576,20.2848363776675,3870489.40572041
18.5,-32.8,0.051175481093822,118201160.417671,22.8391834770088,327342880.774823
18.6,-32.8,0.051175481093822,118201160.417671,22.8391834770088,327342880.774823
18.7,-32.8,0.051175481093822,118201160.417671,22.8391834770088,327342880.774823
18.8,-32.8,0.051175481093822,118201160.417671,22.8391834770088,327342880.774823
18.9,-32.8,0.051175481093822,118201160.417671,22.8391834770088,327342880.774823
19,-32.8,0.051175481093822,118201160.417671,22.8391834770088,327342880.774823
19.1,-32.8,0.0339709827255025,198723.340518636,19.7154040801148,824137.07902323
19.2,-32.8,0.0339709827255025,198723.340518636,19.7154040801148,824137.07902323
19.3,-32.8,0.0339709827255025,198723.340518636,19.7154040801148,824137.07902323
19.4,-32.8,0.0339709827255025,198723.340518636,19.7154040801148,824137.07902323
19.5,-32.8,0.0339709827255025,198723.340518636,19.7154040801148,824137.07902323
19.6,-32.8,0.0339709827255025,198723.340518636,19.7154040801148,824137.07902323
19.7,-32.8,0.0434274248781528,6641269.91899777,21.4612070198419,19713572.3700133
19.8,-32.8,0.0434274248781528,6641269.91899777,21.4612070198419,19713572.3700133
19.9,-32.8,0.0434274248781528,6641269.91899777,21.4612070198419,19713572.3700133
20,-32.8,0.0434274248781528,6641269.91899777,21.4612070198419,19713572.3700133
20.1,-32.8,0.0434274248781528,6641269.91899777,21.4612070198419,19713572.3700133
20.2,-32.8,0.0434274248781528,6641269.91899777,21.4612070198419,19713572.3700133
20.3,-32.8,0.0434274248781528,6641269.91899777,21.4612070198419,19713572.3700133
20.4,-32.8,0.0408992855908648,2586051.81260684,20.9100578708072,8278122.81773867
20.5,-32.8,0.0408992855908648,2586051.81260684,20.9100578708072,8278122.81773867
20.6,-32.8,0.0408992855908648,2586051.81260684,20.9100578708072,8278122.81773867
20.7,-32.8,0.0408992855908648,2586051.81260684,20.9100578708072,8278122.81773867
20.8,-32.8,0.0408992855908648,2586051.81260684,20.9100578708072,8278122.81773867
20.9,-32.8,0.0408992855908648,2586051.81260684,20.9100578708072,8278122.81773867
21,-32.8,0.0502209838871861,82601161.3136717,22.5876815146345,228931606.756047
21.1,-32.8,0.0502209838871861,82601161.3136717,22.5876815146345,228931606.756047
21.2,-32.8,0.0502209838871861,82601161.3136717,22.5876815146345,228931606.756047
21.3,-32.8,0.0502209838871861,82601161.3136717,22.5876815146345,228931606.756047
21.4,-32.8,0.0502209838871861,82601161.3136717,22.5876815146345,228931606.756047
21.5,-32.8,0.0502209838871861,82601161.3136717,22.5876815146345,228931606.756047
21.6,-32.8,0.0566866203293573,928515001.0308,24.2066835126393,2615396815.36197
21.7,-32.8,0.0566866203293573,928515001.0308,24.2066835126393,2615396815.36197
21.8,-32.8,0.0566866203293573,928515001.0308,24.2066835126393,2615396815.36197
21.9,-32.8,0.0566866203293573,928515001.0308,24.2066835126393,2615396815.36197
22,-32.8,0.0566866203293573,928515001.0308,24.2066835126393,2615396815.36197
22.1,-32.8,0.0566866203293573,928515001.0308,24.2066835126393,2615396815.36197
22.2,-32.8,0.0481596106443109,38362217.2884768,22.2061004310199,107968714.651686
22.3,-32.8,0.0481596106443109,38362217.2884768,22.2061004310199,107968714.651686
22.4,-32.8,0.0481596106443109,38362217.2884768,22.2061004310199,107968714.651686
22.5,-32.8,0.0481596106443109,38362217.2884768,22.2061004310199,107968714.651686
22.6,-32.8,0.0482620772548441,39853899.0884291,22.2259176701365,112013389.324453
22.7,-32.8,0.0482620772548441,39853899.0884291,22.2259176701365,112013389.324453
22.8,-32.8,0.0482620772548441,39853899.0884291,22.2259176701365,112013389.324453
22.9,-32.8,0.0498528745771686,72058531.8096839,22.5299950444644,200180692.76315
23,-32.8,0.0498528745771686,72058531.8096839,22.5299950444644,200180692.76315
23.1,-32.8,0.0498528745771686,72058531.8096839,22.5299950444644,200180692.76315
23.2,-32.8,0.0498528745771686,72058531.8096839,22.5299950444644,200180692.76315
23.3,-32.8,0.0498528745771686,72058531.8096839,22.5299950444644,200180692.76315
23.4,-32.8,0.0498528745771686,72058531.8096839,22.5299950444644,200180692.76315
23.5,-32.8,0.0491789104652628,56041116.6710391,22.3809280524252,157960810.802715
23.6,-32.8,0.0491789104652628,56041116.6710391,22.3809280524252,157960810.802715
23.7,-32.8,0.0491789104652628,56041116.6710391,22.3809280524252,157960810.802715
23.8,-32.8,0.0491789104652628,56041116.6710391,22.3809280524252,157960810.802715
23.9,-32.8,0.0491789104652628,56041116.6710391,22.3809280524252,157960810.802715
24,-32.8,0.0491789104652628,56041116.6710391,22.3809280524252,157960810.802715
24.1,-32.8,0.0554233308192702,573430210.258048,23.6076603222785,1604230403.95511
24.2,-32.8,0.0554233308192702,573430210.258048,23.6076603222785,1604230403.95511
24.3,-32.8,0.0554233308192702,573430210.258048,23.6076603222785,1604230403.95511
24.4,-32.8,0.0554233308192702,573430210.258048,23.6076603222785,1604230403.95511
24.5,-32.8,0.0554233308192702,573430210.258048,23.6076603222785,1604230403.95511
24.6,-32.8,0.0554233308192702,573430210.258048,23.6076603222785,1604230403.95511
24.7,-32.8,0.0582131510048165,1618198005.61365,24.1252675399927,4546646600.86139
24.8,-32.8,0.0582131510048165,1618198005.61365,24.1252675399927,4546646600.86139
24.9,-32.8,0.0582131510048165,1618198005.61365,24.1252675399927,4546646600.86139
25,-32.8,0.0582131510048165,1618198005.61365,24.1252675399927,4546646600.86139
25.1,-32.8,0.0582131510048165,1618198005.61365,24.1252675399927,4546646600.86139
25.2,-32.8,0.0582131510048165,1618198005.61365,24.1252675399927,4546646600.86139
25.3,-32.8,0.0582131510048165,1618198005.61365,24.1252675399927,4546646600.86139
25.4,-32.8,0.0543931582217824,387890872.653923,23.2301811714579,1099182452.14519
25.5,-32.8,0.0543931582217824,387890872.653923,23.2301811714579,1099182452.14519
25.6,-32.8,0.0543931582217824,387890872.653923,23.2301811714579,1099182452.14519
25.7,-32.8,0.0543931582217824,387890872.653923,23.2301811714579,1099182452.14519
25.8,-32.8,0.0543931582217824,387890872.653923,23.2301811714579,1099182452.14519
25.9,-32.8,0.0543931582217824,387890872.653923,23.2301811714579,1099182452.14519
26,-32.8,0.0574736841514001,1218223604.83874,23.7492562321456,3442539833.0598
26.1,-32.8,0.0574736841514001,1218223604.83874,23.7492562321456,3442539833.0598
26.2,-32.8,0.0574736841514001,1218223604.83874,23.7492562321456,3442539833.0598
26.3,-32.8,0.0574736841514001,1218223604.83874,23.7492562321456,3442539833.0598
26.4,-32.8,0.0574736841514001,1218223604.83874,23.7492562321456,3442539833.0598
26.5,-32.8,0.0574736841514001,1218223604.83874,23.7492562321456,3442539833.0598
26.6,-32.8,0.0563325979464461,791293092.192914,23.3549405860825,2291868175.23237
26.7,-32.8,0.0563325979464461,791293092.192914,23.3549405860825,2291868175.23237
26.8,-32.8,0.0563325979464461,791293092.192914,23.3549405860825,2291868175.23237
26.9,-32.8,0.0563325979464461,791293092.192914,23.3549405860825,2291868175.23237
27,-32.8,0.0563325979464461,791293092.192914,23.3549405860825,2291868175.23237
27.1,-32.8,0.0563325979464461,791293092.192914,23.3549405860825,2291868175.23237
27.2,-32.8,0.0557415288992716,628946711.682674,23.0703837596365,2049000164.63658
27.3,-32.8,0.0557415288992716,628946711.682674,23.0703837596365,2049000164.63658
27.4,-32.8,0.0557415288992716,628946711.682674,23.0703837596365,2049000164.63658
27.5,-32.8,0.0557415288992716,628946711.682674,23.0703837596365,2049000164.63658
27.6,-32.8,0.0557415288992716,628946711.682674,23.0703837596365,2049000164.63658
27.7,-32.8,0.0557415288992716,628946711.682674,23.0703837596365,2049000164.63658
27.8,-32.8,0.0557415288992716,628946711.682674,23.0703837596365,2049000164.63658
27.9,-32.8,0.0500483441066414,75313626.9699547,22.0598345875324,348844642.411289
28,-32.8,0.0500483441066414,75313626.9699547,22.0598345875324,348844642.411289
28.1,-32.8,0.0500483441066414,75313626.9699547,22.0598345875324,348844642.411289
18.2,-32.7,0.0319720081472401,94348.5138305722,19.4497016961896,618285.349558763
18.3,-32.7,0.0319720081472401,94348.5138305722,19.4497016961896,618285.349558763
18.4,-32.7,0.0319720081472401,94348.5138305722,19.4497016961896,618285.349558763
18.5,-32.7,0.0500297486342233,76998407.6861747,22.5653382795809,216984709.686384
18.6,-32.7,0.0500297486342233,76998407.6861747,22.5653382795809,216984709.686384
18.7,-32.7,0.0500297486342233,76998407.6861747,22.5653382795809,216984709.686384
18.8,-32.7,0.0500297486342233,76998407.6861747,22.5653382795809,216984709.686384
18.9,-32.7,0.0500297486342233,76998407.6861747,22.5653382795809,216984709.686384
19,-32.7,0.0500297486342233,76998407.6861747,22.5653382795809,216984709.686384
19.1,-32.7,0.0437340470888233,7430043.56078584,21.4747837354355,22324715.2448244
19.2,-32.7,0.0437340470888233,7430043.56078584,21.4747837354355,22324715.2448244
19.3,-32.7,0.0437340470888233,7430043.56078584,21.4747837354355,22324715.2448244
19.4,-32.7,0.0437340470888233,7430043.56078584,21.4747837354355,22324715.2448244
19.5,-32.7,0.0437340470888233,7430043.56078584,21.4747837354355,22324715.2448244
19.6,-32.7,0.0437340470888233,7430043.56078584,21.4747837354355,22324715.2448244
19.7,-32.7,0.0528539261602468,222410386.899153,23.3887022533064,596060630.48699
19.8,-32.7,0.0528539261602468,222410386.899153,23.3887022533064,596060630.48699
19.9,-32.7,0.0528539261602468,222410386.899153,23.3887022533064,596060630.48699
20,-32.7,0.0528539261602468,222410386.899153,23.3887022533064,596060630.48699
20.1,-32.7,0.0528539261602468,222410386.899153,23.3887022533064,596060630.48699
20.2,-32.7,0.0528539261602468,222410386.899153,23.3887022533064,596060630.48699
20.3,-32.7,0.0528539261602468,222410386.899153,23.3887022533064,596060630.48699
20.4,-32.7,0.0366969742990022,544198.482732029,20.1723969299613,1933795.22848012
20.5,-32.7,0.0366969742990022,544198.482732029,20.1723969299613,1933795.22848012
20.6,-32.7,0.0366969742990022,544198.482732029,20.1723969299613,1933795.22848012
20.7,-32.7,0.0366969742990022,544198.482732029,20.1723969299613,1933795.22848012
20.8,-32.7,0.0366969742990022,544198.482732029,20.1723969299613,1933795.22848012
20.9,-32.7,0.0366969742990022,544198.482732029,20.1723969299613,1933795.22848012
21,-32.7,0.0404860850287176,2216989.81258548,20.8227378069097,7089618.90786446
21.1,-32.7,0.0404860850287176,2216989.81258548,20.8227378069097,7089618.90786446
21.2,-32.7,0.0404860850287176,2216989.81258548,20.8227378069097,7089618.90786446
21.3,-32.7,0.0404860850287176,2216989.81258548,20.8227378069097,7089618.90786446
21.4,-32.7,0.0404860850287176,2216989.81258548,20.8227378069097,7089618.90786446
21.5,-32.7,0.0404860850287176,2216989.81258548,20.8227378069097,7089618.90786446
21.6,-32.7,0.0556736315416544,632853124.090725,23.8157665475175,1743624157.28205
21.7,-32.7,0.0556736315416544,632853124.090725,23.8157665475175,1743624157.28205
21.8,-32.7,0.0556736315416544,632853124.090725,23.8157665475175,1743624157.28205
21.9,-32.7,0.0556736315416544,632853124.090725,23.8157665475175,1743624157.28205
22,-32.7,0.0556736315416544,632853124.090725,23.8157665475175,1743624157.28205
22.1,-32.7,0.0556736315416544,632853124.090725,23.8157665475175,1743624157.28205
22.2,-32.7,0.0536044327170629,291826671.847429,23.3100491894797,793225044.907577
22.3,-32.7,0.0536044327170629,291826671.847429,23.3100491894797,793225044.907577
22.4,-32.7,0.0536044327170629,291826671.847429,23.3100491894797,793225044.907577
22.5,-32.7,0.0536044327170629,291826671.847429,23.3100491894797,793225044.907577
22.6,-32.7,0.0537128443912007,303888066.593513,23.3347287545546,825754186.026716
22.7,-32.7,0.0537128443912007,303888066.593513,23.3347287545546,825754186.026716
22.8,-32.7,0.0537128443912007,303888066.593513,23.3347287545546,825754186.026716
22.9,-32.7,0.0516261030581466,139523079.449116,22.8903250647343,381232145.385402
23,-32.7,0.0516261030581466,139523079.449116,22.8903250647343,381232145.385402
23.1,-32.7,0.0516261030581466,139523079.449116,22.8903250647343,381232145.385402
23.2,-32.7,0.0516261030581466,139523079.449116,22.8903250647343,381232145.385402
23.3,-32.7,0.0516261030581466,139523079.449116,22.8903250647343,381232145.385402
23.4,-32.7,0.0516261030581466,139523079.449116,22.8903250647343,381232145.385402
23.5,-32.7,0.0508131118255871,102940504.157009,22.6935103623969,284600636.911835
23.6,-32.7,0.0508131118255871,102940504.157009,22.6935103623969,284600636.911835
23.7,-32.7,0.0508131118255871,102940504.157009,22.6935103623969,284600636.911835
23.8,-32.7,0.0508131118255871,102940504.157009,22.6935103623969,284600636.911835
23.9,-32.7,0.0508131118255871,102940504.157009,22.6935103623969,284600636.911835
24,-32.7,0.0508131118255871,102940504.157009,22.6935103623969,284600636.911835
24.1,-32.7,0.0535145947659837,281203236.081019,23.192779841136,780030600.366392
24.2,-32.7,0.0535145947659837,281203236.081019,23.192779841136,780030600.366392
24.3,-32.7,0.0535145947659837,281203236.081019,23.192779841136,780030600.366392
24.4,-32.7,0.0535145947659837,281203236.081019,23.192779841136,780030600.366392
24.5,-32.7,0.0535145947659837,281203236.081019,23.192779841136,780030600.366392
24.6,-32.7,0.0535145947659837,281203236.081019,23.192779841136,780030600.366392
24.7,-32.7,0.0480978298056812,37360114.6620301,22.1091925443165,107475638.598367
24.8,-32.7,0.0480978298056812,37360114.6620301,22.1091925443165,107475638.598367
24.9,-32.7,0.0480978298056812,37360114.6620301,22.1091925443165,107475638.598367
25,-32.7,0.0480978298056812,37360114.6620301,22.1091925443165,107475638.598367
25.1,-32.7,0.0480978298056812,37360114.6620301,22.1091925443165,107475638.598367
25.2,-32.7,0.0480978298056812,37360114.6620301,22.1091925443165,107475638.598367
25.3,-32.7,0.0480978298056812,37360114.6620301,22.1091925443165,107475638.598367
25.4,-32.7,0.0465811492911015,21269622.8241067,21.8481814691638,62145050.7723955
25.5,-32.7,0.0465811492911015,21269622.8241067,21.8481814691638,62145050.7723955
25.6,-32.7,0.0465811492911015,21269622.8241067,21.8481814691638,62145050.7723955
25.7,-32.7,0.0465811492911015,21269622.8241067,21.8481814691638,62145050.7723955
25.8,-32.7,0.0465811492911015,21269622.8241067,21.8481814691638,62145050.7723955
25.9,-32.7,0.0465811492911015,21269622.8241067,21.8481814691638,62145050.7723955
26,-32.7,0.0411561594804524,2835794.82117808,20.8824479028202,9158058.67857337
26.1,-32.7,0.0411561594804524,2835794.82117808,20.8824479028202,9158058.67857337
26.2,-32.7,0.0411561594804524,2835794.82117808,20.8824479028202,9158058.67857337
26.3,-32.7,0.0411561594804524,2835794.82117808,20.8824479028202,9158058.67857337
26.4,-32.7,0.0411561594804524,2835794.82117808,20.8824479028202,9158058.67857337
26.5,-32.7,0.0411561594804524,2835794.82117808,20.8824479028202,9158058.67857337
26.6,-32.7,0.0428682740948165,5341554.71885812,21.1263199866123,17429422.6454926
26.7,-32.7,0.0428682740948165,5341554.71885812,21.1263199866123,17429422.6454926
26.8,-32.7,0.0428682740948165,5341554.71885812,21.1263199866123,17429422.6454926
26.9,-32.7,0.0428682740948165,5341554.71885812,21.1263199866123,17429422.6454926
27,-32.7,0.0428682740948165,5341554.71885812,21.1263199866123,17429422.6454926
27.1,-32.7,0.0428682740948165,5341554.71885812,21.1263199866123,17429422.6454926
27.2,-32.7,0.0449615582159082,11568645.1974294,21.4087056576843,38556053.009531
27.3,-32.7,0.0449615582159082,11568645.1974294,21.4087056576843,38556053.009531
27.4,-32.7,0.0449615582159082,11568645.1974294,21.4087056576843,38556053.009531
27.5,-32.7,0.0449615582159082,11568645.1974294,21.4087056576843,38556053.009531
27.6,-32.7,0.0449615582159082,11568645.1974294,21.4087056576843,38556053.009531
27.7,-32.7,0.0449615582159082,11568645.1974294,21.4087056576843,38556053.009531
27.8,-32.7,0.0449615582159082,11568645.1974294,21.4087056576843,38556053.009531
27.9,-32.7,0.0531503424299935,240208520.833238,22.6444112501421,803827925.384133
28,-32.7,0.0531503424299935,240208520.833238,22.6444112501421,803827925.384133
28.1,-32.7,0.0531503424299935,240208520.833238,22.6444112501421,803827925.384133
28.2,-32.7,0.0531503424299935,240208520.833238,22.6444112501421,803827925.384133
28.3,-32.7,0.0531503424299935,240208520.833238,22.6444112501421,803827925.384133
18.3,-32.6,0.0319720081472401,94348.5138305722,19.4497016961896,618285.349558763
18.4,-32.6,0.0319720081472401,94348.5138305722,19.4497016961896,618285.349558763
18.5,-32.6,0.0500297486342233,76998407.6861747,22.5653382795809,216984709.686384
18.6,-32.6,0.0500297486342233,76998407.6861747,22.5653382795809,216984709.686384
18.7,-32.6,0.0500297486342233,76998407.6861747,22.5653382795809,216984709.686384
18.8,-32.6,0.0500297486342233,76998407.6861747,22.5653382795809,216984709.686384
18.9,-32.6,0.0500297486342233,76998407.6861747,22.5653382795809,216984709.686384
19,-32.6,0.0500297486342233,76998407.6861747,22.5653382795809,216984709.686384
19.1,-32.6,0.0437340470888233,7430043.56078584,21.4747837354355,22324715.2448244
19.2,-32.6,0.0437340470888233,7430043.56078584,21.4747837354355,22324715.2448244
19.3,-32.6,0.0437340470888233,7430043.56078584,21.4747837354355,22324715.2448244
19.4,-32.6,0.0437340470888233,7430043.56078584,21.4747837354355,22324715.2448244
19.5,-32.6,0.0437340470888233,7430043.56078584,21.4747837354355,22324715.2448244
19.6,-32.6,0.0437340470888233,7430043.56078584,21.4747837354355,22324715.2448244
19.7,-32.6,0.0528539261602468,222410386.899153,23.3887022533064,596060630.48699
19.8,-32.6,0.0528539261602468,222410386.899153,23.3887022533064,596060630.48699
19.9,-32.6,0.0528539261602468,222410386.899153,23.3887022533064,596060630.48699
20,-32.6,0.0528539261602468,222410386.899153,23.3887022533064,596060630.48699
20.1,-32.6,0.0528539261602468,222410386.899153,23.3887022533064,596060630.48699
20.2,-32.6,0.0528539261602468,222410386.899153,23.3887022533064,596060630.48699
20.3,-32.6,0.0528539261602468,222410386.899153,23.3887022533064,596060630.48699
20.4,-32.6,0.0366969742990022,544198.482732029,20.1723969299613,1933795.22848012
20.5,-32.6,0.0366969742990022,544198.482732029,20.1723969299613,1933795.22848012
20.6,-32.6,0.0366969742990022,544198.482732029,20.1723969299613,1933795.22848012
20.7,-32.6,0.0366969742990022,544198.482732029,20.1723969299613,1933795.22848012
20.8,-32.6,0.0366969742990022,544198.482732029,20.1723969299613,1933795.22848012
20.9,-32.6,0.0366969742990022,544198.482732029,20.1723969299613,1933795.22848012
21,-32.6,0.0404860850287176,2216989.81258548,20.8227378069097,7089618.90786446
21.1,-32.6,0.0404860850287176,2216989.81258548,20.8227378069097,7089618.90786446
21.2,-32.6,0.0404860850287176,2216989.81258548,20.8227378069097,7089618.90786446
21.3,-32.6,0.0404860850287176,2216989.81258548,20.8227378069097,7089618.90786446
21.4,-32.6,0.0404860850287176,2216989.81258548,20.8227378069097,7089618.90786446
21.5,-32.6,0.0404860850287176,2216989.81258548,20.8227378069097,7089618.90786446
21.6,-32.6,0.0556736315416544,632853124.090725,23.8157665475175,1743624157.28205
21.7,-32.6,0.0556736315416544,632853124.090725,23.8157665475175,1743624157.28205
21.8,-32.6,0.0556736315416544,632853124.090725,23.8157665475175,1743624157.28205
21.9,-32.6,0.0556736315416544,632853124.090725,23.8157665475175,1743624157.28205
22,-32.6,0.0556736315416544,632853124.090725,23.8157665475175,1743624157.28205
22.1,-32.6,0.0556736315416544,632853124.090725,23.8157665475175,1743624157.28205
22.2,-32.6,0.0536044327170629,291826671.847429,23.3100491894797,793225044.907577
22.3,-32.6,0.0536044327170629,291826671.847429,23.3100491894797,793225044.907577
22.4,-32.6,0.0536044327170629,291826671.847429,23.3100491894797,793225044.907577
22.5,-32.6,0.0536044327170629,291826671.847429,23.3100491894797,793225044.907577
22.6,-32.6,0.0537128443912007,303888066.593513,23.3347287545546,825754186.026716
22.7,-32.6,0.0537128443912007,303888066.593513,23.3347287545546,825754186.026716
22.8,-32.6,0.0537128443912007,303888066.593513,23.3347287545546,825754186.026716
22.9,-32.6,0.0516261030581466,139523079.449116,22.8903250647343,381232145.385402
23,-32.6,0.0516261030581466,139523079.449116,22.8903250647343,381232145.385402
23.1,-32.6,0.0516261030581466,139523079.449116,22.8903250647343,381232145.385402
23.2,-32.6,0.0516261030581466,139523079.449116,22.8903250647343,381232145.385402
23.3,-32.6,0.0516261030581466,139523079.449116,22.8903250647343,381232145.385402
23.4,-32.6,0.0516261030581466,139523079.449116,22.8903250647343,381232145.385402
23.5,-32.6,0.0508131118255871,102940504.157009,22.6935103623969,284600636.911835
23.6,-32.6,0.0508131118255871,102940504.157009,22.6935103623969,284600636.911835
23.7,-32.6,0.0508131118255871,102940504.157009,22.6935103623969,284600636.911835
23.8,-32.6,0.0508131118255871,102940504.157009,22.6935103623969,284600636.911835
23.9,-32.6,0.0508131118255871,102940504.157009,22.6935103623969,284600636.911835
24,-32.6,0.0508131118255871,102940504.157009,22.6935103623969,284600636.911835
24.1,-32.6,0.0535145947659837,281203236.081019,23.192779841136,780030600.366392
24.2,-32.6,0.0535145947659837,281203236.081019,23.192779841136,780030600.366392
24.3,-32.6,0.0535145947659837,281203236.081019,23.192779841136,780030600.366392
24.4,-32.6,0.0535145947659837,281203236.081019,23.192779841136,780030600.366392
24.5,-32.6,0.0535145947659837,281203236.081019,23.192779841136,780030600.366392
24.6,-32.6,0.0535145947659837,281203236.081019,23.192779841136,780030600.366392
24.7,-32.6,0.0480978298056812,37360114.6620301,22.1091925443165,107475638.598367
24.8,-32.6,0.0480978298056812,37360114.6620301,22.1091925443165,107475638.598367
24.9,-32.6,0.0480978298056812,37360114.6620301,22.1091925443165,107475638.598367
25,-32.6,0.0480978298056812,37360114.6620301,22.1091925443165,107475638.598367
25.1,-32.6,0.0480978298056812,37360114.6620301,22.1091925443165,107475638.598367
25.2,-32.6,0.0480978298056812,37360114.6620301,22.1091925443165,107475638.598367
25.3,-32.6,0.0480978298056812,37360114.6620301,22.1091925443165,107475638.598367
25.4,-32.6,0.0465811492911015,21269622.8241067,21.8481814691638,62145050.7723955
25.5,-32.6,0.0465811492911015,21269622.8241067,21.8481814691638,62145050.7723955
25.6,-32.6,0.0465811492911015,21269622.8241067,21.8481814691638,62145050.7723955
25.7,-32.6,0.0465811492911015,21269622.8241067,21.8481814691638,62145050.7723955
25.8,-32.6,0.0465811492911015,21269622.8241067,21.8481814691638,62145050.7723955
25.9,-32.6,0.0465811492911015,21269622.8241067,21.8481814691638,62145050.7723955
26,-32.6,0.0411561594804524,2835794.82117808,20.8824479028202,9158058.67857337
26.1,-32.6,0.0411561594804524,2835794.82117808,20.8824479028202,9158058.67857337
26.2,-32.6,0.0411561594804524,2835794.82117808,20.8824479028202,9158058.67857337
26.3,-32.6,0.0411561594804524,2835794.82117808,20.8824479028202,9158058.67857337
26.4,-32.6,0.0411561594804524,2835794.82117808,20.8824479028202,9158058.67857337
26.5,-32.6,0.0411561594804524,2835794.82117808,20.8824479028202,9158058.67857337
26.6,-32.6,0.0428682740948165,5341554.71885812,21.1263199866123,17429422.6454926
26.7,-32.6,0.0428682740948165,5341554.71885812,21.1263199866123,17429422.6454926
26.8,-32.6,0.0428682740948165,5341554.71885812,21.1263199866123,17429422.6454926
26.9,-32.6,0.0428682740948165,5341554.71885812,21.1263199866123,17429422.6454926
27,-32.6,0.0428682740948165,5341554.71885812,21.1263199866123,17429422.6454926
27.1,-32.6,0.0428682740948165,5341554.71885812,21.1263199866123,17429422.6454926
27.2,-32.6,0.0449615582159082,11568645.1974294,21.4087056576843,38556053.009531
27.3,-32.6,0.0449615582159082,11568645.1974294,21.4087056576843,38556053.009531
27.4,-32.6,0.0449615582159082,11568645.1974294,21.4087056576843,38556053.009531
27.5,-32.6,0.0449615582159082,11568645.1974294,21.4087056576843,38556053.009531
27.6,-32.6,0.0449615582159082,11568645.1974294,21.4087056576843,38556053.009531
27.7,-32.6,0.0449615582159082,11568645.1974294,21.4087056576843,38556053.009531
27.8,-32.6,0.0449615582159082,11568645.1974294,21.4087056576843,38556053.009531
27.9,-32.6,0.0531503424299935,240208520.833238,22.6444112501421,803827925.384133
28,-32.6,0.0531503424299935,240208520.833238,22.6444112501421,803827925.384133
28.1,-32.6,0.0531503424299935,240208520.833238,22.6444112501421,803827925.384133
28.2,-32.6,0.0531503424299935,240208520.833238,22.6444112501421,803827925.384133
28.3,-32.6,0.0531503424299935,240208520.833238,22.6444112501421,803827925.384133
28.4,-32.6,0.0531503424299935,240208520.833238,22.6444112501421,803827925.384133
18.4,-32.5,0.0319720081472401,94348.5138305722,19.4497016961896,618285.349558763
18.5,-32.5,0.0500297486342233,76998407.6861747,22.5653382795809,216984709.686384
18.6,-32.5,0.0500297486342233,76998407.6861747,22.5653382795809,216984709.686384
18.7,-32.5,0.0500297486342233,76998407.6861747,22.5653382795809,216984709.686384
18.8,-32.5,0.0500297486342233,76998407.6861747,22.5653382795809,216984709.686384
18.9,-32.5,0.0500297486342233,76998407.6861747,22.5653382795809,216984709.686384
19,-32.5,0.0500297486342233,76998407.6861747,22.5653382795809,216984709.686384
19.1,-32.5,0.0437340470888233,7430043.56078584,21.4747837354355,22324715.2448244
19.2,-32.5,0.0437340470888233,7430043.56078584,21.4747837354355,22324715.2448244
19.3,-32.5,0.0437340470888233,7430043.56078584,21.4747837354355,22324715.2448244
19.4,-32.5,0.0437340470888233,7430043.56078584,21.4747837354355,22324715.2448244
19.5,-32.5,0.0437340470888233,7430043.56078584,21.4747837354355,22324715.2448244
19.6,-32.5,0.0437340470888233,7430043.56078584,21.4747837354355,22324715.2448244
19.7,-32.5,0.0528539261602468,222410386.899153,23.3887022533064,596060630.48699
19.8,-32.5,0.0528539261602468,222410386.899153,23.3887022533064,596060630.48699
19.9,-32.5,0.0528539261602468,222410386.899153,23.3887022533064,596060630.48699
20,-32.5,0.0528539261602468,222410386.899153,23.3887022533064,596060630.48699
20.1,-32.5,0.0528539261602468,222410386.899153,23.3887022533064,596060630.48699
20.2,-32.5,0.0528539261602468,222410386.899153,23.3887022533064,596060630.48699
20.3,-32.5,0.0528539261602468,222410386.899153,23.3887022533064,596060630.48699
20.4,-32.5,0.0366969742990022,544198.482732029,20.1723969299613,1933795.22848012
20.5,-32.5,0.0366969742990022,544198.482732029,20.1723969299613,1933795.22848012
20.6,-32.5,0.0366969742990022,544198.482732029,20.1723969299613,1933795.22848012
20.7,-32.5,0.0366969742990022,544198.482732029,20.1723969299613,1933795.22848012
20.8,-32.5,0.0366969742990022,544198.482732029,20.1723969299613,1933795.22848012
20.9,-32.5,0.0366969742990022,544198.482732029,20.1723969299613,1933795.22848012
21,-32.5,0.0404860850287176,2216989.81258548,20.8227378069097,7089618.90786446
21.1,-32.5,0.0404860850287176,2216989.81258548,20.8227378069097,7089618.90786446
21.2,-32.5,0.0404860850287176,2216989.81258548,20.8227378069097,7089618.90786446
21.3,-32.5,0.0404860850287176,2216989.81258548,20.8227378069097,7089618.90786446
21.4,-32.5,0.0404860850287176,2216989.81258548,20.8227378069097,7089618.90786446
21.5,-32.5,0.0404860850287176,2216989.81258548,20.8227378069097,7089618.90786446
21.6,-32.5,0.0556736315416544,632853124.090725,23.8157665475175,1743624157.28205
21.7,-32.5,0.0556736315416544,632853124.090725,23.8157665475175,1743624157.28205
21.8,-32.5,0.0556736315416544,632853124.090725,23.8157665475175,1743624157.28205
21.9,-32.5,0.0556736315416544,632853124.090725,23.8157665475175,1743624157.28205
22,-32.5,0.0556736315416544,632853124.090725,23.8157665475175,1743624157.28205
22.1,-32.5,0.0556736315416544,632853124.090725,23.8157665475175,1743624157.28205
22.2,-32.5,0.0536044327170629,291826671.847429,23.3100491894797,793225044.907577
22.3,-32.5,0.0536044327170629,291826671.847429,23.3100491894797,793225044.907577
22.4,-32.5,0.0536044327170629,291826671.847429,23.3100491894797,793225044.907577
22.5,-32.5,0.0536044327170629,291826671.847429,23.3100491894797,793225044.907577
22.6,-32.5,0.0537128443912007,303888066.593513,23.3347287545546,825754186.026716
22.7,-32.5,0.0537128443912007,303888066.593513,23.3347287545546,825754186.026716
22.8,-32.5,0.0537128443912007,303888066.593513,23.3347287545546,825754186.026716
22.9,-32.5,0.0516261030581466,139523079.449116,22.8903250647343,381232145.385402
23,-32.5,0.0516261030581466,139523079.449116,22.8903250647343,381232145.385402
23.1,-32.5,0.0516261030581466,139523079.449116,22.8903250647343,381232145.385402
23.2,-32.5,0.0516261030581466,139523079.449116,22.8903250647343,381232145.385402
23.3,-32.5,0.0516261030581466,139523079.449116,22.8903250647343,381232145.385402
23.4,-32.5,0.0516261030581466,139523079.449116,22.8903250647343,381232145.385402
23.5,-32.5,0.0508131118255871,102940504.157009,22.6935103623969,284600636.911835
23.6,-32.5,0.0508131118255871,102940504.157009,22.6935103623969,284600636.911835
23.7,-32.5,0.0508131118255871,102940504.157009,22.6935103623969,284600636.911835
23.8,-32.5,0.0508131118255871,102940504.157009,22.6935103623969,284600636.911835
23.9,-32.5,0.0508131118255871,102940504.157009,22.6935103623969,284600636.911835
24,-32.5,0.0508131118255871,102940504.157009,22.6935103623969,284600636.911835
24.1,-32.5,0.0535145947659837,281203236.081019,23.192779841136,780030600.366392
24.2,-32.5,0.0535145947659837,281203236.081019,23.192779841136,780030600.366392
24.3,-32.5,0.0535145947659837,281203236.081019,23.192779841136,780030600.366392
24.4,-32.5,0.0535145947659837,281203236.081019,23.192779841136,780030600.366392
24.5,-32.5,0.0535145947659837,281203236.081019,23.192779841136,780030600.366392
24.6,-32.5,0.0535145947659837,281203236.081019,23.192779841136,780030600.366392
24.7,-32.5,0.0480978298056812,37360114.6620301,22.1091925443165,107475638.598367
24.8,-32.5,0.0480978298056812,37360114.6620301,22.1091925443165,107475638.598367
24.9,-32.5,0.0480978298056812,37360114.6620301,22.1091925443165,107475638.598367
25,-32.5,0.0480978298056812,37360114.6620301,22.1091925443165,107475638.598367
25.1,-32.5,0.0480978298056812,37360114.6620301,22.1091925443165,107475638.598367
25.2,-32.5,0.0480978298056812,37360114.6620301,22.1091925443165,107475638.598367
25.3,-32.5,0.0480978298056812,37360114.6620301,22.1091925443165,107475638.598367
25.4,-32.5,0.0465811492911015,21269622.8241067,21.8481814691638,62145050.7723955
25.5,-32.5,0.0465811492911015,21269622.8241067,21.8481814691638,62145050.7723955
25.6,-32.5,0.0465811492911015,21269622.8241067,21.8481814691638,62145050.7723955
25.7,-32.5,0.0465811492911015,21269622.8241067,21.8481814691638,62145050.7723955
25.8,-32.5,0.0465811492911015,21269622.8241067,21.8481814691638,62145050.7723955
25.9,-32.5,0.0465811492911015,21269622.8241067,21.8481814691638,62145050.7723955
26,-32.5,0.0411561594804524,2835794.82117808,20.8824479028202,9158058.67857337
26.1,-32.5,0.0411561594804524,2835794.82117808,20.8824479028202,9158058.67857337
26.2,-32.5,0.0411561594804524,2835794.82117808,20.8824479028202,9158058.67857337
26.3,-32.5,0.0411561594804524,2835794.82117808,20.8824479028202,9158058.67857337
26.4,-32.5,0.0411561594804524,2835794.82117808,20.8824479028202,9158058.67857337
26.5,-32.5,0.0411561594804524,2835794.82117808,20.8824479028202,9158058.67857337
26.6,-32.5,0.0428682740948165,5341554.71885812,21.1263199866123,17429422.6454926
26.7,-32.5,0.0428682740948165,5341554.71885812,21.1263199866123,17429422.6454926
26.8,-32.5,0.0428682740948165,5341554.71885812,21.1263199866123,17429422.6454926
26.9,-32.5,0.0428682740948165,5341554.71885812,21.1263199866123,17429422.6454926
27,-32.5,0.0428682740948165,5341554.71885812,21.1263199866123,17429422.6454926
27.1,-32.5,0.0428682740948165,5341554.71885812,21.1263199866123,17429422.6454926
27.2,-32.5,0.0449615582159082,11568645.1974294,21.4087056576843,38556053.009531
27.3,-32.5,0.0449615582159082,11568645.1974294,21.4087056576843,38556053.009531
27.4,-32.5,0.0449615582159082,11568645.1974294,21.4087056576843,38556053.009531
27.5,-32.5,0.0449615582159082,11568645.1974294,21.4087056576843,38556053.009531
27.6,-32.5,0.0449615582159082,11568645.1974294,21.4087056576843,38556053.009531
27.7,-32.5,0.0449615582159082,11568645.1974294,21.4087056576843,38556053.009531
27.8,-32.5,0.0449615582159082,11568645.1974294,21.4087056576843,38556053.009531
27.9,-32.5,0.0531503424299935,240208520.833238,22.6444112501421,803827925.384133
28,-32.5,0.0531503424299935,240208520.833238,22.6444112501421,803827925.384133
28.1,-32.5,0.0531503424299935,240208520.833238,22.6444112501421,803827925.384133
28.2,-32.5,0.0531503424299935,240208520.833238,22.6444112501421,803827925.384133
28.3,-32.5,0.0531503424299935,240208520.833238,22.6444112501421,803827925.384133
28.4,-32.5,0.0531503424299935,240208520.833238,22.6444112501421,803827925.384133
28.5,-32.5,0.0531681394192711,239695502.155222,22.534923333984,1049737563.98123
28.6,-32.5,0.0531681394192711,239695502.155222,22.534923333984,1049737563.98123
18.4,-32.4,0.0319720081472401,94348.5138305722,19.4497016961896,618285.349558763
18.5,-32.4,0.0500297486342233,76998407.6861747,22.5653382795809,216984709.686384
18.6,-32.4,0.0500297486342233,76998407.6861747,22.5653382795809,216984709.686384
18.7,-32.4,0.0500297486342233,76998407.6861747,22.5653382795809,216984709.686384
18.8,-32.4,0.0500297486342233,76998407.6861747,22.5653382795809,216984709.686384
18.9,-32.4,0.0500297486342233,76998407.6861747,22.5653382795809,216984709.686384
19,-32.4,0.0500297486342233,76998407.6861747,22.5653382795809,216984709.686384
19.1,-32.4,0.0437340470888233,7430043.56078584,21.4747837354355,22324715.2448244
19.2,-32.4,0.0437340470888233,7430043.56078584,21.4747837354355,22324715.2448244
19.3,-32.4,0.0437340470888233,7430043.56078584,21.4747837354355,22324715.2448244
19.4,-32.4,0.0437340470888233,7430043.56078584,21.4747837354355,22324715.2448244
19.5,-32.4,0.0437340470888233,7430043.56078584,21.4747837354355,22324715.2448244
19.6,-32.4,0.0437340470888233,7430043.56078584,21.4747837354355,22324715.2448244
19.7,-32.4,0.0528539261602468,222410386.899153,23.3887022533064,596060630.48699
19.8,-32.4,0.0528539261602468,222410386.899153,23.3887022533064,596060630.48699
19.9,-32.4,0.0528539261602468,222410386.899153,23.3887022533064,596060630.48699
20,-32.4,0.0528539261602468,222410386.899153,23.3887022533064,596060630.48699
20.1,-32.4,0.0528539261602468,222410386.899153,23.3887022533064,596060630.48699
20.2,-32.4,0.0528539261602468,222410386.899153,23.3887022533064,596060630.48699
20.3,-32.4,0.0528539261602468,222410386.899153,23.3887022533064,596060630.48699
20.4,-32.4,0.0366969742990022,544198.482732029,20.1723969299613,1933795.22848012
20.5,-32.4,0.0366969742990022,544198.482732029,20.1723969299613,1933795.22848012
20.6,-32.4,0.0366969742990022,544198.482732029,20.1723969299613,1933795.22848012
20.7,-32.4,0.0366969742990022,544198.482732029,20.1723969299613,1933795.22848012
20.8,-32.4,0.0366969742990022,544198.482732029,20.1723969299613,1933795.22848012
20.9,-32.4,0.0366969742990022,544198.482732029,20.1723969299613,1933795.22848012
21,-32.4,0.0404860850287176,2216989.81258548,20.8227378069097,7089618.90786446
21.1,-32.4,0.0404860850287176,2216989.81258548,20.8227378069097,7089618.90786446
21.2,-32.4,0.0404860850287176,2216989.81258548,20.8227378069097,7089618.90786446
21.3,-32.4,0.0404860850287176,2216989.81258548,20.8227378069097,7089618.90786446
21.4,-32.4,0.0404860850287176,2216989.81258548,20.8227378069097,7089618.90786446
21.5,-32.4,0.0404860850287176,2216989.81258548,20.8227378069097,7089618.90786446
21.6,-32.4,0.0556736315416544,632853124.090725,23.8157665475175,1743624157.28205
21.7,-32.4,0.0556736315416544,632853124.090725,23.8157665475175,1743624157.28205
21.8,-32.4,0.0556736315416544,632853124.090725,23.8157665475175,1743624157.28205
21.9,-32.4,0.0556736315416544,632853124.090725,23.8157665475175,1743624157.28205
22,-32.4,0.0556736315416544,632853124.090725,23.8157665475175,1743624157.28205
22.1,-32.4,0.0556736315416544,632853124.090725,23.8157665475175,1743624157.28205
22.2,-32.4,0.0536044327170629,291826671.847429,23.3100491894797,793225044.907577
22.3,-32.4,0.0536044327170629,291826671.847429,23.3100491894797,793225044.907577
22.4,-32.4,0.0536044327170629,291826671.847429,23.3100491894797,793225044.907577
22.5,-32.4,0.0536044327170629,291826671.847429,23.3100491894797,793225044.907577
22.6,-32.4,0.0537128443912007,303888066.593513,23.3347287545546,825754186.026716
22.7,-32.4,0.0537128443912007,303888066.593513,23.3347287545546,825754186.026716
22.8,-32.4,0.0537128443912007,303888066.593513,23.3347287545546,825754186.026716
22.9,-32.4,0.0516261030581466,139523079.449116,22.8903250647343,381232145.385402
23,-32.4,0.0516261030581466,139523079.449116,22.8903250647343,381232145.385402
23.1,-32.4,0.0516261030581466,139523079.449116,22.8903250647343,381232145.385402
23.2,-32.4,0.0516261030581466,139523079.449116,22.8903250647343,381232145.385402
23.3,-32.4,0.0516261030581466,139523079.449116,22.8903250647343,381232145.385402
23.4,-32.4,0.0516261030581466,139523079.449116,22.8903250647343,381232145.385402
23.5,-32.4,0.0508131118255871,102940504.157009,22.6935103623969,284600636.911835
23.6,-32.4,0.0508131118255871,102940504.157009,22.6935103623969,284600636.911835
23.7,-32.4,0.0508131118255871,102940504.157009,22.6935103623969,284600636.911835
23.8,-32.4,0.0508131118255871,102940504.157009,22.6935103623969,284600636.911835
23.9,-32.4,0.0508131118255871,102940504.157009,22.6935103623969,284600636.911835
24,-32.4,0.0508131118255871,102940504.157009,22.6935103623969,284600636.911835
24.1,-32.4,0.0535145947659837,281203236.081019,23.192779841136,780030600.366392
24.2,-32.4,0.0535145947659837,281203236.081019,23.192779841136,780030600.366392
24.3,-32.4,0.0535145947659837,281203236.081019,23.192779841136,780030600.366392
24.4,-32.4,0.0535145947659837,281203236.081019,23.192779841136,780030600.366392
24.5,-32.4,0.0535145947659837,281203236.081019,23.192779841136,780030600.366392
24.6,-32.4,0.0535145947659837,281203236.081019,23.192779841136,780030600.366392
24.7,-32.4,0.0480978298056812,37360114.6620301,22.1091925443165,107475638.598367
24.8,-32.4,0.0480978298056812,37360114.6620301,22.1091925443165,107475638.598367
24.9,-32.4,0.0480978298056812,37360114.6620301,22.1091925443165,107475638.598367
25,-32.4,0.0480978298056812,37360114.6620301,22.1091925443165,107475638.598367
25.1,-32.4,0.0480978298056812,37360114.6620301,22.1091925443165,107475638.598367
25.2,-32.4,0.0480978298056812,37360114.6620301,22.1091925443165,107475638.598367
25.3,-32.4,0.0480978298056812,37360114.6620301,22.1091925443165,107475638.598367
25.4,-32.4,0.0465811492911015,21269622.8241067,21.8481814691638,62145050.7723955
25.5,-32.4,0.0465811492911015,21269622.8241067,21.8481814691638,62145050.7723955
25.6,-32.4,0.0465811492911015,21269622.8241067,21.8481814691638,62145050.7723955
25.7,-32.4,0.0465811492911015,21269622.8241067,21.8481814691638,62145050.7723955
25.8,-32.4,0.0465811492911015,21269622.8241067,21.8481814691638,62145050.7723955
25.9,-32.4,0.0465811492911015,21269622.8241067,21.8481814691638,62145050.7723955
26,-32.4,0.0411561594804524,2835794.82117808,20.8824479028202,9158058.67857337
26.1,-32.4,0.0411561594804524,2835794.82117808,20.8824479028202,9158058.67857337
26.2,-32.4,0.0411561594804524,2835794.82117808,20.8824479028202,9158058.67857337
26.3,-32.4,0.0411561594804524,2835794.82117808,20.8824479028202,9158058.67857337
26.4,-32.4,0.0411561594804524,2835794.82117808,20.8824479028202,9158058.67857337
26.5,-32.4,0.0411561594804524,2835794.82117808,20.8824479028202,9158058.67857337
26.6,-32.4,0.0428682740948165,5341554.71885812,21.1263199866123,17429422.6454926
26.7,-32.4,0.0428682740948165,5341554.71885812,21.1263199866123,17429422.6454926
26.8,-32.4,0.0428682740948165,5341554.71885812,21.1263199866123,17429422.6454926
26.9,-32.4,0.0428682740948165,5341554.71885812,21.1263199866123,17429422.6454926
27,-32.4,0.0428682740948165,5341554.71885812,21.1263199866123,17429422.6454926
27.1,-32.4,0.0428682740948165,5341554.71885812,21.1263199866123,17429422.6454926
27.2,-32.4,0.0449615582159082,11568645.1974294,21.4087056576843,38556053.009531
27.3,-32.4,0.0449615582159082,11568645.1974294,21.4087056576843,38556053.009531
27.4,-32.4,0.0449615582159082,11568645.1974294,21.4087056576843,38556053.009531
27.5,-32.4,0.0449615582159082,11568645.1974294,21.4087056576843,38556053.009531
27.6,-32.4,0.0449615582159082,11568645.1974294,21.4087056576843,38556053.009531
27.7,-32.4,0.0449615582159082,11568645.1974294,21.4087056576843,38556053.009531
27.8,-32.4,0.0449615582159082,11568645.1974294,21.4087056576843,38556053.009531
27.9,-32.4,0.0531503424299935,240208520.833238,22.6444112501421,803827925.384133
28,-32.4,0.0531503424299935,240208520.833238,22.6444112501421,803827925.384133
28.1,-32.4,0.0531503424299935,240208520.833238,22.6444112501421,803827925.384133
28.2,-32.4,0.0531503424299935,240208520.833238,22.6444112501421,803827925.384133
28.3,-32.4,0.0531503424299935,240208520.833238,22.6444112501421,803827925.384133
28.4,-32.4,0.0531503424299935,240208520.833238,22.6444112501421,803827925.384133
28.5,-32.4,0.0531681394192711,239695502.155222,22.534923333984,1049737563.98123
28.6,-32.4,0.0531681394192711,239695502.155222,22.534923333984,1049737563.98123
28.7,-32.4,0.0531681394192711,239695502.155222,22.534923333984,1049737563.98123
18.4,-32.3,0.0319720081472401,94348.5138305722,19.4497016961896,618285.349558763
18.5,-32.3,0.0500297486342233,76998407.6861747,22.5653382795809,216984709.686384
18.6,-32.3,0.0500297486342233,76998407.6861747,22.5653382795809,216984709.686384
18.7,-32.3,0.0500297486342233,76998407.6861747,22.5653382795809,216984709.686384
18.8,-32.3,0.0500297486342233,76998407.6861747,22.5653382795809,216984709.686384
18.9,-32.3,0.0500297486342233,76998407.6861747,22.5653382795809,216984709.686384
19,-32.3,0.0500297486342233,76998407.6861747,22.5653382795809,216984709.686384
19.1,-32.3,0.0437340470888233,7430043.56078584,21.4747837354355,22324715.2448244
19.2,-32.3,0.0437340470888233,7430043.56078584,21.4747837354355,22324715.2448244
19.3,-32.3,0.0437340470888233,7430043.56078584,21.4747837354355,22324715.2448244
19.4,-32.3,0.0437340470888233,7430043.56078584,21.4747837354355,22324715.2448244
19.5,-32.3,0.0437340470888233,7430043.56078584,21.4747837354355,22324715.2448244
19.6,-32.3,0.0437340470888233,7430043.56078584,21.4747837354355,22324715.2448244
19.7,-32.3,0.0528539261602468,222410386.899153,23.3887022533064,596060630.48699
19.8,-32.3,0.0528539261602468,222410386.899153,23.3887022533064,596060630.48699
19.9,-32.3,0.0528539261602468,222410386.899153,23.3887022533064,596060630.48699
20,-32.3,0.0528539261602468,222410386.899153,23.3887022533064,596060630.48699
20.1,-32.3,0.0528539261602468,222410386.899153,23.3887022533064,596060630.48699
20.2,-32.3,0.0528539261602468,222410386.899153,23.3887022533064,596060630.48699
20.3,-32.3,0.0528539261602468,222410386.899153,23.3887022533064,596060630.48699
20.4,-32.3,0.0366969742990022,544198.482732029,20.1723969299613,1933795.22848012
20.5,-32.3,0.0366969742990022,544198.482732029,20.1723969299613,1933795.22848012
20.6,-32.3,0.0366969742990022,544198.482732029,20.1723969299613,1933795.22848012
20.7,-32.3,0.0366969742990022,544198.482732029,20.1723969299613,1933795.22848012
20.8,-32.3,0.0366969742990022,544198.482732029,20.1723969299613,1933795.22848012
20.9,-32.3,0.0366969742990022,544198.482732029,20.1723969299613,1933795.22848012
21,-32.3,0.0404860850287176,2216989.81258548,20.8227378069097,7089618.90786446
21.1,-32.3,0.0404860850287176,2216989.81258548,20.8227378069097,7089618.90786446
21.2,-32.3,0.0404860850287176,2216989.81258548,20.8227378069097,7089618.90786446
21.3,-32.3,0.0404860850287176,2216989.81258548,20.8227378069097,7089618.90786446
21.4,-32.3,0.0404860850287176,2216989.81258548,20.8227378069097,7089618.90786446
21.5,-32.3,0.0404860850287176,2216989.81258548,20.8227378069097,7089618.90786446
21.6,-32.3,0.0556736315416544,632853124.090725,23.8157665475175,1743624157.28205
21.7,-32.3,0.0556736315416544,632853124.090725,23.8157665475175,1743624157.28205
21.8,-32.3,0.0556736315416544,632853124.090725,23.8157665475175,1743624157.28205
21.9,-32.3,0.0556736315416544,632853124.090725,23.8157665475175,1743624157.28205
22,-32.3,0.0556736315416544,632853124.090725,23.8157665475175,1743624157.28205
22.1,-32.3,0.0556736315416544,632853124.090725,23.8157665475175,1743624157.28205
22.2,-32.3,0.0536044327170629,291826671.847429,23.3100491894797,793225044.907577
22.3,-32.3,0.0536044327170629,291826671.847429,23.3100491894797,793225044.907577
22.4,-32.3,0.0536044327170629,291826671.847429,23.3100491894797,793225044.907577
22.5,-32.3,0.0536044327170629,291826671.847429,23.3100491894797,793225044.907577
22.6,-32.3,0.0537128443912007,303888066.593513,23.3347287545546,825754186.026716
22.7,-32.3,0.0537128443912007,303888066.593513,23.3347287545546,825754186.026716
22.8,-32.3,0.0537128443912007,303888066.593513,23.3347287545546,825754186.026716
22.9,-32.3,0.0516261030581466,139523079.449116,22.8903250647343,381232145.385402
23,-32.3,0.0516261030581466,139523079.449116,22.8903250647343,381232145.385402
23.1,-32.3,0.0516261030581466,139523079.449116,22.8903250647343,381232145.385402
23.2,-32.3,0.0516261030581466,139523079.449116,22.8903250647343,381232145.385402
23.3,-32.3,0.0516261030581466,139523079.449116,22.8903250647343,381232145.385402
23.4,-32.3,0.0516261030581466,139523079.449116,22.8903250647343,381232145.385402
23.5,-32.3,0.0508131118255871,102940504.157009,22.6935103623969,284600636.911835
23.6,-32.3,0.0508131118255871,102940504.157009,22.6935103623969,284600636.911835
23.7,-32.3,0.0508131118255871,102940504.157009,22.6935103623969,284600636.911835
23.8,-32.3,0.0508131118255871,102940504.157009,22.6935103623969,284600636.911835
23.9,-32.3,0.0508131118255871,102940504.157009,22.6935103623969,284600636.911835
24,-32.3,0.0508131118255871,102940504.157009,22.6935103623969,284600636.911835
24.1,-32.3,0.0535145947659837,281203236.081019,23.192779841136,780030600.366392
24.2,-32.3,0.0535145947659837,281203236.081019,23.192779841136,780030600.366392
24.3,-32.3,0.0535145947659837,281203236.081019,23.192779841136,780030600.366392
24.4,-32.3,0.0535145947659837,281203236.081019,23.192779841136,780030600.366392
24.5,-32.3,0.0535145947659837,281203236.081019,23.192779841136,780030600.366392
24.6,-32.3,0.0535145947659837,281203236.081019,23.192779841136,780030600.366392
24.7,-32.3,0.0480978298056812,37360114.6620301,22.1091925443165,107475638.598367
24.8,-32.3,0.0480978298056812,37360114.6620301,22.1091925443165,107475638.598367
24.9,-32.3,0.0480978298056812,37360114.6620301,22.1091925443165,107475638.598367
25,-32.3,0.0480978298056812,37360114.6620301,22.1091925443165,107475638.598367
25.1,-32.3,0.0480978298056812,37360114.6620301,22.1091925443165,107475638.598367
25.2,-32.3,0.0480978298056812,37360114.6620301,22.1091925443165,107475638.598367
25.3,-32.3,0.0480978298056812,37360114.6620301,22.1091925443165,107475638.598367
25.4,-32.3,0.0465811492911015,21269622.8241067,21.8481814691638,62145050.7723955
25.5,-32.3,0.0465811492911015,21269622.8241067,21.8481814691638,62145050.7723955
25.6,-32.3,0.0465811492911015,21269622.8241067,21.8481814691638,62145050.7723955
25.7,-32.3,0.0465811492911015,21269622.8241067,21.8481814691638,62145050.7723955
25.8,-32.3,0.0465811492911015,21269622.8241067,21.8481814691638,62145050.7723955
25.9,-32.3,0.0465811492911015,21269622.8241067,21.8481814691638,62145050.7723955
26,-32.3,0.0411561594804524,2835794.82117808,20.8824479028202,9158058.67857337
26.1,-32.3,0.0411561594804524,2835794.82117808,20.8824479028202,9158058.67857337
26.2,-32.3,0.0411561594804524,2835794.82117808,20.8824479028202,9158058.67857337
26.3,-32.3,0.0411561594804524,2835794.82117808,20.8824479028202,9158058.67857337
26.4,-32.3,0.0411561594804524,2835794.82117808,20.8824479028202,9158058.67857337
26.5,-32.3,0.0411561594804524,2835794.82117808,20.8824479028202,9158058.67857337
26.6,-32.3,0.0428682740948165,5341554.71885812,21.1263199866123,17429422.6454926
26.7,-32.3,0.0428682740948165,5341554.71885812,21.1263199866123,17429422.6454926
26.8,-32.3,0.0428682740948165,5341554.71885812,21.1263199866123,17429422.6454926
26.9,-32.3,0.0428682740948165,5341554.71885812,21.1263199866123,17429422.6454926
27,-32.3,0.0428682740948165,5341554.71885812,21.1263199866123,17429422.6454926
27.1,-32.3,0.0428682740948165,5341554.71885812,21.1263199866123,17429422.6454926
27.2,-32.3,0.0449615582159082,11568645.1974294,21.4087056576843,38556053.009531
27.3,-32.3,0.0449615582159082,11568645.1974294,21.4087056576843,38556053.009531
27.4,-32.3,0.0449615582159082,11568645.1974294,21.4087056576843,38556053.009531
27.5,-32.3,0.0449615582159082,11568645.1974294,21.4087056576843,38556053.009531
27.6,-32.3,0.0449615582159082,11568645.1974294,21.4087056576843,38556053.009531
27.7,-32.3,0.0449615582159082,11568645.1974294,21.4087056576843,38556053.009531
27.8,-32.3,0.0449615582159082,11568645.1974294,21.4087056576843,38556053.009531
27.9,-32.3,0.0531503424299935,240208520.833238,22.6444112501421,803827925.384133
28,-32.3,0.0531503424299935,240208520.833238,22.6444112501421,803827925.384133
28.1,-32.3,0.0531503424299935,240208520.833238,22.6444112501421,803827925.384133
28.2,-32.3,0.0531503424299935,240208520.833238,22.6444112501421,803827925.384133
28.3,-32.3,0.0531503424299935,240208520.833238,22.6444112501421,803827925.384133
28.4,-32.3,0.0531503424299935,240208520.833238,22.6444112501421,803827925.384133
28.5,-32.3,0.0531681394192711,239695502.155222,22.534923333984,1049737563.98123
28.6,-32.3,0.0531681394192711,239695502.155222,22.534923333984,1049737563.98123
28.7,-32.3,0.0531681394192711,239695502.155222,22.534923333984,1049737563.98123
28.8,-32.3,0.0531681394192711,239695502.155222,22.534923333984,1049737563.98123
18.4,-32.2,0.0288827008429776,30167.3617071254,19.0318330583925,251857.844024079
18.5,-32.2,0.0546333473395261,425433266.95516,23.3375581077893,1164511010.93914
18.6,-32.2,0.0546333473395261,425433266.95516,23.3375581077893,1164511010.93914
18.7,-32.2,0.0546333473395261,425433266.95516,23.3375581077893,1164511010.93914
18.8,-32.2,0.0546333473395261,425433266.95516,23.3375581077893,1164511010.93914
18.9,-32.2,0.0546333473395261,425433266.95516,23.3375581077893,1164511010.93914
19,-32.2,0.0546333473395261,425433266.95516,23.3375581077893,1164511010.93914
19.1,-32.2,0.0557823487682231,660562928.858201,23.9170041363939,1742518807.78693
19.2,-32.2,0.0557823487682231,660562928.858201,23.9170041363939,1742518807.78693
19.3,-32.2,0.0557823487682231,660562928.858201,23.9170041363939,1742518807.78693
19.4,-32.2,0.0557823487682231,660562928.858201,23.9170041363939,1742518807.78693
19.5,-32.2,0.0557823487682231,660562928.858201,23.9170041363939,1742518807.78693
19.6,-32.2,0.0557823487682231,660562928.858201,23.9170041363939,1742518807.78693
19.7,-32.2,0.0499942988303713,76087311.454749,22.614489686845,208348914.681858
19.8,-32.2,0.0499942988303713,76087311.454749,22.614489686845,208348914.681858
19.9,-32.2,0.0499942988303713,76087311.454749,22.614489686845,208348914.681858
20,-32.2,0.0499942988303713,76087311.454749,22.614489686845,208348914.681858
20.1,-32.2,0.0499942988303713,76087311.454749,22.614489686845,208348914.681858
20.2,-32.2,0.0499942988303713,76087311.454749,22.614489686845,208348914.681858
20.3,-32.2,0.0499942988303713,76087311.454749,22.614489686845,208348914.681858
20.4,-32.2,0.0377011904070724,789930.724921463,20.3455321979359,2666707.45572671
20.5,-32.2,0.0377011904070724,789930.724921463,20.3455321979359,2666707.45572671
20.6,-32.2,0.0377011904070724,789930.724921463,20.3455321979359,2666707.45572671
20.7,-32.2,0.0377011904070724,789930.724921463,20.3455321979359,2666707.45572671
20.8,-32.2,0.0377011904070724,789930.724921463,20.3455321979359,2666707.45572671
20.9,-32.2,0.0377011904070724,789930.724921463,20.3455321979359,2666707.45572671
21,-32.2,0.0383213818511327,994393.192294236,20.4579726146499,3223387.23654398
21.1,-32.2,0.0383213818511327,994393.192294236,20.4579726146499,3223387.23654398
21.2,-32.2,0.0383213818511327,994393.192294236,20.4579726146499,3223387.23654398
21.3,-32.2,0.0383213818511327,994393.192294236,20.4579726146499,3223387.23654398
21.4,-32.2,0.0383213818511327,994393.192294236,20.4579726146499,3223387.23654398
21.5,-32.2,0.0383213818511327,994393.192294236,20.4579726146499,3223387.23654398
21.6,-32.2,0.041226692410327,2922331.10923776,20.9727363064754,8882756.78087578
21.7,-32.2,0.041226692410327,2922331.10923776,20.9727363064754,8882756.78087578
21.8,-32.2,0.041226692410327,2922331.10923776,20.9727363064754,8882756.78087578
21.9,-32.2,0.041226692410327,2922331.10923776,20.9727363064754,8882756.78087578
22,-32.2,0.041226692410327,2922331.10923776,20.9727363064754,8882756.78087578
22.1,-32.2,0.041226692410327,2922331.10923776,20.9727363064754,8882756.78087578
22.2,-32.2,0.0386609669826477,1127864.34730751,20.5114263505578,3639584.52778902
22.3,-32.2,0.0386609669826477,1127864.34730751,20.5114263505578,3639584.52778902
22.4,-32.2,0.0386609669826477,1127864.34730751,20.5114263505578,3639584.52778902
22.5,-32.2,0.0386609669826477,1127864.34730751,20.5114263505578,3639584.52778902
22.6,-32.2,0.0388144669093331,1193923.74236068,20.5381996246976,3835931.63012708
22.7,-32.2,0.0388144669093331,1193923.74236068,20.5381996246976,3835931.63012708
22.8,-32.2,0.0388144669093331,1193923.74236068,20.5381996246976,3835931.63012708
22.9,-32.2,0.0467303262949579,22582170.0916745,21.9765416964062,63275956.2219996
23,-32.2,0.0467303262949579,22582170.0916745,21.9765416964062,63275956.2219996
23.1,-32.2,0.0467303262949579,22582170.0916745,21.9765416964062,63275956.2219996
23.2,-32.2,0.0467303262949579,22582170.0916745,21.9765416964062,63275956.2219996
23.3,-32.2,0.0467303262949579,22582170.0916745,21.9765416964062,63275956.2219996
23.4,-32.2,0.0467303262949579,22582170.0916745,21.9765416964062,63275956.2219996
23.5,-32.2,0.0418181554727734,3638526.19970327,21.0663455135182,10964099.9763165
23.6,-32.2,0.0418181554727734,3638526.19970327,21.0663455135182,10964099.9763165
23.7,-32.2,0.0418181554727734,3638526.19970327,21.0663455135182,10964099.9763165
23.8,-32.2,0.0418181554727734,3638526.19970327,21.0663455135182,10964099.9763165
23.9,-32.2,0.0418181554727734,3638526.19970327,21.0663455135182,10964099.9763165
24,-32.2,0.0418181554727734,3638526.19970327,21.0663455135182,10964099.9763165
24.1,-32.2,0.0389946684135907,1275206.94943906,20.5501425671358,4112113.0508258
24.2,-32.2,0.0389946684135907,1275206.94943906,20.5501425671358,4112113.0508258
24.3,-32.2,0.0389946684135907,1275206.94943906,20.5501425671358,4112113.0508258
24.4,-32.2,0.0389946684135907,1275206.94943906,20.5501425671358,4112113.0508258
24.5,-32.2,0.0389946684135907,1275206.94943906,20.5501425671358,4112113.0508258
24.6,-32.2,0.0389946684135907,1275206.94943906,20.5501425671358,4112113.0508258
24.7,-32.2,0.0404796212464747,2211527.57749625,20.8056997338737,6844238.35341891
24.8,-32.2,0.0404796212464747,2211527.57749625,20.8056997338737,6844238.35341891
24.9,-32.2,0.0404796212464747,2211527.57749625,20.8056997338737,6844238.35341891
25,-32.2,0.0404796212464747,2211527.57749625,20.8056997338737,6844238.35341891
25.1,-32.2,0.0404796212464747,2211527.57749625,20.8056997338737,6844238.35341891
25.2,-32.2,0.0404796212464747,2211527.57749625,20.8056997338737,6844238.35341891
25.3,-32.2,0.0404796212464747,2211527.57749625,20.8056997338737,6844238.35341891
25.4,-32.2,0.0463836917675,19826933.1759953,21.8853149086577,56007674.5674718
25.5,-32.2,0.0463836917675,19826933.1759953,21.8853149086577,56007674.5674718
25.6,-32.2,0.0463836917675,19826933.1759953,21.8853149086577,56007674.5674718
25.7,-32.2,0.0463836917675,19826933.1759953,21.8853149086577,56007674.5674718
25.8,-32.2,0.0463836917675,19826933.1759953,21.8853149086577,56007674.5674718
25.9,-32.2,0.0463836917675,19826933.1759953,21.8853149086577,56007674.5674718
26,-32.2,0.0402255336615339,2011699.80894925,20.7502497985168,6255977.24829467
26.1,-32.2,0.0402255336615339,2011699.80894925,20.7502497985168,6255977.24829467
26.2,-32.2,0.0402255336615339,2011699.80894925,20.7502497985168,6255977.24829467
26.3,-32.2,0.0402255336615339,2011699.80894925,20.7502497985168,6255977.24829467
26.4,-32.2,0.0402255336615339,2011699.80894925,20.7502497985168,6255977.24829467
26.5,-32.2,0.0402255336615339,2011699.80894925,20.7502497985168,6255977.24829467
26.6,-32.2,0.0426473126329726,4933640.85813329,21.1367787311773,14972454.9332716
26.7,-32.2,0.0426473126329726,4933640.85813329,21.1367787311773,14972454.9332716
26.8,-32.2,0.0426473126329726,4933640.85813329,21.1367787311773,14972454.9332716
26.9,-32.2,0.0426473126329726,4933640.85813329,21.1367787311773,14972454.9332716
27,-32.2,0.0426473126329726,4933640.85813329,21.1367787311773,14972454.9332716
27.1,-32.2,0.0426473126329726,4933640.85813329,21.1367787311773,14972454.9332716
27.2,-32.2,0.0498180229027793,70565919.7824208,22.3342889006125,203921353.520201
27.3,-32.2,0.0498180229027793,70565919.7824208,22.3342889006125,203921353.520201
27.4,-32.2,0.0498180229027793,70565919.7824208,22.3342889006125,203921353.520201
27.5,-32.2,0.0498180229027793,70565919.7824208,22.3342889006125,203921353.520201
27.6,-32.2,0.0498180229027793,70565919.7824208,22.3342889006125,203921353.520201
27.7,-32.2,0.0498180229027793,70565919.7824208,22.3342889006125,203921353.520201
27.8,-32.2,0.0498180229027793,70565919.7824208,22.3342889006125,203921353.520201
27.9,-32.2,0.0520769339335295,162183913.26984,22.5847556617061,491582349.084813
28,-32.2,0.0520769339335295,162183913.26984,22.5847556617061,491582349.084813
28.1,-32.2,0.0520769339335295,162183913.26984,22.5847556617061,491582349.084813
28.2,-32.2,0.0520769339335295,162183913.26984,22.5847556617061,491582349.084813
28.3,-32.2,0.0520769339335295,162183913.26984,22.5847556617061,491582349.084813
28.4,-32.2,0.0520769339335295,162183913.26984,22.5847556617061,491582349.084813
28.5,-32.2,0.0577607018040017,1338286619.01032,23.5022877622203,4063244500.47108
28.6,-32.2,0.0577607018040017,1338286619.01032,23.5022877622203,4063244500.47108
28.7,-32.2,0.0577607018040017,1338286619.01032,23.5022877622203,4063244500.47108
28.8,-32.2,0.0577607018040017,1338286619.01032,23.5022877622203,4063244500.47108
28.9,-32.2,0.0577607018040017,1338286619.01032,23.5022877622203,4063244500.47108
18.4,-32.1,0.0288827008429776,30167.3617071254,19.0318330583925,251857.844024079
18.5,-32.1,0.0546333473395261,425433266.95516,23.3375581077893,1164511010.93914
18.6,-32.1,0.0546333473395261,425433266.95516,23.3375581077893,1164511010.93914
18.7,-32.1,0.0546333473395261,425433266.95516,23.3375581077893,1164511010.93914
18.8,-32.1,0.0546333473395261,425433266.95516,23.3375581077893,1164511010.93914
18.9,-32.1,0.0546333473395261,425433266.95516,23.3375581077893,1164511010.93914
19,-32.1,0.0546333473395261,425433266.95516,23.3375581077893,1164511010.93914
19.1,-32.1,0.0557823487682231,660562928.858201,23.9170041363939,1742518807.78693
19.2,-32.1,0.0557823487682231,660562928.858201,23.9170041363939,1742518807.78693
19.3,-32.1,0.0557823487682231,660562928.858201,23.9170041363939,1742518807.78693
19.4,-32.1,0.0557823487682231,660562928.858201,23.9170041363939,1742518807.78693
19.5,-32.1,0.0557823487682231,660562928.858201,23.9170041363939,1742518807.78693
19.6,-32.1,0.0557823487682231,660562928.858201,23.9170041363939,1742518807.78693
19.7,-32.1,0.0499942988303713,76087311.454749,22.614489686845,208348914.681858
19.8,-32.1,0.0499942988303713,76087311.454749,22.614489686845,208348914.681858
19.9,-32.1,0.0499942988303713,76087311.454749,22.614489686845,208348914.681858
20,-32.1,0.0499942988303713,76087311.454749,22.614489686845,208348914.681858
20.1,-32.1,0.0499942988303713,76087311.454749,22.614489686845,208348914.681858
20.2,-32.1,0.0499942988303713,76087311.454749,22.614489686845,208348914.681858
20.3,-32.1,0.0499942988303713,76087311.454749,22.614489686845,208348914.681858
20.4,-32.1,0.0377011904070724,789930.724921463,20.3455321979359,2666707.45572671
20.5,-32.1,0.0377011904070724,789930.724921463,20.3455321979359,2666707.45572671
20.6,-32.1,0.0377011904070724,789930.724921463,20.3455321979359,2666707.45572671
20.7,-32.1,0.0377011904070724,789930.724921463,20.3455321979359,2666707.45572671
20.8,-32.1,0.0377011904070724,789930.724921463,20.3455321979359,2666707.45572671
20.9,-32.1,0.0377011904070724,789930.724921463,20.3455321979359,2666707.45572671
21,-32.1,0.0383213818511327,994393.192294236,20.4579726146499,3223387.23654398
21.1,-32.1,0.0383213818511327,994393.192294236,20.4579726146499,3223387.23654398
21.2,-32.1,0.0383213818511327,994393.192294236,20.4579726146499,3223387.23654398
21.3,-32.1,0.0383213818511327,994393.192294236,20.4579726146499,3223387.23654398
21.4,-32.1,0.0383213818511327,994393.192294236,20.4579726146499,3223387.23654398
21.5,-32.1,0.0383213818511327,994393.192294236,20.4579726146499,3223387.23654398
21.6,-32.1,0.041226692410327,2922331.10923776,20.9727363064754,8882756.78087578
21.7,-32.1,0.041226692410327,2922331.10923776,20.9727363064754,8882756.78087578
21.8,-32.1,0.041226692410327,2922331.10923776,20.9727363064754,8882756.78087578
21.9,-32.1,0.041226692410327,2922331.10923776,20.9727363064754,8882756.78087578
22,-32.1,0.041226692410327,2922331.10923776,20.9727363064754,8882756.78087578
22.1,-32.1,0.041226692410327,2922331.10923776,20.9727363064754,8882756.78087578
22.2,-32.1,0.0386609669826477,1127864.34730751,20.5114263505578,3639584.52778902
22.3,-32.1,0.0386609669826477,1127864.34730751,20.5114263505578,3639584.52778902
22.4,-32.1,0.0386609669826477,1127864.34730751,20.5114263505578,3639584.52778902
22.5,-32.1,0.0386609669826477,1127864.34730751,20.5114263505578,3639584.52778902
22.6,-32.1,0.0388144669093331,1193923.74236068,20.5381996246976,3835931.63012708
22.7,-32.1,0.0388144669093331,1193923.74236068,20.5381996246976,3835931.63012708
22.8,-32.1,0.0388144669093331,1193923.74236068,20.5381996246976,3835931.63012708
22.9,-32.1,0.0467303262949579,22582170.0916745,21.9765416964062,63275956.2219996
23,-32.1,0.0467303262949579,22582170.0916745,21.9765416964062,63275956.2219996
23.1,-32.1,0.0467303262949579,22582170.0916745,21.9765416964062,63275956.2219996
23.2,-32.1,0.0467303262949579,22582170.0916745,21.9765416964062,63275956.2219996
23.3,-32.1,0.0467303262949579,22582170.0916745,21.9765416964062,63275956.2219996
23.4,-32.1,0.0467303262949579,22582170.0916745,21.9765416964062,63275956.2219996
23.5,-32.1,0.0418181554727734,3638526.19970327,21.0663455135182,10964099.9763165
23.6,-32.1,0.0418181554727734,3638526.19970327,21.0663455135182,10964099.9763165
23.7,-32.1,0.0418181554727734,3638526.19970327,21.0663455135182,10964099.9763165
23.8,-32.1,0.0418181554727734,3638526.19970327,21.0663455135182,10964099.9763165
23.9,-32.1,0.0418181554727734,3638526.19970327,21.0663455135182,10964099.9763165
24,-32.1,0.0418181554727734,3638526.19970327,21.0663455135182,10964099.9763165
24.1,-32.1,0.0389946684135907,1275206.94943906,20.5501425671358,4112113.0508258
24.2,-32.1,0.0389946684135907,1275206.94943906,20.5501425671358,4112113.0508258
24.3,-32.1,0.0389946684135907,1275206.94943906,20.5501425671358,4112113.0508258
24.4,-32.1,0.0389946684135907,1275206.94943906,20.5501425671358,4112113.0508258
24.5,-32.1,0.0389946684135907,1275206.94943906,20.5501425671358,4112113.0508258
24.6,-32.1,0.0389946684135907,1275206.94943906,20.5501425671358,4112113.0508258
24.7,-32.1,0.0404796212464747,2211527.57749625,20.8056997338737,6844238.35341891
24.8,-32.1,0.0404796212464747,2211527.57749625,20.8056997338737,6844238.35341891
24.9,-32.1,0.0404796212464747,2211527.57749625,20.8056997338737,6844238.35341891
25,-32.1,0.0404796212464747,2211527.57749625,20.8056997338737,6844238.35341891
25.1,-32.1,0.0404796212464747,2211527.57749625,20.8056997338737,6844238.35341891
25.2,-32.1,0.0404796212464747,2211527.57749625,20.8056997338737,6844238.35341891
25.3,-32.1,0.0404796212464747,2211527.57749625,20.8056997338737,6844238.35341891
25.4,-32.1,0.0463836917675,19826933.1759953,21.8853149086577,56007674.5674718
25.5,-32.1,0.0463836917675,19826933.1759953,21.8853149086577,56007674.5674718
25.6,-32.1,0.0463836917675,19826933.1759953,21.8853149086577,56007674.5674718
25.7,-32.1,0.0463836917675,19826933.1759953,21.8853149086577,56007674.5674718
25.8,-32.1,0.0463836917675,19826933.1759953,21.8853149086577,56007674.5674718
25.9,-32.1,0.0463836917675,19826933.1759953,21.8853149086577,56007674.5674718
26,-32.1,0.0402255336615339,2011699.80894925,20.7502497985168,6255977.24829467
26.1,-32.1,0.0402255336615339,2011699.80894925,20.7502497985168,6255977.24829467
26.2,-32.1,0.0402255336615339,2011699.80894925,20.7502497985168,6255977.24829467
26.3,-32.1,0.0402255336615339,2011699.80894925,20.7502497985168,6255977.24829467
26.4,-32.1,0.0402255336615339,2011699.80894925,20.7502497985168,6255977.24829467
26.5,-32.1,0.0402255336615339,2011699.80894925,20.7502497985168,6255977.24829467
26.6,-32.1,0.0426473126329726,4933640.85813329,21.1367787311773,14972454.9332716
26.7,-32.1,0.0426473126329726,4933640.85813329,21.1367787311773,14972454.9332716
26.8,-32.1,0.0426473126329726,4933640.85813329,21.1367787311773,14972454.9332716
26.9,-32.1,0.0426473126329726,4933640.85813329,21.1367787311773,14972454.9332716
27,-32.1,0.0426473126329726,4933640.85813329,21.1367787311773,14972454.9332716
27.1,-32.1,0.0426473126329726,4933640.85813329,21.1367787311773,14972454.9332716
27.2,-32.1,0.0498180229027793,70565919.7824208,22.3342889006125,203921353.520201
27.3,-32.1,0.0498180229027793,70565919.7824208,22.3342889006125,203921353.520201
27.4,-32.1,0.0498180229027793,70565919.7824208,22.3342889006125,203921353.520201
27.5,-32.1,0.0498180229027793,70565919.7824208,22.3342889006125,203921353.520201
27.6,-32.1,0.0498180229027793,70565919.7824208,22.3342889006125,203921353.520201
27.7,-32.1,0.0498180229027793,70565919.7824208,22.3342889006125,203921353.520201
27.8,-32.1,0.0498180229027793,70565919.7824208,22.3342889006125,203921353.520201
27.9,-32.1,0.0520769339335295,162183913.26984,22.5847556617061,491582349.084813
28,-32.1,0.0520769339335295,162183913.26984,22.5847556617061,491582349.084813
28.1,-32.1,0.0520769339335295,162183913.26984,22.5847556617061,491582349.084813
28.2,-32.1,0.0520769339335295,162183913.26984,22.5847556617061,491582349.084813
28.3,-32.1,0.0520769339335295,162183913.26984,22.5847556617061,491582349.084813
28.4,-32.1,0.0520769339335295,162183913.26984,22.5847556617061,491582349.084813
28.5,-32.1,0.0577607018040017,1338286619.01032,23.5022877622203,4063244500.47108
28.6,-32.1,0.0577607018040017,1338286619.01032,23.5022877622203,4063244500.47108
28.7,-32.1,0.0577607018040017,1338286619.01032,23.5022877622203,4063244500.47108
28.8,-32.1,0.0577607018040017,1338286619.01032,23.5022877622203,4063244500.47108
28.9,-32.1,0.0577607018040017,1338286619.01032,23.5022877622203,4063244500.47108
29,-32.1,0.0577607018040017,1338286619.01032,23.5022877622203,4063244500.47108
18.3,-32,0.0288827008429776,30167.3617071254,19.0318330583925,251857.844024079
18.4,-32,0.0288827008429776,30167.3617071254,19.0318330583925,251857.844024079
18.5,-32,0.0546333473395261,425433266.95516,23.3375581077893,1164511010.93914
18.6,-32,0.0546333473395261,425433266.95516,23.3375581077893,1164511010.93914
18.7,-32,0.0546333473395261,425433266.95516,23.3375581077893,1164511010.93914
18.8,-32,0.0546333473395261,425433266.95516,23.3375581077893,1164511010.93914
18.9,-32,0.0546333473395261,425433266.95516,23.3375581077893,1164511010.93914
19,-32,0.0546333473395261,425433266.95516,23.3375581077893,1164511010.93914
19.1,-32,0.0557823487682231,660562928.858201,23.9170041363939,1742518807.78693
19.2,-32,0.0557823487682231,660562928.858201,23.9170041363939,1742518807.78693
19.3,-32,0.0557823487682231,660562928.858201,23.9170041363939,1742518807.78693
19.4,-32,0.0557823487682231,660562928.858201,23.9170041363939,1742518807.78693
19.5,-32,0.0557823487682231,660562928.858201,23.9170041363939,1742518807.78693
19.6,-32,0.0557823487682231,660562928.858201,23.9170041363939,1742518807.78693
19.7,-32,0.0499942988303713,76087311.454749,22.614489686845,208348914.681858
19.8,-32,0.0499942988303713,76087311.454749,22.614489686845,208348914.681858
19.9,-32,0.0499942988303713,76087311.454749,22.614489686845,208348914.681858
20,-32,0.0499942988303713,76087311.454749,22.614489686845,208348914.681858
20.1,-32,0.0499942988303713,76087311.454749,22.614489686845,208348914.681858
20.2,-32,0.0499942988303713,76087311.454749,22.614489686845,208348914.681858
20.3,-32,0.0499942988303713,76087311.454749,22.614489686845,208348914.681858
20.4,-32,0.0377011904070724,789930.724921463,20.3455321979359,2666707.45572671
20.5,-32,0.0377011904070724,789930.724921463,20.3455321979359,2666707.45572671
20.6,-32,0.0377011904070724,789930.724921463,20.3455321979359,2666707.45572671
20.7,-32,0.0377011904070724,789930.724921463,20.3455321979359,2666707.45572671
20.8,-32,0.0377011904070724,789930.724921463,20.3455321979359,2666707.45572671
20.9,-32,0.0377011904070724,789930.724921463,20.3455321979359,2666707.45572671
21,-32,0.0383213818511327,994393.192294236,20.4579726146499,3223387.23654398
21.1,-32,0.0383213818511327,994393.192294236,20.4579726146499,3223387.23654398
21.2,-32,0.0383213818511327,994393.192294236,20.4579726146499,3223387.23654398
21.3,-32,0.0383213818511327,994393.192294236,20.4579726146499,3223387.23654398
21.4,-32,0.0383213818511327,994393.192294236,20.4579726146499,3223387.23654398
21.5,-32,0.0383213818511327,994393.192294236,20.4579726146499,3223387.23654398
21.6,-32,0.041226692410327,2922331.10923776,20.9727363064754,8882756.78087578
21.7,-32,0.041226692410327,2922331.10923776,20.9727363064754,8882756.78087578
21.8,-32,0.041226692410327,2922331.10923776,20.9727363064754,8882756.78087578
21.9,-32,0.041226692410327,2922331.10923776,20.9727363064754,8882756.78087578
22,-32,0.041226692410327,2922331.10923776,20.9727363064754,8882756.78087578
22.1,-32,0.041226692410327,2922331.10923776,20.9727363064754,8882756.78087578
22.2,-32,0.0386609669826477,1127864.34730751,20.5114263505578,3639584.52778902
22.3,-32,0.0386609669826477,1127864.34730751,20.5114263505578,3639584.52778902
22.4,-32,0.0386609669826477,1127864.34730751,20.5114263505578,3639584.52778902
22.5,-32,0.0386609669826477,1127864.34730751,20.5114263505578,3639584.52778902
22.6,-32,0.0388144669093331,1193923.74236068,20.5381996246976,3835931.63012708
22.7,-32,0.0388144669093331,1193923.74236068,20.5381996246976,3835931.63012708
22.8,-32,0.0388144669093331,1193923.74236068,20.5381996246976,3835931.63012708
22.9,-32,0.0467303262949579,22582170.0916745,21.9765416964062,63275956.2219996
23,-32,0.0467303262949579,22582170.0916745,21.9765416964062,63275956.2219996
23.1,-32,0.0467303262949579,22582170.0916745,21.9765416964062,63275956.2219996
23.2,-32,0.0467303262949579,22582170.0916745,21.9765416964062,63275956.2219996
23.3,-32,0.0467303262949579,22582170.0916745,21.9765416964062,63275956.2219996
23.4,-32,0.0467303262949579,22582170.0916745,21.9765416964062,63275956.2219996
23.5,-32,0.0418181554727734,3638526.19970327,21.0663455135182,10964099.9763165
23.6,-32,0.0418181554727734,3638526.19970327,21.0663455135182,10964099.9763165
23.7,-32,0.0418181554727734,3638526.19970327,21.0663455135182,10964099.9763165
23.8,-32,0.0418181554727734,3638526.19970327,21.0663455135182,10964099.9763165
23.9,-32,0.0418181554727734,3638526.19970327,21.0663455135182,10964099.9763165
24,-32,0.0418181554727734,3638526.19970327,21.0663455135182,10964099.9763165
24.1,-32,0.0389946684135907,1275206.94943906,20.5501425671358,4112113.0508258
24.2,-32,0.0389946684135907,1275206.94943906,20.5501425671358,4112113.0508258
24.3,-32,0.0389946684135907,1275206.94943906,20.5501425671358,4112113.0508258
24.4,-32,0.0389946684135907,1275206.94943906,20.5501425671358,4112113.0508258
24.5,-32,0.0389946684135907,1275206.94943906,20.5501425671358,4112113.0508258
24.6,-32,0.0389946684135907,1275206.94943906,20.5501425671358,4112113.0508258
24.7,-32,0.0404796212464747,2211527.57749625,20.8056997338737,6844238.35341891
24.8,-32,0.0404796212464747,2211527.57749625,20.8056997338737,6844238.35341891
24.9,-32,0.0404796212464747,2211527.57749625,20.8056997338737,6844238.35341891
25,-32,0.0404796212464747,2211527.57749625,20.8056997338737,6844238.35341891
25.1,-32,0.0404796212464747,2211527.57749625,20.8056997338737,6844238.35341891
25.2,-32,0.0404796212464747,2211527.57749625,20.8056997338737,6844238.35341891
25.3,-32,0.0404796212464747,2211527.57749625,20.8056997338737,6844238.35341891
25.4,-32,0.0463836917675,19826933.1759953,21.8853149086577,56007674.5674718
25.5,-32,0.0463836917675,19826933.1759953,21.8853149086577,56007674.5674718
25.6,-32,0.0463836917675,19826933.1759953,21.8853149086577,56007674.5674718
25.7,-32,0.0463836917675,19826933.1759953,21.8853149086577,56007674.5674718
25.8,-32,0.0463836917675,19826933.1759953,21.8853149086577,56007674.5674718
25.9,-32,0.0463836917675,19826933.1759953,21.8853149086577,56007674.5674718
26,-32,0.0402255336615339,2011699.80894925,20.7502497985168,6255977.24829467
26.1,-32,0.0402255336615339,2011699.80894925,20.7502497985168,6255977.24829467
26.2,-32,0.0402255336615339,2011699.80894925,20.7502497985168,6255977.24829467
26.3,-32,0.0402255336615339,2011699.80894925,20.7502497985168,6255977.24829467
26.4,-32,0.0402255336615339,2011699.80894925,20.7502497985168,6255977.24829467
26.5,-32,0.0402255336615339,2011699.80894925,20.7502497985168,6255977.24829467
26.6,-32,0.0426473126329726,4933640.85813329,21.1367787311773,14972454.9332716
26.7,-32,0.0426473126329726,4933640.85813329,21.1367787311773,14972454.9332716
26.8,-32,0.0426473126329726,4933640.85813329,21.1367787311773,14972454.9332716
26.9,-32,0.0426473126329726,4933640.85813329,21.1367787311773,14972454.9332716
27,-32,0.0426473126329726,4933640.85813329,21.1367787311773,14972454.9332716
27.1,-32,0.0426473126329726,4933640.85813329,21.1367787311773,14972454.9332716
27.2,-32,0.0498180229027793,70565919.7824208,22.3342889006125,203921353.520201
27.3,-32,0.0498180229027793,70565919.7824208,22.3342889006125,203921353.520201
27.4,-32,0.0498180229027793,70565919.7824208,22.3342889006125,203921353.520201
27.5,-32,0.0498180229027793,70565919.7824208,22.3342889006125,203921353.520201
27.6,-32,0.0498180229027793,70565919.7824208,22.3342889006125,203921353.520201
27.7,-32,0.0498180229027793,70565919.7824208,22.3342889006125,203921353.520201
27.8,-32,0.0498180229027793,70565919.7824208,22.3342889006125,203921353.520201
27.9,-32,0.0520769339335295,162183913.26984,22.5847556617061,491582349.084813
28,-32,0.0520769339335295,162183913.26984,22.5847556617061,491582349.084813
28.1,-32,0.0520769339335295,162183913.26984,22.5847556617061,491582349.084813
28.2,-32,0.0520769339335295,162183913.26984,22.5847556617061,491582349.084813
28.3,-32,0.0520769339335295,162183913.26984,22.5847556617061,491582349.084813
28.4,-32,0.0520769339335295,162183913.26984,22.5847556617061,491582349.084813
28.5,-32,0.0577607018040017,1338286619.01032,23.5022877622203,4063244500.47108
28.6,-32,0.0577607018040017,1338286619.01032,23.5022877622203,4063244500.47108
28.7,-32,0.0577607018040017,1338286619.01032,23.5022877622203,4063244500.47108
28.8,-32,0.0577607018040017,1338286619.01032,23.5022877622203,4063244500.47108
28.9,-32,0.0577607018040017,1338286619.01032,23.5022877622203,4063244500.47108
29,-32,0.0577607018040017,1338286619.01032,23.5022877622203,4063244500.47108
29.1,-32,0.0551405180911505,498265784.011653,22.8516886641917,2060089984.82712
18.3,-31.9,0.0288827008429776,30167.3617071254,19.0318330583925,251857.844024079
18.4,-31.9,0.0288827008429776,30167.3617071254,19.0318330583925,251857.844024079
18.5,-31.9,0.0546333473395261,425433266.95516,23.3375581077893,1164511010.93914
18.6,-31.9,0.0546333473395261,425433266.95516,23.3375581077893,1164511010.93914
18.7,-31.9,0.0546333473395261,425433266.95516,23.3375581077893,1164511010.93914
18.8,-31.9,0.0546333473395261,425433266.95516,23.3375581077893,1164511010.93914
18.9,-31.9,0.0546333473395261,425433266.95516,23.3375581077893,1164511010.93914
19,-31.9,0.0546333473395261,425433266.95516,23.3375581077893,1164511010.93914
19.1,-31.9,0.0557823487682231,660562928.858201,23.9170041363939,1742518807.78693
19.2,-31.9,0.0557823487682231,660562928.858201,23.9170041363939,1742518807.78693
19.3,-31.9,0.0557823487682231,660562928.858201,23.9170041363939,1742518807.78693
19.4,-31.9,0.0557823487682231,660562928.858201,23.9170041363939,1742518807.78693
19.5,-31.9,0.0557823487682231,660562928.858201,23.9170041363939,1742518807.78693
19.6,-31.9,0.0557823487682231,660562928.858201,23.9170041363939,1742518807.78693
19.7,-31.9,0.0499942988303713,76087311.454749,22.614489686845,208348914.681858
19.8,-31.9,0.0499942988303713,76087311.454749,22.614489686845,208348914.681858
19.9,-31.9,0.0499942988303713,76087311.454749,22.614489686845,208348914.681858
20,-31.9,0.0499942988303713,76087311.454749,22.614489686845,208348914.681858
20.1,-31.9,0.0499942988303713,76087311.454749,22.614489686845,208348914.681858
20.2,-31.9,0.0499942988303713,76087311.454749,22.614489686845,208348914.681858
20.3,-31.9,0.0499942988303713,76087311.454749,22.614489686845,208348914.681858
20.4,-31.9,0.0377011904070724,789930.724921463,20.3455321979359,2666707.45572671
20.5,-31.9,0.0377011904070724,789930.724921463,20.3455321979359,2666707.45572671
20.6,-31.9,0.0377011904070724,789930.724921463,20.3455321979359,2666707.45572671
20.7,-31.9,0.0377011904070724,789930.724921463,20.3455321979359,2666707.45572671
20.8,-31.9,0.0377011904070724,789930.724921463,20.3455321979359,2666707.45572671
20.9,-31.9,0.0377011904070724,789930.724921463,20.3455321979359,2666707.45572671
21,-31.9,0.0383213818511327,994393.192294236,20.4579726146499,3223387.23654398
21.1,-31.9,0.0383213818511327,994393.192294236,20.4579726146499,3223387.23654398
21.2,-31.9,0.0383213818511327,994393.192294236,20.4579726146499,3223387.23654398
21.3,-31.9,0.0383213818511327,994393.192294236,20.4579726146499,3223387.23654398
21.4,-31.9,0.0383213818511327,994393.192294236,20.4579726146499,3223387.23654398
21.5,-31.9,0.0383213818511327,994393.192294236,20.4579726146499,3223387.23654398
21.6,-31.9,0.041226692410327,2922331.10923776,20.9727363064754,8882756.78087578
21.7,-31.9,0.041226692410327,2922331.10923776,20.9727363064754,8882756.78087578
21.8,-31.9,0.041226692410327,2922331.10923776,20.9727363064754,8882756.78087578
21.9,-31.9,0.041226692410327,2922331.10923776,20.9727363064754,8882756.78087578
22,-31.9,0.041226692410327,2922331.10923776,20.9727363064754,8882756.78087578
22.1,-31.9,0.041226692410327,2922331.10923776,20.9727363064754,8882756.78087578
22.2,-31.9,0.0386609669826477,1127864.34730751,20.5114263505578,3639584.52778902
22.3,-31.9,0.0386609669826477,1127864.34730751,20.5114263505578,3639584.52778902
22.4,-31.9,0.0386609669826477,1127864.34730751,20.5114263505578,3639584.52778902
22.5,-31.9,0.0386609669826477,1127864.34730751,20.5114263505578,3639584.52778902
22.6,-31.9,0.0388144669093331,1193923.74236068,20.5381996246976,3835931.63012708
22.7,-31.9,0.0388144669093331,1193923.74236068,20.5381996246976,3835931.63012708
22.8,-31.9,0.0388144669093331,1193923.74236068,20.5381996246976,3835931.63012708
22.9,-31.9,0.0467303262949579,22582170.0916745,21.9765416964062,63275956.2219996
23,-31.9,0.0467303262949579,22582170.0916745,21.9765416964062,63275956.2219996
23.1,-31.9,0.0467303262949579,22582170.0916745,21.9765416964062,63275956.2219996
23.2,-31.9,0.0467303262949579,22582170.0916745,21.9765416964062,63275956.2219996
23.3,-31.9,0.0467303262949579,22582170.0916745,21.9765416964062,63275956.2219996
23.4,-31.9,0.0467303262949579,22582170.0916745,21.9765416964062,63275956.2219996
23.5,-31.9,0.0418181554727734,3638526.19970327,21.0663455135182,10964099.9763165
23.6,-31.9,0.0418181554727734,3638526.19970327,21.0663455135182,10964099.9763165
23.7,-31.9,0.0418181554727734,3638526.19970327,21.0663455135182,10964099.9763165
23.8,-31.9,0.0418181554727734,3638526.19970327,21.0663455135182,10964099.9763165
23.9,-31.9,0.0418181554727734,3638526.19970327,21.0663455135182,10964099.9763165
24,-31.9,0.0418181554727734,3638526.19970327,21.0663455135182,10964099.9763165
24.1,-31.9,0.0389946684135907,1275206.94943906,20.5501425671358,4112113.0508258
24.2,-31.9,0.0389946684135907,1275206.94943906,20.5501425671358,4112113.0508258
24.3,-31.9,0.0389946684135907,1275206.94943906,20.5501425671358,4112113.0508258
24.4,-31.9,0.0389946684135907,1275206.94943906,20.5501425671358,4112113.0508258
24.5,-31.9,0.0389946684135907,1275206.94943906,20.5501425671358,4112113.0508258
24.6,-31.9,0.0389946684135907,1275206.94943906,20.5501425671358,4112113.0508258
24.7,-31.9,0.0404796212464747,2211527.57749625,20.8056997338737,6844238.35341891
24.8,-31.9,0.0404796212464747,2211527.57749625,20.8056997338737,6844238.35341891
24.9,-31.9,0.0404796212464747,2211527.57749625,20.8056997338737,6844238.35341891
25,-31.9,0.0404796212464747,2211527.57749625,20.8056997338737,6844238.35341891
25.1,-31.9,0.0404796212464747,2211527.57749625,20.8056997338737,6844238.35341891
25.2,-31.9,0.0404796212464747,2211527.57749625,20.8056997338737,6844238.35341891
25.3,-31.9,0.0404796212464747,2211527.57749625,20.8056997338737,6844238.35341891
25.4,-31.9,0.0463836917675,19826933.1759953,21.8853149086577,56007674.5674718
25.5,-31.9,0.0463836917675,19826933.1759953,21.8853149086577,56007674.5674718
25.6,-31.9,0.0463836917675,19826933.1759953,21.8853149086577,56007674.5674718
25.7,-31.9,0.0463836917675,19826933.1759953,21.8853149086577,56007674.5674718
25.8,-31.9,0.0463836917675,19826933.1759953,21.8853149086577,56007674.5674718
25.9,-31.9,0.0463836917675,19826933.1759953,21.8853149086577,56007674.5674718
26,-31.9,0.0402255336615339,2011699.80894925,20.7502497985168,6255977.24829467
26.1,-31.9,0.0402255336615339,2011699.80894925,20.7502497985168,6255977.24829467
26.2,-31.9,0.0402255336615339,2011699.80894925,20.7502497985168,6255977.24829467
26.3,-31.9,0.0402255336615339,2011699.80894925,20.7502497985168,6255977.24829467
26.4,-31.9,0.0402255336615339,2011699.80894925,20.7502497985168,6255977.24829467
26.5,-31.9,0.0402255336615339,2011699.80894925,20.7502497985168,6255977.24829467
26.6,-31.9,0.0426473126329726,4933640.85813329,21.1367787311773,14972454.9332716
26.7,-31.9,0.0426473126329726,4933640.85813329,21.1367787311773,14972454.9332716
26.8,-31.9,0.0426473126329726,4933640.85813329,21.1367787311773,14972454.9332716
26.9,-31.9,0.0426473126329726,4933640.85813329,21.1367787311773,14972454.9332716
27,-31.9,0.0426473126329726,4933640.85813329,21.1367787311773,14972454.9332716
27.1,-31.9,0.0426473126329726,4933640.85813329,21.1367787311773,14972454.9332716
27.2,-31.9,0.0498180229027793,70565919.7824208,22.3342889006125,203921353.520201
27.3,-31.9,0.0498180229027793,70565919.7824208,22.3342889006125,203921353.520201
27.4,-31.9,0.0498180229027793,70565919.7824208,22.3342889006125,203921353.520201
27.5,-31.9,0.0498180229027793,70565919.7824208,22.3342889006125,203921353.520201
27.6,-31.9,0.0498180229027793,70565919.7824208,22.3342889006125,203921353.520201
27.7,-31.9,0.0498180229027793,70565919.7824208,22.3342889006125,203921353.520201
27.8,-31.9,0.0498180229027793,70565919.7824208,22.3342889006125,203921353.520201
27.9,-31.9,0.0520769339335295,162183913.26984,22.5847556617061,491582349.084813
28,-31.9,0.0520769339335295,162183913.26984,22.5847556617061,491582349.084813
28.1,-31.9,0.0520769339335295,162183913.26984,22.5847556617061,491582349.084813
28.2,-31.9,0.0520769339335295,162183913.26984,22.5847556617061,491582349.084813
28.3,-31.9,0.0520769339335295,162183913.26984,22.5847556617061,491582349.084813
28.4,-31.9,0.0520769339335295,162183913.26984,22.5847556617061,491582349.084813
28.5,-31.9,0.0577607018040017,1338286619.01032,23.5022877622203,4063244500.47108
28.6,-31.9,0.0577607018040017,1338286619.01032,23.5022877622203,4063244500.47108
28.7,-31.9,0.0577607018040017,1338286619.01032,23.5022877622203,4063244500.47108
28.8,-31.9,0.0577607018040017,1338286619.01032,23.5022877622203,4063244500.47108
28.9,-31.9,0.0577607018040017,1338286619.01032,23.5022877622203,4063244500.47108
29,-31.9,0.0577607018040017,1338286619.01032,23.5022877622203,4063244500.47108
29.1,-31.9,0.0551405180911505,498265784.011653,22.8516886641917,2060089984.82712
29.2,-31.9,0.0551405180911505,498265784.011653,22.8516886641917,2060089984.82712
18.3,-31.8,0.0288827008429776,30167.3617071254,19.0318330583925,251857.844024079
18.4,-31.8,0.0288827008429776,30167.3617071254,19.0318330583925,251857.844024079
18.5,-31.8,0.0546333473395261,425433266.95516,23.3375581077893,1164511010.93914
18.6,-31.8,0.0546333473395261,425433266.95516,23.3375581077893,1164511010.93914
18.7,-31.8,0.0546333473395261,425433266.95516,23.3375581077893,1164511010.93914
18.8,-31.8,0.0546333473395261,425433266.95516,23.3375581077893,1164511010.93914
18.9,-31.8,0.0546333473395261,425433266.95516,23.3375581077893,1164511010.93914
19,-31.8,0.0546333473395261,425433266.95516,23.3375581077893,1164511010.93914
19.1,-31.8,0.0557823487682231,660562928.858201,23.9170041363939,1742518807.78693
19.2,-31.8,0.0557823487682231,660562928.858201,23.9170041363939,1742518807.78693
19.3,-31.8,0.0557823487682231,660562928.858201,23.9170041363939,1742518807.78693
19.4,-31.8,0.0557823487682231,660562928.858201,23.9170041363939,1742518807.78693
19.5,-31.8,0.0557823487682231,660562928.858201,23.9170041363939,1742518807.78693
19.6,-31.8,0.0557823487682231,660562928.858201,23.9170041363939,1742518807.78693
19.7,-31.8,0.0499942988303713,76087311.454749,22.614489686845,208348914.681858
19.8,-31.8,0.0499942988303713,76087311.454749,22.614489686845,208348914.681858
19.9,-31.8,0.0499942988303713,76087311.454749,22.614489686845,208348914.681858
20,-31.8,0.0499942988303713,76087311.454749,22.614489686845,208348914.681858
20.1,-31.8,0.0499942988303713,76087311.454749,22.614489686845,208348914.681858
20.2,-31.8,0.0499942988303713,76087311.454749,22.614489686845,208348914.681858
20.3,-31.8,0.0499942988303713,76087311.454749,22.614489686845,208348914.681858
20.4,-31.8,0.0377011904070724,789930.724921463,20.3455321979359,2666707.45572671
20.5,-31.8,0.0377011904070724,789930.724921463,20.3455321979359,2666707.45572671
20.6,-31.8,0.0377011904070724,789930.724921463,20.3455321979359,2666707.45572671
20.7,-31.8,0.0377011904070724,789930.724921463,20.3455321979359,2666707.45572671
20.8,-31.8,0.0377011904070724,789930.724921463,20.3455321979359,2666707.45572671
20.9,-31.8,0.0377011904070724,789930.724921463,20.3455321979359,2666707.45572671
21,-31.8,0.0383213818511327,994393.192294236,20.4579726146499,3223387.23654398
21.1,-31.8,0.0383213818511327,994393.192294236,20.4579726146499,3223387.23654398
21.2,-31.8,0.0383213818511327,994393.192294236,20.4579726146499,3223387.23654398
21.3,-31.8,0.0383213818511327,994393.192294236,20.4579726146499,3223387.23654398
21.4,-31.8,0.0383213818511327,994393.192294236,20.4579726146499,3223387.23654398
21.5,-31.8,0.0383213818511327,994393.192294236,20.4579726146499,3223387.23654398
21.6,-31.8,0.041226692410327,2922331.10923776,20.9727363064754,8882756.78087578
21.7,-31.8,0.041226692410327,2922331.10923776,20.9727363064754,8882756.78087578
21.8,-31.8,0.041226692410327,2922331.10923776,20.9727363064754,8882756.78087578
21.9,-31.8,0.041226692410327,2922331.10923776,20.9727363064754,8882756.78087578
22,-31.8,0.041226692410327,2922331.10923776,20.9727363064754,8882756.78087578
22.1,-31.8,0.041226692410327,2922331.10923776,20.9727363064754,8882756.78087578
22.2,-31.8,0.0386609669826477,1127864.34730751,20.5114263505578,3639584.52778902
22.3,-31.8,0.0386609669826477,1127864.34730751,20.5114263505578,3639584.52778902
22.4,-31.8,0.0386609669826477,1127864.34730751,20.5114263505578,3639584.52778902
22.5,-31.8,0.0386609669826477,1127864.34730751,20.5114263505578,3639584.52778902
22.6,-31.8,0.0388144669093331,1193923.74236068,20.5381996246976,3835931.63012708
22.7,-31.8,0.0388144669093331,1193923.74236068,20.5381996246976,3835931.63012708
22.8,-31.8,0.0388144669093331,1193923.74236068,20.5381996246976,3835931.63012708
22.9,-31.8,0.0467303262949579,22582170.0916745,21.9765416964062,63275956.2219996
23,-31.8,0.0467303262949579,22582170.0916745,21.9765416964062,63275956.2219996
23.1,-31.8,0.0467303262949579,22582170.0916745,21.9765416964062,63275956.2219996
23.2,-31.8,0.0467303262949579,22582170.0916745,21.9765416964062,63275956.2219996
23.3,-31.8,0.0467303262949579,22582170.0916745,21.9765416964062,63275956.2219996
23.4,-31.8,0.0467303262949579,22582170.0916745,21.9765416964062,63275956.2219996
23.5,-31.8,0.0418181554727734,3638526.19970327,21.0663455135182,10964099.9763165
23.6,-31.8,0.0418181554727734,3638526.19970327,21.0663455135182,10964099.9763165
23.7,-31.8,0.0418181554727734,3638526.19970327,21.0663455135182,10964099.9763165
23.8,-31.8,0.0418181554727734,3638526.19970327,21.0663455135182,10964099.9763165
23.9,-31.8,0.0418181554727734,3638526.19970327,21.0663455135182,10964099.9763165
24,-31.8,0.0418181554727734,3638526.19970327,21.0663455135182,10964099.9763165
24.1,-31.8,0.0389946684135907,1275206.94943906,20.5501425671358,4112113.0508258
24.2,-31.8,0.0389946684135907,1275206.94943906,20.5501425671358,4112113.0508258
24.3,-31.8,0.0389946684135907,1275206.94943906,20.5501425671358,4112113.0508258
24.4,-31.8,0.0389946684135907,1275206.94943906,20.5501425671358,4112113.0508258
24.5,-31.8,0.0389946684135907,1275206.94943906,20.5501425671358,4112113.0508258
24.6,-31.8,0.0389946684135907,1275206.94943906,20.5501425671358,4112113.0508258
24.7,-31.8,0.0404796212464747,2211527.57749625,20.8056997338737,6844238.35341891
24.8,-31.8,0.0404796212464747,2211527.57749625,20.8056997338737,6844238.35341891
24.9,-31.8,0.0404796212464747,2211527.57749625,20.8056997338737,6844238.35341891
25,-31.8,0.0404796212464747,2211527.57749625,20.8056997338737,6844238.35341891
25.1,-31.8,0.0404796212464747,2211527.57749625,20.8056997338737,6844238.35341891
25.2,-31.8,0.0404796212464747,2211527.57749625,20.8056997338737,6844238.35341891
25.3,-31.8,0.0404796212464747,2211527.57749625,20.8056997338737,6844238.35341891
25.4,-31.8,0.0463836917675,19826933.1759953,21.8853149086577,56007674.5674718
25.5,-31.8,0.0463836917675,19826933.1759953,21.8853149086577,56007674.5674718
25.6,-31.8,0.0463836917675,19826933.1759953,21.8853149086577,56007674.5674718
25.7,-31.8,0.0463836917675,19826933.1759953,21.8853149086577,56007674.5674718
25.8,-31.8,0.0463836917675,19826933.1759953,21.8853149086577,56007674.5674718
25.9,-31.8,0.0463836917675,19826933.1759953,21.8853149086577,56007674.5674718
26,-31.8,0.0402255336615339,2011699.80894925,20.7502497985168,6255977.24829467
26.1,-31.8,0.0402255336615339,2011699.80894925,20.7502497985168,6255977.24829467
26.2,-31.8,0.0402255336615339,2011699.80894925,20.7502497985168,6255977.24829467
26.3,-31.8,0.0402255336615339,2011699.80894925,20.7502497985168,6255977.24829467
26.4,-31.8,0.0402255336615339,2011699.80894925,20.7502497985168,6255977.24829467
26.5,-31.8,0.0402255336615339,2011699.80894925,20.7502497985168,6255977.24829467
26.6,-31.8,0.0426473126329726,4933640.85813329,21.1367787311773,14972454.9332716
26.7,-31.8,0.0426473126329726,4933640.85813329,21.1367787311773,14972454.9332716
26.8,-31.8,0.0426473126329726,4933640.85813329,21.1367787311773,14972454.9332716
26.9,-31.8,0.0426473126329726,4933640.85813329,21.1367787311773,14972454.9332716
27,-31.8,0.0426473126329726,4933640.85813329,21.1367787311773,14972454.9332716
27.1,-31.8,0.0426473126329726,4933640.85813329,21.1367787311773,14972454.9332716
27.2,-31.8,0.0498180229027793,70565919.7824208,22.3342889006125,203921353.520201
27.3,-31.8,0.0498180229027793,70565919.7824208,22.3342889006125,203921353.520201
27.4,-31.8,0.0498180229027793,70565919.7824208,22.3342889006125,203921353.520201
27.5,-31.8,0.0498180229027793,70565919.7824208,22.3342889006125,203921353.520201
27.6,-31.8,0.0498180229027793,70565919.7824208,22.3342889006125,203921353.520201
27.7,-31.8,0.0498180229027793,70565919.7824208,22.3342889006125,203921353.520201
27.8,-31.8,0.0498180229027793,70565919.7824208,22.3342889006125,203921353.520201
27.9,-31.8,0.0520769339335295,162183913.26984,22.5847556617061,491582349.084813
28,-31.8,0.0520769339335295,162183913.26984,22.5847556617061,491582349.084813
28.1,-31.8,0.0520769339335295,162183913.26984,22.5847556617061,491582349.084813
28.2,-31.8,0.0520769339335295,162183913.26984,22.5847556617061,491582349.084813
28.3,-31.8,0.0520769339335295,162183913.26984,22.5847556617061,491582349.084813
28.4,-31.8,0.0520769339335295,162183913.26984,22.5847556617061,491582349.084813
28.5,-31.8,0.0577607018040017,1338286619.01032,23.5022877622203,4063244500.47108
28.6,-31.8,0.0577607018040017,1338286619.01032,23.5022877622203,4063244500.47108
28.7,-31.8,0.0577607018040017,1338286619.01032,23.5022877622203,4063244500.47108
28.8,-31.8,0.0577607018040017,1338286619.01032,23.5022877622203,4063244500.47108
28.9,-31.8,0.0577607018040017,1338286619.01032,23.5022877622203,4063244500.47108
29,-31.8,0.0577607018040017,1338286619.01032,23.5022877622203,4063244500.47108
29.1,-31.8,0.0551405180911505,498265784.011653,22.8516886641917,2060089984.82712
29.2,-31.8,0.0551405180911505,498265784.011653,22.8516886641917,2060089984.82712
29.3,-31.8,0.0551405180911505,498265784.011653,22.8516886641917,2060089984.82712
18.2,-31.7,0.0430432822852843,5646155.33319718,21.0538347253253,26226116.3995839
18.3,-31.7,0.0430432822852843,5646155.33319718,21.0538347253253,26226116.3995839
18.4,-31.7,0.0430432822852843,5646155.33319718,21.0538347253253,26226116.3995839
18.5,-31.7,0.0593199249089579,2436430614.95036,24.2581551281572,6444171374.80534
18.6,-31.7,0.0593199249089579,2436430614.95036,24.2581551281572,6444171374.80534
18.7,-31.7,0.0593199249089579,2436430614.95036,24.2581551281572,6444171374.80534
18.8,-31.7,0.0593199249089579,2436430614.95036,24.2581551281572,6444171374.80534
18.9,-31.7,0.0593199249089579,2436430614.95036,24.2581551281572,6444171374.80534
19,-31.7,0.0593199249089579,2436430614.95036,24.2581551281572,6444171374.80534
19.1,-31.7,0.0515299964841301,134509131.887116,22.8568193615796,367753254.776734
19.2,-31.7,0.0515299964841301,134509131.887116,22.8568193615796,367753254.776734
19.3,-31.7,0.0515299964841301,134509131.887116,22.8568193615796,367753254.776734
19.4,-31.7,0.0515299964841301,134509131.887116,22.8568193615796,367753254.776734
19.5,-31.7,0.0515299964841301,134509131.887116,22.8568193615796,367753254.776734
19.6,-31.7,0.0515299964841301,134509131.887116,22.8568193615796,367753254.776734
19.7,-31.7,0.0449435436512221,11617951.5334182,21.6478993999417,33944847.4561298
19.8,-31.7,0.0449435436512221,11617951.5334182,21.6478993999417,33944847.4561298
19.9,-31.7,0.0449435436512221,11617951.5334182,21.6478993999417,33944847.4561298
20,-31.7,0.0449435436512221,11617951.5334182,21.6478993999417,33944847.4561298
20.1,-31.7,0.0449435436512221,11617951.5334182,21.6478993999417,33944847.4561298
20.2,-31.7,0.0449435436512221,11617951.5334182,21.6478993999417,33944847.4561298
20.3,-31.7,0.0449435436512221,11617951.5334182,21.6478993999417,33944847.4561298
20.4,-31.7,0.0457757922605881,15857713.1594939,21.8452784754161,44455194.9371158
20.5,-31.7,0.0457757922605881,15857713.1594939,21.8452784754161,44455194.9371158
20.6,-31.7,0.0457757922605881,15857713.1594939,21.8452784754161,44455194.9371158
20.7,-31.7,0.0457757922605881,15857713.1594939,21.8452784754161,44455194.9371158
20.8,-31.7,0.0457757922605881,15857713.1594939,21.8452784754161,44455194.9371158
20.9,-31.7,0.0457757922605881,15857713.1594939,21.8452784754161,44455194.9371158
21,-31.7,0.0456298974599978,15022887.3222374,21.823067830511,41809381.9092583
21.1,-31.7,0.0456298974599978,15022887.3222374,21.823067830511,41809381.9092583
21.2,-31.7,0.0456298974599978,15022887.3222374,21.823067830511,41809381.9092583
21.3,-31.7,0.0456298974599978,15022887.3222374,21.823067830511,41809381.9092583
21.4,-31.7,0.0456298974599978,15022887.3222374,21.823067830511,41809381.9092583
21.5,-31.7,0.0456298974599978,15022887.3222374,21.823067830511,41809381.9092583
21.6,-31.7,0.0427803413251142,5210441.20041706,21.282821530572,15054281.5655291
21.7,-31.7,0.0427803413251142,5210441.20041706,21.282821530572,15054281.5655291
21.8,-31.7,0.0427803413251142,5210441.20041706,21.282821530572,15054281.5655291
21.9,-31.7,0.0427803413251142,5210441.20041706,21.282821530572,15054281.5655291
22,-31.7,0.0427803413251142,5210441.20041706,21.282821530572,15054281.5655291
22.1,-31.7,0.0427803413251142,5210441.20041706,21.282821530572,15054281.5655291
22.2,-31.7,0.039631337024156,1618926.22222602,20.702781130854,4944365.06488708
22.3,-31.7,0.039631337024156,1618926.22222602,20.702781130854,4944365.06488708
22.4,-31.7,0.039631337024156,1618926.22222602,20.702781130854,4944365.06488708
22.5,-31.7,0.039631337024156,1618926.22222602,20.702781130854,4944365.06488708
22.6,-31.7,0.039770516062656,1704744.98431063,20.7280103016456,5189063.47344107
22.7,-31.7,0.039770516062656,1704744.98431063,20.7280103016456,5189063.47344107
22.8,-31.7,0.039770516062656,1704744.98431063,20.7280103016456,5189063.47344107
22.9,-31.7,0.0437057289178419,7353333.43105952,21.462821269441,20805880.7733753
23,-31.7,0.0437057289178419,7353333.43105952,21.462821269441,20805880.7733753
23.1,-31.7,0.0437057289178419,7353333.43105952,21.462821269441,20805880.7733753
23.2,-31.7,0.0437057289178419,7353333.43105952,21.462821269441,20805880.7733753
23.3,-31.7,0.0437057289178419,7353333.43105952,21.462821269441,20805880.7733753
23.4,-31.7,0.0437057289178419,7353333.43105952,21.462821269441,20805880.7733753
23.5,-31.7,0.0419938876595721,3892556.22809291,21.1399033746103,11260512.1718785
23.6,-31.7,0.0419938876595721,3892556.22809291,21.1399033746103,11260512.1718785
23.7,-31.7,0.0419938876595721,3892556.22809291,21.1399033746103,11260512.1718785
23.8,-31.7,0.0419938876595721,3892556.22809291,21.1399033746103,11260512.1718785
23.9,-31.7,0.0419938876595721,3892556.22809291,21.1399033746103,11260512.1718785
24,-31.7,0.0419938876595721,3892556.22809291,21.1399033746103,11260512.1718785
24.1,-31.7,0.0349257696515492,282841.667209173,19.8531539877882,956106.768133982
24.2,-31.7,0.0349257696515492,282841.667209173,19.8531539877882,956106.768133982
24.3,-31.7,0.0349257696515492,282841.667209173,19.8531539877882,956106.768133982
24.4,-31.7,0.0349257696515492,282841.667209173,19.8531539877882,956106.768133982
24.5,-31.7,0.0349257696515492,282841.667209173,19.8531539877882,956106.768133982
24.6,-31.7,0.0349257696515492,282841.667209173,19.8531539877882,956106.768133982
24.7,-31.7,0.0397785548440514,1707627.44933561,20.7043582169922,5158161.9354455
24.8,-31.7,0.0397785548440514,1707627.44933561,20.7043582169922,5158161.9354455
24.9,-31.7,0.0397785548440514,1707627.44933561,20.7043582169922,5158161.9354455
25,-31.7,0.0397785548440514,1707627.44933561,20.7043582169922,5158161.9354455
25.1,-31.7,0.0397785548440514,1707627.44933561,20.7043582169922,5158161.9354455
25.2,-31.7,0.0397785548440514,1707627.44933561,20.7043582169922,5158161.9354455
25.3,-31.7,0.0397785548440514,1707627.44933561,20.7043582169922,5158161.9354455
25.4,-31.7,0.0459976548419434,17206633.2875808,21.8526305907008,47943662.8694837
25.5,-31.7,0.0459976548419434,17206633.2875808,21.8526305907008,47943662.8694837
25.6,-31.7,0.0459976548419434,17206633.2875808,21.8526305907008,47943662.8694837
25.7,-31.7,0.0459976548419434,17206633.2875808,21.8526305907008,47943662.8694837
25.8,-31.7,0.0459976548419434,17206633.2875808,21.8526305907008,47943662.8694837
25.9,-31.7,0.0459976548419434,17206633.2875808,21.8526305907008,47943662.8694837
26,-31.7,0.0349437424892931,284573.731554744,19.8460672667751,972296.924977866
26.1,-31.7,0.0349437424892931,284573.731554744,19.8460672667751,972296.924977866
26.2,-31.7,0.0349437424892931,284573.731554744,19.8460672667751,972296.924977866
26.3,-31.7,0.0349437424892931,284573.731554744,19.8460672667751,972296.924977866
26.4,-31.7,0.0349437424892931,284573.731554744,19.8460672667751,972296.924977866
26.5,-31.7,0.0349437424892931,284573.731554744,19.8460672667751,972296.924977866
26.6,-31.7,0.0322831694753076,106328.694646227,19.3924051758908,397103.674682587
26.7,-31.7,0.0322831694753076,106328.694646227,19.3924051758908,397103.674682587
26.8,-31.7,0.0322831694753076,106328.694646227,19.3924051758908,397103.674682587
26.9,-31.7,0.0322831694753076,106328.694646227,19.3924051758908,397103.674682587
27,-31.7,0.0322831694753076,106328.694646227,19.3924051758908,397103.674682587
27.1,-31.7,0.0322831694753076,106328.694646227,19.3924051758908,397103.674682587
27.2,-31.7,0.0373284773227495,686567.187343447,20.2266493201873,2342989.8795995
27.3,-31.7,0.0373284773227495,686567.187343447,20.2266493201873,2342989.8795995
27.4,-31.7,0.0373284773227495,686567.187343447,20.2266493201873,2342989.8795995
27.5,-31.7,0.0373284773227495,686567.187343447,20.2266493201873,2342989.8795995
27.6,-31.7,0.0373284773227495,686567.187343447,20.2266493201873,2342989.8795995
27.7,-31.7,0.0373284773227495,686567.187343447,20.2266493201873,2342989.8795995
27.8,-31.7,0.0373284773227495,686567.187343447,20.2266493201873,2342989.8795995
27.9,-31.7,0.0451649998200033,12493553.3744802,21.4759652710733,39940607.6139544
28,-31.7,0.0451649998200033,12493553.3744802,21.4759652710733,39940607.6139544
28.1,-31.7,0.0451649998200033,12493553.3744802,21.4759652710733,39940607.6139544
28.2,-31.7,0.0451649998200033,12493553.3744802,21.4759652710733,39940607.6139544
28.3,-31.7,0.0451649998200033,12493553.3744802,21.4759652710733,39940607.6139544
28.4,-31.7,0.0451649998200033,12493553.3744802,21.4759652710733,39940607.6139544
28.5,-31.7,0.0502713070785495,82778773.3569193,22.2481784224608,266362120.728886
28.6,-31.7,0.0502713070785495,82778773.3569193,22.2481784224608,266362120.728886
28.7,-31.7,0.0502713070785495,82778773.3569193,22.2481784224608,266362120.728886
28.8,-31.7,0.0502713070785495,82778773.3569193,22.2481784224608,266362120.728886
28.9,-31.7,0.0502713070785495,82778773.3569193,22.2481784224608,266362120.728886
29,-31.7,0.0502713070785495,82778773.3569193,22.2481784224608,266362120.728886
29.1,-31.7,0.0558724027907761,659040313.819501,23.0558404904099,2207548896.59758
29.2,-31.7,0.0558724027907761,659040313.819501,23.0558404904099,2207548896.59758
29.3,-31.7,0.0558724027907761,659040313.819501,23.0558404904099,2207548896.59758
29.4,-31.7,0.0558724027907761,659040313.819501,23.0558404904099,2207548896.59758
18.2,-31.6,0.0430432822852843,5646155.33319718,21.0538347253253,26226116.3995839
18.3,-31.6,0.0430432822852843,5646155.33319718,21.0538347253253,26226116.3995839
18.4,-31.6,0.0430432822852843,5646155.33319718,21.0538347253253,26226116.3995839
18.5,-31.6,0.0593199249089579,2436430614.95036,24.2581551281572,6444171374.80534
18.6,-31.6,0.0593199249089579,2436430614.95036,24.2581551281572,6444171374.80534
18.7,-31.6,0.0593199249089579,2436430614.95036,24.2581551281572,6444171374.80534
18.8,-31.6,0.0593199249089579,2436430614.95036,24.2581551281572,6444171374.80534
18.9,-31.6,0.0593199249089579,2436430614.95036,24.2581551281572,6444171374.80534
19,-31.6,0.0593199249089579,2436430614.95036,24.2581551281572,6444171374.80534
19.1,-31.6,0.0515299964841301,134509131.887116,22.8568193615796,367753254.776734
19.2,-31.6,0.0515299964841301,134509131.887116,22.8568193615796,367753254.776734
19.3,-31.6,0.0515299964841301,134509131.887116,22.8568193615796,367753254.776734
19.4,-31.6,0.0515299964841301,134509131.887116,22.8568193615796,367753254.776734
19.5,-31.6,0.0515299964841301,134509131.887116,22.8568193615796,367753254.776734
19.6,-31.6,0.0515299964841301,134509131.887116,22.8568193615796,367753254.776734
19.7,-31.6,0.0449435436512221,11617951.5334182,21.6478993999417,33944847.4561298
19.8,-31.6,0.0449435436512221,11617951.5334182,21.6478993999417,33944847.4561298
19.9,-31.6,0.0449435436512221,11617951.5334182,21.6478993999417,33944847.4561298
20,-31.6,0.0449435436512221,11617951.5334182,21.6478993999417,33944847.4561298
20.1,-31.6,0.0449435436512221,11617951.5334182,21.6478993999417,33944847.4561298
20.2,-31.6,0.0449435436512221,11617951.5334182,21.6478993999417,33944847.4561298
20.3,-31.6,0.0449435436512221,11617951.5334182,21.6478993999417,33944847.4561298
20.4,-31.6,0.0457757922605881,15857713.1594939,21.8452784754161,44455194.9371158
20.5,-31.6,0.0457757922605881,15857713.1594939,21.8452784754161,44455194.9371158
20.6,-31.6,0.0457757922605881,15857713.1594939,21.8452784754161,44455194.9371158
20.7,-31.6,0.0457757922605881,15857713.1594939,21.8452784754161,44455194.9371158
20.8,-31.6,0.0457757922605881,15857713.1594939,21.8452784754161,44455194.9371158
20.9,-31.6,0.0457757922605881,15857713.1594939,21.8452784754161,44455194.9371158
21,-31.6,0.0456298974599978,15022887.3222374,21.823067830511,41809381.9092583
21.1,-31.6,0.0456298974599978,15022887.3222374,21.823067830511,41809381.9092583
21.2,-31.6,0.0456298974599978,15022887.3222374,21.823067830511,41809381.9092583
21.3,-31.6,0.0456298974599978,15022887.3222374,21.823067830511,41809381.9092583
21.4,-31.6,0.0456298974599978,15022887.3222374,21.823067830511,41809381.9092583
21.5,-31.6,0.0456298974599978,15022887.3222374,21.823067830511,41809381.9092583
21.6,-31.6,0.0427803413251142,5210441.20041706,21.282821530572,15054281.5655291
21.7,-31.6,0.0427803413251142,5210441.20041706,21.282821530572,15054281.5655291
21.8,-31.6,0.0427803413251142,5210441.20041706,21.282821530572,15054281.5655291
21.9,-31.6,0.0427803413251142,5210441.20041706,21.282821530572,15054281.5655291
22,-31.6,0.0427803413251142,5210441.20041706,21.282821530572,15054281.5655291
22.1,-31.6,0.0427803413251142,5210441.20041706,21.282821530572,15054281.5655291
22.2,-31.6,0.039631337024156,1618926.22222602,20.702781130854,4944365.06488708
22.3,-31.6,0.039631337024156,1618926.22222602,20.702781130854,4944365.06488708
22.4,-31.6,0.039631337024156,1618926.22222602,20.702781130854,4944365.06488708
22.5,-31.6,0.039631337024156,1618926.22222602,20.702781130854,4944365.06488708
22.6,-31.6,0.039770516062656,1704744.98431063,20.7280103016456,5189063.47344107
22.7,-31.6,0.039770516062656,1704744.98431063,20.7280103016456,5189063.47344107
22.8,-31.6,0.039770516062656,1704744.98431063,20.7280103016456,5189063.47344107
22.9,-31.6,0.0437057289178419,7353333.43105952,21.462821269441,20805880.7733753
23,-31.6,0.0437057289178419,7353333.43105952,21.462821269441,20805880.7733753
23.1,-31.6,0.0437057289178419,7353333.43105952,21.462821269441,20805880.7733753
23.2,-31.6,0.0437057289178419,7353333.43105952,21.462821269441,20805880.7733753
23.3,-31.6,0.0437057289178419,7353333.43105952,21.462821269441,20805880.7733753
23.4,-31.6,0.0437057289178419,7353333.43105952,21.462821269441,20805880.7733753
23.5,-31.6,0.0419938876595721,3892556.22809291,21.1399033746103,11260512.1718785
23.6,-31.6,0.0419938876595721,3892556.22809291,21.1399033746103,11260512.1718785
23.7,-31.6,0.0419938876595721,3892556.22809291,21.1399033746103,11260512.1718785
23.8,-31.6,0.0419938876595721,3892556.22809291,21.1399033746103,11260512.1718785
23.9,-31.6,0.0419938876595721,3892556.22809291,21.1399033746103,11260512.1718785
24,-31.6,0.0419938876595721,3892556.22809291,21.1399033746103,11260512.1718785
24.1,-31.6,0.0349257696515492,282841.667209173,19.8531539877882,956106.768133982
24.2,-31.6,0.0349257696515492,282841.667209173,19.8531539877882,956106.768133982
24.3,-31.6,0.0349257696515492,282841.667209173,19.8531539877882,956106.768133982
24.4,-31.6,0.0349257696515492,282841.667209173,19.8531539877882,956106.768133982
24.5,-31.6,0.0349257696515492,282841.667209173,19.8531539877882,956106.768133982
24.6,-31.6,0.0349257696515492,282841.667209173,19.8531539877882,956106.768133982
24.7,-31.6,0.0397785548440514,1707627.44933561,20.7043582169922,5158161.9354455
24.8,-31.6,0.0397785548440514,1707627.44933561,20.7043582169922,5158161.9354455
24.9,-31.6,0.0397785548440514,1707627.44933561,20.7043582169922,5158161.9354455
25,-31.6,0.0397785548440514,1707627.44933561,20.7043582169922,5158161.9354455
25.1,-31.6,0.0397785548440514,1707627.44933561,20.7043582169922,5158161.9354455
25.2,-31.6,0.0397785548440514,1707627.44933561,20.7043582169922,5158161.9354455
25.3,-31.6,0.0397785548440514,1707627.44933561,20.7043582169922,5158161.9354455
25.4,-31.6,0.0459976548419434,17206633.2875808,21.8526305907008,47943662.8694837
25.5,-31.6,0.0459976548419434,17206633.2875808,21.8526305907008,47943662.8694837
25.6,-31.6,0.0459976548419434,17206633.2875808,21.8526305907008,47943662.8694837
25.7,-31.6,0.0459976548419434,17206633.2875808,21.8526305907008,47943662.8694837
25.8,-31.6,0.0459976548419434,17206633.2875808,21.8526305907008,47943662.8694837
25.9,-31.6,0.0459976548419434,17206633.2875808,21.8526305907008,47943662.8694837
26,-31.6,0.0349437424892931,284573.731554744,19.8460672667751,972296.924977866
26.1,-31.6,0.0349437424892931,284573.731554744,19.8460672667751,972296.924977866
26.2,-31.6,0.0349437424892931,284573.731554744,19.8460672667751,972296.924977866
26.3,-31.6,0.0349437424892931,284573.731554744,19.8460672667751,972296.924977866
26.4,-31.6,0.0349437424892931,284573.731554744,19.8460672667751,972296.924977866
26.5,-31.6,0.0349437424892931,284573.731554744,19.8460672667751,972296.924977866
26.6,-31.6,0.0322831694753076,106328.694646227,19.3924051758908,397103.674682587
26.7,-31.6,0.0322831694753076,106328.694646227,19.3924051758908,397103.674682587
26.8,-31.6,0.0322831694753076,106328.694646227,19.3924051758908,397103.674682587
26.9,-31.6,0.0322831694753076,106328.694646227,19.3924051758908,397103.674682587
27,-31.6,0.0322831694753076,106328.694646227,19.3924051758908,397103.674682587
27.1,-31.6,0.0322831694753076,106328.694646227,19.3924051758908,397103.674682587
27.2,-31.6,0.0373284773227495,686567.187343447,20.2266493201873,2342989.8795995
27.3,-31.6,0.0373284773227495,686567.187343447,20.2266493201873,2342989.8795995
27.4,-31.6,0.0373284773227495,686567.187343447,20.2266493201873,2342989.8795995
27.5,-31.6,0.0373284773227495,686567.187343447,20.2266493201873,2342989.8795995
27.6,-31.6,0.0373284773227495,686567.187343447,20.2266493201873,2342989.8795995
27.7,-31.6,0.0373284773227495,686567.187343447,20.2266493201873,2342989.8795995
27.8,-31.6,0.0373284773227495,686567.187343447,20.2266493201873,2342989.8795995
27.9,-31.6,0.0451649998200033,12493553.3744802,21.4759652710733,39940607.6139544
28,-31.6,0.0451649998200033,12493553.3744802,21.4759652710733,39940607.6139544
28.1,-31.6,0.0451649998200033,12493553.3744802,21.4759652710733,39940607.6139544
28.2,-31.6,0.0451649998200033,12493553.3744802,21.4759652710733,39940607.6139544
28.3,-31.6,0.0451649998200033,12493553.3744802,21.4759652710733,39940607.6139544
28.4,-31.6,0.0451649998200033,12493553.3744802,21.4759652710733,39940607.6139544
28.5,-31.6,0.0502713070785495,82778773.3569193,22.2481784224608,266362120.728886
28.6,-31.6,0.0502713070785495,82778773.3569193,22.2481784224608,266362120.728886
28.7,-31.6,0.0502713070785495,82778773.3569193,22.2481784224608,266362120.728886
28.8,-31.6,0.0502713070785495,82778773.3569193,22.2481784224608,266362120.728886
28.9,-31.6,0.0502713070785495,82778773.3569193,22.2481784224608,266362120.728886
29,-31.6,0.0502713070785495,82778773.3569193,22.2481784224608,266362120.728886
29.1,-31.6,0.0558724027907761,659040313.819501,23.0558404904099,2207548896.59758
29.2,-31.6,0.0558724027907761,659040313.819501,23.0558404904099,2207548896.59758
29.3,-31.6,0.0558724027907761,659040313.819501,23.0558404904099,2207548896.59758
29.4,-31.6,0.0558724027907761,659040313.819501,23.0558404904099,2207548896.59758
29.5,-31.6,0.0558724027907761,659040313.819501,23.0558404904099,2207548896.59758
18.1,-31.5,0.0430432822852843,5646155.33319718,21.0538347253253,26226116.3995839
18.2,-31.5,0.0430432822852843,5646155.33319718,21.0538347253253,26226116.3995839
18.3,-31.5,0.0430432822852843,5646155.33319718,21.0538347253253,26226116.3995839
18.4,-31.5,0.0430432822852843,5646155.33319718,21.0538347253253,26226116.3995839
18.5,-31.5,0.0593199249089579,2436430614.95036,24.2581551281572,6444171374.80534
18.6,-31.5,0.0593199249089579,2436430614.95036,24.2581551281572,6444171374.80534
18.7,-31.5,0.0593199249089579,2436430614.95036,24.2581551281572,6444171374.80534
18.8,-31.5,0.0593199249089579,2436430614.95036,24.2581551281572,6444171374.80534
18.9,-31.5,0.0593199249089579,2436430614.95036,24.2581551281572,6444171374.80534
19,-31.5,0.0593199249089579,2436430614.95036,24.2581551281572,6444171374.80534
19.1,-31.5,0.0515299964841301,134509131.887116,22.8568193615796,367753254.776734
19.2,-31.5,0.0515299964841301,134509131.887116,22.8568193615796,367753254.776734
19.3,-31.5,0.0515299964841301,134509131.887116,22.8568193615796,367753254.776734
19.4,-31.5,0.0515299964841301,134509131.887116,22.8568193615796,367753254.776734
19.5,-31.5,0.0515299964841301,134509131.887116,22.8568193615796,367753254.776734
19.6,-31.5,0.0515299964841301,134509131.887116,22.8568193615796,367753254.776734
19.7,-31.5,0.0449435436512221,11617951.5334182,21.6478993999417,33944847.4561298
19.8,-31.5,0.0449435436512221,11617951.5334182,21.6478993999417,33944847.4561298
19.9,-31.5,0.0449435436512221,11617951.5334182,21.6478993999417,33944847.4561298
20,-31.5,0.0449435436512221,11617951.5334182,21.6478993999417,33944847.4561298
20.1,-31.5,0.0449435436512221,11617951.5334182,21.6478993999417,33944847.4561298
20.2,-31.5,0.0449435436512221,11617951.5334182,21.6478993999417,33944847.4561298
20.3,-31.5,0.0449435436512221,11617951.5334182,21.6478993999417,33944847.4561298
20.4,-31.5,0.0457757922605881,15857713.1594939,21.8452784754161,44455194.9371158
20.5,-31.5,0.0457757922605881,15857713.1594939,21.8452784754161,44455194.9371158
20.6,-31.5,0.0457757922605881,15857713.1594939,21.8452784754161,44455194.9371158
20.7,-31.5,0.0457757922605881,15857713.1594939,21.8452784754161,44455194.9371158
20.8,-31.5,0.0457757922605881,15857713.1594939,21.8452784754161,44455194.9371158
20.9,-31.5,0.0457757922605881,15857713.1594939,21.8452784754161,44455194.9371158
21,-31.5,0.0456298974599978,15022887.3222374,21.823067830511,41809381.9092583
21.1,-31.5,0.0456298974599978,15022887.3222374,21.823067830511,41809381.9092583
21.2,-31.5,0.0456298974599978,15022887.3222374,21.823067830511,41809381.9092583
21.3,-31.5,0.0456298974599978,15022887.3222374,21.823067830511,41809381.9092583
21.4,-31.5,0.0456298974599978,15022887.3222374,21.823067830511,41809381.9092583
21.5,-31.5,0.0456298974599978,15022887.3222374,21.823067830511,41809381.9092583
21.6,-31.5,0.0427803413251142,5210441.20041706,21.282821530572,15054281.5655291
21.7,-31.5,0.0427803413251142,5210441.20041706,21.282821530572,15054281.5655291
21.8,-31.5,0.0427803413251142,5210441.20041706,21.282821530572,15054281.5655291
21.9,-31.5,0.0427803413251142,5210441.20041706,21.282821530572,15054281.5655291
22,-31.5,0.0427803413251142,5210441.20041706,21.282821530572,15054281.5655291
22.1,-31.5,0.0427803413251142,5210441.20041706,21.282821530572,15054281.5655291
22.2,-31.5,0.039631337024156,1618926.22222602,20.702781130854,4944365.06488708
22.3,-31.5,0.039631337024156,1618926.22222602,20.702781130854,4944365.06488708
22.4,-31.5,0.039631337024156,1618926.22222602,20.702781130854,4944365.06488708
22.5,-31.5,0.039631337024156,1618926.22222602,20.702781130854,4944365.06488708
22.6,-31.5,0.039770516062656,1704744.98431063,20.7280103016456,5189063.47344107
22.7,-31.5,0.039770516062656,1704744.98431063,20.7280103016456,5189063.47344107
22.8,-31.5,0.039770516062656,1704744.98431063,20.7280103016456,5189063.47344107
22.9,-31.5,0.0437057289178419,7353333.43105952,21.462821269441,20805880.7733753
23,-31.5,0.0437057289178419,7353333.43105952,21.462821269441,20805880.7733753
23.1,-31.5,0.0437057289178419,7353333.43105952,21.462821269441,20805880.7733753
23.2,-31.5,0.0437057289178419,7353333.43105952,21.462821269441,20805880.7733753
23.3,-31.5,0.0437057289178419,7353333.43105952,21.462821269441,20805880.7733753
23.4,-31.5,0.0437057289178419,7353333.43105952,21.462821269441,20805880.7733753
23.5,-31.5,0.0419938876595721,3892556.22809291,21.1399033746103,11260512.1718785
23.6,-31.5,0.0419938876595721,3892556.22809291,21.1399033746103,11260512.1718785
23.7,-31.5,0.0419938876595721,3892556.22809291,21.1399033746103,11260512.1718785
23.8,-31.5,0.0419938876595721,3892556.22809291,21.1399033746103,11260512.1718785
23.9,-31.5,0.0419938876595721,3892556.22809291,21.1399033746103,11260512.1718785
24,-31.5,0.0419938876595721,3892556.22809291,21.1399033746103,11260512.1718785
24.1,-31.5,0.0349257696515492,282841.667209173,19.8531539877882,956106.768133982
24.2,-31.5,0.0349257696515492,282841.667209173,19.8531539877882,956106.768133982
24.3,-31.5,0.0349257696515492,282841.667209173,19.8531539877882,956106.768133982
24.4,-31.5,0.0349257696515492,282841.667209173,19.8531539877882,956106.768133982
24.5,-31.5,0.0349257696515492,282841.667209173,19.8531539877882,956106.768133982
24.6,-31.5,0.0349257696515492,282841.667209173,19.8531539877882,956106.768133982
24.7,-31.5,0.0397785548440514,1707627.44933561,20.7043582169922,5158161.9354455
24.8,-31.5,0.0397785548440514,1707627.44933561,20.7043582169922,5158161.9354455
24.9,-31.5,0.0397785548440514,1707627.44933561,20.7043582169922,5158161.9354455
25,-31.5,0.0397785548440514,1707627.44933561,20.7043582169922,5158161.9354455
25.1,-31.5,0.0397785548440514,1707627.44933561,20.7043582169922,5158161.9354455
25.2,-31.5,0.0397785548440514,1707627.44933561,20.7043582169922,5158161.9354455
25.3,-31.5,0.0397785548440514,1707627.44933561,20.7043582169922,5158161.9354455
25.4,-31.5,0.0459976548419434,17206633.2875808,21.8526305907008,47943662.8694837
25.5,-31.5,0.0459976548419434,17206633.2875808,21.8526305907008,47943662.8694837
25.6,-31.5,0.0459976548419434,17206633.2875808,21.8526305907008,47943662.8694837
25.7,-31.5,0.0459976548419434,17206633.2875808,21.8526305907008,47943662.8694837
25.8,-31.5,0.0459976548419434,17206633.2875808,21.8526305907008,47943662.8694837
25.9,-31.5,0.0459976548419434,17206633.2875808,21.8526305907008,47943662.8694837
26,-31.5,0.0349437424892931,284573.731554744,19.8460672667751,972296.924977866
26.1,-31.5,0.0349437424892931,284573.731554744,19.8460672667751,972296.924977866
26.2,-31.5,0.0349437424892931,284573.731554744,19.8460672667751,972296.924977866
26.3,-31.5,0.0349437424892931,284573.731554744,19.8460672667751,972296.924977866
26.4,-31.5,0.0349437424892931,284573.731554744,19.8460672667751,972296.924977866
26.5,-31.5,0.0349437424892931,284573.731554744,19.8460672667751,972296.924977866
26.6,-31.5,0.0322831694753076,106328.694646227,19.3924051758908,397103.674682587
26.7,-31.5,0.0322831694753076,106328.694646227,19.3924051758908,397103.674682587
26.8,-31.5,0.0322831694753076,106328.694646227,19.3924051758908,397103.674682587
26.9,-31.5,0.0322831694753076,106328.694646227,19.3924051758908,397103.674682587
27,-31.5,0.0322831694753076,106328.694646227,19.3924051758908,397103.674682587
27.1,-31.5,0.0322831694753076,106328.694646227,19.3924051758908,397103.674682587
27.2,-31.5,0.0373284773227495,686567.187343447,20.2266493201873,2342989.8795995
27.3,-31.5,0.0373284773227495,686567.187343447,20.2266493201873,2342989.8795995
27.4,-31.5,0.0373284773227495,686567.187343447,20.2266493201873,2342989.8795995
27.5,-31.5,0.0373284773227495,686567.187343447,20.2266493201873,2342989.8795995
27.6,-31.5,0.0373284773227495,686567.187343447,20.2266493201873,2342989.8795995
27.7,-31.5,0.0373284773227495,686567.187343447,20.2266493201873,2342989.8795995
27.8,-31.5,0.0373284773227495,686567.187343447,20.2266493201873,2342989.8795995
27.9,-31.5,0.0451649998200033,12493553.3744802,21.4759652710733,39940607.6139544
28,-31.5,0.0451649998200033,12493553.3744802,21.4759652710733,39940607.6139544
28.1,-31.5,0.0451649998200033,12493553.3744802,21.4759652710733,39940607.6139544
28.2,-31.5,0.0451649998200033,12493553.3744802,21.4759652710733,39940607.6139544
28.3,-31.5,0.0451649998200033,12493553.3744802,21.4759652710733,39940607.6139544
28.4,-31.5,0.0451649998200033,12493553.3744802,21.4759652710733,39940607.6139544
28.5,-31.5,0.0502713070785495,82778773.3569193,22.2481784224608,266362120.728886
28.6,-31.5,0.0502713070785495,82778773.3569193,22.2481784224608,266362120.728886
28.7,-31.5,0.0502713070785495,82778773.3569193,22.2481784224608,266362120.728886
28.8,-31.5,0.0502713070785495,82778773.3569193,22.2481784224608,266362120.728886
28.9,-31.5,0.0502713070785495,82778773.3569193,22.2481784224608,266362120.728886
29,-31.5,0.0502713070785495,82778773.3569193,22.2481784224608,266362120.728886
29.1,-31.5,0.0558724027907761,659040313.819501,23.0558404904099,2207548896.59758
29.2,-31.5,0.0558724027907761,659040313.819501,23.0558404904099,2207548896.59758
29.3,-31.5,0.0558724027907761,659040313.819501,23.0558404904099,2207548896.59758
29.4,-31.5,0.0558724027907761,659040313.819501,23.0558404904099,2207548896.59758
29.5,-31.5,0.0558724027907761,659040313.819501,23.0558404904099,2207548896.59758
29.6,-31.5,0.0558724027907761,659040313.819501,23.0558404904099,2207548896.59758
18,-31.4,0.0430432822852843,5646155.33319718,21.0538347253253,26226116.3995839
18.1,-31.4,0.0430432822852843,5646155.33319718,21.0538347253253,26226116.3995839
18.2,-31.4,0.0430432822852843,5646155.33319718,21.0538347253253,26226116.3995839
18.3,-31.4,0.0430432822852843,5646155.33319718,21.0538347253253,26226116.3995839
18.4,-31.4,0.0430432822852843,5646155.33319718,21.0538347253253,26226116.3995839
18.5,-31.4,0.0593199249089579,2436430614.95036,24.2581551281572,6444171374.80534
18.6,-31.4,0.0593199249089579,2436430614.95036,24.2581551281572,6444171374.80534
18.7,-31.4,0.0593199249089579,2436430614.95036,24.2581551281572,6444171374.80534
18.8,-31.4,0.0593199249089579,2436430614.95036,24.2581551281572,6444171374.80534
18.9,-31.4,0.0593199249089579,2436430614.95036,24.2581551281572,6444171374.80534
19,-31.4,0.0593199249089579,2436430614.95036,24.2581551281572,6444171374.80534
19.1,-31.4,0.0515299964841301,134509131.887116,22.8568193615796,367753254.776734
19.2,-31.4,0.0515299964841301,134509131.887116,22.8568193615796,367753254.776734
19.3,-31.4,0.0515299964841301,134509131.887116,22.8568193615796,367753254.776734
19.4,-31.4,0.0515299964841301,134509131.887116,22.8568193615796,367753254.776734
19.5,-31.4,0.0515299964841301,134509131.887116,22.8568193615796,367753254.776734
19.6,-31.4,0.0515299964841301,134509131.887116,22.8568193615796,367753254.776734
19.7,-31.4,0.0449435436512221,11617951.5334182,21.6478993999417,33944847.4561298
19.8,-31.4,0.0449435436512221,11617951.5334182,21.6478993999417,33944847.4561298
19.9,-31.4,0.0449435436512221,11617951.5334182,21.6478993999417,33944847.4561298
20,-31.4,0.0449435436512221,11617951.5334182,21.6478993999417,33944847.4561298
20.1,-31.4,0.0449435436512221,11617951.5334182,21.6478993999417,33944847.4561298
20.2,-31.4,0.0449435436512221,11617951.5334182,21.6478993999417,33944847.4561298
20.3,-31.4,0.0449435436512221,11617951.5334182,21.6478993999417,33944847.4561298
20.4,-31.4,0.0457757922605881,15857713.1594939,21.8452784754161,44455194.9371158
20.5,-31.4,0.0457757922605881,15857713.1594939,21.8452784754161,44455194.9371158
20.6,-31.4,0.0457757922605881,15857713.1594939,21.8452784754161,44455194.9371158
20.7,-31.4,0.0457757922605881,15857713.1594939,21.8452784754161,44455194.9371158
20.8,-31.4,0.0457757922605881,15857713.1594939,21.8452784754161,44455194.9371158
20.9,-31.4,0.0457757922605881,15857713.1594939,21.8452784754161,44455194.9371158
21,-31.4,0.0456298974599978,15022887.3222374,21.823067830511,41809381.9092583
21.1,-31.4,0.0456298974599978,15022887.3222374,21.823067830511,41809381.9092583
21.2,-31.4,0.0456298974599978,15022887.3222374,21.823067830511,41809381.9092583
21.3,-31.4,0.0456298974599978,15022887.3222374,21.823067830511,41809381.9092583
21.4,-31.4,0.0456298974599978,15022887.3222374,21.823067830511,41809381.9092583
21.5,-31.4,0.0456298974599978,15022887.3222374,21.823067830511,41809381.9092583
21.6,-31.4,0.0427803413251142,5210441.20041706,21.282821530572,15054281.5655291
21.7,-31.4,0.0427803413251142,5210441.20041706,21.282821530572,15054281.5655291
21.8,-31.4,0.0427803413251142,5210441.20041706,21.282821530572,15054281.5655291
21.9,-31.4,0.0427803413251142,5210441.20041706,21.282821530572,15054281.5655291
22,-31.4,0.0427803413251142,5210441.20041706,21.282821530572,15054281.5655291
22.1,-31.4,0.0427803413251142,5210441.20041706,21.282821530572,15054281.5655291
22.2,-31.4,0.039631337024156,1618926.22222602,20.702781130854,4944365.06488708
22.3,-31.4,0.039631337024156,1618926.22222602,20.702781130854,4944365.06488708
22.4,-31.4,0.039631337024156,1618926.22222602,20.702781130854,4944365.06488708
22.5,-31.4,0.039631337024156,1618926.22222602,20.702781130854,4944365.06488708
22.6,-31.4,0.039770516062656,1704744.98431063,20.7280103016456,5189063.47344107
22.7,-31.4,0.039770516062656,1704744.98431063,20.7280103016456,5189063.47344107
22.8,-31.4,0.039770516062656,1704744.98431063,20.7280103016456,5189063.47344107
22.9,-31.4,0.0437057289178419,7353333.43105952,21.462821269441,20805880.7733753
23,-31.4,0.0437057289178419,7353333.43105952,21.462821269441,20805880.7733753
23.1,-31.4,0.0437057289178419,7353333.43105952,21.462821269441,20805880.7733753
23.2,-31.4,0.0437057289178419,7353333.43105952,21.462821269441,20805880.7733753
23.3,-31.4,0.0437057289178419,7353333.43105952,21.462821269441,20805880.7733753
23.4,-31.4,0.0437057289178419,7353333.43105952,21.462821269441,20805880.7733753
23.5,-31.4,0.0419938876595721,3892556.22809291,21.1399033746103,11260512.1718785
23.6,-31.4,0.0419938876595721,3892556.22809291,21.1399033746103,11260512.1718785
23.7,-31.4,0.0419938876595721,3892556.22809291,21.1399033746103,11260512.1718785
23.8,-31.4,0.0419938876595721,3892556.22809291,21.1399033746103,11260512.1718785
23.9,-31.4,0.0419938876595721,3892556.22809291,21.1399033746103,11260512.1718785
24,-31.4,0.0419938876595721,3892556.22809291,21.1399033746103,11260512.1718785
24.1,-31.4,0.0349257696515492,282841.667209173,19.8531539877882,956106.768133982
24.2,-31.4,0.0349257696515492,282841.667209173,19.8531539877882,956106.768133982
24.3,-31.4,0.0349257696515492,282841.667209173,19.8531539877882,956106.768133982
24.4,-31.4,0.0349257696515492,282841.667209173,19.8531539877882,956106.768133982
24.5,-31.4,0.0349257696515492,282841.667209173,19.8531539877882,956106.768133982
24.6,-31.4,0.0349257696515492,282841.667209173,19.8531539877882,956106.768133982
24.7,-31.4,0.0397785548440514,1707627.44933561,20.7043582169922,5158161.9354455
24.8,-31.4,0.0397785548440514,1707627.44933561,20.7043582169922,5158161.9354455
24.9,-31.4,0.0397785548440514,1707627.44933561,20.7043582169922,5158161.9354455
25,-31.4,0.0397785548440514,1707627.44933561,20.7043582169922,5158161.9354455
25.1,-31.4,0.0397785548440514,1707627.44933561,20.7043582169922,5158161.9354455
25.2,-31.4,0.0397785548440514,1707627.44933561,20.7043582169922,5158161.9354455
25.3,-31.4,0.0397785548440514,1707627.44933561,20.7043582169922,5158161.9354455
25.4,-31.4,0.0459976548419434,17206633.2875808,21.8526305907008,47943662.8694837
25.5,-31.4,0.0459976548419434,17206633.2875808,21.8526305907008,47943662.8694837
25.6,-31.4,0.0459976548419434,17206633.2875808,21.8526305907008,47943662.8694837
25.7,-31.4,0.0459976548419434,17206633.2875808,21.8526305907008,47943662.8694837
25.8,-31.4,0.0459976548419434,17206633.2875808,21.8526305907008,47943662.8694837
25.9,-31.4,0.0459976548419434,17206633.2875808,21.8526305907008,47943662.8694837
26,-31.4,0.0349437424892931,284573.731554744,19.8460672667751,972296.924977866
26.1,-31.4,0.0349437424892931,284573.731554744,19.8460672667751,972296.924977866
26.2,-31.4,0.0349437424892931,284573.731554744,19.8460672667751,972296.924977866
26.3,-31.4,0.0349437424892931,284573.731554744,19.8460672667751,972296.924977866
26.4,-31.4,0.0349437424892931,284573.731554744,19.8460672667751,972296.924977866
26.5,-31.4,0.0349437424892931,284573.731554744,19.8460672667751,972296.924977866
26.6,-31.4,0.0322831694753076,106328.694646227,19.3924051758908,397103.674682587
26.7,-31.4,0.0322831694753076,106328.694646227,19.3924051758908,397103.674682587
26.8,-31.4,0.0322831694753076,106328.694646227,19.3924051758908,397103.674682587
26.9,-31.4,0.0322831694753076,106328.694646227,19.3924051758908,397103.674682587
27,-31.4,0.0322831694753076,106328.694646227,19.3924051758908,397103.674682587
27.1,-31.4,0.0322831694753076,106328.694646227,19.3924051758908,397103.674682587
27.2,-31.4,0.0373284773227495,686567.187343447,20.2266493201873,2342989.8795995
27.3,-31.4,0.0373284773227495,686567.187343447,20.2266493201873,2342989.8795995
27.4,-31.4,0.0373284773227495,686567.187343447,20.2266493201873,2342989.8795995
27.5,-31.4,0.0373284773227495,686567.187343447,20.2266493201873,2342989.8795995
27.6,-31.4,0.0373284773227495,686567.187343447,20.2266493201873,2342989.8795995
27.7,-31.4,0.0373284773227495,686567.187343447,20.2266493201873,2342989.8795995
27.8,-31.4,0.0373284773227495,686567.187343447,20.2266493201873,2342989.8795995
27.9,-31.4,0.0451649998200033,12493553.3744802,21.4759652710733,39940607.6139544
28,-31.4,0.0451649998200033,12493553.3744802,21.4759652710733,39940607.6139544
28.1,-31.4,0.0451649998200033,12493553.3744802,21.4759652710733,39940607.6139544
28.2,-31.4,0.0451649998200033,12493553.3744802,21.4759652710733,39940607.6139544
28.3,-31.4,0.0451649998200033,12493553.3744802,21.4759652710733,39940607.6139544
28.4,-31.4,0.0451649998200033,12493553.3744802,21.4759652710733,39940607.6139544
28.5,-31.4,0.0502713070785495,82778773.3569193,22.2481784224608,266362120.728886
28.6,-31.4,0.0502713070785495,82778773.3569193,22.2481784224608,266362120.728886
28.7,-31.4,0.0502713070785495,82778773.3569193,22.2481784224608,266362120.728886
28.8,-31.4,0.0502713070785495,82778773.3569193,22.2481784224608,266362120.728886
28.9,-31.4,0.0502713070785495,82778773.3569193,22.2481784224608,266362120.728886
29,-31.4,0.0502713070785495,82778773.3569193,22.2481784224608,266362120.728886
29.1,-31.4,0.0558724027907761,659040313.819501,23.0558404904099,2207548896.59758
29.2,-31.4,0.0558724027907761,659040313.819501,23.0558404904099,2207548896.59758
29.3,-31.4,0.0558724027907761,659040313.819501,23.0558404904099,2207548896.59758
29.4,-31.4,0.0558724027907761,659040313.819501,23.0558404904099,2207548896.59758
29.5,-31.4,0.0558724027907761,659040313.819501,23.0558404904099,2207548896.59758
29.6,-31.4,0.0558724027907761,659040313.819501,23.0558404904099,2207548896.59758
29.7,-31.4,0.0553900930066642,546860894.075479,22.9015654787545,2249368801.20114
29.8,-31.4,0.0553900930066642,546860894.075479,22.9015654787545,2249368801.20114
17.9,-31.3,0.0430432822852843,5646155.33319718,21.0538347253253,26226116.3995839
18,-31.3,0.0430432822852843,5646155.33319718,21.0538347253253,26226116.3995839
18.1,-31.3,0.0430432822852843,5646155.33319718,21.0538347253253,26226116.3995839
18.2,-31.3,0.0430432822852843,5646155.33319718,21.0538347253253,26226116.3995839
18.3,-31.3,0.0430432822852843,5646155.33319718,21.0538347253253,26226116.3995839
18.4,-31.3,0.0430432822852843,5646155.33319718,21.0538347253253,26226116.3995839
18.5,-31.3,0.0593199249089579,2436430614.95036,24.2581551281572,6444171374.80534
18.6,-31.3,0.0593199249089579,2436430614.95036,24.2581551281572,6444171374.80534
18.7,-31.3,0.0593199249089579,2436430614.95036,24.2581551281572,6444171374.80534
18.8,-31.3,0.0593199249089579,2436430614.95036,24.2581551281572,6444171374.80534
18.9,-31.3,0.0593199249089579,2436430614.95036,24.2581551281572,6444171374.80534
19,-31.3,0.0593199249089579,2436430614.95036,24.2581551281572,6444171374.80534
19.1,-31.3,0.0515299964841301,134509131.887116,22.8568193615796,367753254.776734
19.2,-31.3,0.0515299964841301,134509131.887116,22.8568193615796,367753254.776734
19.3,-31.3,0.0515299964841301,134509131.887116,22.8568193615796,367753254.776734
19.4,-31.3,0.0515299964841301,134509131.887116,22.8568193615796,367753254.776734
19.5,-31.3,0.0515299964841301,134509131.887116,22.8568193615796,367753254.776734
19.6,-31.3,0.0515299964841301,134509131.887116,22.8568193615796,367753254.776734
19.7,-31.3,0.0449435436512221,11617951.5334182,21.6478993999417,33944847.4561298
19.8,-31.3,0.0449435436512221,11617951.5334182,21.6478993999417,33944847.4561298
19.9,-31.3,0.0449435436512221,11617951.5334182,21.6478993999417,33944847.4561298
20,-31.3,0.0449435436512221,11617951.5334182,21.6478993999417,33944847.4561298
20.1,-31.3,0.0449435436512221,11617951.5334182,21.6478993999417,33944847.4561298
20.2,-31.3,0.0449435436512221,11617951.5334182,21.6478993999417,33944847.4561298
20.3,-31.3,0.0449435436512221,11617951.5334182,21.6478993999417,33944847.4561298
20.4,-31.3,0.0457757922605881,15857713.1594939,21.8452784754161,44455194.9371158
20.5,-31.3,0.0457757922605881,15857713.1594939,21.8452784754161,44455194.9371158
20.6,-31.3,0.0457757922605881,15857713.1594939,21.8452784754161,44455194.9371158
20.7,-31.3,0.0457757922605881,15857713.1594939,21.8452784754161,44455194.9371158
20.8,-31.3,0.0457757922605881,15857713.1594939,21.8452784754161,44455194.9371158
20.9,-31.3,0.0457757922605881,15857713.1594939,21.8452784754161,44455194.9371158
21,-31.3,0.0456298974599978,15022887.3222374,21.823067830511,41809381.9092583
21.1,-31.3,0.0456298974599978,15022887.3222374,21.823067830511,41809381.9092583
21.2,-31.3,0.0456298974599978,15022887.3222374,21.823067830511,41809381.9092583
21.3,-31.3,0.0456298974599978,15022887.3222374,21.823067830511,41809381.9092583
21.4,-31.3,0.0456298974599978,15022887.3222374,21.823067830511,41809381.9092583
21.5,-31.3,0.0456298974599978,15022887.3222374,21.823067830511,41809381.9092583
21.6,-31.3,0.0427803413251142,5210441.20041706,21.282821530572,15054281.5655291
21.7,-31.3,0.0427803413251142,5210441.20041706,21.282821530572,15054281.5655291
21.8,-31.3,0.0427803413251142,5210441.20041706,21.282821530572,15054281.5655291
21.9,-31.3,0.0427803413251142,5210441.20041706,21.282821530572,15054281.5655291
22,-31.3,0.0427803413251142,5210441.20041706,21.282821530572,15054281.5655291
22.1,-31.3,0.0427803413251142,5210441.20041706,21.282821530572,15054281.5655291
22.2,-31.3,0.039631337024156,1618926.22222602,20.702781130854,4944365.06488708
22.3,-31.3,0.039631337024156,1618926.22222602,20.702781130854,4944365.06488708
22.4,-31.3,0.039631337024156,1618926.22222602,20.702781130854,4944365.06488708
22.5,-31.3,0.039631337024156,1618926.22222602,20.702781130854,4944365.06488708
22.6,-31.3,0.039770516062656,1704744.98431063,20.7280103016456,5189063.47344107
22.7,-31.3,0.039770516062656,1704744.98431063,20.7280103016456,5189063.47344107
22.8,-31.3,0.039770516062656,1704744.98431063,20.7280103016456,5189063.47344107
22.9,-31.3,0.0437057289178419,7353333.43105952,21.462821269441,20805880.7733753
23,-31.3,0.0437057289178419,7353333.43105952,21.462821269441,20805880.7733753
23.1,-31.3,0.0437057289178419,7353333.43105952,21.462821269441,20805880.7733753
23.2,-31.3,0.0437057289178419,7353333.43105952,21.462821269441,20805880.7733753
23.3,-31.3,0.0437057289178419,7353333.43105952,21.462821269441,20805880.7733753
23.4,-31.3,0.0437057289178419,7353333.43105952,21.462821269441,20805880.7733753
23.5,-31.3,0.0419938876595721,3892556.22809291,21.1399033746103,11260512.1718785
23.6,-31.3,0.0419938876595721,3892556.22809291,21.1399033746103,11260512.1718785
23.7,-31.3,0.0419938876595721,3892556.22809291,21.1399033746103,11260512.1718785
23.8,-31.3,0.0419938876595721,3892556.22809291,21.1399033746103,11260512.1718785
23.9,-31.3,0.0419938876595721,3892556.22809291,21.1399033746103,11260512.1718785
24,-31.3,0.0419938876595721,3892556.22809291,21.1399033746103,11260512.1718785
24.1,-31.3,0.0349257696515492,282841.667209173,19.8531539877882,956106.768133982
24.2,-31.3,0.0349257696515492,282841.667209173,19.8531539877882,956106.768133982
24.3,-31.3,0.0349257696515492,282841.667209173,19.8531539877882,956106.768133982
24.4,-31.3,0.0349257696515492,282841.667209173,19.8531539877882,956106.768133982
24.5,-31.3,0.0349257696515492,282841.667209173,19.8531539877882,956106.768133982
24.6,-31.3,0.0349257696515492,282841.667209173,19.8531539877882,956106.768133982
24.7,-31.3,0.0397785548440514,1707627.44933561,20.7043582169922,5158161.9354455
24.8,-31.3,0.0397785548440514,1707627.44933561,20.7043582169922,5158161.9354455
24.9,-31.3,0.0397785548440514,1707627.44933561,20.7043582169922,5158161.9354455
25,-31.3,0.0397785548440514,1707627.44933561,20.7043582169922,5158161.9354455
25.1,-31.3,0.0397785548440514,1707627.44933561,20.7043582169922,5158161.9354455
25.2,-31.3,0.0397785548440514,1707627.44933561,20.7043582169922,5158161.9354455
25.3,-31.3,0.0397785548440514,1707627.44933561,20.7043582169922,5158161.9354455
25.4,-31.3,0.0459976548419434,17206633.2875808,21.8526305907008,47943662.8694837
25.5,-31.3,0.0459976548419434,17206633.2875808,21.8526305907008,47943662.8694837
25.6,-31.3,0.0459976548419434,17206633.2875808,21.8526305907008,47943662.8694837
25.7,-31.3,0.0459976548419434,17206633.2875808,21.8526305907008,47943662.8694837
25.8,-31.3,0.0459976548419434,17206633.2875808,21.8526305907008,47943662.8694837
25.9,-31.3,0.0459976548419434,17206633.2875808,21.8526305907008,47943662.8694837
26,-31.3,0.0349437424892931,284573.731554744,19.8460672667751,972296.924977866
26.1,-31.3,0.0349437424892931,284573.731554744,19.8460672667751,972296.924977866
26.2,-31.3,0.0349437424892931,284573.731554744,19.8460672667751,972296.924977866
26.3,-31.3,0.0349437424892931,284573.731554744,19.8460672667751,972296.924977866
26.4,-31.3,0.0349437424892931,284573.731554744,19.8460672667751,972296.924977866
26.5,-31.3,0.0349437424892931,284573.731554744,19.8460672667751,972296.924977866
26.6,-31.3,0.0322831694753076,106328.694646227,19.3924051758908,397103.674682587
26.7,-31.3,0.0322831694753076,106328.694646227,19.3924051758908,397103.674682587
26.8,-31.3,0.0322831694753076,106328.694646227,19.3924051758908,397103.674682587
26.9,-31.3,0.0322831694753076,106328.694646227,19.3924051758908,397103.674682587
27,-31.3,0.0322831694753076,106328.694646227,19.3924051758908,397103.674682587
27.1,-31.3,0.0322831694753076,106328.694646227,19.3924051758908,397103.674682587
27.2,-31.3,0.0373284773227495,686567.187343447,20.2266493201873,2342989.8795995
27.3,-31.3,0.0373284773227495,686567.187343447,20.2266493201873,2342989.8795995
27.4,-31.3,0.0373284773227495,686567.187343447,20.2266493201873,2342989.8795995
27.5,-31.3,0.0373284773227495,686567.187343447,20.2266493201873,2342989.8795995
27.6,-31.3,0.0373284773227495,686567.187343447,20.2266493201873,2342989.8795995
27.7,-31.3,0.0373284773227495,686567.187343447,20.2266493201873,2342989.8795995
27.8,-31.3,0.0373284773227495,686567.187343447,20.2266493201873,2342989.8795995
27.9,-31.3,0.0451649998200033,12493553.3744802,21.4759652710733,39940607.6139544
28,-31.3,0.0451649998200033,12493553.3744802,21.4759652710733,39940607.6139544
28.1,-31.3,0.0451649998200033,12493553.3744802,21.4759652710733,39940607.6139544
28.2,-31.3,0.0451649998200033,12493553.3744802,21.4759652710733,39940607.6139544
28.3,-31.3,0.0451649998200033,12493553.3744802,21.4759652710733,39940607.6139544
28.4,-31.3,0.0451649998200033,12493553.3744802,21.4759652710733,39940607.6139544
28.5,-31.3,0.0502713070785495,82778773.3569193,22.2481784224608,266362120.728886
28.6,-31.3,0.0502713070785495,82778773.3569193,22.2481784224608,266362120.728886
28.7,-31.3,0.0502713070785495,82778773.3569193,22.2481784224608,266362120.728886
28.8,-31.3,0.0502713070785495,82778773.3569193,22.2481784224608,266362120.728886
28.9,-31.3,0.0502713070785495,82778773.3569193,22.2481784224608,266362120.728886
29,-31.3,0.0502713070785495,82778773.3569193,22.2481784224608,266362120.728886
29.1,-31.3,0.0558724027907761,659040313.819501,23.0558404904099,2207548896.59758
29.2,-31.3,0.0558724027907761,659040313.819501,23.0558404904099,2207548896.59758
29.3,-31.3,0.0558724027907761,659040313.819501,23.0558404904099,2207548896.59758
29.4,-31.3,0.0558724027907761,659040313.819501,23.0558404904099,2207548896.59758
29.5,-31.3,0.0558724027907761,659040313.819501,23.0558404904099,2207548896.59758
29.6,-31.3,0.0558724027907761,659040313.819501,23.0558404904099,2207548896.59758
29.7,-31.3,0.0553900930066642,546860894.075479,22.9015654787545,2249368801.20114
29.8,-31.3,0.0553900930066642,546860894.075479,22.9015654787545,2249368801.20114
29.9,-31.3,0.0553900930066642,546860894.075479,22.9015654787545,2249368801.20114
17.9,-31.2,0.0579646555130165,1451588324.48848,23.6643543046965,4235060043.71757
18,-31.2,0.0579646555130165,1451588324.48848,23.6643543046965,4235060043.71757
18.1,-31.2,0.0579646555130165,1451588324.48848,23.6643543046965,4235060043.71757
18.2,-31.2,0.0579646555130165,1451588324.48848,23.6643543046965,4235060043.71757
18.3,-31.2,0.0579646555130165,1451588324.48848,23.6643543046965,4235060043.71757
18.4,-31.2,0.0579646555130165,1451588324.48848,23.6643543046965,4235060043.71757
18.5,-31.2,0.0602244682589008,3420038786.67606,24.512261918461,8956569032.1146
18.6,-31.2,0.0602244682589008,3420038786.67606,24.512261918461,8956569032.1146
18.7,-31.2,0.0602244682589008,3420038786.67606,24.512261918461,8956569032.1146
18.8,-31.2,0.0602244682589008,3420038786.67606,24.512261918461,8956569032.1146
18.9,-31.2,0.0602244682589008,3420038786.67606,24.512261918461,8956569032.1146
19,-31.2,0.0602244682589008,3420038786.67606,24.512261918461,8956569032.1146
19.1,-31.2,0.0566107705285135,892699345.303423,23.8659381086416,2344981558.42841
19.2,-31.2,0.0566107705285135,892699345.303423,23.8659381086416,2344981558.42841
19.3,-31.2,0.0566107705285135,892699345.303423,23.8659381086416,2344981558.42841
19.4,-31.2,0.0566107705285135,892699345.303423,23.8659381086416,2344981558.42841
19.5,-31.2,0.0566107705285135,892699345.303423,23.8659381086416,2344981558.42841
19.6,-31.2,0.0566107705285135,892699345.303423,23.8659381086416,2344981558.42841
19.7,-31.2,0.0500535036471633,77820521.9834318,22.6381914544676,210726001.909087
19.8,-31.2,0.0500535036471633,77820521.9834318,22.6381914544676,210726001.909087
19.9,-31.2,0.0500535036471633,77820521.9834318,22.6381914544676,210726001.909087
20,-31.2,0.0500535036471633,77820521.9834318,22.6381914544676,210726001.909087
20.1,-31.2,0.0500535036471633,77820521.9834318,22.6381914544676,210726001.909087
20.2,-31.2,0.0500535036471633,77820521.9834318,22.6381914544676,210726001.909087
20.3,-31.2,0.0500535036471633,77820521.9834318,22.6381914544676,210726001.909087
20.4,-31.2,0.0505874655563941,95315466.67547,22.844238867948,254466205.256105
20.5,-31.2,0.0505874655563941,95315466.67547,22.844238867948,254466205.256105
20.6,-31.2,0.0505874655563941,95315466.67547,22.844238867948,254466205.256105
20.7,-31.2,0.0505874655563941,95315466.67547,22.844238867948,254466205.256105
20.8,-31.2,0.0505874655563941,95315466.67547,22.844238867948,254466205.256105
20.9,-31.2,0.0505874655563941,95315466.67547,22.844238867948,254466205.256105
21,-31.2,0.0456629775874068,15231326.3527416,21.8521067097651,41924186.6821631
21.1,-31.2,0.0456629775874068,15231326.3527416,21.8521067097651,41924186.6821631
21.2,-31.2,0.0456629775874068,15231326.3527416,21.8521067097651,41924186.6821631
21.3,-31.2,0.0456629775874068,15231326.3527416,21.8521067097651,41924186.6821631
21.4,-31.2,0.0456629775874068,15231326.3527416,21.8521067097651,41924186.6821631
21.5,-31.2,0.0456629775874068,15231326.3527416,21.8521067097651,41924186.6821631
21.6,-31.2,0.0454578289988313,14124356.7777733,21.8297285241374,38667842.4243071
21.7,-31.2,0.0454578289988313,14124356.7777733,21.8297285241374,38667842.4243071
21.8,-31.2,0.0454578289988313,14124356.7777733,21.8297285241374,38667842.4243071
21.9,-31.2,0.0454578289988313,14124356.7777733,21.8297285241374,38667842.4243071
22,-31.2,0.0454578289988313,14124356.7777733,21.8297285241374,38667842.4243071
22.1,-31.2,0.0454578289988313,14124356.7777733,21.8297285241374,38667842.4243071
22.2,-31.2,0.0434915807708702,6798160.61528139,21.4483082053642,19032593.302653
22.3,-31.2,0.0434915807708702,6798160.61528139,21.4483082053642,19032593.302653
22.4,-31.2,0.0434915807708702,6798160.61528139,21.4483082053642,19032593.302653
22.5,-31.2,0.0434915807708702,6798160.61528139,21.4483082053642,19032593.302653
22.6,-31.2,0.0436055422030576,7092436.9925617,21.4701036405115,19823548.8753103
22.7,-31.2,0.0436055422030576,7092436.9925617,21.4701036405115,19823548.8753103
22.8,-31.2,0.0436055422030576,7092436.9925617,21.4701036405115,19823548.8753103
22.9,-31.2,0.0471150375042257,26211301.4949799,22.1951177635523,71275509.7420285
23,-31.2,0.0471150375042257,26211301.4949799,22.1951177635523,71275509.7420285
23.1,-31.2,0.0471150375042257,26211301.4949799,22.1951177635523,71275509.7420285
23.2,-31.2,0.0471150375042257,26211301.4949799,22.1951177635523,71275509.7420285
23.3,-31.2,0.0471150375042257,26211301.4949799,22.1951177635523,71275509.7420285
23.4,-31.2,0.0471150375042257,26211301.4949799,22.1951177635523,71275509.7420285
23.5,-31.2,0.0450487415419036,12135608.9084816,21.7586997919744,33373168.1253082
23.6,-31.2,0.0450487415419036,12135608.9084816,21.7586997919744,33373168.1253082
23.7,-31.2,0.0450487415419036,12135608.9084816,21.7586997919744,33373168.1253082
23.8,-31.2,0.0450487415419036,12135608.9084816,21.7586997919744,33373168.1253082
23.9,-31.2,0.0450487415419036,12135608.9084816,21.7586997919744,33373168.1253082
24,-31.2,0.0450487415419036,12135608.9084816,21.7586997919744,33373168.1253082
24.1,-31.2,0.0422728187061853,4317817.05364584,21.1955776729561,12218251.6243726
24.2,-31.2,0.0422728187061853,4317817.05364584,21.1955776729561,12218251.6243726
24.3,-31.2,0.0422728187061853,4317817.05364584,21.1955776729561,12218251.6243726
24.4,-31.2,0.0422728187061853,4317817.05364584,21.1955776729561,12218251.6243726
24.5,-31.2,0.0422728187061853,4317817.05364584,21.1955776729561,12218251.6243726
24.6,-31.2,0.0422728187061853,4317817.05364584,21.1955776729561,12218251.6243726
24.7,-31.2,0.0408827980249727,2574211.89770117,20.9164519698567,7458408.86885309
24.8,-31.2,0.0408827980249727,2574211.89770117,20.9164519698567,7458408.86885309
24.9,-31.2,0.0408827980249727,2574211.89770117,20.9164519698567,7458408.86885309
25,-31.2,0.0408827980249727,2574211.89770117,20.9164519698567,7458408.86885309
25.1,-31.2,0.0408827980249727,2574211.89770117,20.9164519698567,7458408.86885309
25.2,-31.2,0.0408827980249727,2574211.89770117,20.9164519698567,7458408.86885309
25.3,-31.2,0.0408827980249727,2574211.89770117,20.9164519698567,7458408.86885309
25.4,-31.2,0.0390314331472786,1294531.32793794,20.5638387255437,3899450.69205389
25.5,-31.2,0.0390314331472786,1294531.32793794,20.5638387255437,3899450.69205389
25.6,-31.2,0.0390314331472786,1294531.32793794,20.5638387255437,3899450.69205389
25.7,-31.2,0.0390314331472786,1294531.32793794,20.5638387255437,3899450.69205389
25.8,-31.2,0.0390314331472786,1294531.32793794,20.5638387255437,3899450.69205389
25.9,-31.2,0.0390314331472786,1294531.32793794,20.5638387255437,3899450.69205389
26,-31.2,0.0381734520530762,941503.791730417,20.4023883477569,2905745.99945058
26.1,-31.2,0.0381734520530762,941503.791730417,20.4023883477569,2905745.99945058
26.2,-31.2,0.0381734520530762,941503.791730417,20.4023883477569,2905745.99945058
26.3,-31.2,0.0381734520530762,941503.791730417,20.4023883477569,2905745.99945058
26.4,-31.2,0.0381734520530762,941503.791730417,20.4023883477569,2905745.99945058
26.5,-31.2,0.0381734520530762,941503.791730417,20.4023883477569,2905745.99945058
26.6,-31.2,0.033899419372118,193330.807946684,19.6501265811497,676493.358859504
26.7,-31.2,0.033899419372118,193330.807946684,19.6501265811497,676493.358859504
26.8,-31.2,0.033899419372118,193330.807946684,19.6501265811497,676493.358859504
26.9,-31.2,0.033899419372118,193330.807946684,19.6501265811497,676493.358859504
27,-31.2,0.033899419372118,193330.807946684,19.6501265811497,676493.358859504
27.1,-31.2,0.033899419372118,193330.807946684,19.6501265811497,676493.358859504
27.2,-31.2,0.0227975588180441,3210.26983384881,17.8203958540728,19677.6417368803
27.3,-31.2,0.0227975588180441,3210.26983384881,17.8203958540728,19677.6417368803
27.4,-31.2,0.0227975588180441,3210.26983384881,17.8203958540728,19677.6417368803
27.5,-31.2,0.0227975588180441,3210.26983384881,17.8203958540728,19677.6417368803
27.6,-31.2,0.0227975588180441,3210.26983384881,17.8203958540728,19677.6417368803
27.7,-31.2,0.0227975588180441,3210.26983384881,17.8203958540728,19677.6417368803
27.8,-31.2,0.0227975588180441,3210.26983384881,17.8203958540728,19677.6417368803
27.9,-31.2,0.0292774452833145,34989.4109983584,18.9233474800135,158154.337511121
28,-31.2,0.0292774452833145,34989.4109983584,18.9233474800135,158154.337511121
28.1,-31.2,0.0292774452833145,34989.4109983584,18.9233474800135,158154.337511121
28.2,-31.2,0.0292774452833145,34989.4109983584,18.9233474800135,158154.337511121
28.3,-31.2,0.0292774452833145,34989.4109983584,18.9233474800135,158154.337511121
28.4,-31.2,0.0292774452833145,34989.4109983584,18.9233474800135,158154.337511121
28.5,-31.2,0.0468799535420105,23580731.655112,21.7446456920607,74735803.9507058
28.6,-31.2,0.0468799535420105,23580731.655112,21.7446456920607,74735803.9507058
28.7,-31.2,0.0468799535420105,23580731.655112,21.7446456920607,74735803.9507058
28.8,-31.2,0.0468799535420105,23580731.655112,21.7446456920607,74735803.9507058
28.9,-31.2,0.0468799535420105,23580731.655112,21.7446456920607,74735803.9507058
29,-31.2,0.0468799535420105,23580731.655112,21.7446456920607,74735803.9507058
29.1,-31.2,0.0520382483754546,159361906.206283,22.513436992246,508484162.211684
29.2,-31.2,0.0520382483754546,159361906.206283,22.513436992246,508484162.211684
29.3,-31.2,0.0520382483754546,159361906.206283,22.513436992246,508484162.211684
29.4,-31.2,0.0520382483754546,159361906.206283,22.513436992246,508484162.211684
29.5,-31.2,0.0520382483754546,159361906.206283,22.513436992246,508484162.211684
29.6,-31.2,0.0520382483754546,159361906.206283,22.513436992246,508484162.211684
29.7,-31.2,0.0565871599924493,858487413.889401,23.1609807604407,2960643127.93986
29.8,-31.2,0.0565871599924493,858487413.889401,23.1609807604407,2960643127.93986
29.9,-31.2,0.0565871599924493,858487413.889401,23.1609807604407,2960643127.93986
30,-31.2,0.0565871599924493,858487413.889401,23.1609807604407,2960643127.93986
17.8,-31.1,0.022466820908091,2833.56896900858,18.1727173843639,37630.6256852156
17.9,-31.1,0.0579646555130165,1451588324.48848,23.6643543046965,4235060043.71757
18,-31.1,0.0579646555130165,1451588324.48848,23.6643543046965,4235060043.71757
18.1,-31.1,0.0579646555130165,1451588324.48848,23.6643543046965,4235060043.71757
18.2,-31.1,0.0579646555130165,1451588324.48848,23.6643543046965,4235060043.71757
18.3,-31.1,0.0579646555130165,1451588324.48848,23.6643543046965,4235060043.71757
18.4,-31.1,0.0579646555130165,1451588324.48848,23.6643543046965,4235060043.71757
18.5,-31.1,0.0602244682589008,3420038786.67606,24.512261918461,8956569032.1146
18.6,-31.1,0.0602244682589008,3420038786.67606,24.512261918461,8956569032.1146
18.7,-31.1,0.0602244682589008,3420038786.67606,24.512261918461,8956569032.1146
18.8,-31.1,0.0602244682589008,3420038786.67606,24.512261918461,8956569032.1146
18.9,-31.1,0.0602244682589008,3420038786.67606,24.512261918461,8956569032.1146
19,-31.1,0.0602244682589008,3420038786.67606,24.512261918461,8956569032.1146
19.1,-31.1,0.0566107705285135,892699345.303423,23.8659381086416,2344981558.42841
19.2,-31.1,0.0566107705285135,892699345.303423,23.8659381086416,2344981558.42841
19.3,-31.1,0.0566107705285135,892699345.303423,23.8659381086416,2344981558.42841
19.4,-31.1,0.0566107705285135,892699345.303423,23.8659381086416,2344981558.42841
19.5,-31.1,0.0566107705285135,892699345.303423,23.8659381086416,2344981558.42841
19.6,-31.1,0.0566107705285135,892699345.303423,23.8659381086416,2344981558.42841
19.7,-31.1,0.0500535036471633,77820521.9834318,22.6381914544676,210726001.909087
19.8,-31.1,0.0500535036471633,77820521.9834318,22.6381914544676,210726001.909087
19.9,-31.1,0.0500535036471633,77820521.9834318,22.6381914544676,210726001.909087
20,-31.1,0.0500535036471633,77820521.9834318,22.6381914544676,210726001.909087
20.1,-31.1,0.0500535036471633,77820521.9834318,22.6381914544676,210726001.909087
20.2,-31.1,0.0500535036471633,77820521.9834318,22.6381914544676,210726001.909087
20.3,-31.1,0.0500535036471633,77820521.9834318,22.6381914544676,210726001.909087
20.4,-31.1,0.0505874655563941,95315466.67547,22.844238867948,254466205.256105
20.5,-31.1,0.0505874655563941,95315466.67547,22.844238867948,254466205.256105
20.6,-31.1,0.0505874655563941,95315466.67547,22.844238867948,254466205.256105
20.7,-31.1,0.0505874655563941,95315466.67547,22.844238867948,254466205.256105
20.8,-31.1,0.0505874655563941,95315466.67547,22.844238867948,254466205.256105
20.9,-31.1,0.0505874655563941,95315466.67547,22.844238867948,254466205.256105
21,-31.1,0.0456629775874068,15231326.3527416,21.8521067097651,41924186.6821631
21.1,-31.1,0.0456629775874068,15231326.3527416,21.8521067097651,41924186.6821631
21.2,-31.1,0.0456629775874068,15231326.3527416,21.8521067097651,41924186.6821631
21.3,-31.1,0.0456629775874068,15231326.3527416,21.8521067097651,41924186.6821631
21.4,-31.1,0.0456629775874068,15231326.3527416,21.8521067097651,41924186.6821631
21.5,-31.1,0.0456629775874068,15231326.3527416,21.8521067097651,41924186.6821631
21.6,-31.1,0.0454578289988313,14124356.7777733,21.8297285241374,38667842.4243071
21.7,-31.1,0.0454578289988313,14124356.7777733,21.8297285241374,38667842.4243071
21.8,-31.1,0.0454578289988313,14124356.7777733,21.8297285241374,38667842.4243071
21.9,-31.1,0.0454578289988313,14124356.7777733,21.8297285241374,38667842.4243071
22,-31.1,0.0454578289988313,14124356.7777733,21.8297285241374,38667842.4243071
22.1,-31.1,0.0454578289988313,14124356.7777733,21.8297285241374,38667842.4243071
22.2,-31.1,0.0434915807708702,6798160.61528139,21.4483082053642,19032593.302653
22.3,-31.1,0.0434915807708702,6798160.61528139,21.4483082053642,19032593.302653
22.4,-31.1,0.0434915807708702,6798160.61528139,21.4483082053642,19032593.302653
22.5,-31.1,0.0434915807708702,6798160.61528139,21.4483082053642,19032593.302653
22.6,-31.1,0.0436055422030576,7092436.9925617,21.4701036405115,19823548.8753103
22.7,-31.1,0.0436055422030576,7092436.9925617,21.4701036405115,19823548.8753103
22.8,-31.1,0.0436055422030576,7092436.9925617,21.4701036405115,19823548.8753103
22.9,-31.1,0.0471150375042257,26211301.4949799,22.1951177635523,71275509.7420285
23,-31.1,0.0471150375042257,26211301.4949799,22.1951177635523,71275509.7420285
23.1,-31.1,0.0471150375042257,26211301.4949799,22.1951177635523,71275509.7420285
23.2,-31.1,0.0471150375042257,26211301.4949799,22.1951177635523,71275509.7420285
23.3,-31.1,0.0471150375042257,26211301.4949799,22.1951177635523,71275509.7420285
23.4,-31.1,0.0471150375042257,26211301.4949799,22.1951177635523,71275509.7420285
23.5,-31.1,0.0450487415419036,12135608.9084816,21.7586997919744,33373168.1253082
23.6,-31.1,0.0450487415419036,12135608.9084816,21.7586997919744,33373168.1253082
23.7,-31.1,0.0450487415419036,12135608.9084816,21.7586997919744,33373168.1253082
23.8,-31.1,0.0450487415419036,12135608.9084816,21.7586997919744,33373168.1253082
23.9,-31.1,0.0450487415419036,12135608.9084816,21.7586997919744,33373168.1253082
24,-31.1,0.0450487415419036,12135608.9084816,21.7586997919744,33373168.1253082
24.1,-31.1,0.0422728187061853,4317817.05364584,21.1955776729561,12218251.6243726
24.2,-31.1,0.0422728187061853,4317817.05364584,21.1955776729561,12218251.6243726
24.3,-31.1,0.0422728187061853,4317817.05364584,21.1955776729561,12218251.6243726
24.4,-31.1,0.0422728187061853,4317817.05364584,21.1955776729561,12218251.6243726
24.5,-31.1,0.0422728187061853,4317817.05364584,21.1955776729561,12218251.6243726
24.6,-31.1,0.0422728187061853,4317817.05364584,21.1955776729561,12218251.6243726
24.7,-31.1,0.0408827980249727,2574211.89770117,20.9164519698567,7458408.86885309
24.8,-31.1,0.0408827980249727,2574211.89770117,20.9164519698567,7458408.86885309
24.9,-31.1,0.0408827980249727,2574211.89770117,20.9164519698567,7458408.86885309
25,-31.1,0.0408827980249727,2574211.89770117,20.9164519698567,7458408.86885309
25.1,-31.1,0.0408827980249727,2574211.89770117,20.9164519698567,7458408.86885309
25.2,-31.1,0.0408827980249727,2574211.89770117,20.9164519698567,7458408.86885309
25.3,-31.1,0.0408827980249727,2574211.89770117,20.9164519698567,7458408.86885309
25.4,-31.1,0.0390314331472786,1294531.32793794,20.5638387255437,3899450.69205389
25.5,-31.1,0.0390314331472786,1294531.32793794,20.5638387255437,3899450.69205389
25.6,-31.1,0.0390314331472786,1294531.32793794,20.5638387255437,3899450.69205389
25.7,-31.1,0.0390314331472786,1294531.32793794,20.5638387255437,3899450.69205389
25.8,-31.1,0.0390314331472786,1294531.32793794,20.5638387255437,3899450.69205389
25.9,-31.1,0.0390314331472786,1294531.32793794,20.5638387255437,3899450.69205389
26,-31.1,0.0381734520530762,941503.791730417,20.4023883477569,2905745.99945058
26.1,-31.1,0.0381734520530762,941503.791730417,20.4023883477569,2905745.99945058
26.2,-31.1,0.0381734520530762,941503.791730417,20.4023883477569,2905745.99945058
26.3,-31.1,0.0381734520530762,941503.791730417,20.4023883477569,2905745.99945058
26.4,-31.1,0.0381734520530762,941503.791730417,20.4023883477569,2905745.99945058
26.5,-31.1,0.0381734520530762,941503.791730417,20.4023883477569,2905745.99945058
26.6,-31.1,0.033899419372118,193330.807946684,19.6501265811497,676493.358859504
26.7,-31.1,0.033899419372118,193330.807946684,19.6501265811497,676493.358859504
26.8,-31.1,0.033899419372118,193330.807946684,19.6501265811497,676493.358859504
26.9,-31.1,0.033899419372118,193330.807946684,19.6501265811497,676493.358859504
27,-31.1,0.033899419372118,193330.807946684,19.6501265811497,676493.358859504
27.1,-31.1,0.033899419372118,193330.807946684,19.6501265811497,676493.358859504
27.2,-31.1,0.0227975588180441,3210.26983384881,17.8203958540728,19677.6417368803
27.3,-31.1,0.0227975588180441,3210.26983384881,17.8203958540728,19677.6417368803
27.4,-31.1,0.0227975588180441,3210.26983384881,17.8203958540728,19677.6417368803
27.5,-31.1,0.0227975588180441,3210.26983384881,17.8203958540728,19677.6417368803
27.6,-31.1,0.0227975588180441,3210.26983384881,17.8203958540728,19677.6417368803
27.7,-31.1,0.0227975588180441,3210.26983384881,17.8203958540728,19677.6417368803
27.8,-31.1,0.0227975588180441,3210.26983384881,17.8203958540728,19677.6417368803
27.9,-31.1,0.0292774452833145,34989.4109983584,18.9233474800135,158154.337511121
28,-31.1,0.0292774452833145,34989.4109983584,18.9233474800135,158154.337511121
28.1,-31.1,0.0292774452833145,34989.4109983584,18.9233474800135,158154.337511121
28.2,-31.1,0.0292774452833145,34989.4109983584,18.9233474800135,158154.337511121
28.3,-31.1,0.0292774452833145,34989.4109983584,18.9233474800135,158154.337511121
28.4,-31.1,0.0292774452833145,34989.4109983584,18.9233474800135,158154.337511121
28.5,-31.1,0.0468799535420105,23580731.655112,21.7446456920607,74735803.9507058
28.6,-31.1,0.0468799535420105,23580731.655112,21.7446456920607,74735803.9507058
28.7,-31.1,0.0468799535420105,23580731.655112,21.7446456920607,74735803.9507058
28.8,-31.1,0.0468799535420105,23580731.655112,21.7446456920607,74735803.9507058
28.9,-31.1,0.0468799535420105,23580731.655112,21.7446456920607,74735803.9507058
29,-31.1,0.0468799535420105,23580731.655112,21.7446456920607,74735803.9507058
29.1,-31.1,0.0520382483754546,159361906.206283,22.513436992246,508484162.211684
29.2,-31.1,0.0520382483754546,159361906.206283,22.513436992246,508484162.211684
29.3,-31.1,0.0520382483754546,159361906.206283,22.513436992246,508484162.211684
29.4,-31.1,0.0520382483754546,159361906.206283,22.513436992246,508484162.211684
29.5,-31.1,0.0520382483754546,159361906.206283,22.513436992246,508484162.211684
29.6,-31.1,0.0520382483754546,159361906.206283,22.513436992246,508484162.211684
29.7,-31.1,0.0565871599924493,858487413.889401,23.1609807604407,2960643127.93986
29.8,-31.1,0.0565871599924493,858487413.889401,23.1609807604407,2960643127.93986
29.9,-31.1,0.0565871599924493,858487413.889401,23.1609807604407,2960643127.93986
30,-31.1,0.0565871599924493,858487413.889401,23.1609807604407,2960643127.93986
30.1,-31.1,0.0565871599924493,858487413.889401,23.1609807604407,2960643127.93986
17.7,-31,0.022466820908091,2833.56896900858,18.1727173843639,37630.6256852156
17.8,-31,0.022466820908091,2833.56896900858,18.1727173843639,37630.6256852156
17.9,-31,0.0579646555130165,1451588324.48848,23.6643543046965,4235060043.71757
18,-31,0.0579646555130165,1451588324.48848,23.6643543046965,4235060043.71757
18.1,-31,0.0579646555130165,1451588324.48848,23.6643543046965,4235060043.71757
18.2,-31,0.0579646555130165,1451588324.48848,23.6643543046965,4235060043.71757
18.3,-31,0.0579646555130165,1451588324.48848,23.6643543046965,4235060043.71757
18.4,-31,0.0579646555130165,1451588324.48848,23.6643543046965,4235060043.71757
18.5,-31,0.0602244682589008,3420038786.67606,24.512261918461,8956569032.1146
18.6,-31,0.0602244682589008,3420038786.67606,24.512261918461,8956569032.1146
18.7,-31,0.0602244682589008,3420038786.67606,24.512261918461,8956569032.1146
18.8,-31,0.0602244682589008,3420038786.67606,24.512261918461,8956569032.1146
18.9,-31,0.0602244682589008,3420038786.67606,24.512261918461,8956569032.1146
19,-31,0.0602244682589008,3420038786.67606,24.512261918461,8956569032.1146
19.1,-31,0.0566107705285135,892699345.303423,23.8659381086416,2344981558.42841
19.2,-31,0.0566107705285135,892699345.303423,23.8659381086416,2344981558.42841
19.3,-31,0.0566107705285135,892699345.303423,23.8659381086416,2344981558.42841
19.4,-31,0.0566107705285135,892699345.303423,23.8659381086416,2344981558.42841
19.5,-31,0.0566107705285135,892699345.303423,23.8659381086416,2344981558.42841
19.6,-31,0.0566107705285135,892699345.303423,23.8659381086416,2344981558.42841
19.7,-31,0.0500535036471633,77820521.9834318,22.6381914544676,210726001.909087
19.8,-31,0.0500535036471633,77820521.9834318,22.6381914544676,210726001.909087
19.9,-31,0.0500535036471633,77820521.9834318,22.6381914544676,210726001.909087
20,-31,0.0500535036471633,77820521.9834318,22.6381914544676,210726001.909087
20.1,-31,0.0500535036471633,77820521.9834318,22.6381914544676,210726001.909087
20.2,-31,0.0500535036471633,77820521.9834318,22.6381914544676,210726001.909087
20.3,-31,0.0500535036471633,77820521.9834318,22.6381914544676,210726001.909087
20.4,-31,0.0505874655563941,95315466.67547,22.844238867948,254466205.256105
20.5,-31,0.0505874655563941,95315466.67547,22.844238867948,254466205.256105
20.6,-31,0.0505874655563941,95315466.67547,22.844238867948,254466205.256105
20.7,-31,0.0505874655563941,95315466.67547,22.844238867948,254466205.256105
20.8,-31,0.0505874655563941,95315466.67547,22.844238867948,254466205.256105
20.9,-31,0.0505874655563941,95315466.67547,22.844238867948,254466205.256105
21,-31,0.0456629775874068,15231326.3527416,21.8521067097651,41924186.6821631
21.1,-31,0.0456629775874068,15231326.3527416,21.8521067097651,41924186.6821631
21.2,-31,0.0456629775874068,15231326.3527416,21.8521067097651,41924186.6821631
21.3,-31,0.0456629775874068,15231326.3527416,21.8521067097651,41924186.6821631
21.4,-31,0.0456629775874068,15231326.3527416,21.8521067097651,41924186.6821631
21.5,-31,0.0456629775874068,15231326.3527416,21.8521067097651,41924186.6821631
21.6,-31,0.0454578289988313,14124356.7777733,21.8297285241374,38667842.4243071
21.7,-31,0.0454578289988313,14124356.7777733,21.8297285241374,38667842.4243071
21.8,-31,0.0454578289988313,14124356.7777733,21.8297285241374,38667842.4243071
21.9,-31,0.0454578289988313,14124356.7777733,21.8297285241374,38667842.4243071
22,-31,0.0454578289988313,14124356.7777733,21.8297285241374,38667842.4243071
22.1,-31,0.0454578289988313,14124356.7777733,21.8297285241374,38667842.4243071
22.2,-31,0.0434915807708702,6798160.61528139,21.4483082053642,19032593.302653
22.3,-31,0.0434915807708702,6798160.61528139,21.4483082053642,19032593.302653
22.4,-31,0.0434915807708702,6798160.61528139,21.4483082053642,19032593.302653
22.5,-31,0.0434915807708702,6798160.61528139,21.4483082053642,19032593.302653
22.6,-31,0.0436055422030576,7092436.9925617,21.4701036405115,19823548.8753103
22.7,-31,0.0436055422030576,7092436.9925617,21.4701036405115,19823548.8753103
22.8,-31,0.0436055422030576,7092436.9925617,21.4701036405115,19823548.8753103
22.9,-31,0.0471150375042257,26211301.4949799,22.1951177635523,71275509.7420285
23,-31,0.0471150375042257,26211301.4949799,22.1951177635523,71275509.7420285
23.1,-31,0.0471150375042257,26211301.4949799,22.1951177635523,71275509.7420285
23.2,-31,0.0471150375042257,26211301.4949799,22.1951177635523,71275509.7420285
23.3,-31,0.0471150375042257,26211301.4949799,22.1951177635523,71275509.7420285
23.4,-31,0.0471150375042257,26211301.4949799,22.1951177635523,71275509.7420285
23.5,-31,0.0450487415419036,12135608.9084816,21.7586997919744,33373168.1253082
23.6,-31,0.0450487415419036,12135608.9084816,21.7586997919744,33373168.1253082
23.7,-31,0.0450487415419036,12135608.9084816,21.7586997919744,33373168.1253082
23.8,-31,0.0450487415419036,12135608.9084816,21.7586997919744,33373168.1253082
23.9,-31,0.0450487415419036,12135608.9084816,21.7586997919744,33373168.1253082
24,-31,0.0450487415419036,12135608.9084816,21.7586997919744,33373168.1253082
24.1,-31,0.0422728187061853,4317817.05364584,21.1955776729561,12218251.6243726
24.2,-31,0.0422728187061853,4317817.05364584,21.1955776729561,12218251.6243726
24.3,-31,0.0422728187061853,4317817.05364584,21.1955776729561,12218251.6243726
24.4,-31,0.0422728187061853,4317817.05364584,21.1955776729561,12218251.6243726
24.5,-31,0.0422728187061853,4317817.05364584,21.1955776729561,12218251.6243726
24.6,-31,0.0422728187061853,4317817.05364584,21.1955776729561,12218251.6243726
24.7,-31,0.0408827980249727,2574211.89770117,20.9164519698567,7458408.86885309
24.8,-31,0.0408827980249727,2574211.89770117,20.9164519698567,7458408.86885309
24.9,-31,0.0408827980249727,2574211.89770117,20.9164519698567,7458408.86885309
25,-31,0.0408827980249727,2574211.89770117,20.9164519698567,7458408.86885309
25.1,-31,0.0408827980249727,2574211.89770117,20.9164519698567,7458408.86885309
25.2,-31,0.0408827980249727,2574211.89770117,20.9164519698567,7458408.86885309
25.3,-31,0.0408827980249727,2574211.89770117,20.9164519698567,7458408.86885309
25.4,-31,0.0390314331472786,1294531.32793794,20.5638387255437,3899450.69205389
25.5,-31,0.0390314331472786,1294531.32793794,20.5638387255437,3899450.69205389
25.6,-31,0.0390314331472786,1294531.32793794,20.5638387255437,3899450.69205389
25.7,-31,0.0390314331472786,1294531.32793794,20.5638387255437,3899450.69205389
25.8,-31,0.0390314331472786,1294531.32793794,20.5638387255437,3899450.69205389
25.9,-31,0.0390314331472786,1294531.32793794,20.5638387255437,3899450.69205389
26,-31,0.0381734520530762,941503.791730417,20.4023883477569,2905745.99945058
26.1,-31,0.0381734520530762,941503.791730417,20.4023883477569,2905745.99945058
26.2,-31,0.0381734520530762,941503.791730417,20.4023883477569,2905745.99945058
26.3,-31,0.0381734520530762,941503.791730417,20.4023883477569,2905745.99945058
26.4,-31,0.0381734520530762,941503.791730417,20.4023883477569,2905745.99945058
26.5,-31,0.0381734520530762,941503.791730417,20.4023883477569,2905745.99945058
26.6,-31,0.033899419372118,193330.807946684,19.6501265811497,676493.358859504
26.7,-31,0.033899419372118,193330.807946684,19.6501265811497,676493.358859504
26.8,-31,0.033899419372118,193330.807946684,19.6501265811497,676493.358859504
26.9,-31,0.033899419372118,193330.807946684,19.6501265811497,676493.358859504
27,-31,0.033899419372118,193330.807946684,19.6501265811497,676493.358859504
27.1,-31,0.033899419372118,193330.807946684,19.6501265811497,676493.358859504
27.2,-31,0.0227975588180441,3210.26983384881,17.8203958540728,19677.6417368803
27.3,-31,0.0227975588180441,3210.26983384881,17.8203958540728,19677.6417368803
27.4,-31,0.0227975588180441,3210.26983384881,17.8203958540728,19677.6417368803
27.5,-31,0.0227975588180441,3210.26983384881,17.8203958540728,19677.6417368803
27.6,-31,0.0227975588180441,3210.26983384881,17.8203958540728,19677.6417368803
27.7,-31,0.0227975588180441,3210.26983384881,17.8203958540728,19677.6417368803
27.8,-31,0.0227975588180441,3210.26983384881,17.8203958540728,19677.6417368803
27.9,-31,0.0292774452833145,34989.4109983584,18.9233474800135,158154.337511121
28,-31,0.0292774452833145,34989.4109983584,18.9233474800135,158154.337511121
28.1,-31,0.0292774452833145,34989.4109983584,18.9233474800135,158154.337511121
28.2,-31,0.0292774452833145,34989.4109983584,18.9233474800135,158154.337511121
28.3,-31,0.0292774452833145,34989.4109983584,18.9233474800135,158154.337511121
28.4,-31,0.0292774452833145,34989.4109983584,18.9233474800135,158154.337511121
28.5,-31,0.0468799535420105,23580731.655112,21.7446456920607,74735803.9507058
28.6,-31,0.0468799535420105,23580731.655112,21.7446456920607,74735803.9507058
28.7,-31,0.0468799535420105,23580731.655112,21.7446456920607,74735803.9507058
28.8,-31,0.0468799535420105,23580731.655112,21.7446456920607,74735803.9507058
28.9,-31,0.0468799535420105,23580731.655112,21.7446456920607,74735803.9507058
29,-31,0.0468799535420105,23580731.655112,21.7446456920607,74735803.9507058
29.1,-31,0.0520382483754546,159361906.206283,22.513436992246,508484162.211684
29.2,-31,0.0520382483754546,159361906.206283,22.513436992246,508484162.211684
29.3,-31,0.0520382483754546,159361906.206283,22.513436992246,508484162.211684
29.4,-31,0.0520382483754546,159361906.206283,22.513436992246,508484162.211684
29.5,-31,0.0520382483754546,159361906.206283,22.513436992246,508484162.211684
29.6,-31,0.0520382483754546,159361906.206283,22.513436992246,508484162.211684
29.7,-31,0.0565871599924493,858487413.889401,23.1609807604407,2960643127.93986
29.8,-31,0.0565871599924493,858487413.889401,23.1609807604407,2960643127.93986
29.9,-31,0.0565871599924493,858487413.889401,23.1609807604407,2960643127.93986
30,-31,0.0565871599924493,858487413.889401,23.1609807604407,2960643127.93986
30.1,-31,0.0565871599924493,858487413.889401,23.1609807604407,2960643127.93986
30.2,-31,0.0565871599924493,858487413.889401,23.1609807604407,2960643127.93986
17.7,-30.9,0.022466820908091,2833.56896900858,18.1727173843639,37630.6256852156
17.8,-30.9,0.022466820908091,2833.56896900858,18.1727173843639,37630.6256852156
17.9,-30.9,0.0579646555130165,1451588324.48848,23.6643543046965,4235060043.71757
18,-30.9,0.0579646555130165,1451588324.48848,23.6643543046965,4235060043.71757
18.1,-30.9,0.0579646555130165,1451588324.48848,23.6643543046965,4235060043.71757
18.2,-30.9,0.0579646555130165,1451588324.48848,23.6643543046965,4235060043.71757
18.3,-30.9,0.0579646555130165,1451588324.48848,23.6643543046965,4235060043.71757
18.4,-30.9,0.0579646555130165,1451588324.48848,23.6643543046965,4235060043.71757
18.5,-30.9,0.0602244682589008,3420038786.67606,24.512261918461,8956569032.1146
18.6,-30.9,0.0602244682589008,3420038786.67606,24.512261918461,8956569032.1146
18.7,-30.9,0.0602244682589008,3420038786.67606,24.512261918461,8956569032.1146
18.8,-30.9,0.0602244682589008,3420038786.67606,24.512261918461,8956569032.1146
18.9,-30.9,0.0602244682589008,3420038786.67606,24.512261918461,8956569032.1146
19,-30.9,0.0602244682589008,3420038786.67606,24.512261918461,8956569032.1146
19.1,-30.9,0.0566107705285135,892699345.303423,23.8659381086416,2344981558.42841
19.2,-30.9,0.0566107705285135,892699345.303423,23.8659381086416,2344981558.42841
19.3,-30.9,0.0566107705285135,892699345.303423,23.8659381086416,2344981558.42841
19.4,-30.9,0.0566107705285135,892699345.303423,23.8659381086416,2344981558.42841
19.5,-30.9,0.0566107705285135,892699345.303423,23.8659381086416,2344981558.42841
19.6,-30.9,0.0566107705285135,892699345.303423,23.8659381086416,2344981558.42841
19.7,-30.9,0.0500535036471633,77820521.9834318,22.6381914544676,210726001.909087
19.8,-30.9,0.0500535036471633,77820521.9834318,22.6381914544676,210726001.909087
19.9,-30.9,0.0500535036471633,77820521.9834318,22.6381914544676,210726001.909087
20,-30.9,0.0500535036471633,77820521.9834318,22.6381914544676,210726001.909087
20.1,-30.9,0.0500535036471633,77820521.9834318,22.6381914544676,210726001.909087
20.2,-30.9,0.0500535036471633,77820521.9834318,22.6381914544676,210726001.909087
20.3,-30.9,0.0500535036471633,77820521.9834318,22.6381914544676,210726001.909087
20.4,-30.9,0.0505874655563941,95315466.67547,22.844238867948,254466205.256105
20.5,-30.9,0.0505874655563941,95315466.67547,22.844238867948,254466205.256105
20.6,-30.9,0.0505874655563941,95315466.67547,22.844238867948,254466205.256105
20.7,-30.9,0.0505874655563941,95315466.67547,22.844238867948,254466205.256105
20.8,-30.9,0.0505874655563941,95315466.67547,22.844238867948,254466205.256105
20.9,-30.9,0.0505874655563941,95315466.67547,22.844238867948,254466205.256105
21,-30.9,0.0456629775874068,15231326.3527416,21.8521067097651,41924186.6821631
21.1,-30.9,0.0456629775874068,15231326.3527416,21.8521067097651,41924186.6821631
21.2,-30.9,0.0456629775874068,15231326.3527416,21.8521067097651,41924186.6821631
21.3,-30.9,0.0456629775874068,15231326.3527416,21.8521067097651,41924186.6821631
21.4,-30.9,0.0456629775874068,15231326.3527416,21.8521067097651,41924186.6821631
21.5,-30.9,0.0456629775874068,15231326.3527416,21.8521067097651,41924186.6821631
21.6,-30.9,0.0454578289988313,14124356.7777733,21.8297285241374,38667842.4243071
21.7,-30.9,0.0454578289988313,14124356.7777733,21.8297285241374,38667842.4243071
21.8,-30.9,0.0454578289988313,14124356.7777733,21.8297285241374,38667842.4243071
21.9,-30.9,0.0454578289988313,14124356.7777733,21.8297285241374,38667842.4243071
22,-30.9,0.0454578289988313,14124356.7777733,21.8297285241374,38667842.4243071
22.1,-30.9,0.0454578289988313,14124356.7777733,21.8297285241374,38667842.4243071
22.2,-30.9,0.0434915807708702,6798160.61528139,21.4483082053642,19032593.302653
22.3,-30.9,0.0434915807708702,6798160.61528139,21.4483082053642,19032593.302653
22.4,-30.9,0.0434915807708702,6798160.61528139,21.4483082053642,19032593.302653
22.5,-30.9,0.0434915807708702,6798160.61528139,21.4483082053642,19032593.302653
22.6,-30.9,0.0436055422030576,7092436.9925617,21.4701036405115,19823548.8753103
22.7,-30.9,0.0436055422030576,7092436.9925617,21.4701036405115,19823548.8753103
22.8,-30.9,0.0436055422030576,7092436.9925617,21.4701036405115,19823548.8753103
22.9,-30.9,0.0471150375042257,26211301.4949799,22.1951177635523,71275509.7420285
23,-30.9,0.0471150375042257,26211301.4949799,22.1951177635523,71275509.7420285
23.1,-30.9,0.0471150375042257,26211301.4949799,22.1951177635523,71275509.7420285
23.2,-30.9,0.0471150375042257,26211301.4949799,22.1951177635523,71275509.7420285
23.3,-30.9,0.0471150375042257,26211301.4949799,22.1951177635523,71275509.7420285
23.4,-30.9,0.0471150375042257,26211301.4949799,22.1951177635523,71275509.7420285
23.5,-30.9,0.0450487415419036,12135608.9084816,21.7586997919744,33373168.1253082
23.6,-30.9,0.0450487415419036,12135608.9084816,21.7586997919744,33373168.1253082
23.7,-30.9,0.0450487415419036,12135608.9084816,21.7586997919744,33373168.1253082
23.8,-30.9,0.0450487415419036,12135608.9084816,21.7586997919744,33373168.1253082
23.9,-30.9,0.0450487415419036,12135608.9084816,21.7586997919744,33373168.1253082
24,-30.9,0.0450487415419036,12135608.9084816,21.7586997919744,33373168.1253082
24.1,-30.9,0.0422728187061853,4317817.05364584,21.1955776729561,12218251.6243726
24.2,-30.9,0.0422728187061853,4317817.05364584,21.1955776729561,12218251.6243726
24.3,-30.9,0.0422728187061853,4317817.05364584,21.1955776729561,12218251.6243726
24.4,-30.9,0.0422728187061853,4317817.05364584,21.1955776729561,12218251.6243726
24.5,-30.9,0.0422728187061853,4317817.05364584,21.1955776729561,12218251.6243726
24.6,-30.9,0.0422728187061853,4317817.05364584,21.1955776729561,12218251.6243726
24.7,-30.9,0.0408827980249727,2574211.89770117,20.9164519698567,7458408.86885309
24.8,-30.9,0.0408827980249727,2574211.89770117,20.9164519698567,7458408.86885309
24.9,-30.9,0.0408827980249727,2574211.89770117,20.9164519698567,7458408.86885309
25,-30.9,0.0408827980249727,2574211.89770117,20.9164519698567,7458408.86885309
25.1,-30.9,0.0408827980249727,2574211.89770117,20.9164519698567,7458408.86885309
25.2,-30.9,0.0408827980249727,2574211.89770117,20.9164519698567,7458408.86885309
25.3,-30.9,0.0408827980249727,2574211.89770117,20.9164519698567,7458408.86885309
25.4,-30.9,0.0390314331472786,1294531.32793794,20.5638387255437,3899450.69205389
25.5,-30.9,0.0390314331472786,1294531.32793794,20.5638387255437,3899450.69205389
25.6,-30.9,0.0390314331472786,1294531.32793794,20.5638387255437,3899450.69205389
25.7,-30.9,0.0390314331472786,1294531.32793794,20.5638387255437,3899450.69205389
25.8,-30.9,0.0390314331472786,1294531.32793794,20.5638387255437,3899450.69205389
25.9,-30.9,0.0390314331472786,1294531.32793794,20.5638387255437,3899450.69205389
26,-30.9,0.0381734520530762,941503.791730417,20.4023883477569,2905745.99945058
26.1,-30.9,0.0381734520530762,941503.791730417,20.4023883477569,2905745.99945058
26.2,-30.9,0.0381734520530762,941503.791730417,20.4023883477569,2905745.99945058
26.3,-30.9,0.0381734520530762,941503.791730417,20.4023883477569,2905745.99945058
26.4,-30.9,0.0381734520530762,941503.791730417,20.4023883477569,2905745.99945058
26.5,-30.9,0.0381734520530762,941503.791730417,20.4023883477569,2905745.99945058
26.6,-30.9,0.033899419372118,193330.807946684,19.6501265811497,676493.358859504
26.7,-30.9,0.033899419372118,193330.807946684,19.6501265811497,676493.358859504
26.8,-30.9,0.033899419372118,193330.807946684,19.6501265811497,676493.358859504
26.9,-30.9,0.033899419372118,193330.807946684,19.6501265811497,676493.358859504
27,-30.9,0.033899419372118,193330.807946684,19.6501265811497,676493.358859504
27.1,-30.9,0.033899419372118,193330.807946684,19.6501265811497,676493.358859504
27.2,-30.9,0.0227975588180441,3210.26983384881,17.8203958540728,19677.6417368803
27.3,-30.9,0.0227975588180441,3210.26983384881,17.8203958540728,19677.6417368803
27.4,-30.9,0.0227975588180441,3210.26983384881,17.8203958540728,19677.6417368803
27.5,-30.9,0.0227975588180441,3210.26983384881,17.8203958540728,19677.6417368803
27.6,-30.9,0.0227975588180441,3210.26983384881,17.8203958540728,19677.6417368803
27.7,-30.9,0.0227975588180441,3210.26983384881,17.8203958540728,19677.6417368803
27.8,-30.9,0.0227975588180441,3210.26983384881,17.8203958540728,19677.6417368803
27.9,-30.9,0.0292774452833145,34989.4109983584,18.9233474800135,158154.337511121
28,-30.9,0.0292774452833145,34989.4109983584,18.9233474800135,158154.337511121
28.1,-30.9,0.0292774452833145,34989.4109983584,18.9233474800135,158154.337511121
28.2,-30.9,0.0292774452833145,34989.4109983584,18.9233474800135,158154.337511121
28.3,-30.9,0.0292774452833145,34989.4109983584,18.9233474800135,158154.337511121
28.4,-30.9,0.0292774452833145,34989.4109983584,18.9233474800135,158154.337511121
28.5,-30.9,0.0468799535420105,23580731.655112,21.7446456920607,74735803.9507058
28.6,-30.9,0.0468799535420105,23580731.655112,21.7446456920607,74735803.9507058
28.7,-30.9,0.0468799535420105,23580731.655112,21.7446456920607,74735803.9507058
28.8,-30.9,0.0468799535420105,23580731.655112,21.7446456920607,74735803.9507058
28.9,-30.9,0.0468799535420105,23580731.655112,21.7446456920607,74735803.9507058
29,-30.9,0.0468799535420105,23580731.655112,21.7446456920607,74735803.9507058
29.1,-30.9,0.0520382483754546,159361906.206283,22.513436992246,508484162.211684
29.2,-30.9,0.0520382483754546,159361906.206283,22.513436992246,508484162.211684
29.3,-30.9,0.0520382483754546,159361906.206283,22.513436992246,508484162.211684
29.4,-30.9,0.0520382483754546,159361906.206283,22.513436992246,508484162.211684
29.5,-30.9,0.0520382483754546,159361906.206283,22.513436992246,508484162.211684
29.6,-30.9,0.0520382483754546,159361906.206283,22.513436992246,508484162.211684
29.7,-30.9,0.0565871599924493,858487413.889401,23.1609807604407,2960643127.93986
29.8,-30.9,0.0565871599924493,858487413.889401,23.1609807604407,2960643127.93986
29.9,-30.9,0.0565871599924493,858487413.889401,23.1609807604407,2960643127.93986
30,-30.9,0.0565871599924493,858487413.889401,23.1609807604407,2960643127.93986
30.1,-30.9,0.0565871599924493,858487413.889401,23.1609807604407,2960643127.93986
30.2,-30.9,0.0565871599924493,858487413.889401,23.1609807604407,2960643127.93986
30.3,-30.9,0.0565871599924493,858487413.889401,23.1609807604407,2960643127.93986
17.6,-30.8,0.022466820908091,2833.56896900858,18.1727173843639,37630.6256852156
17.7,-30.8,0.022466820908091,2833.56896900858,18.1727173843639,37630.6256852156
17.8,-30.8,0.022466820908091,2833.56896900858,18.1727173843639,37630.6256852156
17.9,-30.8,0.0579646555130165,1451588324.48848,23.6643543046965,4235060043.71757
18,-30.8,0.0579646555130165,1451588324.48848,23.6643543046965,4235060043.71757
18.1,-30.8,0.0579646555130165,1451588324.48848,23.6643543046965,4235060043.71757
18.2,-30.8,0.0579646555130165,1451588324.48848,23.6643543046965,4235060043.71757
18.3,-30.8,0.0579646555130165,1451588324.48848,23.6643543046965,4235060043.71757
18.4,-30.8,0.0579646555130165,1451588324.48848,23.6643543046965,4235060043.71757
18.5,-30.8,0.0602244682589008,3420038786.67606,24.512261918461,8956569032.1146
18.6,-30.8,0.0602244682589008,3420038786.67606,24.512261918461,8956569032.1146
18.7,-30.8,0.0602244682589008,3420038786.67606,24.512261918461,8956569032.1146
18.8,-30.8,0.0602244682589008,3420038786.67606,24.512261918461,8956569032.1146
18.9,-30.8,0.0602244682589008,3420038786.67606,24.512261918461,8956569032.1146
19,-30.8,0.0602244682589008,3420038786.67606,24.512261918461,8956569032.1146
19.1,-30.8,0.0566107705285135,892699345.303423,23.8659381086416,2344981558.42841
19.2,-30.8,0.0566107705285135,892699345.303423,23.8659381086416,2344981558.42841
19.3,-30.8,0.0566107705285135,892699345.303423,23.8659381086416,2344981558.42841
19.4,-30.8,0.0566107705285135,892699345.303423,23.8659381086416,2344981558.42841
19.5,-30.8,0.0566107705285135,892699345.303423,23.8659381086416,2344981558.42841
19.6,-30.8,0.0566107705285135,892699345.303423,23.8659381086416,2344981558.42841
19.7,-30.8,0.0500535036471633,77820521.9834318,22.6381914544676,210726001.909087
19.8,-30.8,0.0500535036471633,77820521.9834318,22.6381914544676,210726001.909087
19.9,-30.8,0.0500535036471633,77820521.9834318,22.6381914544676,210726001.909087
20,-30.8,0.0500535036471633,77820521.9834318,22.6381914544676,210726001.909087
20.1,-30.8,0.0500535036471633,77820521.9834318,22.6381914544676,210726001.909087
20.2,-30.8,0.0500535036471633,77820521.9834318,22.6381914544676,210726001.909087
20.3,-30.8,0.0500535036471633,77820521.9834318,22.6381914544676,210726001.909087
20.4,-30.8,0.0505874655563941,95315466.67547,22.844238867948,254466205.256105
20.5,-30.8,0.0505874655563941,95315466.67547,22.844238867948,254466205.256105
20.6,-30.8,0.0505874655563941,95315466.67547,22.844238867948,254466205.256105
20.7,-30.8,0.0505874655563941,95315466.67547,22.844238867948,254466205.256105
20.8,-30.8,0.0505874655563941,95315466.67547,22.844238867948,254466205.256105
20.9,-30.8,0.0505874655563941,95315466.67547,22.844238867948,254466205.256105
21,-30.8,0.0456629775874068,15231326.3527416,21.8521067097651,41924186.6821631
21.1,-30.8,0.0456629775874068,15231326.3527416,21.8521067097651,41924186.6821631
21.2,-30.8,0.0456629775874068,15231326.3527416,21.8521067097651,41924186.6821631
21.3,-30.8,0.0456629775874068,15231326.3527416,21.8521067097651,41924186.6821631
21.4,-30.8,0.0456629775874068,15231326.3527416,21.8521067097651,41924186.6821631
21.5,-30.8,0.0456629775874068,15231326.3527416,21.8521067097651,41924186.6821631
21.6,-30.8,0.0454578289988313,14124356.7777733,21.8297285241374,38667842.4243071
21.7,-30.8,0.0454578289988313,14124356.7777733,21.8297285241374,38667842.4243071
21.8,-30.8,0.0454578289988313,14124356.7777733,21.8297285241374,38667842.4243071
21.9,-30.8,0.0454578289988313,14124356.7777733,21.8297285241374,38667842.4243071
22,-30.8,0.0454578289988313,14124356.7777733,21.8297285241374,38667842.4243071
22.1,-30.8,0.0454578289988313,14124356.7777733,21.8297285241374,38667842.4243071
22.2,-30.8,0.0434915807708702,6798160.61528139,21.4483082053642,19032593.302653
22.3,-30.8,0.0434915807708702,6798160.61528139,21.4483082053642,19032593.302653
22.4,-30.8,0.0434915807708702,6798160.61528139,21.4483082053642,19032593.302653
22.5,-30.8,0.0434915807708702,6798160.61528139,21.4483082053642,19032593.302653
22.6,-30.8,0.0436055422030576,7092436.9925617,21.4701036405115,19823548.8753103
22.7,-30.8,0.0436055422030576,7092436.9925617,21.4701036405115,19823548.8753103
22.8,-30.8,0.0436055422030576,7092436.9925617,21.4701036405115,19823548.8753103
22.9,-30.8,0.0471150375042257,26211301.4949799,22.1951177635523,71275509.7420285
23,-30.8,0.0471150375042257,26211301.4949799,22.1951177635523,71275509.7420285
23.1,-30.8,0.0471150375042257,26211301.4949799,22.1951177635523,71275509.7420285
23.2,-30.8,0.0471150375042257,26211301.4949799,22.1951177635523,71275509.7420285
23.3,-30.8,0.0471150375042257,26211301.4949799,22.1951177635523,71275509.7420285
23.4,-30.8,0.0471150375042257,26211301.4949799,22.1951177635523,71275509.7420285
23.5,-30.8,0.0450487415419036,12135608.9084816,21.7586997919744,33373168.1253082
23.6,-30.8,0.0450487415419036,12135608.9084816,21.7586997919744,33373168.1253082
23.7,-30.8,0.0450487415419036,12135608.9084816,21.7586997919744,33373168.1253082
23.8,-30.8,0.0450487415419036,12135608.9084816,21.7586997919744,33373168.1253082
23.9,-30.8,0.0450487415419036,12135608.9084816,21.7586997919744,33373168.1253082
24,-30.8,0.0450487415419036,12135608.9084816,21.7586997919744,33373168.1253082
24.1,-30.8,0.0422728187061853,4317817.05364584,21.1955776729561,12218251.6243726
24.2,-30.8,0.0422728187061853,4317817.05364584,21.1955776729561,12218251.6243726
24.3,-30.8,0.0422728187061853,4317817.05364584,21.1955776729561,12218251.6243726
24.4,-30.8,0.0422728187061853,4317817.05364584,21.1955776729561,12218251.6243726
24.5,-30.8,0.0422728187061853,4317817.05364584,21.1955776729561,12218251.6243726
24.6,-30.8,0.0422728187061853,4317817.05364584,21.1955776729561,12218251.6243726
24.7,-30.8,0.0408827980249727,2574211.89770117,20.9164519698567,7458408.86885309
24.8,-30.8,0.0408827980249727,2574211.89770117,20.9164519698567,7458408.86885309
24.9,-30.8,0.0408827980249727,2574211.89770117,20.9164519698567,7458408.86885309
25,-30.8,0.0408827980249727,2574211.89770117,20.9164519698567,7458408.86885309
25.1,-30.8,0.0408827980249727,2574211.89770117,20.9164519698567,7458408.86885309
25.2,-30.8,0.0408827980249727,2574211.89770117,20.9164519698567,7458408.86885309
25.3,-30.8,0.0408827980249727,2574211.89770117,20.9164519698567,7458408.86885309
25.4,-30.8,0.0390314331472786,1294531.32793794,20.5638387255437,3899450.69205389
25.5,-30.8,0.0390314331472786,1294531.32793794,20.5638387255437,3899450.69205389
25.6,-30.8,0.0390314331472786,1294531.32793794,20.5638387255437,3899450.69205389
25.7,-30.8,0.0390314331472786,1294531.32793794,20.5638387255437,3899450.69205389
25.8,-30.8,0.0390314331472786,1294531.32793794,20.5638387255437,3899450.69205389
25.9,-30.8,0.0390314331472786,1294531.32793794,20.5638387255437,3899450.69205389
26,-30.8,0.0381734520530762,941503.791730417,20.4023883477569,2905745.99945058
26.1,-30.8,0.0381734520530762,941503.791730417,20.4023883477569,2905745.99945058
26.2,-30.8,0.0381734520530762,941503.791730417,20.4023883477569,2905745.99945058
26.3,-30.8,0.0381734520530762,941503.791730417,20.4023883477569,2905745.99945058
26.4,-30.8,0.0381734520530762,941503.791730417,20.4023883477569,2905745.99945058
26.5,-30.8,0.0381734520530762,941503.791730417,20.4023883477569,2905745.99945058
26.6,-30.8,0.033899419372118,193330.807946684,19.6501265811497,676493.358859504
26.7,-30.8,0.033899419372118,193330.807946684,19.6501265811497,676493.358859504
26.8,-30.8,0.033899419372118,193330.807946684,19.6501265811497,676493.358859504
26.9,-30.8,0.033899419372118,193330.807946684,19.6501265811497,676493.358859504
27,-30.8,0.033899419372118,193330.807946684,19.6501265811497,676493.358859504
27.1,-30.8,0.033899419372118,193330.807946684,19.6501265811497,676493.358859504
27.2,-30.8,0.0227975588180441,3210.26983384881,17.8203958540728,19677.6417368803
27.3,-30.8,0.0227975588180441,3210.26983384881,17.8203958540728,19677.6417368803
27.4,-30.8,0.0227975588180441,3210.26983384881,17.8203958540728,19677.6417368803
27.5,-30.8,0.0227975588180441,3210.26983384881,17.8203958540728,19677.6417368803
27.6,-30.8,0.0227975588180441,3210.26983384881,17.8203958540728,19677.6417368803
27.7,-30.8,0.0227975588180441,3210.26983384881,17.8203958540728,19677.6417368803
27.8,-30.8,0.0227975588180441,3210.26983384881,17.8203958540728,19677.6417368803
27.9,-30.8,0.0292774452833145,34989.4109983584,18.9233474800135,158154.337511121
28,-30.8,0.0292774452833145,34989.4109983584,18.9233474800135,158154.337511121
28.1,-30.8,0.0292774452833145,34989.4109983584,18.9233474800135,158154.337511121
28.2,-30.8,0.0292774452833145,34989.4109983584,18.9233474800135,158154.337511121
28.3,-30.8,0.0292774452833145,34989.4109983584,18.9233474800135,158154.337511121
28.4,-30.8,0.0292774452833145,34989.4109983584,18.9233474800135,158154.337511121
28.5,-30.8,0.0468799535420105,23580731.655112,21.7446456920607,74735803.9507058
28.6,-30.8,0.0468799535420105,23580731.655112,21.7446456920607,74735803.9507058
28.7,-30.8,0.0468799535420105,23580731.655112,21.7446456920607,74735803.9507058
28.8,-30.8,0.0468799535420105,23580731.655112,21.7446456920607,74735803.9507058
28.9,-30.8,0.0468799535420105,23580731.655112,21.7446456920607,74735803.9507058
29,-30.8,0.0468799535420105,23580731.655112,21.7446456920607,74735803.9507058
29.1,-30.8,0.0520382483754546,159361906.206283,22.513436992246,508484162.211684
29.2,-30.8,0.0520382483754546,159361906.206283,22.513436992246,508484162.211684
29.3,-30.8,0.0520382483754546,159361906.206283,22.513436992246,508484162.211684
29.4,-30.8,0.0520382483754546,159361906.206283,22.513436992246,508484162.211684
29.5,-30.8,0.0520382483754546,159361906.206283,22.513436992246,508484162.211684
29.6,-30.8,0.0520382483754546,159361906.206283,22.513436992246,508484162.211684
29.7,-30.8,0.0565871599924493,858487413.889401,23.1609807604407,2960643127.93986
29.8,-30.8,0.0565871599924493,858487413.889401,23.1609807604407,2960643127.93986
29.9,-30.8,0.0565871599924493,858487413.889401,23.1609807604407,2960643127.93986
30,-30.8,0.0565871599924493,858487413.889401,23.1609807604407,2960643127.93986
30.1,-30.8,0.0565871599924493,858487413.889401,23.1609807604407,2960643127.93986
30.2,-30.8,0.0565871599924493,858487413.889401,23.1609807604407,2960643127.93986
30.3,-30.8,0.0565871599924493,858487413.889401,23.1609807604407,2960643127.93986
30.4,-30.8,0.0565024406642836,826004746.385247,23.0770516004449,3351545331.81189
17.5,-30.7,0.0487123090377678,46024236.1342242,21.8909117065859,193563987.360687
17.6,-30.7,0.0487123090377678,46024236.1342242,21.8909117065859,193563987.360687
17.7,-30.7,0.0487123090377678,46024236.1342242,21.8909117065859,193563987.360687
17.8,-30.7,0.0487123090377678,46024236.1342242,21.8909117065859,193563987.360687
17.9,-30.7,0.0558749835503057,672679140.920846,23.4686625794616,1876614144.32781
18,-30.7,0.0558749835503057,672679140.920846,23.4686625794616,1876614144.32781
18.1,-30.7,0.0558749835503057,672679140.920846,23.4686625794616,1876614144.32781
18.2,-30.7,0.0558749835503057,672679140.920846,23.4686625794616,1876614144.32781
18.3,-30.7,0.0558749835503057,672679140.920846,23.4686625794616,1876614144.32781
18.4,-30.7,0.0558749835503057,672679140.920846,23.4686625794616,1876614144.32781
18.5,-30.7,0.0548698758806861,465493773.59539,23.4360736517733,1253187287.58376
18.6,-30.7,0.0548698758806861,465493773.59539,23.4360736517733,1253187287.58376
18.7,-30.7,0.0548698758806861,465493773.59539,23.4360736517733,1253187287.58376
18.8,-30.7,0.0548698758806861,465493773.59539,23.4360736517733,1253187287.58376
18.9,-30.7,0.0548698758806861,465493773.59539,23.4360736517733,1253187287.58376
19,-30.7,0.0548698758806861,465493773.59539,23.4360736517733,1253187287.58376
19.1,-30.7,0.0557990376644853,660546168.97225,23.7346232249106,1733266799.53311
19.2,-30.7,0.0557990376644853,660546168.97225,23.7346232249106,1733266799.53311
19.3,-30.7,0.0557990376644853,660546168.97225,23.7346232249106,1733266799.53311
19.4,-30.7,0.0557990376644853,660546168.97225,23.7346232249106,1733266799.53311
19.5,-30.7,0.0557990376644853,660546168.97225,23.7346232249106,1733266799.53311
19.6,-30.7,0.0557990376644853,660546168.97225,23.7346232249106,1733266799.53311
19.7,-30.7,0.0538204312752866,317361852.172952,23.4520687433207,835309393.915817
19.8,-30.7,0.0538204312752866,317361852.172952,23.4520687433207,835309393.915817
19.9,-30.7,0.0538204312752866,317361852.172952,23.4520687433207,835309393.915817
20,-30.7,0.0538204312752866,317361852.172952,23.4520687433207,835309393.915817
20.1,-30.7,0.0538204312752866,317361852.172952,23.4520687433207,835309393.915817
20.2,-30.7,0.0538204312752866,317361852.172952,23.4520687433207,835309393.915817
20.3,-30.7,0.0538204312752866,317361852.172952,23.4520687433207,835309393.915817
20.4,-30.7,0.0536587776477313,301310284.254135,23.6593119797781,816801577.694931
20.5,-30.7,0.0536587776477313,301310284.254135,23.6593119797781,816801577.694931
20.6,-30.7,0.0536587776477313,301310284.254135,23.6593119797781,816801577.694931
20.7,-30.7,0.0536587776477313,301310284.254135,23.6593119797781,816801577.694931
20.8,-30.7,0.0536587776477313,301310284.254135,23.6593119797781,816801577.694931
20.9,-30.7,0.0536587776477313,301310284.254135,23.6593119797781,816801577.694931
21,-30.7,0.0528467661580929,223543477.321669,23.6109904651406,626242758.645694
21.1,-30.7,0.0528467661580929,223543477.321669,23.6109904651406,626242758.645694
21.2,-30.7,0.0528467661580929,223543477.321669,23.6109904651406,626242758.645694
21.3,-30.7,0.0528467661580929,223543477.321669,23.6109904651406,626242758.645694
21.4,-30.7,0.0528467661580929,223543477.321669,23.6109904651406,626242758.645694
21.5,-30.7,0.0528467661580929,223543477.321669,23.6109904651406,626242758.645694
21.6,-30.7,0.0522015988350622,175689937.417203,23.4617700198144,491409097.015662
21.7,-30.7,0.0522015988350622,175689937.417203,23.4617700198144,491409097.015662
21.8,-30.7,0.0522015988350622,175689937.417203,23.4617700198144,491409097.015662
21.9,-30.7,0.0522015988350622,175689937.417203,23.4617700198144,491409097.015662
22,-30.7,0.0522015988350622,175689937.417203,23.4617700198144,491409097.015662
22.1,-30.7,0.0522015988350622,175689937.417203,23.4617700198144,491409097.015662
22.2,-30.7,0.0504994153773434,92710096.1413965,22.961025354216,251663695.215677
22.3,-30.7,0.0504994153773434,92710096.1413965,22.961025354216,251663695.215677
22.4,-30.7,0.0504994153773434,92710096.1413965,22.961025354216,251663695.215677
22.5,-30.7,0.0504994153773434,92710096.1413965,22.961025354216,251663695.215677
22.6,-30.7,0.0505771793148065,95443569.4948499,22.9793779674067,259136733.510572
22.7,-30.7,0.0505771793148065,95443569.4948499,22.9793779674067,259136733.510572
22.8,-30.7,0.0505771793148065,95443569.4948499,22.9793779674067,259136733.510572
22.9,-30.7,0.0515001742032921,135063308.335895,23.2677708722302,378818632.782669
23,-30.7,0.0515001742032921,135063308.335895,23.2677708722302,378818632.782669
23.1,-30.7,0.0515001742032921,135063308.335895,23.2677708722302,378818632.782669
23.2,-30.7,0.0515001742032921,135063308.335895,23.2677708722302,378818632.782669
23.3,-30.7,0.0515001742032921,135063308.335895,23.2677708722302,378818632.782669
23.4,-30.7,0.0515001742032921,135063308.335895,23.2677708722302,378818632.782669
23.5,-30.7,0.0500386039038765,77980582.6036676,22.829212732,211999752.12661
23.6,-30.7,0.0500386039038765,77980582.6036676,22.829212732,211999752.12661
23.7,-30.7,0.0500386039038765,77980582.6036676,22.829212732,211999752.12661
23.8,-30.7,0.0500386039038765,77980582.6036676,22.829212732,211999752.12661
23.9,-30.7,0.0500386039038765,77980582.6036676,22.829212732,211999752.12661
24,-30.7,0.0500386039038765,77980582.6036676,22.829212732,211999752.12661
24.1,-30.7,0.0457755684041167,15886541.1863556,21.8791235279143,43088780.8826493
24.2,-30.7,0.0457755684041167,15886541.1863556,21.8791235279143,43088780.8826493
24.3,-30.7,0.0457755684041167,15886541.1863556,21.8791235279143,43088780.8826493
24.4,-30.7,0.0457755684041167,15886541.1863556,21.8791235279143,43088780.8826493
24.5,-30.7,0.0457755684041167,15886541.1863556,21.8791235279143,43088780.8826493
24.6,-30.7,0.0457755684041167,15886541.1863556,21.8791235279143,43088780.8826493
24.7,-30.7,0.0459796208394685,17123388.7767155,21.8973544424947,46519149.4095509
24.8,-30.7,0.0459796208394685,17123388.7767155,21.8973544424947,46519149.4095509
24.9,-30.7,0.0459796208394685,17123388.7767155,21.8973544424947,46519149.4095509
25,-30.7,0.0459796208394685,17123388.7767155,21.8973544424947,46519149.4095509
25.1,-30.7,0.0459796208394685,17123388.7767155,21.8973544424947,46519149.4095509
25.2,-30.7,0.0459796208394685,17123388.7767155,21.8973544424947,46519149.4095509
25.3,-30.7,0.0459796208394685,17123388.7767155,21.8973544424947,46519149.4095509
25.4,-30.7,0.0442306304698405,8924053.19926753,21.5231770139874,24705664.0169847
25.5,-30.7,0.0442306304698405,8924053.19926753,21.5231770139874,24705664.0169847
25.6,-30.7,0.0442306304698405,8924053.19926753,21.5231770139874,24705664.0169847
25.7,-30.7,0.0442306304698405,8924053.19926753,21.5231770139874,24705664.0169847
25.8,-30.7,0.0442306304698405,8924053.19926753,21.5231770139874,24705664.0169847
25.9,-30.7,0.0442306304698405,8924053.19926753,21.5231770139874,24705664.0169847
26,-30.7,0.0436786213286049,7260893.92313606,21.3939079040247,20443176.8024164
26.1,-30.7,0.0436786213286049,7260893.92313606,21.3939079040247,20443176.8024164
26.2,-30.7,0.0436786213286049,7260893.92313606,21.3939079040247,20443176.8024164
26.3,-30.7,0.0436786213286049,7260893.92313606,21.3939079040247,20443176.8024164
26.4,-30.7,0.0436786213286049,7260893.92313606,21.3939079040247,20443176.8024164
26.5,-30.7,0.0436786213286049,7260893.92313606,21.3939079040247,20443176.8024164
26.6,-30.7,0.0408935789953756,2579759.96972929,20.8712214156077,7644675.00818711
26.7,-30.7,0.0408935789953756,2579759.96972929,20.8712214156077,7644675.00818711
26.8,-30.7,0.0408935789953756,2579759.96972929,20.8712214156077,7644675.00818711
26.9,-30.7,0.0408935789953756,2579759.96972929,20.8712214156077,7644675.00818711
27,-30.7,0.0408935789953756,2579759.96972929,20.8712214156077,7644675.00818711
27.1,-30.7,0.0408935789953756,2579759.96972929,20.8712214156077,7644675.00818711
27.2,-30.7,0.0307733568579323,60845.9891117822,19.1178266009346,243308.914051267
27.3,-30.7,0.0307733568579323,60845.9891117822,19.1178266009346,243308.914051267
27.4,-30.7,0.0307733568579323,60845.9891117822,19.1178266009346,243308.914051267
27.5,-30.7,0.0307733568579323,60845.9891117822,19.1178266009346,243308.914051267
27.6,-30.7,0.0307733568579323,60845.9891117822,19.1178266009346,243308.914051267
27.7,-30.7,0.0307733568579323,60845.9891117822,19.1178266009346,243308.914051267
27.8,-30.7,0.0307733568579323,60845.9891117822,19.1178266009346,243308.914051267
27.9,-30.7,0.0189334669641857,773.926665827637,17.2333516933533,6588.20861874913
28,-30.7,0.0189334669641857,773.926665827637,17.2333516933533,6588.20861874913
28.1,-30.7,0.0189334669641857,773.926665827637,17.2333516933533,6588.20861874913
28.2,-30.7,0.0189334669641857,773.926665827637,17.2333516933533,6588.20861874913
28.3,-30.7,0.0189334669641857,773.926665827637,17.2333516933533,6588.20861874913
28.4,-30.7,0.0189334669641857,773.926665827637,17.2333516933533,6588.20861874913
28.5,-30.7,0.0385904526067199,1092812.65149216,20.4082021118258,3798011.92039158
28.6,-30.7,0.0385904526067199,1092812.65149216,20.4082021118258,3798011.92039158
28.7,-30.7,0.0385904526067199,1092812.65149216,20.4082021118258,3798011.92039158
28.8,-30.7,0.0385904526067199,1092812.65149216,20.4082021118258,3798011.92039158
28.9,-30.7,0.0385904526067199,1092812.65149216,20.4082021118258,3798011.92039158
29,-30.7,0.0385904526067199,1092812.65149216,20.4082021118258,3798011.92039158
29.1,-30.7,0.0407334795640519,2413296.06740125,20.7297904236336,8722938.71965158
29.2,-30.7,0.0407334795640519,2413296.06740125,20.7297904236336,8722938.71965158
29.3,-30.7,0.0407334795640519,2413296.06740125,20.7297904236336,8722938.71965158
29.4,-30.7,0.0407334795640519,2413296.06740125,20.7297904236336,8722938.71965158
29.5,-30.7,0.0407334795640519,2413296.06740125,20.7297904236336,8722938.71965158
29.6,-30.7,0.0407334795640519,2413296.06740125,20.7297904236336,8722938.71965158
29.7,-30.7,0.0480752949246023,36477467.5181875,21.8102964029256,137677057.811316
29.8,-30.7,0.0480752949246023,36477467.5181875,21.8102964029256,137677057.811316
29.9,-30.7,0.0480752949246023,36477467.5181875,21.8102964029256,137677057.811316
30,-30.7,0.0480752949246023,36477467.5181875,21.8102964029256,137677057.811316
30.1,-30.7,0.0480752949246023,36477467.5181875,21.8102964029256,137677057.811316
30.2,-30.7,0.0480752949246023,36477467.5181875,21.8102964029256,137677057.811316
30.3,-30.7,0.0480752949246023,36477467.5181875,21.8102964029256,137677057.811316
30.4,-30.7,0.0579244675841541,1404060435.72867,23.3084094520245,5129156773.1072
17.5,-30.6,0.0487123090377678,46024236.1342242,21.8909117065859,193563987.360687
17.6,-30.6,0.0487123090377678,46024236.1342242,21.8909117065859,193563987.360687
17.7,-30.6,0.0487123090377678,46024236.1342242,21.8909117065859,193563987.360687
17.8,-30.6,0.0487123090377678,46024236.1342242,21.8909117065859,193563987.360687
17.9,-30.6,0.0558749835503057,672679140.920846,23.4686625794616,1876614144.32781
18,-30.6,0.0558749835503057,672679140.920846,23.4686625794616,1876614144.32781
18.1,-30.6,0.0558749835503057,672679140.920846,23.4686625794616,1876614144.32781
18.2,-30.6,0.0558749835503057,672679140.920846,23.4686625794616,1876614144.32781
18.3,-30.6,0.0558749835503057,672679140.920846,23.4686625794616,1876614144.32781
18.4,-30.6,0.0558749835503057,672679140.920846,23.4686625794616,1876614144.32781
18.5,-30.6,0.0548698758806861,465493773.59539,23.4360736517733,1253187287.58376
18.6,-30.6,0.0548698758806861,465493773.59539,23.4360736517733,1253187287.58376
18.7,-30.6,0.0548698758806861,465493773.59539,23.4360736517733,1253187287.58376
18.8,-30.6,0.0548698758806861,465493773.59539,23.4360736517733,1253187287.58376
18.9,-30.6,0.0548698758806861,465493773.59539,23.4360736517733,1253187287.58376
19,-30.6,0.0548698758806861,465493773.59539,23.4360736517733,1253187287.58376
19.1,-30.6,0.0557990376644853,660546168.97225,23.7346232249106,1733266799.53311
19.2,-30.6,0.0557990376644853,660546168.97225,23.7346232249106,1733266799.53311
19.3,-30.6,0.0557990376644853,660546168.97225,23.7346232249106,1733266799.53311
19.4,-30.6,0.0557990376644853,660546168.97225,23.7346232249106,1733266799.53311
19.5,-30.6,0.0557990376644853,660546168.97225,23.7346232249106,1733266799.53311
19.6,-30.6,0.0557990376644853,660546168.97225,23.7346232249106,1733266799.53311
19.7,-30.6,0.0538204312752866,317361852.172952,23.4520687433207,835309393.915817
19.8,-30.6,0.0538204312752866,317361852.172952,23.4520687433207,835309393.915817
19.9,-30.6,0.0538204312752866,317361852.172952,23.4520687433207,835309393.915817
20,-30.6,0.0538204312752866,317361852.172952,23.4520687433207,835309393.915817
20.1,-30.6,0.0538204312752866,317361852.172952,23.4520687433207,835309393.915817
20.2,-30.6,0.0538204312752866,317361852.172952,23.4520687433207,835309393.915817
20.3,-30.6,0.0538204312752866,317361852.172952,23.4520687433207,835309393.915817
20.4,-30.6,0.0536587776477313,301310284.254135,23.6593119797781,816801577.694931
20.5,-30.6,0.0536587776477313,301310284.254135,23.6593119797781,816801577.694931
20.6,-30.6,0.0536587776477313,301310284.254135,23.6593119797781,816801577.694931
20.7,-30.6,0.0536587776477313,301310284.254135,23.6593119797781,816801577.694931
20.8,-30.6,0.0536587776477313,301310284.254135,23.6593119797781,816801577.694931
20.9,-30.6,0.0536587776477313,301310284.254135,23.6593119797781,816801577.694931
21,-30.6,0.0528467661580929,223543477.321669,23.6109904651406,626242758.645694
21.1,-30.6,0.0528467661580929,223543477.321669,23.6109904651406,626242758.645694
21.2,-30.6,0.0528467661580929,223543477.321669,23.6109904651406,626242758.645694
21.3,-30.6,0.0528467661580929,223543477.321669,23.6109904651406,626242758.645694
21.4,-30.6,0.0528467661580929,223543477.321669,23.6109904651406,626242758.645694
21.5,-30.6,0.0528467661580929,223543477.321669,23.6109904651406,626242758.645694
21.6,-30.6,0.0522015988350622,175689937.417203,23.4617700198144,491409097.015662
21.7,-30.6,0.0522015988350622,175689937.417203,23.4617700198144,491409097.015662
21.8,-30.6,0.0522015988350622,175689937.417203,23.4617700198144,491409097.015662
21.9,-30.6,0.0522015988350622,175689937.417203,23.4617700198144,491409097.015662
22,-30.6,0.0522015988350622,175689937.417203,23.4617700198144,491409097.015662
22.1,-30.6,0.0522015988350622,175689937.417203,23.4617700198144,491409097.015662
22.2,-30.6,0.0504994153773434,92710096.1413965,22.961025354216,251663695.215677
22.3,-30.6,0.0504994153773434,92710096.1413965,22.961025354216,251663695.215677
22.4,-30.6,0.0504994153773434,92710096.1413965,22.961025354216,251663695.215677
22.5,-30.6,0.0504994153773434,92710096.1413965,22.961025354216,251663695.215677
22.6,-30.6,0.0505771793148065,95443569.4948499,22.9793779674067,259136733.510572
22.7,-30.6,0.0505771793148065,95443569.4948499,22.9793779674067,259136733.510572
22.8,-30.6,0.0505771793148065,95443569.4948499,22.9793779674067,259136733.510572
22.9,-30.6,0.0515001742032921,135063308.335895,23.2677708722302,378818632.782669
23,-30.6,0.0515001742032921,135063308.335895,23.2677708722302,378818632.782669
23.1,-30.6,0.0515001742032921,135063308.335895,23.2677708722302,378818632.782669
23.2,-30.6,0.0515001742032921,135063308.335895,23.2677708722302,378818632.782669
23.3,-30.6,0.0515001742032921,135063308.335895,23.2677708722302,378818632.782669
23.4,-30.6,0.0515001742032921,135063308.335895,23.2677708722302,378818632.782669
23.5,-30.6,0.0500386039038765,77980582.6036676,22.829212732,211999752.12661
23.6,-30.6,0.0500386039038765,77980582.6036676,22.829212732,211999752.12661
23.7,-30.6,0.0500386039038765,77980582.6036676,22.829212732,211999752.12661
23.8,-30.6,0.0500386039038765,77980582.6036676,22.829212732,211999752.12661
23.9,-30.6,0.0500386039038765,77980582.6036676,22.829212732,211999752.12661
24,-30.6,0.0500386039038765,77980582.6036676,22.829212732,211999752.12661
24.1,-30.6,0.0457755684041167,15886541.1863556,21.8791235279143,43088780.8826493
24.2,-30.6,0.0457755684041167,15886541.1863556,21.8791235279143,43088780.8826493
24.3,-30.6,0.0457755684041167,15886541.1863556,21.8791235279143,43088780.8826493
24.4,-30.6,0.0457755684041167,15886541.1863556,21.8791235279143,43088780.8826493
24.5,-30.6,0.0457755684041167,15886541.1863556,21.8791235279143,43088780.8826493
24.6,-30.6,0.0457755684041167,15886541.1863556,21.8791235279143,43088780.8826493
24.7,-30.6,0.0459796208394685,17123388.7767155,21.8973544424947,46519149.4095509
24.8,-30.6,0.0459796208394685,17123388.7767155,21.8973544424947,46519149.4095509
24.9,-30.6,0.0459796208394685,17123388.7767155,21.8973544424947,46519149.4095509
25,-30.6,0.0459796208394685,17123388.7767155,21.8973544424947,46519149.4095509
25.1,-30.6,0.0459796208394685,17123388.7767155,21.8973544424947,46519149.4095509
25.2,-30.6,0.0459796208394685,17123388.7767155,21.8973544424947,46519149.4095509
25.3,-30.6,0.0459796208394685,17123388.7767155,21.8973544424947,46519149.4095509
25.4,-30.6,0.0442306304698405,8924053.19926753,21.5231770139874,24705664.0169847
25.5,-30.6,0.0442306304698405,8924053.19926753,21.5231770139874,24705664.0169847
25.6,-30.6,0.0442306304698405,8924053.19926753,21.5231770139874,24705664.0169847
25.7,-30.6,0.0442306304698405,8924053.19926753,21.5231770139874,24705664.0169847
25.8,-30.6,0.0442306304698405,8924053.19926753,21.5231770139874,24705664.0169847
25.9,-30.6,0.0442306304698405,8924053.19926753,21.5231770139874,24705664.0169847
26,-30.6,0.0436786213286049,7260893.92313606,21.3939079040247,20443176.8024164
26.1,-30.6,0.0436786213286049,7260893.92313606,21.3939079040247,20443176.8024164
26.2,-30.6,0.0436786213286049,7260893.92313606,21.3939079040247,20443176.8024164
26.3,-30.6,0.0436786213286049,7260893.92313606,21.3939079040247,20443176.8024164
26.4,-30.6,0.0436786213286049,7260893.92313606,21.3939079040247,20443176.8024164
26.5,-30.6,0.0436786213286049,7260893.92313606,21.3939079040247,20443176.8024164
26.6,-30.6,0.0408935789953756,2579759.96972929,20.8712214156077,7644675.00818711
26.7,-30.6,0.0408935789953756,2579759.96972929,20.8712214156077,7644675.00818711
26.8,-30.6,0.0408935789953756,2579759.96972929,20.8712214156077,7644675.00818711
26.9,-30.6,0.0408935789953756,2579759.96972929,20.8712214156077,7644675.00818711
27,-30.6,0.0408935789953756,2579759.96972929,20.8712214156077,7644675.00818711
27.1,-30.6,0.0408935789953756,2579759.96972929,20.8712214156077,7644675.00818711
27.2,-30.6,0.0307733568579323,60845.9891117822,19.1178266009346,243308.914051267
27.3,-30.6,0.0307733568579323,60845.9891117822,19.1178266009346,243308.914051267
27.4,-30.6,0.0307733568579323,60845.9891117822,19.1178266009346,243308.914051267
27.5,-30.6,0.0307733568579323,60845.9891117822,19.1178266009346,243308.914051267
27.6,-30.6,0.0307733568579323,60845.9891117822,19.1178266009346,243308.914051267
27.7,-30.6,0.0307733568579323,60845.9891117822,19.1178266009346,243308.914051267
27.8,-30.6,0.0307733568579323,60845.9891117822,19.1178266009346,243308.914051267
27.9,-30.6,0.0189334669641857,773.926665827637,17.2333516933533,6588.20861874913
28,-30.6,0.0189334669641857,773.926665827637,17.2333516933533,6588.20861874913
28.1,-30.6,0.0189334669641857,773.926665827637,17.2333516933533,6588.20861874913
28.2,-30.6,0.0189334669641857,773.926665827637,17.2333516933533,6588.20861874913
28.3,-30.6,0.0189334669641857,773.926665827637,17.2333516933533,6588.20861874913
28.4,-30.6,0.0189334669641857,773.926665827637,17.2333516933533,6588.20861874913
28.5,-30.6,0.0385904526067199,1092812.65149216,20.4082021118258,3798011.92039158
28.6,-30.6,0.0385904526067199,1092812.65149216,20.4082021118258,3798011.92039158
28.7,-30.6,0.0385904526067199,1092812.65149216,20.4082021118258,3798011.92039158
28.8,-30.6,0.0385904526067199,1092812.65149216,20.4082021118258,3798011.92039158
28.9,-30.6,0.0385904526067199,1092812.65149216,20.4082021118258,3798011.92039158
29,-30.6,0.0385904526067199,1092812.65149216,20.4082021118258,3798011.92039158
29.1,-30.6,0.0407334795640519,2413296.06740125,20.7297904236336,8722938.71965158
29.2,-30.6,0.0407334795640519,2413296.06740125,20.7297904236336,8722938.71965158
29.3,-30.6,0.0407334795640519,2413296.06740125,20.7297904236336,8722938.71965158
29.4,-30.6,0.0407334795640519,2413296.06740125,20.7297904236336,8722938.71965158
29.5,-30.6,0.0407334795640519,2413296.06740125,20.7297904236336,8722938.71965158
29.6,-30.6,0.0407334795640519,2413296.06740125,20.7297904236336,8722938.71965158
29.7,-30.6,0.0480752949246023,36477467.5181875,21.8102964029256,137677057.811316
29.8,-30.6,0.0480752949246023,36477467.5181875,21.8102964029256,137677057.811316
29.9,-30.6,0.0480752949246023,36477467.5181875,21.8102964029256,137677057.811316
30,-30.6,0.0480752949246023,36477467.5181875,21.8102964029256,137677057.811316
30.1,-30.6,0.0480752949246023,36477467.5181875,21.8102964029256,137677057.811316
30.2,-30.6,0.0480752949246023,36477467.5181875,21.8102964029256,137677057.811316
30.3,-30.6,0.0480752949246023,36477467.5181875,21.8102964029256,137677057.811316
30.4,-30.6,0.0579244675841541,1404060435.72867,23.3084094520245,5129156773.1072
30.5,-30.6,0.0579244675841541,1404060435.72867,23.3084094520245,5129156773.1072
17.4,-30.5,0.0487123090377678,46024236.1342242,21.8909117065859,193563987.360687
17.5,-30.5,0.0487123090377678,46024236.1342242,21.8909117065859,193563987.360687
17.6,-30.5,0.0487123090377678,46024236.1342242,21.8909117065859,193563987.360687
17.7,-30.5,0.0487123090377678,46024236.1342242,21.8909117065859,193563987.360687
17.8,-30.5,0.0487123090377678,46024236.1342242,21.8909117065859,193563987.360687
17.9,-30.5,0.0558749835503057,672679140.920846,23.4686625794616,1876614144.32781
18,-30.5,0.0558749835503057,672679140.920846,23.4686625794616,1876614144.32781
18.1,-30.5,0.0558749835503057,672679140.920846,23.4686625794616,1876614144.32781
18.2,-30.5,0.0558749835503057,672679140.920846,23.4686625794616,1876614144.32781
18.3,-30.5,0.0558749835503057,672679140.920846,23.4686625794616,1876614144.32781
18.4,-30.5,0.0558749835503057,672679140.920846,23.4686625794616,1876614144.32781
18.5,-30.5,0.0548698758806861,465493773.59539,23.4360736517733,1253187287.58376
18.6,-30.5,0.0548698758806861,465493773.59539,23.4360736517733,1253187287.58376
18.7,-30.5,0.0548698758806861,465493773.59539,23.4360736517733,1253187287.58376
18.8,-30.5,0.0548698758806861,465493773.59539,23.4360736517733,1253187287.58376
18.9,-30.5,0.0548698758806861,465493773.59539,23.4360736517733,1253187287.58376
19,-30.5,0.0548698758806861,465493773.59539,23.4360736517733,1253187287.58376
19.1,-30.5,0.0557990376644853,660546168.97225,23.7346232249106,1733266799.53311
19.2,-30.5,0.0557990376644853,660546168.97225,23.7346232249106,1733266799.53311
19.3,-30.5,0.0557990376644853,660546168.97225,23.7346232249106,1733266799.53311
19.4,-30.5,0.0557990376644853,660546168.97225,23.7346232249106,1733266799.53311
19.5,-30.5,0.0557990376644853,660546168.97225,23.7346232249106,1733266799.53311
19.6,-30.5,0.0557990376644853,660546168.97225,23.7346232249106,1733266799.53311
19.7,-30.5,0.0538204312752866,317361852.172952,23.4520687433207,835309393.915817
19.8,-30.5,0.0538204312752866,317361852.172952,23.4520687433207,835309393.915817
19.9,-30.5,0.0538204312752866,317361852.172952,23.4520687433207,835309393.915817
20,-30.5,0.0538204312752866,317361852.172952,23.4520687433207,835309393.915817
20.1,-30.5,0.0538204312752866,317361852.172952,23.4520687433207,835309393.915817
20.2,-30.5,0.0538204312752866,317361852.172952,23.4520687433207,835309393.915817
20.3,-30.5,0.0538204312752866,317361852.172952,23.4520687433207,835309393.915817
20.4,-30.5,0.0536587776477313,301310284.254135,23.6593119797781,816801577.694931
20.5,-30.5,0.0536587776477313,301310284.254135,23.6593119797781,816801577.694931
20.6,-30.5,0.0536587776477313,301310284.254135,23.6593119797781,816801577.694931
20.7,-30.5,0.0536587776477313,301310284.254135,23.6593119797781,816801577.694931
20.8,-30.5,0.0536587776477313,301310284.254135,23.6593119797781,816801577.694931
20.9,-30.5,0.0536587776477313,301310284.254135,23.6593119797781,816801577.694931
21,-30.5,0.0528467661580929,223543477.321669,23.6109904651406,626242758.645694
21.1,-30.5,0.0528467661580929,223543477.321669,23.6109904651406,626242758.645694
21.2,-30.5,0.0528467661580929,223543477.321669,23.6109904651406,626242758.645694
21.3,-30.5,0.0528467661580929,223543477.321669,23.6109904651406,626242758.645694
21.4,-30.5,0.0528467661580929,223543477.321669,23.6109904651406,626242758.645694
21.5,-30.5,0.0528467661580929,223543477.321669,23.6109904651406,626242758.645694
21.6,-30.5,0.0522015988350622,175689937.417203,23.4617700198144,491409097.015662
21.7,-30.5,0.0522015988350622,175689937.417203,23.4617700198144,491409097.015662
21.8,-30.5,0.0522015988350622,175689937.417203,23.4617700198144,491409097.015662
21.9,-30.5,0.0522015988350622,175689937.417203,23.4617700198144,491409097.015662
22,-30.5,0.0522015988350622,175689937.417203,23.4617700198144,491409097.015662
22.1,-30.5,0.0522015988350622,175689937.417203,23.4617700198144,491409097.015662
22.2,-30.5,0.0504994153773434,92710096.1413965,22.961025354216,251663695.215677
22.3,-30.5,0.0504994153773434,92710096.1413965,22.961025354216,251663695.215677
22.4,-30.5,0.0504994153773434,92710096.1413965,22.961025354216,251663695.215677
22.5,-30.5,0.0504994153773434,92710096.1413965,22.961025354216,251663695.215677
22.6,-30.5,0.0505771793148065,95443569.4948499,22.9793779674067,259136733.510572
22.7,-30.5,0.0505771793148065,95443569.4948499,22.9793779674067,259136733.510572
22.8,-30.5,0.0505771793148065,95443569.4948499,22.9793779674067,259136733.510572
22.9,-30.5,0.0515001742032921,135063308.335895,23.2677708722302,378818632.782669
23,-30.5,0.0515001742032921,135063308.335895,23.2677708722302,378818632.782669
23.1,-30.5,0.0515001742032921,135063308.335895,23.2677708722302,378818632.782669
23.2,-30.5,0.0515001742032921,135063308.335895,23.2677708722302,378818632.782669
23.3,-30.5,0.0515001742032921,135063308.335895,23.2677708722302,378818632.782669
23.4,-30.5,0.0515001742032921,135063308.335895,23.2677708722302,378818632.782669
23.5,-30.5,0.0500386039038765,77980582.6036676,22.829212732,211999752.12661
23.6,-30.5,0.0500386039038765,77980582.6036676,22.829212732,211999752.12661
23.7,-30.5,0.0500386039038765,77980582.6036676,22.829212732,211999752.12661
23.8,-30.5,0.0500386039038765,77980582.6036676,22.829212732,211999752.12661
23.9,-30.5,0.0500386039038765,77980582.6036676,22.829212732,211999752.12661
24,-30.5,0.0500386039038765,77980582.6036676,22.829212732,211999752.12661
24.1,-30.5,0.0457755684041167,15886541.1863556,21.8791235279143,43088780.8826493
24.2,-30.5,0.0457755684041167,15886541.1863556,21.8791235279143,43088780.8826493
24.3,-30.5,0.0457755684041167,15886541.1863556,21.8791235279143,43088780.8826493
24.4,-30.5,0.0457755684041167,15886541.1863556,21.8791235279143,43088780.8826493
24.5,-30.5,0.0457755684041167,15886541.1863556,21.8791235279143,43088780.8826493
24.6,-30.5,0.0457755684041167,15886541.1863556,21.8791235279143,43088780.8826493
24.7,-30.5,0.0459796208394685,17123388.7767155,21.8973544424947,46519149.4095509
24.8,-30.5,0.0459796208394685,17123388.7767155,21.8973544424947,46519149.4095509
24.9,-30.5,0.0459796208394685,17123388.7767155,21.8973544424947,46519149.4095509
25,-30.5,0.0459796208394685,17123388.7767155,21.8973544424947,46519149.4095509
25.1,-30.5,0.0459796208394685,17123388.7767155,21.8973544424947,46519149.4095509
25.2,-30.5,0.0459796208394685,17123388.7767155,21.8973544424947,46519149.4095509
25.3,-30.5,0.0459796208394685,17123388.7767155,21.8973544424947,46519149.4095509
25.4,-30.5,0.0442306304698405,8924053.19926753,21.5231770139874,24705664.0169847
25.5,-30.5,0.0442306304698405,8924053.19926753,21.5231770139874,24705664.0169847
25.6,-30.5,0.0442306304698405,8924053.19926753,21.5231770139874,24705664.0169847
25.7,-30.5,0.0442306304698405,8924053.19926753,21.5231770139874,24705664.0169847
25.8,-30.5,0.0442306304698405,8924053.19926753,21.5231770139874,24705664.0169847
25.9,-30.5,0.0442306304698405,8924053.19926753,21.5231770139874,24705664.0169847
26,-30.5,0.0436786213286049,7260893.92313606,21.3939079040247,20443176.8024164
26.1,-30.5,0.0436786213286049,7260893.92313606,21.3939079040247,20443176.8024164
26.2,-30.5,0.0436786213286049,7260893.92313606,21.3939079040247,20443176.8024164
26.3,-30.5,0.0436786213286049,7260893.92313606,21.3939079040247,20443176.8024164
26.4,-30.5,0.0436786213286049,7260893.92313606,21.3939079040247,20443176.8024164
26.5,-30.5,0.0436786213286049,7260893.92313606,21.3939079040247,20443176.8024164
26.6,-30.5,0.0408935789953756,2579759.96972929,20.8712214156077,7644675.00818711
26.7,-30.5,0.0408935789953756,2579759.96972929,20.8712214156077,7644675.00818711
26.8,-30.5,0.0408935789953756,2579759.96972929,20.8712214156077,7644675.00818711
26.9,-30.5,0.0408935789953756,2579759.96972929,20.8712214156077,7644675.00818711
27,-30.5,0.0408935789953756,2579759.96972929,20.8712214156077,7644675.00818711
27.1,-30.5,0.0408935789953756,2579759.96972929,20.8712214156077,7644675.00818711
27.2,-30.5,0.0307733568579323,60845.9891117822,19.1178266009346,243308.914051267
27.3,-30.5,0.0307733568579323,60845.9891117822,19.1178266009346,243308.914051267
27.4,-30.5,0.0307733568579323,60845.9891117822,19.1178266009346,243308.914051267
27.5,-30.5,0.0307733568579323,60845.9891117822,19.1178266009346,243308.914051267
27.6,-30.5,0.0307733568579323,60845.9891117822,19.1178266009346,243308.914051267
27.7,-30.5,0.0307733568579323,60845.9891117822,19.1178266009346,243308.914051267
27.8,-30.5,0.0307733568579323,60845.9891117822,19.1178266009346,243308.914051267
27.9,-30.5,0.0189334669641857,773.926665827637,17.2333516933533,6588.20861874913
28,-30.5,0.0189334669641857,773.926665827637,17.2333516933533,6588.20861874913
28.1,-30.5,0.0189334669641857,773.926665827637,17.2333516933533,6588.20861874913
28.2,-30.5,0.0189334669641857,773.926665827637,17.2333516933533,6588.20861874913
28.3,-30.5,0.0189334669641857,773.926665827637,17.2333516933533,6588.20861874913
28.4,-30.5,0.0189334669641857,773.926665827637,17.2333516933533,6588.20861874913
28.5,-30.5,0.0385904526067199,1092812.65149216,20.4082021118258,3798011.92039158
28.6,-30.5,0.0385904526067199,1092812.65149216,20.4082021118258,3798011.92039158
28.7,-30.5,0.0385904526067199,1092812.65149216,20.4082021118258,3798011.92039158
28.8,-30.5,0.0385904526067199,1092812.65149216,20.4082021118258,3798011.92039158
28.9,-30.5,0.0385904526067199,1092812.65149216,20.4082021118258,3798011.92039158
29,-30.5,0.0385904526067199,1092812.65149216,20.4082021118258,3798011.92039158
29.1,-30.5,0.0407334795640519,2413296.06740125,20.7297904236336,8722938.71965158
29.2,-30.5,0.0407334795640519,2413296.06740125,20.7297904236336,8722938.71965158
29.3,-30.5,0.0407334795640519,2413296.06740125,20.7297904236336,8722938.71965158
29.4,-30.5,0.0407334795640519,2413296.06740125,20.7297904236336,8722938.71965158
29.5,-30.5,0.0407334795640519,2413296.06740125,20.7297904236336,8722938.71965158
29.6,-30.5,0.0407334795640519,2413296.06740125,20.7297904236336,8722938.71965158
29.7,-30.5,0.0480752949246023,36477467.5181875,21.8102964029256,137677057.811316
29.8,-30.5,0.0480752949246023,36477467.5181875,21.8102964029256,137677057.811316
29.9,-30.5,0.0480752949246023,36477467.5181875,21.8102964029256,137677057.811316
30,-30.5,0.0480752949246023,36477467.5181875,21.8102964029256,137677057.811316
30.1,-30.5,0.0480752949246023,36477467.5181875,21.8102964029256,137677057.811316
30.2,-30.5,0.0480752949246023,36477467.5181875,21.8102964029256,137677057.811316
30.3,-30.5,0.0480752949246023,36477467.5181875,21.8102964029256,137677057.811316
30.4,-30.5,0.0579244675841541,1404060435.72867,23.3084094520245,5129156773.1072
30.5,-30.5,0.0579244675841541,1404060435.72867,23.3084094520245,5129156773.1072
30.6,-30.5,0.0579244675841541,1404060435.72867,23.3084094520245,5129156773.1072
17.4,-30.4,0.0487123090377678,46024236.1342242,21.8909117065859,193563987.360687
17.5,-30.4,0.0487123090377678,46024236.1342242,21.8909117065859,193563987.360687
17.6,-30.4,0.0487123090377678,46024236.1342242,21.8909117065859,193563987.360687
17.7,-30.4,0.0487123090377678,46024236.1342242,21.8909117065859,193563987.360687
17.8,-30.4,0.0487123090377678,46024236.1342242,21.8909117065859,193563987.360687
17.9,-30.4,0.0558749835503057,672679140.920846,23.4686625794616,1876614144.32781
18,-30.4,0.0558749835503057,672679140.920846,23.4686625794616,1876614144.32781
18.1,-30.4,0.0558749835503057,672679140.920846,23.4686625794616,1876614144.32781
18.2,-30.4,0.0558749835503057,672679140.920846,23.4686625794616,1876614144.32781
18.3,-30.4,0.0558749835503057,672679140.920846,23.4686625794616,1876614144.32781
18.4,-30.4,0.0558749835503057,672679140.920846,23.4686625794616,1876614144.32781
18.5,-30.4,0.0548698758806861,465493773.59539,23.4360736517733,1253187287.58376
18.6,-30.4,0.0548698758806861,465493773.59539,23.4360736517733,1253187287.58376
18.7,-30.4,0.0548698758806861,465493773.59539,23.4360736517733,1253187287.58376
18.8,-30.4,0.0548698758806861,465493773.59539,23.4360736517733,1253187287.58376
18.9,-30.4,0.0548698758806861,465493773.59539,23.4360736517733,1253187287.58376
19,-30.4,0.0548698758806861,465493773.59539,23.4360736517733,1253187287.58376
19.1,-30.4,0.0557990376644853,660546168.97225,23.7346232249106,1733266799.53311
19.2,-30.4,0.0557990376644853,660546168.97225,23.7346232249106,1733266799.53311
19.3,-30.4,0.0557990376644853,660546168.97225,23.7346232249106,1733266799.53311
19.4,-30.4,0.0557990376644853,660546168.97225,23.7346232249106,1733266799.53311
19.5,-30.4,0.0557990376644853,660546168.97225,23.7346232249106,1733266799.53311
19.6,-30.4,0.0557990376644853,660546168.97225,23.7346232249106,1733266799.53311
19.7,-30.4,0.0538204312752866,317361852.172952,23.4520687433207,835309393.915817
19.8,-30.4,0.0538204312752866,317361852.172952,23.4520687433207,835309393.915817
19.9,-30.4,0.0538204312752866,317361852.172952,23.4520687433207,835309393.915817
20,-30.4,0.0538204312752866,317361852.172952,23.4520687433207,835309393.915817
20.1,-30.4,0.0538204312752866,317361852.172952,23.4520687433207,835309393.915817
20.2,-30.4,0.0538204312752866,317361852.172952,23.4520687433207,835309393.915817
20.3,-30.4,0.0538204312752866,317361852.172952,23.4520687433207,835309393.915817
20.4,-30.4,0.0536587776477313,301310284.254135,23.6593119797781,816801577.694931
20.5,-30.4,0.0536587776477313,301310284.254135,23.6593119797781,816801577.694931
20.6,-30.4,0.0536587776477313,301310284.254135,23.6593119797781,816801577.694931
20.7,-30.4,0.0536587776477313,301310284.254135,23.6593119797781,816801577.694931
20.8,-30.4,0.0536587776477313,301310284.254135,23.6593119797781,816801577.694931
20.9,-30.4,0.0536587776477313,301310284.254135,23.6593119797781,816801577.694931
21,-30.4,0.0528467661580929,223543477.321669,23.6109904651406,626242758.645694
21.1,-30.4,0.0528467661580929,223543477.321669,23.6109904651406,626242758.645694
21.2,-30.4,0.0528467661580929,223543477.321669,23.6109904651406,626242758.645694
21.3,-30.4,0.0528467661580929,223543477.321669,23.6109904651406,626242758.645694
21.4,-30.4,0.0528467661580929,223543477.321669,23.6109904651406,626242758.645694
21.5,-30.4,0.0528467661580929,223543477.321669,23.6109904651406,626242758.645694
21.6,-30.4,0.0522015988350622,175689937.417203,23.4617700198144,491409097.015662
21.7,-30.4,0.0522015988350622,175689937.417203,23.4617700198144,491409097.015662
21.8,-30.4,0.0522015988350622,175689937.417203,23.4617700198144,491409097.015662
21.9,-30.4,0.0522015988350622,175689937.417203,23.4617700198144,491409097.015662
22,-30.4,0.0522015988350622,175689937.417203,23.4617700198144,491409097.015662
22.1,-30.4,0.0522015988350622,175689937.417203,23.4617700198144,491409097.015662
22.2,-30.4,0.0504994153773434,92710096.1413965,22.961025354216,251663695.215677
22.3,-30.4,0.0504994153773434,92710096.1413965,22.961025354216,251663695.215677
22.4,-30.4,0.0504994153773434,92710096.1413965,22.961025354216,251663695.215677
22.5,-30.4,0.0504994153773434,92710096.1413965,22.961025354216,251663695.215677
22.6,-30.4,0.0505771793148065,95443569.4948499,22.9793779674067,259136733.510572
22.7,-30.4,0.0505771793148065,95443569.4948499,22.9793779674067,259136733.510572
22.8,-30.4,0.0505771793148065,95443569.4948499,22.9793779674067,259136733.510572
22.9,-30.4,0.0515001742032921,135063308.335895,23.2677708722302,378818632.782669
23,-30.4,0.0515001742032921,135063308.335895,23.2677708722302,378818632.782669
23.1,-30.4,0.0515001742032921,135063308.335895,23.2677708722302,378818632.782669
23.2,-30.4,0.0515001742032921,135063308.335895,23.2677708722302,378818632.782669
23.3,-30.4,0.0515001742032921,135063308.335895,23.2677708722302,378818632.782669
23.4,-30.4,0.0515001742032921,135063308.335895,23.2677708722302,378818632.782669
23.5,-30.4,0.0500386039038765,77980582.6036676,22.829212732,211999752.12661
23.6,-30.4,0.0500386039038765,77980582.6036676,22.829212732,211999752.12661
23.7,-30.4,0.0500386039038765,77980582.6036676,22.829212732,211999752.12661
23.8,-30.4,0.0500386039038765,77980582.6036676,22.829212732,211999752.12661
23.9,-30.4,0.0500386039038765,77980582.6036676,22.829212732,211999752.12661
24,-30.4,0.0500386039038765,77980582.6036676,22.829212732,211999752.12661
24.1,-30.4,0.0457755684041167,15886541.1863556,21.8791235279143,43088780.8826493
24.2,-30.4,0.0457755684041167,15886541.1863556,21.8791235279143,43088780.8826493
24.3,-30.4,0.0457755684041167,15886541.1863556,21.8791235279143,43088780.8826493
24.4,-30.4,0.0457755684041167,15886541.1863556,21.8791235279143,43088780.8826493
24.5,-30.4,0.0457755684041167,15886541.1863556,21.8791235279143,43088780.8826493
24.6,-30.4,0.0457755684041167,15886541.1863556,21.8791235279143,43088780.8826493
24.7,-30.4,0.0459796208394685,17123388.7767155,21.8973544424947,46519149.4095509
24.8,-30.4,0.0459796208394685,17123388.7767155,21.8973544424947,46519149.4095509
24.9,-30.4,0.0459796208394685,17123388.7767155,21.8973544424947,46519149.4095509
25,-30.4,0.0459796208394685,17123388.7767155,21.8973544424947,46519149.4095509
25.1,-30.4,0.0459796208394685,17123388.7767155,21.8973544424947,46519149.4095509
25.2,-30.4,0.0459796208394685,17123388.7767155,21.8973544424947,46519149.4095509
25.3,-30.4,0.0459796208394685,17123388.7767155,21.8973544424947,46519149.4095509
25.4,-30.4,0.0442306304698405,8924053.19926753,21.5231770139874,24705664.0169847
25.5,-30.4,0.0442306304698405,8924053.19926753,21.5231770139874,24705664.0169847
25.6,-30.4,0.0442306304698405,8924053.19926753,21.5231770139874,24705664.0169847
25.7,-30.4,0.0442306304698405,8924053.19926753,21.5231770139874,24705664.0169847
25.8,-30.4,0.0442306304698405,8924053.19926753,21.5231770139874,24705664.0169847
25.9,-30.4,0.0442306304698405,8924053.19926753,21.5231770139874,24705664.0169847
26,-30.4,0.0436786213286049,7260893.92313606,21.3939079040247,20443176.8024164
26.1,-30.4,0.0436786213286049,7260893.92313606,21.3939079040247,20443176.8024164
26.2,-30.4,0.0436786213286049,7260893.92313606,21.3939079040247,20443176.8024164
26.3,-30.4,0.0436786213286049,7260893.92313606,21.3939079040247,20443176.8024164
26.4,-30.4,0.0436786213286049,7260893.92313606,21.3939079040247,20443176.8024164
26.5,-30.4,0.0436786213286049,7260893.92313606,21.3939079040247,20443176.8024164
26.6,-30.4,0.0408935789953756,2579759.96972929,20.8712214156077,7644675.00818711
26.7,-30.4,0.0408935789953756,2579759.96972929,20.8712214156077,7644675.00818711
26.8,-30.4,0.0408935789953756,2579759.96972929,20.8712214156077,7644675.00818711
26.9,-30.4,0.0408935789953756,2579759.96972929,20.8712214156077,7644675.00818711
27,-30.4,0.0408935789953756,2579759.96972929,20.8712214156077,7644675.00818711
27.1,-30.4,0.0408935789953756,2579759.96972929,20.8712214156077,7644675.00818711
27.2,-30.4,0.0307733568579323,60845.9891117822,19.1178266009346,243308.914051267
27.3,-30.4,0.0307733568579323,60845.9891117822,19.1178266009346,243308.914051267
27.4,-30.4,0.0307733568579323,60845.9891117822,19.1178266009346,243308.914051267
27.5,-30.4,0.0307733568579323,60845.9891117822,19.1178266009346,243308.914051267
27.6,-30.4,0.0307733568579323,60845.9891117822,19.1178266009346,243308.914051267
27.7,-30.4,0.0307733568579323,60845.9891117822,19.1178266009346,243308.914051267
27.8,-30.4,0.0307733568579323,60845.9891117822,19.1178266009346,243308.914051267
27.9,-30.4,0.0189334669641857,773.926665827637,17.2333516933533,6588.20861874913
28,-30.4,0.0189334669641857,773.926665827637,17.2333516933533,6588.20861874913
28.1,-30.4,0.0189334669641857,773.926665827637,17.2333516933533,6588.20861874913
28.2,-30.4,0.0189334669641857,773.926665827637,17.2333516933533,6588.20861874913
28.3,-30.4,0.0189334669641857,773.926665827637,17.2333516933533,6588.20861874913
28.4,-30.4,0.0189334669641857,773.926665827637,17.2333516933533,6588.20861874913
28.5,-30.4,0.0385904526067199,1092812.65149216,20.4082021118258,3798011.92039158
28.6,-30.4,0.0385904526067199,1092812.65149216,20.4082021118258,3798011.92039158
28.7,-30.4,0.0385904526067199,1092812.65149216,20.4082021118258,3798011.92039158
28.8,-30.4,0.0385904526067199,1092812.65149216,20.4082021118258,3798011.92039158
28.9,-30.4,0.0385904526067199,1092812.65149216,20.4082021118258,3798011.92039158
29,-30.4,0.0385904526067199,1092812.65149216,20.4082021118258,3798011.92039158
29.1,-30.4,0.0407334795640519,2413296.06740125,20.7297904236336,8722938.71965158
29.2,-30.4,0.0407334795640519,2413296.06740125,20.7297904236336,8722938.71965158
29.3,-30.4,0.0407334795640519,2413296.06740125,20.7297904236336,8722938.71965158
29.4,-30.4,0.0407334795640519,2413296.06740125,20.7297904236336,8722938.71965158
29.5,-30.4,0.0407334795640519,2413296.06740125,20.7297904236336,8722938.71965158
29.6,-30.4,0.0407334795640519,2413296.06740125,20.7297904236336,8722938.71965158
29.7,-30.4,0.0480752949246023,36477467.5181875,21.8102964029256,137677057.811316
29.8,-30.4,0.0480752949246023,36477467.5181875,21.8102964029256,137677057.811316
29.9,-30.4,0.0480752949246023,36477467.5181875,21.8102964029256,137677057.811316
30,-30.4,0.0480752949246023,36477467.5181875,21.8102964029256,137677057.811316
30.1,-30.4,0.0480752949246023,36477467.5181875,21.8102964029256,137677057.811316
30.2,-30.4,0.0480752949246023,36477467.5181875,21.8102964029256,137677057.811316
30.3,-30.4,0.0480752949246023,36477467.5181875,21.8102964029256,137677057.811316
30.4,-30.4,0.0579244675841541,1404060435.72867,23.3084094520245,5129156773.1072
30.5,-30.4,0.0579244675841541,1404060435.72867,23.3084094520245,5129156773.1072
30.6,-30.4,0.0579244675841541,1404060435.72867,23.3084094520245,5129156773.1072
17.3,-30.3,0.0487123090377678,46024236.1342242,21.8909117065859,193563987.360687
17.4,-30.3,0.0487123090377678,46024236.1342242,21.8909117065859,193563987.360687
17.5,-30.3,0.0487123090377678,46024236.1342242,21.8909117065859,193563987.360687
17.6,-30.3,0.0487123090377678,46024236.1342242,21.8909117065859,193563987.360687
17.7,-30.3,0.0487123090377678,46024236.1342242,21.8909117065859,193563987.360687
17.8,-30.3,0.0487123090377678,46024236.1342242,21.8909117065859,193563987.360687
17.9,-30.3,0.0558749835503057,672679140.920846,23.4686625794616,1876614144.32781
18,-30.3,0.0558749835503057,672679140.920846,23.4686625794616,1876614144.32781
18.1,-30.3,0.0558749835503057,672679140.920846,23.4686625794616,1876614144.32781
18.2,-30.3,0.0558749835503057,672679140.920846,23.4686625794616,1876614144.32781
18.3,-30.3,0.0558749835503057,672679140.920846,23.4686625794616,1876614144.32781
18.4,-30.3,0.0558749835503057,672679140.920846,23.4686625794616,1876614144.32781
18.5,-30.3,0.0548698758806861,465493773.59539,23.4360736517733,1253187287.58376
18.6,-30.3,0.0548698758806861,465493773.59539,23.4360736517733,1253187287.58376
18.7,-30.3,0.0548698758806861,465493773.59539,23.4360736517733,1253187287.58376
18.8,-30.3,0.0548698758806861,465493773.59539,23.4360736517733,1253187287.58376
18.9,-30.3,0.0548698758806861,465493773.59539,23.4360736517733,1253187287.58376
19,-30.3,0.0548698758806861,465493773.59539,23.4360736517733,1253187287.58376
19.1,-30.3,0.0557990376644853,660546168.97225,23.7346232249106,1733266799.53311
19.2,-30.3,0.0557990376644853,660546168.97225,23.7346232249106,1733266799.53311
19.3,-30.3,0.0557990376644853,660546168.97225,23.7346232249106,1733266799.53311
19.4,-30.3,0.0557990376644853,660546168.97225,23.7346232249106,1733266799.53311
19.5,-30.3,0.0557990376644853,660546168.97225,23.7346232249106,1733266799.53311
19.6,-30.3,0.0557990376644853,660546168.97225,23.7346232249106,1733266799.53311
19.7,-30.3,0.0538204312752866,317361852.172952,23.4520687433207,835309393.915817
19.8,-30.3,0.0538204312752866,317361852.172952,23.4520687433207,835309393.915817
19.9,-30.3,0.0538204312752866,317361852.172952,23.4520687433207,835309393.915817
20,-30.3,0.0538204312752866,317361852.172952,23.4520687433207,835309393.915817
20.1,-30.3,0.0538204312752866,317361852.172952,23.4520687433207,835309393.915817
20.2,-30.3,0.0538204312752866,317361852.172952,23.4520687433207,835309393.915817
20.3,-30.3,0.0538204312752866,317361852.172952,23.4520687433207,835309393.915817
20.4,-30.3,0.0536587776477313,301310284.254135,23.6593119797781,816801577.694931
20.5,-30.3,0.0536587776477313,301310284.254135,23.6593119797781,816801577.694931
20.6,-30.3,0.0536587776477313,301310284.254135,23.6593119797781,816801577.694931
20.7,-30.3,0.0536587776477313,301310284.254135,23.6593119797781,816801577.694931
20.8,-30.3,0.0536587776477313,301310284.254135,23.6593119797781,816801577.694931
20.9,-30.3,0.0536587776477313,301310284.254135,23.6593119797781,816801577.694931
21,-30.3,0.0528467661580929,223543477.321669,23.6109904651406,626242758.645694
21.1,-30.3,0.0528467661580929,223543477.321669,23.6109904651406,626242758.645694
21.2,-30.3,0.0528467661580929,223543477.321669,23.6109904651406,626242758.645694
21.3,-30.3,0.0528467661580929,223543477.321669,23.6109904651406,626242758.645694
21.4,-30.3,0.0528467661580929,223543477.321669,23.6109904651406,626242758.645694
21.5,-30.3,0.0528467661580929,223543477.321669,23.6109904651406,626242758.645694
21.6,-30.3,0.0522015988350622,175689937.417203,23.4617700198144,491409097.015662
21.7,-30.3,0.0522015988350622,175689937.417203,23.4617700198144,491409097.015662
21.8,-30.3,0.0522015988350622,175689937.417203,23.4617700198144,491409097.015662
21.9,-30.3,0.0522015988350622,175689937.417203,23.4617700198144,491409097.015662
22,-30.3,0.0522015988350622,175689937.417203,23.4617700198144,491409097.015662
22.1,-30.3,0.0522015988350622,175689937.417203,23.4617700198144,491409097.015662
22.2,-30.3,0.0504994153773434,92710096.1413965,22.961025354216,251663695.215677
22.3,-30.3,0.0504994153773434,92710096.1413965,22.961025354216,251663695.215677
22.4,-30.3,0.0504994153773434,92710096.1413965,22.961025354216,251663695.215677
22.5,-30.3,0.0504994153773434,92710096.1413965,22.961025354216,251663695.215677
22.6,-30.3,0.0505771793148065,95443569.4948499,22.9793779674067,259136733.510572
22.7,-30.3,0.0505771793148065,95443569.4948499,22.9793779674067,259136733.510572
22.8,-30.3,0.0505771793148065,95443569.4948499,22.9793779674067,259136733.510572
22.9,-30.3,0.0515001742032921,135063308.335895,23.2677708722302,378818632.782669
23,-30.3,0.0515001742032921,135063308.335895,23.2677708722302,378818632.782669
23.1,-30.3,0.0515001742032921,135063308.335895,23.2677708722302,378818632.782669
23.2,-30.3,0.0515001742032921,135063308.335895,23.2677708722302,378818632.782669
23.3,-30.3,0.0515001742032921,135063308.335895,23.2677708722302,378818632.782669
23.4,-30.3,0.0515001742032921,135063308.335895,23.2677708722302,378818632.782669
23.5,-30.3,0.0500386039038765,77980582.6036676,22.829212732,211999752.12661
23.6,-30.3,0.0500386039038765,77980582.6036676,22.829212732,211999752.12661
23.7,-30.3,0.0500386039038765,77980582.6036676,22.829212732,211999752.12661
23.8,-30.3,0.0500386039038765,77980582.6036676,22.829212732,211999752.12661
23.9,-30.3,0.0500386039038765,77980582.6036676,22.829212732,211999752.12661
24,-30.3,0.0500386039038765,77980582.6036676,22.829212732,211999752.12661
24.1,-30.3,0.0457755684041167,15886541.1863556,21.8791235279143,43088780.8826493
24.2,-30.3,0.0457755684041167,15886541.1863556,21.8791235279143,43088780.8826493
24.3,-30.3,0.0457755684041167,15886541.1863556,21.8791235279143,43088780.8826493
24.4,-30.3,0.0457755684041167,15886541.1863556,21.8791235279143,43088780.8826493
24.5,-30.3,0.0457755684041167,15886541.1863556,21.8791235279143,43088780.8826493
24.6,-30.3,0.0457755684041167,15886541.1863556,21.8791235279143,43088780.8826493
24.7,-30.3,0.0459796208394685,17123388.7767155,21.8973544424947,46519149.4095509
24.8,-30.3,0.0459796208394685,17123388.7767155,21.8973544424947,46519149.4095509
24.9,-30.3,0.0459796208394685,17123388.7767155,21.8973544424947,46519149.4095509
25,-30.3,0.0459796208394685,17123388.7767155,21.8973544424947,46519149.4095509
25.1,-30.3,0.0459796208394685,17123388.7767155,21.8973544424947,46519149.4095509
25.2,-30.3,0.0459796208394685,17123388.7767155,21.8973544424947,46519149.4095509
25.3,-30.3,0.0459796208394685,17123388.7767155,21.8973544424947,46519149.4095509
25.4,-30.3,0.0442306304698405,8924053.19926753,21.5231770139874,24705664.0169847
25.5,-30.3,0.0442306304698405,8924053.19926753,21.5231770139874,24705664.0169847
25.6,-30.3,0.0442306304698405,8924053.19926753,21.5231770139874,24705664.0169847
25.7,-30.3,0.0442306304698405,8924053.19926753,21.5231770139874,24705664.0169847
25.8,-30.3,0.0442306304698405,8924053.19926753,21.5231770139874,24705664.0169847
25.9,-30.3,0.0442306304698405,8924053.19926753,21.5231770139874,24705664.0169847
26,-30.3,0.0436786213286049,7260893.92313606,21.3939079040247,20443176.8024164
26.1,-30.3,0.0436786213286049,7260893.92313606,21.3939079040247,20443176.8024164
26.2,-30.3,0.0436786213286049,7260893.92313606,21.3939079040247,20443176.8024164
26.3,-30.3,0.0436786213286049,7260893.92313606,21.3939079040247,20443176.8024164
26.4,-30.3,0.0436786213286049,7260893.92313606,21.3939079040247,20443176.8024164
26.5,-30.3,0.0436786213286049,7260893.92313606,21.3939079040247,20443176.8024164
26.6,-30.3,0.0408935789953756,2579759.96972929,20.8712214156077,7644675.00818711
26.7,-30.3,0.0408935789953756,2579759.96972929,20.8712214156077,7644675.00818711
26.8,-30.3,0.0408935789953756,2579759.96972929,20.8712214156077,7644675.00818711
26.9,-30.3,0.0408935789953756,2579759.96972929,20.8712214156077,7644675.00818711
27,-30.3,0.0408935789953756,2579759.96972929,20.8712214156077,7644675.00818711
27.1,-30.3,0.0408935789953756,2579759.96972929,20.8712214156077,7644675.00818711
27.2,-30.3,0.0307733568579323,60845.9891117822,19.1178266009346,243308.914051267
27.3,-30.3,0.0307733568579323,60845.9891117822,19.1178266009346,243308.914051267
27.4,-30.3,0.0307733568579323,60845.9891117822,19.1178266009346,243308.914051267
27.5,-30.3,0.0307733568579323,60845.9891117822,19.1178266009346,243308.914051267
27.6,-30.3,0.0307733568579323,60845.9891117822,19.1178266009346,243308.914051267
27.7,-30.3,0.0307733568579323,60845.9891117822,19.1178266009346,243308.914051267
27.8,-30.3,0.0307733568579323,60845.9891117822,19.1178266009346,243308.914051267
27.9,-30.3,0.0189334669641857,773.926665827637,17.2333516933533,6588.20861874913
28,-30.3,0.0189334669641857,773.926665827637,17.2333516933533,6588.20861874913
28.1,-30.3,0.0189334669641857,773.926665827637,17.2333516933533,6588.20861874913
28.2,-30.3,0.0189334669641857,773.926665827637,17.2333516933533,6588.20861874913
28.3,-30.3,0.0189334669641857,773.926665827637,17.2333516933533,6588.20861874913
28.4,-30.3,0.0189334669641857,773.926665827637,17.2333516933533,6588.20861874913
28.5,-30.3,0.0385904526067199,1092812.65149216,20.4082021118258,3798011.92039158
28.6,-30.3,0.0385904526067199,1092812.65149216,20.4082021118258,3798011.92039158
28.7,-30.3,0.0385904526067199,1092812.65149216,20.4082021118258,3798011.92039158
28.8,-30.3,0.0385904526067199,1092812.65149216,20.4082021118258,3798011.92039158
28.9,-30.3,0.0385904526067199,1092812.65149216,20.4082021118258,3798011.92039158
29,-30.3,0.0385904526067199,1092812.65149216,20.4082021118258,3798011.92039158
29.1,-30.3,0.0407334795640519,2413296.06740125,20.7297904236336,8722938.71965158
29.2,-30.3,0.0407334795640519,2413296.06740125,20.7297904236336,8722938.71965158
29.3,-30.3,0.0407334795640519,2413296.06740125,20.7297904236336,8722938.71965158
29.4,-30.3,0.0407334795640519,2413296.06740125,20.7297904236336,8722938.71965158
29.5,-30.3,0.0407334795640519,2413296.06740125,20.7297904236336,8722938.71965158
29.6,-30.3,0.0407334795640519,2413296.06740125,20.7297904236336,8722938.71965158
29.7,-30.3,0.0480752949246023,36477467.5181875,21.8102964029256,137677057.811316
29.8,-30.3,0.0480752949246023,36477467.5181875,21.8102964029256,137677057.811316
29.9,-30.3,0.0480752949246023,36477467.5181875,21.8102964029256,137677057.811316
30,-30.3,0.0480752949246023,36477467.5181875,21.8102964029256,137677057.811316
30.1,-30.3,0.0480752949246023,36477467.5181875,21.8102964029256,137677057.811316
30.2,-30.3,0.0480752949246023,36477467.5181875,21.8102964029256,137677057.811316
30.3,-30.3,0.0480752949246023,36477467.5181875,21.8102964029256,137677057.811316
30.4,-30.3,0.0579244675841541,1404060435.72867,23.3084094520245,5129156773.1072
30.5,-30.3,0.0579244675841541,1404060435.72867,23.3084094520245,5129156773.1072
30.6,-30.3,0.0579244675841541,1404060435.72867,23.3084094520245,5129156773.1072
30.7,-30.3,0.0579244675841541,1404060435.72867,23.3084094520245,5129156773.1072
17.3,-30.2,0.0617051122171254,5841714217.27283,24.3506373195525,16443468777.178
17.4,-30.2,0.0617051122171254,5841714217.27283,24.3506373195525,16443468777.178
17.5,-30.2,0.0617051122171254,5841714217.27283,24.3506373195525,16443468777.178
17.6,-30.2,0.0617051122171254,5841714217.27283,24.3506373195525,16443468777.178
17.7,-30.2,0.0617051122171254,5841714217.27283,24.3506373195525,16443468777.178
17.8,-30.2,0.0617051122171254,5841714217.27283,24.3506373195525,16443468777.178
17.9,-30.2,0.0541211781784011,351893588.490455,23.2592125970094,960144998.474679
18,-30.2,0.0541211781784011,351893588.490455,23.2592125970094,960144998.474679
18.1,-30.2,0.0541211781784011,351893588.490455,23.2592125970094,960144998.474679
18.2,-30.2,0.0541211781784011,351893588.490455,23.2592125970094,960144998.474679
18.3,-30.2,0.0541211781784011,351893588.490455,23.2592125970094,960144998.474679
18.4,-30.2,0.0541211781784011,351893588.490455,23.2592125970094,960144998.474679
18.5,-30.2,0.0527165431662364,209488599.12804,23.1031485662746,561593841.622477
18.6,-30.2,0.0527165431662364,209488599.12804,23.1031485662746,561593841.622477
18.7,-30.2,0.0527165431662364,209488599.12804,23.1031485662746,561593841.622477
18.8,-30.2,0.0527165431662364,209488599.12804,23.1031485662746,561593841.622477
18.9,-30.2,0.0527165431662364,209488599.12804,23.1031485662746,561593841.622477
19,-30.2,0.0527165431662364,209488599.12804,23.1031485662746,561593841.622477
19.1,-30.2,0.0538900057884408,324875061.726393,23.3858716843199,856595345.643105
19.2,-30.2,0.0538900057884408,324875061.726393,23.3858716843199,856595345.643105
19.3,-30.2,0.0538900057884408,324875061.726393,23.3858716843199,856595345.643105
19.4,-30.2,0.0538900057884408,324875061.726393,23.3858716843199,856595345.643105
19.5,-30.2,0.0538900057884408,324875061.726393,23.3858716843199,856595345.643105
19.6,-30.2,0.0538900057884408,324875061.726393,23.3858716843199,856595345.643105
19.7,-30.2,0.0550634963392018,507470402.020063,23.8852472940629,1360862393.11933
19.8,-30.2,0.0550634963392018,507470402.020063,23.8852472940629,1360862393.11933
19.9,-30.2,0.0550634963392018,507470402.020063,23.8852472940629,1360862393.11933
20,-30.2,0.0550634963392018,507470402.020063,23.8852472940629,1360862393.11933
20.1,-30.2,0.0550634963392018,507470402.020063,23.8852472940629,1360862393.11933
20.2,-30.2,0.0550634963392018,507470402.020063,23.8852472940629,1360862393.11933
20.3,-30.2,0.0550634963392018,507470402.020063,23.8852472940629,1360862393.11933
20.4,-30.2,0.0548317794384186,471843114.831881,24.2622231447414,1424934200.84908
20.5,-30.2,0.0548317794384186,471843114.831881,24.2622231447414,1424934200.84908
20.6,-30.2,0.0548317794384186,471843114.831881,24.2622231447414,1424934200.84908
20.7,-30.2,0.0548317794384186,471843114.831881,24.2622231447414,1424934200.84908
20.8,-30.2,0.0548317794384186,471843114.831881,24.2622231447414,1424934200.84908
20.9,-30.2,0.0548317794384186,471843114.831881,24.2622231447414,1424934200.84908
21,-30.2,0.0543031037033397,390002431.379812,24.3587346717641,1275859446.45025
21.1,-30.2,0.0543031037033397,390002431.379812,24.3587346717641,1275859446.45025
21.2,-30.2,0.0543031037033397,390002431.379812,24.3587346717641,1275859446.45025
21.3,-30.2,0.0543031037033397,390002431.379812,24.3587346717641,1275859446.45025
21.4,-30.2,0.0543031037033397,390002431.379812,24.3587346717641,1275859446.45025
21.5,-30.2,0.0543031037033397,390002431.379812,24.3587346717641,1275859446.45025
21.6,-30.2,0.0540742515226313,355944020.516524,24.1131815997339,1103291325.05959
21.7,-30.2,0.0540742515226313,355944020.516524,24.1131815997339,1103291325.05959
21.8,-30.2,0.0540742515226313,355944020.516524,24.1131815997339,1103291325.05959
21.9,-30.2,0.0540742515226313,355944020.516524,24.1131815997339,1103291325.05959
22,-30.2,0.0540742515226313,355944020.516524,24.1131815997339,1103291325.05959
22.1,-30.2,0.0540742515226313,355944020.516524,24.1131815997339,1103291325.05959
22.2,-30.2,0.0531936459270397,254481017.391887,23.6972425659572,734460692.804195
22.3,-30.2,0.0531936459270397,254481017.391887,23.6972425659572,734460692.804195
22.4,-30.2,0.0531936459270397,254481017.391887,23.6972425659572,734460692.804195
22.5,-30.2,0.0531936459270397,254481017.391887,23.6972425659572,734460692.804195
22.6,-30.2,0.0532549721547577,260397347.998254,23.714034859543,752284187.878203
22.7,-30.2,0.0532549721547577,260397347.998254,23.714034859543,752284187.878203
22.8,-30.2,0.0532549721547577,260397347.998254,23.714034859543,752284187.878203
22.9,-30.2,0.0538191534347695,323324986.654233,24.0258932655987,1012885811.24264
23,-30.2,0.0538191534347695,323324986.654233,24.0258932655987,1012885811.24264
23.1,-30.2,0.0538191534347695,323324986.654233,24.0258932655987,1012885811.24264
23.2,-30.2,0.0538191534347695,323324986.654233,24.0258932655987,1012885811.24264
23.3,-30.2,0.0538191534347695,323324986.654233,24.0258932655987,1012885811.24264
23.4,-30.2,0.0538191534347695,323324986.654233,24.0258932655987,1012885811.24264
23.5,-30.2,0.0529722517750054,233842821.14159,23.5880731679744,668508820.294078
23.6,-30.2,0.0529722517750054,233842821.14159,23.5880731679744,668508820.294078
23.7,-30.2,0.0529722517750054,233842821.14159,23.5880731679744,668508820.294078
23.8,-30.2,0.0529722517750054,233842821.14159,23.5880731679744,668508820.294078
23.9,-30.2,0.0529722517750054,233842821.14159,23.5880731679744,668508820.294078
24,-30.2,0.0529722517750054,233842821.14159,23.5880731679744,668508820.294078
24.1,-30.2,0.0511926707002101,119770740.546006,23.0443633470602,325593282.819955
24.2,-30.2,0.0511926707002101,119770740.546006,23.0443633470602,325593282.819955
24.3,-30.2,0.0511926707002101,119770740.546006,23.0443633470602,325593282.819955
24.4,-30.2,0.0511926707002101,119770740.546006,23.0443633470602,325593282.819955
24.5,-30.2,0.0511926707002101,119770740.546006,23.0443633470602,325593282.819955
24.6,-30.2,0.0511926707002101,119770740.546006,23.0443633470602,325593282.819955
24.7,-30.2,0.0469861239002799,24893537.4659142,22.0840415374151,66650468.973869
24.8,-30.2,0.0469861239002799,24893537.4659142,22.0840415374151,66650468.973869
24.9,-30.2,0.0469861239002799,24893537.4659142,22.0840415374151,66650468.973869
25,-30.2,0.0469861239002799,24893537.4659142,22.0840415374151,66650468.973869
25.1,-30.2,0.0469861239002799,24893537.4659142,22.0840415374151,66650468.973869
25.2,-30.2,0.0469861239002799,24893537.4659142,22.0840415374151,66650468.973869
25.3,-30.2,0.0469861239002799,24893537.4659142,22.0840415374151,66650468.973869
25.4,-30.2,0.0440602843961422,8369395.43886298,21.4822682489463,23094467.2189451
25.5,-30.2,0.0440602843961422,8369395.43886298,21.4822682489463,23094467.2189451
25.6,-30.2,0.0440602843961422,8369395.43886298,21.4822682489463,23094467.2189451
25.7,-30.2,0.0440602843961422,8369395.43886298,21.4822682489463,23094467.2189451
25.8,-30.2,0.0440602843961422,8369395.43886298,21.4822682489463,23094467.2189451
25.9,-30.2,0.0440602843961422,8369395.43886298,21.4822682489463,23094467.2189451
26,-30.2,0.0409342394575037,2617964.77485308,20.8770529312284,7690378.29090491
26.1,-30.2,0.0409342394575037,2617964.77485308,20.8770529312284,7690378.29090491
26.2,-30.2,0.0409342394575037,2617964.77485308,20.8770529312284,7690378.29090491
26.3,-30.2,0.0409342394575037,2617964.77485308,20.8770529312284,7690378.29090491
26.4,-30.2,0.0409342394575037,2617964.77485308,20.8770529312284,7690378.29090491
26.5,-30.2,0.0409342394575037,2617964.77485308,20.8770529312284,7690378.29090491
26.6,-30.2,0.040829497905943,2517019.43662257,20.8417522456633,7545118.49202507
26.7,-30.2,0.040829497905943,2517019.43662257,20.8417522456633,7545118.49202507
26.8,-30.2,0.040829497905943,2517019.43662257,20.8417522456633,7545118.49202507
26.9,-30.2,0.040829497905943,2517019.43662257,20.8417522456633,7545118.49202507
27,-30.2,0.040829497905943,2517019.43662257,20.8417522456633,7545118.49202507
27.1,-30.2,0.040829497905943,2517019.43662257,20.8417522456633,7545118.49202507
27.2,-30.2,0.0301293836282734,47931.2187572789,19.0133820290738,198756.925473517
27.3,-30.2,0.0301293836282734,47931.2187572789,19.0133820290738,198756.925473517
27.4,-30.2,0.0301293836282734,47931.2187572789,19.0133820290738,198756.925473517
27.5,-30.2,0.0301293836282734,47931.2187572789,19.0133820290738,198756.925473517
27.6,-30.2,0.0301293836282734,47931.2187572789,19.0133820290738,198756.925473517
27.7,-30.2,0.0301293836282734,47931.2187572789,19.0133820290738,198756.925473517
27.8,-30.2,0.0301293836282734,47931.2187572789,19.0133820290738,198756.925473517
27.9,-30.2,0.0153026279876039,203.595594253503,16.6485428366617,2605.51249489204
28,-30.2,0.0153026279876039,203.595594253503,16.6485428366617,2605.51249489204
28.1,-30.2,0.0153026279876039,203.595594253503,16.6485428366617,2605.51249489204
28.2,-30.2,0.0153026279876039,203.595594253503,16.6485428366617,2605.51249489204
28.3,-30.2,0.0153026279876039,203.595594253503,16.6485428366617,2605.51249489204
28.4,-30.2,0.0153026279876039,203.595594253503,16.6485428366617,2605.51249489204
28.5,-30.2,0.0184732166120959,653.126556617905,17.2091197618913,5502.74467736759
28.6,-30.2,0.0184732166120959,653.126556617905,17.2091197618913,5502.74467736759
28.7,-30.2,0.0184732166120959,653.126556617905,17.2091197618913,5502.74467736759
28.8,-30.2,0.0184732166120959,653.126556617905,17.2091197618913,5502.74467736759
28.9,-30.2,0.0184732166120959,653.126556617905,17.2091197618913,5502.74467736759
29,-30.2,0.0184732166120959,653.126556617905,17.2091197618913,5502.74467736759
29.1,-30.2,0.0336990997721434,178755.505862841,19.6350076701152,744804.921739719
29.2,-30.2,0.0336990997721434,178755.505862841,19.6350076701152,744804.921739719
29.3,-30.2,0.0336990997721434,178755.505862841,19.6350076701152,744804.921739719
29.4,-30.2,0.0336990997721434,178755.505862841,19.6350076701152,744804.921739719
29.5,-30.2,0.0336990997721434,178755.505862841,19.6350076701152,744804.921739719
29.6,-30.2,0.0336990997721434,178755.505862841,19.6350076701152,744804.921739719
29.7,-30.2,0.0445911369072085,10042260.9064422,21.2831756745967,37702459.8987047
29.8,-30.2,0.0445911369072085,10042260.9064422,21.2831756745967,37702459.8987047
29.9,-30.2,0.0445911369072085,10042260.9064422,21.2831756745967,37702459.8987047
30,-30.2,0.0445911369072085,10042260.9064422,21.2831756745967,37702459.8987047
30.1,-30.2,0.0445911369072085,10042260.9064422,21.2831756745967,37702459.8987047
30.2,-30.2,0.0445911369072085,10042260.9064422,21.2831756745967,37702459.8987047
30.3,-30.2,0.0445911369072085,10042260.9064422,21.2831756745967,37702459.8987047
30.4,-30.2,0.0562981937693617,771079197.162683,23.1018192437173,2584720951.27174
30.5,-30.2,0.0562981937693617,771079197.162683,23.1018192437173,2584720951.27174
30.6,-30.2,0.0562981937693617,771079197.162683,23.1018192437173,2584720951.27174
30.7,-30.2,0.0562981937693617,771079197.162683,23.1018192437173,2584720951.27174
30.8,-30.2,0.0562981937693617,771079197.162683,23.1018192437173,2584720951.27174
17.2,-30.1,0.0617051122171254,5841714217.27283,24.3506373195525,16443468777.178
17.3,-30.1,0.0617051122171254,5841714217.27283,24.3506373195525,16443468777.178
17.4,-30.1,0.0617051122171254,5841714217.27283,24.3506373195525,16443468777.178
17.5,-30.1,0.0617051122171254,5841714217.27283,24.3506373195525,16443468777.178
17.6,-30.1,0.0617051122171254,5841714217.27283,24.3506373195525,16443468777.178
17.7,-30.1,0.0617051122171254,5841714217.27283,24.3506373195525,16443468777.178
17.8,-30.1,0.0617051122171254,5841714217.27283,24.3506373195525,16443468777.178
17.9,-30.1,0.0541211781784011,351893588.490455,23.2592125970094,960144998.474679
18,-30.1,0.0541211781784011,351893588.490455,23.2592125970094,960144998.474679
18.1,-30.1,0.0541211781784011,351893588.490455,23.2592125970094,960144998.474679
18.2,-30.1,0.0541211781784011,351893588.490455,23.2592125970094,960144998.474679
18.3,-30.1,0.0541211781784011,351893588.490455,23.2592125970094,960144998.474679
18.4,-30.1,0.0541211781784011,351893588.490455,23.2592125970094,960144998.474679
18.5,-30.1,0.0527165431662364,209488599.12804,23.1031485662746,561593841.622477
18.6,-30.1,0.0527165431662364,209488599.12804,23.1031485662746,561593841.622477
18.7,-30.1,0.0527165431662364,209488599.12804,23.1031485662746,561593841.622477
18.8,-30.1,0.0527165431662364,209488599.12804,23.1031485662746,561593841.622477
18.9,-30.1,0.0527165431662364,209488599.12804,23.1031485662746,561593841.622477
19,-30.1,0.0527165431662364,209488599.12804,23.1031485662746,561593841.622477
19.1,-30.1,0.0538900057884408,324875061.726393,23.3858716843199,856595345.643105
19.2,-30.1,0.0538900057884408,324875061.726393,23.3858716843199,856595345.643105
19.3,-30.1,0.0538900057884408,324875061.726393,23.3858716843199,856595345.643105
19.4,-30.1,0.0538900057884408,324875061.726393,23.3858716843199,856595345.643105
19.5,-30.1,0.0538900057884408,324875061.726393,23.3858716843199,856595345.643105
19.6,-30.1,0.0538900057884408,324875061.726393,23.3858716843199,856595345.643105
19.7,-30.1,0.0550634963392018,507470402.020063,23.8852472940629,1360862393.11933
19.8,-30.1,0.0550634963392018,507470402.020063,23.8852472940629,1360862393.11933
19.9,-30.1,0.0550634963392018,507470402.020063,23.8852472940629,1360862393.11933
20,-30.1,0.0550634963392018,507470402.020063,23.8852472940629,1360862393.11933
20.1,-30.1,0.0550634963392018,507470402.020063,23.8852472940629,1360862393.11933
20.2,-30.1,0.0550634963392018,507470402.020063,23.8852472940629,1360862393.11933
20.3,-30.1,0.0550634963392018,507470402.020063,23.8852472940629,1360862393.11933
20.4,-30.1,0.0548317794384186,471843114.831881,24.2622231447414,1424934200.84908
20.5,-30.1,0.0548317794384186,471843114.831881,24.2622231447414,1424934200.84908
20.6,-30.1,0.0548317794384186,471843114.831881,24.2622231447414,1424934200.84908
20.7,-30.1,0.0548317794384186,471843114.831881,24.2622231447414,1424934200.84908
20.8,-30.1,0.0548317794384186,471843114.831881,24.2622231447414,1424934200.84908
20.9,-30.1,0.0548317794384186,471843114.831881,24.2622231447414,1424934200.84908
21,-30.1,0.0543031037033397,390002431.379812,24.3587346717641,1275859446.45025
21.1,-30.1,0.0543031037033397,390002431.379812,24.3587346717641,1275859446.45025
21.2,-30.1,0.0543031037033397,390002431.379812,24.3587346717641,1275859446.45025
21.3,-30.1,0.0543031037033397,390002431.379812,24.3587346717641,1275859446.45025
21.4,-30.1,0.0543031037033397,390002431.379812,24.3587346717641,1275859446.45025
21.5,-30.1,0.0543031037033397,390002431.379812,24.3587346717641,1275859446.45025
21.6,-30.1,0.0540742515226313,355944020.516524,24.1131815997339,1103291325.05959
21.7,-30.1,0.0540742515226313,355944020.516524,24.1131815997339,1103291325.05959
21.8,-30.1,0.0540742515226313,355944020.516524,24.1131815997339,1103291325.05959
21.9,-30.1,0.0540742515226313,355944020.516524,24.1131815997339,1103291325.05959
22,-30.1,0.0540742515226313,355944020.516524,24.1131815997339,1103291325.05959
22.1,-30.1,0.0540742515226313,355944020.516524,24.1131815997339,1103291325.05959
22.2,-30.1,0.0531936459270397,254481017.391887,23.6972425659572,734460692.804195
22.3,-30.1,0.0531936459270397,254481017.391887,23.6972425659572,734460692.804195
22.4,-30.1,0.0531936459270397,254481017.391887,23.6972425659572,734460692.804195
22.5,-30.1,0.0531936459270397,254481017.391887,23.6972425659572,734460692.804195
22.6,-30.1,0.0532549721547577,260397347.998254,23.714034859543,752284187.878203
22.7,-30.1,0.0532549721547577,260397347.998254,23.714034859543,752284187.878203
22.8,-30.1,0.0532549721547577,260397347.998254,23.714034859543,752284187.878203
22.9,-30.1,0.0538191534347695,323324986.654233,24.0258932655987,1012885811.24264
23,-30.1,0.0538191534347695,323324986.654233,24.0258932655987,1012885811.24264
23.1,-30.1,0.0538191534347695,323324986.654233,24.0258932655987,1012885811.24264
23.2,-30.1,0.0538191534347695,323324986.654233,24.0258932655987,1012885811.24264
23.3,-30.1,0.0538191534347695,323324986.654233,24.0258932655987,1012885811.24264
23.4,-30.1,0.0538191534347695,323324986.654233,24.0258932655987,1012885811.24264
23.5,-30.1,0.0529722517750054,233842821.14159,23.5880731679744,668508820.294078
23.6,-30.1,0.0529722517750054,233842821.14159,23.5880731679744,668508820.294078
23.7,-30.1,0.0529722517750054,233842821.14159,23.5880731679744,668508820.294078
23.8,-30.1,0.0529722517750054,233842821.14159,23.5880731679744,668508820.294078
23.9,-30.1,0.0529722517750054,233842821.14159,23.5880731679744,668508820.294078
24,-30.1,0.0529722517750054,233842821.14159,23.5880731679744,668508820.294078
24.1,-30.1,0.0511926707002101,119770740.546006,23.0443633470602,325593282.819955
24.2,-30.1,0.0511926707002101,119770740.546006,23.0443633470602,325593282.819955
24.3,-30.1,0.0511926707002101,119770740.546006,23.0443633470602,325593282.819955
24.4,-30.1,0.0511926707002101,119770740.546006,23.0443633470602,325593282.819955
24.5,-30.1,0.0511926707002101,119770740.546006,23.0443633470602,325593282.819955
24.6,-30.1,0.0511926707002101,119770740.546006,23.0443633470602,325593282.819955
24.7,-30.1,0.0469861239002799,24893537.4659142,22.0840415374151,66650468.973869
24.8,-30.1,0.0469861239002799,24893537.4659142,22.0840415374151,66650468.973869
24.9,-30.1,0.0469861239002799,24893537.4659142,22.0840415374151,66650468.973869
25,-30.1,0.0469861239002799,24893537.4659142,22.0840415374151,66650468.973869
25.1,-30.1,0.0469861239002799,24893537.4659142,22.0840415374151,66650468.973869
25.2,-30.1,0.0469861239002799,24893537.4659142,22.0840415374151,66650468.973869
25.3,-30.1,0.0469861239002799,24893537.4659142,22.0840415374151,66650468.973869
25.4,-30.1,0.0440602843961422,8369395.43886298,21.4822682489463,23094467.2189451
25.5,-30.1,0.0440602843961422,8369395.43886298,21.4822682489463,23094467.2189451
25.6,-30.1,0.0440602843961422,8369395.43886298,21.4822682489463,23094467.2189451
25.7,-30.1,0.0440602843961422,8369395.43886298,21.4822682489463,23094467.2189451
25.8,-30.1,0.0440602843961422,8369395.43886298,21.4822682489463,23094467.2189451
25.9,-30.1,0.0440602843961422,8369395.43886298,21.4822682489463,23094467.2189451
26,-30.1,0.0409342394575037,2617964.77485308,20.8770529312284,7690378.29090491
26.1,-30.1,0.0409342394575037,2617964.77485308,20.8770529312284,7690378.29090491
26.2,-30.1,0.0409342394575037,2617964.77485308,20.8770529312284,7690378.29090491
26.3,-30.1,0.0409342394575037,2617964.77485308,20.8770529312284,7690378.29090491
26.4,-30.1,0.0409342394575037,2617964.77485308,20.8770529312284,7690378.29090491
26.5,-30.1,0.0409342394575037,2617964.77485308,20.8770529312284,7690378.29090491
26.6,-30.1,0.040829497905943,2517019.43662257,20.8417522456633,7545118.49202507
26.7,-30.1,0.040829497905943,2517019.43662257,20.8417522456633,7545118.49202507
26.8,-30.1,0.040829497905943,2517019.43662257,20.8417522456633,7545118.49202507
26.9,-30.1,0.040829497905943,2517019.43662257,20.8417522456633,7545118.49202507
27,-30.1,0.040829497905943,2517019.43662257,20.8417522456633,7545118.49202507
27.1,-30.1,0.040829497905943,2517019.43662257,20.8417522456633,7545118.49202507
27.2,-30.1,0.0301293836282734,47931.2187572789,19.0133820290738,198756.925473517
27.3,-30.1,0.0301293836282734,47931.2187572789,19.0133820290738,198756.925473517
27.4,-30.1,0.0301293836282734,47931.2187572789,19.0133820290738,198756.925473517
27.5,-30.1,0.0301293836282734,47931.2187572789,19.0133820290738,198756.925473517
27.6,-30.1,0.0301293836282734,47931.2187572789,19.0133820290738,198756.925473517
27.7,-30.1,0.0301293836282734,47931.2187572789,19.0133820290738,198756.925473517
27.8,-30.1,0.0301293836282734,47931.2187572789,19.0133820290738,198756.925473517
27.9,-30.1,0.0153026279876039,203.595594253503,16.6485428366617,2605.51249489204
28,-30.1,0.0153026279876039,203.595594253503,16.6485428366617,2605.51249489204
28.1,-30.1,0.0153026279876039,203.595594253503,16.6485428366617,2605.51249489204
28.2,-30.1,0.0153026279876039,203.595594253503,16.6485428366617,2605.51249489204
28.3,-30.1,0.0153026279876039,203.595594253503,16.6485428366617,2605.51249489204
28.4,-30.1,0.0153026279876039,203.595594253503,16.6485428366617,2605.51249489204
28.5,-30.1,0.0184732166120959,653.126556617905,17.2091197618913,5502.74467736759
28.6,-30.1,0.0184732166120959,653.126556617905,17.2091197618913,5502.74467736759
28.7,-30.1,0.0184732166120959,653.126556617905,17.2091197618913,5502.74467736759
28.8,-30.1,0.0184732166120959,653.126556617905,17.2091197618913,5502.74467736759
28.9,-30.1,0.0184732166120959,653.126556617905,17.2091197618913,5502.74467736759
29,-30.1,0.0184732166120959,653.126556617905,17.2091197618913,5502.74467736759
29.1,-30.1,0.0336990997721434,178755.505862841,19.6350076701152,744804.921739719
29.2,-30.1,0.0336990997721434,178755.505862841,19.6350076701152,744804.921739719
29.3,-30.1,0.0336990997721434,178755.505862841,19.6350076701152,744804.921739719
29.4,-30.1,0.0336990997721434,178755.505862841,19.6350076701152,744804.921739719
29.5,-30.1,0.0336990997721434,178755.505862841,19.6350076701152,744804.921739719
29.6,-30.1,0.0336990997721434,178755.505862841,19.6350076701152,744804.921739719
29.7,-30.1,0.0445911369072085,10042260.9064422,21.2831756745967,37702459.8987047
29.8,-30.1,0.0445911369072085,10042260.9064422,21.2831756745967,37702459.8987047
29.9,-30.1,0.0445911369072085,10042260.9064422,21.2831756745967,37702459.8987047
30,-30.1,0.0445911369072085,10042260.9064422,21.2831756745967,37702459.8987047
30.1,-30.1,0.0445911369072085,10042260.9064422,21.2831756745967,37702459.8987047
30.2,-30.1,0.0445911369072085,10042260.9064422,21.2831756745967,37702459.8987047
30.3,-30.1,0.0445911369072085,10042260.9064422,21.2831756745967,37702459.8987047
30.4,-30.1,0.0562981937693617,771079197.162683,23.1018192437173,2584720951.27174
30.5,-30.1,0.0562981937693617,771079197.162683,23.1018192437173,2584720951.27174
30.6,-30.1,0.0562981937693617,771079197.162683,23.1018192437173,2584720951.27174
30.7,-30.1,0.0562981937693617,771079197.162683,23.1018192437173,2584720951.27174
30.8,-30.1,0.0562981937693617,771079197.162683,23.1018192437173,2584720951.27174
17.2,-30,0.0617051122171254,5841714217.27283,24.3506373195525,16443468777.178
17.3,-30,0.0617051122171254,5841714217.27283,24.3506373195525,16443468777.178
17.4,-30,0.0617051122171254,5841714217.27283,24.3506373195525,16443468777.178
17.5,-30,0.0617051122171254,5841714217.27283,24.3506373195525,16443468777.178
17.6,-30,0.0617051122171254,5841714217.27283,24.3506373195525,16443468777.178
17.7,-30,0.0617051122171254,5841714217.27283,24.3506373195525,16443468777.178
17.8,-30,0.0617051122171254,5841714217.27283,24.3506373195525,16443468777.178
17.9,-30,0.0541211781784011,351893588.490455,23.2592125970094,960144998.474679
18,-30,0.0541211781784011,351893588.490455,23.2592125970094,960144998.474679
18.1,-30,0.0541211781784011,351893588.490455,23.2592125970094,960144998.474679
18.2,-30,0.0541211781784011,351893588.490455,23.2592125970094,960144998.474679
18.3,-30,0.0541211781784011,351893588.490455,23.2592125970094,960144998.474679
18.4,-30,0.0541211781784011,351893588.490455,23.2592125970094,960144998.474679
18.5,-30,0.0527165431662364,209488599.12804,23.1031485662746,561593841.622477
18.6,-30,0.0527165431662364,209488599.12804,23.1031485662746,561593841.622477
18.7,-30,0.0527165431662364,209488599.12804,23.1031485662746,561593841.622477
18.8,-30,0.0527165431662364,209488599.12804,23.1031485662746,561593841.622477
18.9,-30,0.0527165431662364,209488599.12804,23.1031485662746,561593841.622477
19,-30,0.0527165431662364,209488599.12804,23.1031485662746,561593841.622477
19.1,-30,0.0538900057884408,324875061.726393,23.3858716843199,856595345.643105
19.2,-30,0.0538900057884408,324875061.726393,23.3858716843199,856595345.643105
19.3,-30,0.0538900057884408,324875061.726393,23.3858716843199,856595345.643105
19.4,-30,0.0538900057884408,324875061.726393,23.3858716843199,856595345.643105
19.5,-30,0.0538900057884408,324875061.726393,23.3858716843199,856595345.643105
19.6,-30,0.0538900057884408,324875061.726393,23.3858716843199,856595345.643105
19.7,-30,0.0550634963392018,507470402.020063,23.8852472940629,1360862393.11933
19.8,-30,0.0550634963392018,507470402.020063,23.8852472940629,1360862393.11933
19.9,-30,0.0550634963392018,507470402.020063,23.8852472940629,1360862393.11933
20,-30,0.0550634963392018,507470402.020063,23.8852472940629,1360862393.11933
20.1,-30,0.0550634963392018,507470402.020063,23.8852472940629,1360862393.11933
20.2,-30,0.0550634963392018,507470402.020063,23.8852472940629,1360862393.11933
20.3,-30,0.0550634963392018,507470402.020063,23.8852472940629,1360862393.11933
20.4,-30,0.0548317794384186,471843114.831881,24.2622231447414,1424934200.84908
20.5,-30,0.0548317794384186,471843114.831881,24.2622231447414,1424934200.84908
20.6,-30,0.0548317794384186,471843114.831881,24.2622231447414,1424934200.84908
20.7,-30,0.0548317794384186,471843114.831881,24.2622231447414,1424934200.84908
20.8,-30,0.0548317794384186,471843114.831881,24.2622231447414,1424934200.84908
20.9,-30,0.0548317794384186,471843114.831881,24.2622231447414,1424934200.84908
21,-30,0.0543031037033397,390002431.379812,24.3587346717641,1275859446.45025
21.1,-30,0.0543031037033397,390002431.379812,24.3587346717641,1275859446.45025
21.2,-30,0.0543031037033397,390002431.379812,24.3587346717641,1275859446.45025
21.3,-30,0.0543031037033397,390002431.379812,24.3587346717641,1275859446.45025
21.4,-30,0.0543031037033397,390002431.379812,24.3587346717641,1275859446.45025
21.5,-30,0.0543031037033397,390002431.379812,24.3587346717641,1275859446.45025
21.6,-30,0.0540742515226313,355944020.516524,24.1131815997339,1103291325.05959
21.7,-30,0.0540742515226313,355944020.516524,24.1131815997339,1103291325.05959
21.8,-30,0.0540742515226313,355944020.516524,24.1131815997339,1103291325.05959
21.9,-30,0.0540742515226313,355944020.516524,24.1131815997339,1103291325.05959
22,-30,0.0540742515226313,355944020.516524,24.1131815997339,1103291325.05959
22.1,-30,0.0540742515226313,355944020.516524,24.1131815997339,1103291325.05959
22.2,-30,0.0531936459270397,254481017.391887,23.6972425659572,734460692.804195
22.3,-30,0.0531936459270397,254481017.391887,23.6972425659572,734460692.804195
22.4,-30,0.0531936459270397,254481017.391887,23.6972425659572,734460692.804195
22.5,-30,0.0531936459270397,254481017.391887,23.6972425659572,734460692.804195
22.6,-30,0.0532549721547577,260397347.998254,23.714034859543,752284187.878203
22.7,-30,0.0532549721547577,260397347.998254,23.714034859543,752284187.878203
22.8,-30,0.0532549721547577,260397347.998254,23.714034859543,752284187.878203
22.9,-30,0.0538191534347695,323324986.654233,24.0258932655987,1012885811.24264
23,-30,0.0538191534347695,323324986.654233,24.0258932655987,1012885811.24264
23.1,-30,0.0538191534347695,323324986.654233,24.0258932655987,1012885811.24264
23.2,-30,0.0538191534347695,323324986.654233,24.0258932655987,1012885811.24264
23.3,-30,0.0538191534347695,323324986.654233,24.0258932655987,1012885811.24264
23.4,-30,0.0538191534347695,323324986.654233,24.0258932655987,1012885811.24264
23.5,-30,0.0529722517750054,233842821.14159,23.5880731679744,668508820.294078
23.6,-30,0.0529722517750054,233842821.14159,23.5880731679744,668508820.294078
23.7,-30,0.0529722517750054,233842821.14159,23.5880731679744,668508820.294078
23.8,-30,0.0529722517750054,233842821.14159,23.5880731679744,668508820.294078
23.9,-30,0.0529722517750054,233842821.14159,23.5880731679744,668508820.294078
24,-30,0.0529722517750054,233842821.14159,23.5880731679744,668508820.294078
24.1,-30,0.0511926707002101,119770740.546006,23.0443633470602,325593282.819955
24.2,-30,0.0511926707002101,119770740.546006,23.0443633470602,325593282.819955
24.3,-30,0.0511926707002101,119770740.546006,23.0443633470602,325593282.819955
24.4,-30,0.0511926707002101,119770740.546006,23.0443633470602,325593282.819955
24.5,-30,0.0511926707002101,119770740.546006,23.0443633470602,325593282.819955
24.6,-30,0.0511926707002101,119770740.546006,23.0443633470602,325593282.819955
24.7,-30,0.0469861239002799,24893537.4659142,22.0840415374151,66650468.973869
24.8,-30,0.0469861239002799,24893537.4659142,22.0840415374151,66650468.973869
24.9,-30,0.0469861239002799,24893537.4659142,22.0840415374151,66650468.973869
25,-30,0.0469861239002799,24893537.4659142,22.0840415374151,66650468.973869
25.1,-30,0.0469861239002799,24893537.4659142,22.0840415374151,66650468.973869
25.2,-30,0.0469861239002799,24893537.4659142,22.0840415374151,66650468.973869
25.3,-30,0.0469861239002799,24893537.4659142,22.0840415374151,66650468.973869
25.4,-30,0.0440602843961422,8369395.43886298,21.4822682489463,23094467.2189451
25.5,-30,0.0440602843961422,8369395.43886298,21.4822682489463,23094467.2189451
25.6,-30,0.0440602843961422,8369395.43886298,21.4822682489463,23094467.2189451
25.7,-30,0.0440602843961422,8369395.43886298,21.4822682489463,23094467.2189451
25.8,-30,0.0440602843961422,8369395.43886298,21.4822682489463,23094467.2189451
25.9,-30,0.0440602843961422,8369395.43886298,21.4822682489463,23094467.2189451
26,-30,0.0409342394575037,2617964.77485308,20.8770529312284,7690378.29090491
26.1,-30,0.0409342394575037,2617964.77485308,20.8770529312284,7690378.29090491
26.2,-30,0.0409342394575037,2617964.77485308,20.8770529312284,7690378.29090491
26.3,-30,0.0409342394575037,2617964.77485308,20.8770529312284,7690378.29090491
26.4,-30,0.0409342394575037,2617964.77485308,20.8770529312284,7690378.29090491
26.5,-30,0.0409342394575037,2617964.77485308,20.8770529312284,7690378.29090491
26.6,-30,0.040829497905943,2517019.43662257,20.8417522456633,7545118.49202507
26.7,-30,0.040829497905943,2517019.43662257,20.8417522456633,7545118.49202507
26.8,-30,0.040829497905943,2517019.43662257,20.8417522456633,7545118.49202507
26.9,-30,0.040829497905943,2517019.43662257,20.8417522456633,7545118.49202507
27,-30,0.040829497905943,2517019.43662257,20.8417522456633,7545118.49202507
27.1,-30,0.040829497905943,2517019.43662257,20.8417522456633,7545118.49202507
27.2,-30,0.0301293836282734,47931.2187572789,19.0133820290738,198756.925473517
27.3,-30,0.0301293836282734,47931.2187572789,19.0133820290738,198756.925473517
27.4,-30,0.0301293836282734,47931.2187572789,19.0133820290738,198756.925473517
27.5,-30,0.0301293836282734,47931.2187572789,19.0133820290738,198756.925473517
27.6,-30,0.0301293836282734,47931.2187572789,19.0133820290738,198756.925473517
27.7,-30,0.0301293836282734,47931.2187572789,19.0133820290738,198756.925473517
27.8,-30,0.0301293836282734,47931.2187572789,19.0133820290738,198756.925473517
27.9,-30,0.0153026279876039,203.595594253503,16.6485428366617,2605.51249489204
28,-30,0.0153026279876039,203.595594253503,16.6485428366617,2605.51249489204
28.1,-30,0.0153026279876039,203.595594253503,16.6485428366617,2605.51249489204
28.2,-30,0.0153026279876039,203.595594253503,16.6485428366617,2605.51249489204
28.3,-30,0.0153026279876039,203.595594253503,16.6485428366617,2605.51249489204
28.4,-30,0.0153026279876039,203.595594253503,16.6485428366617,2605.51249489204
28.5,-30,0.0184732166120959,653.126556617905,17.2091197618913,5502.74467736759
28.6,-30,0.0184732166120959,653.126556617905,17.2091197618913,5502.74467736759
28.7,-30,0.0184732166120959,653.126556617905,17.2091197618913,5502.74467736759
28.8,-30,0.0184732166120959,653.126556617905,17.2091197618913,5502.74467736759
28.9,-30,0.0184732166120959,653.126556617905,17.2091197618913,5502.74467736759
29,-30,0.0184732166120959,653.126556617905,17.2091197618913,5502.74467736759
29.1,-30,0.0336990997721434,178755.505862841,19.6350076701152,744804.921739719
29.2,-30,0.0336990997721434,178755.505862841,19.6350076701152,744804.921739719
29.3,-30,0.0336990997721434,178755.505862841,19.6350076701152,744804.921739719
29.4,-30,0.0336990997721434,178755.505862841,19.6350076701152,744804.921739719
29.5,-30,0.0336990997721434,178755.505862841,19.6350076701152,744804.921739719
29.6,-30,0.0336990997721434,178755.505862841,19.6350076701152,744804.921739719
29.7,-30,0.0445911369072085,10042260.9064422,21.2831756745967,37702459.8987047
29.8,-30,0.0445911369072085,10042260.9064422,21.2831756745967,37702459.8987047
29.9,-30,0.0445911369072085,10042260.9064422,21.2831756745967,37702459.8987047
30,-30,0.0445911369072085,10042260.9064422,21.2831756745967,37702459.8987047
30.1,-30,0.0445911369072085,10042260.9064422,21.2831756745967,37702459.8987047
30.2,-30,0.0445911369072085,10042260.9064422,21.2831756745967,37702459.8987047
30.3,-30,0.0445911369072085,10042260.9064422,21.2831756745967,37702459.8987047
30.4,-30,0.0562981937693617,771079197.162683,23.1018192437173,2584720951.27174
30.5,-30,0.0562981937693617,771079197.162683,23.1018192437173,2584720951.27174
30.6,-30,0.0562981937693617,771079197.162683,23.1018192437173,2584720951.27174
30.7,-30,0.0562981937693617,771079197.162683,23.1018192437173,2584720951.27174
30.8,-30,0.0562981937693617,771079197.162683,23.1018192437173,2584720951.27174
30.9,-30,0.0562981937693617,771079197.162683,23.1018192437173,2584720951.27174
17.2,-29.9,0.0617051122171254,5841714217.27283,24.3506373195525,16443468777.178
17.3,-29.9,0.0617051122171254,5841714217.27283,24.3506373195525,16443468777.178
17.4,-29.9,0.0617051122171254,5841714217.27283,24.3506373195525,16443468777.178
17.5,-29.9,0.0617051122171254,5841714217.27283,24.3506373195525,16443468777.178
17.6,-29.9,0.0617051122171254,5841714217.27283,24.3506373195525,16443468777.178
17.7,-29.9,0.0617051122171254,5841714217.27283,24.3506373195525,16443468777.178
17.8,-29.9,0.0617051122171254,5841714217.27283,24.3506373195525,16443468777.178
17.9,-29.9,0.0541211781784011,351893588.490455,23.2592125970094,960144998.474679
18,-29.9,0.0541211781784011,351893588.490455,23.2592125970094,960144998.474679
18.1,-29.9,0.0541211781784011,351893588.490455,23.2592125970094,960144998.474679
18.2,-29.9,0.0541211781784011,351893588.490455,23.2592125970094,960144998.474679
18.3,-29.9,0.0541211781784011,351893588.490455,23.2592125970094,960144998.474679
18.4,-29.9,0.0541211781784011,351893588.490455,23.2592125970094,960144998.474679
18.5,-29.9,0.0527165431662364,209488599.12804,23.1031485662746,561593841.622477
18.6,-29.9,0.0527165431662364,209488599.12804,23.1031485662746,561593841.622477
18.7,-29.9,0.0527165431662364,209488599.12804,23.1031485662746,561593841.622477
18.8,-29.9,0.0527165431662364,209488599.12804,23.1031485662746,561593841.622477
18.9,-29.9,0.0527165431662364,209488599.12804,23.1031485662746,561593841.622477
19,-29.9,0.0527165431662364,209488599.12804,23.1031485662746,561593841.622477
19.1,-29.9,0.0538900057884408,324875061.726393,23.3858716843199,856595345.643105
19.2,-29.9,0.0538900057884408,324875061.726393,23.3858716843199,856595345.643105
19.3,-29.9,0.0538900057884408,324875061.726393,23.3858716843199,856595345.643105
19.4,-29.9,0.0538900057884408,324875061.726393,23.3858716843199,856595345.643105
19.5,-29.9,0.0538900057884408,324875061.726393,23.3858716843199,856595345.643105
19.6,-29.9,0.0538900057884408,324875061.726393,23.3858716843199,856595345.643105
19.7,-29.9,0.0550634963392018,507470402.020063,23.8852472940629,1360862393.11933
19.8,-29.9,0.0550634963392018,507470402.020063,23.8852472940629,1360862393.11933
19.9,-29.9,0.0550634963392018,507470402.020063,23.8852472940629,1360862393.11933
20,-29.9,0.0550634963392018,507470402.020063,23.8852472940629,1360862393.11933
20.1,-29.9,0.0550634963392018,507470402.020063,23.8852472940629,1360862393.11933
20.2,-29.9,0.0550634963392018,507470402.020063,23.8852472940629,1360862393.11933
20.3,-29.9,0.0550634963392018,507470402.020063,23.8852472940629,1360862393.11933
20.4,-29.9,0.0548317794384186,471843114.831881,24.2622231447414,1424934200.84908
20.5,-29.9,0.0548317794384186,471843114.831881,24.2622231447414,1424934200.84908
20.6,-29.9,0.0548317794384186,471843114.831881,24.2622231447414,1424934200.84908
20.7,-29.9,0.0548317794384186,471843114.831881,24.2622231447414,1424934200.84908
20.8,-29.9,0.0548317794384186,471843114.831881,24.2622231447414,1424934200.84908
20.9,-29.9,0.0548317794384186,471843114.831881,24.2622231447414,1424934200.84908
21,-29.9,0.0543031037033397,390002431.379812,24.3587346717641,1275859446.45025
21.1,-29.9,0.0543031037033397,390002431.379812,24.3587346717641,1275859446.45025
21.2,-29.9,0.0543031037033397,390002431.379812,24.3587346717641,1275859446.45025
21.3,-29.9,0.0543031037033397,390002431.379812,24.3587346717641,1275859446.45025
21.4,-29.9,0.0543031037033397,390002431.379812,24.3587346717641,1275859446.45025
21.5,-29.9,0.0543031037033397,390002431.379812,24.3587346717641,1275859446.45025
21.6,-29.9,0.0540742515226313,355944020.516524,24.1131815997339,1103291325.05959
21.7,-29.9,0.0540742515226313,355944020.516524,24.1131815997339,1103291325.05959
21.8,-29.9,0.0540742515226313,355944020.516524,24.1131815997339,1103291325.05959
21.9,-29.9,0.0540742515226313,355944020.516524,24.1131815997339,1103291325.05959
22,-29.9,0.0540742515226313,355944020.516524,24.1131815997339,1103291325.05959
22.1,-29.9,0.0540742515226313,355944020.516524,24.1131815997339,1103291325.05959
22.2,-29.9,0.0531936459270397,254481017.391887,23.6972425659572,734460692.804195
22.3,-29.9,0.0531936459270397,254481017.391887,23.6972425659572,734460692.804195
22.4,-29.9,0.0531936459270397,254481017.391887,23.6972425659572,734460692.804195
22.5,-29.9,0.0531936459270397,254481017.391887,23.6972425659572,734460692.804195
22.6,-29.9,0.0532549721547577,260397347.998254,23.714034859543,752284187.878203
22.7,-29.9,0.0532549721547577,260397347.998254,23.714034859543,752284187.878203
22.8,-29.9,0.0532549721547577,260397347.998254,23.714034859543,752284187.878203
22.9,-29.9,0.0538191534347695,323324986.654233,24.0258932655987,1012885811.24264
23,-29.9,0.0538191534347695,323324986.654233,24.0258932655987,1012885811.24264
23.1,-29.9,0.0538191534347695,323324986.654233,24.0258932655987,1012885811.24264
23.2,-29.9,0.0538191534347695,323324986.654233,24.0258932655987,1012885811.24264
23.3,-29.9,0.0538191534347695,323324986.654233,24.0258932655987,1012885811.24264
23.4,-29.9,0.0538191534347695,323324986.654233,24.0258932655987,1012885811.24264
23.5,-29.9,0.0529722517750054,233842821.14159,23.5880731679744,668508820.294078
23.6,-29.9,0.0529722517750054,233842821.14159,23.5880731679744,668508820.294078
23.7,-29.9,0.0529722517750054,233842821.14159,23.5880731679744,668508820.294078
23.8,-29.9,0.0529722517750054,233842821.14159,23.5880731679744,668508820.294078
23.9,-29.9,0.0529722517750054,233842821.14159,23.5880731679744,668508820.294078
24,-29.9,0.0529722517750054,233842821.14159,23.5880731679744,668508820.294078
24.1,-29.9,0.0511926707002101,119770740.546006,23.0443633470602,325593282.819955
24.2,-29.9,0.0511926707002101,119770740.546006,23.0443633470602,325593282.819955
24.3,-29.9,0.0511926707002101,119770740.546006,23.0443633470602,325593282.819955
24.4,-29.9,0.0511926707002101,119770740.546006,23.0443633470602,325593282.819955
24.5,-29.9,0.0511926707002101,119770740.546006,23.0443633470602,325593282.819955
24.6,-29.9,0.0511926707002101,119770740.546006,23.0443633470602,325593282.819955
24.7,-29.9,0.0469861239002799,24893537.4659142,22.0840415374151,66650468.973869
24.8,-29.9,0.0469861239002799,24893537.4659142,22.0840415374151,66650468.973869
24.9,-29.9,0.0469861239002799,24893537.4659142,22.0840415374151,66650468.973869
25,-29.9,0.0469861239002799,24893537.4659142,22.0840415374151,66650468.973869
25.1,-29.9,0.0469861239002799,24893537.4659142,22.0840415374151,66650468.973869
25.2,-29.9,0.0469861239002799,24893537.4659142,22.0840415374151,66650468.973869
25.3,-29.9,0.0469861239002799,24893537.4659142,22.0840415374151,66650468.973869
25.4,-29.9,0.0440602843961422,8369395.43886298,21.4822682489463,23094467.2189451
25.5,-29.9,0.0440602843961422,8369395.43886298,21.4822682489463,23094467.2189451
25.6,-29.9,0.0440602843961422,8369395.43886298,21.4822682489463,23094467.2189451
25.7,-29.9,0.0440602843961422,8369395.43886298,21.4822682489463,23094467.2189451
25.8,-29.9,0.0440602843961422,8369395.43886298,21.4822682489463,23094467.2189451
25.9,-29.9,0.0440602843961422,8369395.43886298,21.4822682489463,23094467.2189451
26,-29.9,0.0409342394575037,2617964.77485308,20.8770529312284,7690378.29090491
26.1,-29.9,0.0409342394575037,2617964.77485308,20.8770529312284,7690378.29090491
26.2,-29.9,0.0409342394575037,2617964.77485308,20.8770529312284,7690378.29090491
26.3,-29.9,0.0409342394575037,2617964.77485308,20.8770529312284,7690378.29090491
26.4,-29.9,0.0409342394575037,2617964.77485308,20.8770529312284,7690378.29090491
26.5,-29.9,0.0409342394575037,2617964.77485308,20.8770529312284,7690378.29090491
26.6,-29.9,0.040829497905943,2517019.43662257,20.8417522456633,7545118.49202507
26.7,-29.9,0.040829497905943,2517019.43662257,20.8417522456633,7545118.49202507
26.8,-29.9,0.040829497905943,2517019.43662257,20.8417522456633,7545118.49202507
26.9,-29.9,0.040829497905943,2517019.43662257,20.8417522456633,7545118.49202507
27,-29.9,0.040829497905943,2517019.43662257,20.8417522456633,7545118.49202507
27.1,-29.9,0.040829497905943,2517019.43662257,20.8417522456633,7545118.49202507
27.2,-29.9,0.0301293836282734,47931.2187572789,19.0133820290738,198756.925473517
27.3,-29.9,0.0301293836282734,47931.2187572789,19.0133820290738,198756.925473517
27.4,-29.9,0.0301293836282734,47931.2187572789,19.0133820290738,198756.925473517
27.5,-29.9,0.0301293836282734,47931.2187572789,19.0133820290738,198756.925473517
27.6,-29.9,0.0301293836282734,47931.2187572789,19.0133820290738,198756.925473517
27.7,-29.9,0.0301293836282734,47931.2187572789,19.0133820290738,198756.925473517
27.8,-29.9,0.0301293836282734,47931.2187572789,19.0133820290738,198756.925473517
27.9,-29.9,0.0153026279876039,203.595594253503,16.6485428366617,2605.51249489204
28,-29.9,0.0153026279876039,203.595594253503,16.6485428366617,2605.51249489204
28.1,-29.9,0.0153026279876039,203.595594253503,16.6485428366617,2605.51249489204
28.2,-29.9,0.0153026279876039,203.595594253503,16.6485428366617,2605.51249489204
28.3,-29.9,0.0153026279876039,203.595594253503,16.6485428366617,2605.51249489204
28.4,-29.9,0.0153026279876039,203.595594253503,16.6485428366617,2605.51249489204
28.5,-29.9,0.0184732166120959,653.126556617905,17.2091197618913,5502.74467736759
28.6,-29.9,0.0184732166120959,653.126556617905,17.2091197618913,5502.74467736759
28.7,-29.9,0.0184732166120959,653.126556617905,17.2091197618913,5502.74467736759
28.8,-29.9,0.0184732166120959,653.126556617905,17.2091197618913,5502.74467736759
28.9,-29.9,0.0184732166120959,653.126556617905,17.2091197618913,5502.74467736759
29,-29.9,0.0184732166120959,653.126556617905,17.2091197618913,5502.74467736759
29.1,-29.9,0.0336990997721434,178755.505862841,19.6350076701152,744804.921739719
29.2,-29.9,0.0336990997721434,178755.505862841,19.6350076701152,744804.921739719
29.3,-29.9,0.0336990997721434,178755.505862841,19.6350076701152,744804.921739719
29.4,-29.9,0.0336990997721434,178755.505862841,19.6350076701152,744804.921739719
29.5,-29.9,0.0336990997721434,178755.505862841,19.6350076701152,744804.921739719
29.6,-29.9,0.0336990997721434,178755.505862841,19.6350076701152,744804.921739719
29.7,-29.9,0.0445911369072085,10042260.9064422,21.2831756745967,37702459.8987047
29.8,-29.9,0.0445911369072085,10042260.9064422,21.2831756745967,37702459.8987047
29.9,-29.9,0.0445911369072085,10042260.9064422,21.2831756745967,37702459.8987047
30,-29.9,0.0445911369072085,10042260.9064422,21.2831756745967,37702459.8987047
30.1,-29.9,0.0445911369072085,10042260.9064422,21.2831756745967,37702459.8987047
30.2,-29.9,0.0445911369072085,10042260.9064422,21.2831756745967,37702459.8987047
30.3,-29.9,0.0445911369072085,10042260.9064422,21.2831756745967,37702459.8987047
30.4,-29.9,0.0562981937693617,771079197.162683,23.1018192437173,2584720951.27174
30.5,-29.9,0.0562981937693617,771079197.162683,23.1018192437173,2584720951.27174
30.6,-29.9,0.0562981937693617,771079197.162683,23.1018192437173,2584720951.27174
30.7,-29.9,0.0562981937693617,771079197.162683,23.1018192437173,2584720951.27174
30.8,-29.9,0.0562981937693617,771079197.162683,23.1018192437173,2584720951.27174
30.9,-29.9,0.0562981937693617,771079197.162683,23.1018192437173,2584720951.27174
31,-29.9,0.0568458094826512,939366574.571913,23.1295734952976,3700665895.45209
17.1,-29.8,0.0178129122377082,511.593421788919,17.5546381090057,10670.9063747885
17.2,-29.8,0.0617051122171254,5841714217.27283,24.3506373195525,16443468777.178
17.3,-29.8,0.0617051122171254,5841714217.27283,24.3506373195525,16443468777.178
17.4,-29.8,0.0617051122171254,5841714217.27283,24.3506373195525,16443468777.178
17.5,-29.8,0.0617051122171254,5841714217.27283,24.3506373195525,16443468777.178
17.6,-29.8,0.0617051122171254,5841714217.27283,24.3506373195525,16443468777.178
17.7,-29.8,0.0617051122171254,5841714217.27283,24.3506373195525,16443468777.178
17.8,-29.8,0.0617051122171254,5841714217.27283,24.3506373195525,16443468777.178
17.9,-29.8,0.0541211781784011,351893588.490455,23.2592125970094,960144998.474679
18,-29.8,0.0541211781784011,351893588.490455,23.2592125970094,960144998.474679
18.1,-29.8,0.0541211781784011,351893588.490455,23.2592125970094,960144998.474679
18.2,-29.8,0.0541211781784011,351893588.490455,23.2592125970094,960144998.474679
18.3,-29.8,0.0541211781784011,351893588.490455,23.2592125970094,960144998.474679
18.4,-29.8,0.0541211781784011,351893588.490455,23.2592125970094,960144998.474679
18.5,-29.8,0.0527165431662364,209488599.12804,23.1031485662746,561593841.622477
18.6,-29.8,0.0527165431662364,209488599.12804,23.1031485662746,561593841.622477
18.7,-29.8,0.0527165431662364,209488599.12804,23.1031485662746,561593841.622477
18.8,-29.8,0.0527165431662364,209488599.12804,23.1031485662746,561593841.622477
18.9,-29.8,0.0527165431662364,209488599.12804,23.1031485662746,561593841.622477
19,-29.8,0.0527165431662364,209488599.12804,23.1031485662746,561593841.622477
19.1,-29.8,0.0538900057884408,324875061.726393,23.3858716843199,856595345.643105
19.2,-29.8,0.0538900057884408,324875061.726393,23.3858716843199,856595345.643105
19.3,-29.8,0.0538900057884408,324875061.726393,23.3858716843199,856595345.643105
19.4,-29.8,0.0538900057884408,324875061.726393,23.3858716843199,856595345.643105
19.5,-29.8,0.0538900057884408,324875061.726393,23.3858716843199,856595345.643105
19.6,-29.8,0.0538900057884408,324875061.726393,23.3858716843199,856595345.643105
19.7,-29.8,0.0550634963392018,507470402.020063,23.8852472940629,1360862393.11933
19.8,-29.8,0.0550634963392018,507470402.020063,23.8852472940629,1360862393.11933
19.9,-29.8,0.0550634963392018,507470402.020063,23.8852472940629,1360862393.11933
20,-29.8,0.0550634963392018,507470402.020063,23.8852472940629,1360862393.11933
20.1,-29.8,0.0550634963392018,507470402.020063,23.8852472940629,1360862393.11933
20.2,-29.8,0.0550634963392018,507470402.020063,23.8852472940629,1360862393.11933
20.3,-29.8,0.0550634963392018,507470402.020063,23.8852472940629,1360862393.11933
20.4,-29.8,0.0548317794384186,471843114.831881,24.2622231447414,1424934200.84908
20.5,-29.8,0.0548317794384186,471843114.831881,24.2622231447414,1424934200.84908
20.6,-29.8,0.0548317794384186,471843114.831881,24.2622231447414,1424934200.84908
20.7,-29.8,0.0548317794384186,471843114.831881,24.2622231447414,1424934200.84908
20.8,-29.8,0.0548317794384186,471843114.831881,24.2622231447414,1424934200.84908
20.9,-29.8,0.0548317794384186,471843114.831881,24.2622231447414,1424934200.84908
21,-29.8,0.0543031037033397,390002431.379812,24.3587346717641,1275859446.45025
21.1,-29.8,0.0543031037033397,390002431.379812,24.3587346717641,1275859446.45025
21.2,-29.8,0.0543031037033397,390002431.379812,24.3587346717641,1275859446.45025
21.3,-29.8,0.0543031037033397,390002431.379812,24.3587346717641,1275859446.45025
21.4,-29.8,0.0543031037033397,390002431.379812,24.3587346717641,1275859446.45025
21.5,-29.8,0.0543031037033397,390002431.379812,24.3587346717641,1275859446.45025
21.6,-29.8,0.0540742515226313,355944020.516524,24.1131815997339,1103291325.05959
21.7,-29.8,0.0540742515226313,355944020.516524,24.1131815997339,1103291325.05959
21.8,-29.8,0.0540742515226313,355944020.516524,24.1131815997339,1103291325.05959
21.9,-29.8,0.0540742515226313,355944020.516524,24.1131815997339,1103291325.05959
22,-29.8,0.0540742515226313,355944020.516524,24.1131815997339,1103291325.05959
22.1,-29.8,0.0540742515226313,355944020.516524,24.1131815997339,1103291325.05959
22.2,-29.8,0.0531936459270397,254481017.391887,23.6972425659572,734460692.804195
22.3,-29.8,0.0531936459270397,254481017.391887,23.6972425659572,734460692.804195
22.4,-29.8,0.0531936459270397,254481017.391887,23.6972425659572,734460692.804195
22.5,-29.8,0.0531936459270397,254481017.391887,23.6972425659572,734460692.804195
22.6,-29.8,0.0532549721547577,260397347.998254,23.714034859543,752284187.878203
22.7,-29.8,0.0532549721547577,260397347.998254,23.714034859543,752284187.878203
22.8,-29.8,0.0532549721547577,260397347.998254,23.714034859543,752284187.878203
22.9,-29.8,0.0538191534347695,323324986.654233,24.0258932655987,1012885811.24264
23,-29.8,0.0538191534347695,323324986.654233,24.0258932655987,1012885811.24264
23.1,-29.8,0.0538191534347695,323324986.654233,24.0258932655987,1012885811.24264
23.2,-29.8,0.0538191534347695,323324986.654233,24.0258932655987,1012885811.24264
23.3,-29.8,0.0538191534347695,323324986.654233,24.0258932655987,1012885811.24264
23.4,-29.8,0.0538191534347695,323324986.654233,24.0258932655987,1012885811.24264
23.5,-29.8,0.0529722517750054,233842821.14159,23.5880731679744,668508820.294078
23.6,-29.8,0.0529722517750054,233842821.14159,23.5880731679744,668508820.294078
23.7,-29.8,0.0529722517750054,233842821.14159,23.5880731679744,668508820.294078
23.8,-29.8,0.0529722517750054,233842821.14159,23.5880731679744,668508820.294078
23.9,-29.8,0.0529722517750054,233842821.14159,23.5880731679744,668508820.294078
24,-29.8,0.0529722517750054,233842821.14159,23.5880731679744,668508820.294078
24.1,-29.8,0.0511926707002101,119770740.546006,23.0443633470602,325593282.819955
24.2,-29.8,0.0511926707002101,119770740.546006,23.0443633470602,325593282.819955
24.3,-29.8,0.0511926707002101,119770740.546006,23.0443633470602,325593282.819955
24.4,-29.8,0.0511926707002101,119770740.546006,23.0443633470602,325593282.819955
24.5,-29.8,0.0511926707002101,119770740.546006,23.0443633470602,325593282.819955
24.6,-29.8,0.0511926707002101,119770740.546006,23.0443633470602,325593282.819955
24.7,-29.8,0.0469861239002799,24893537.4659142,22.0840415374151,66650468.973869
24.8,-29.8,0.0469861239002799,24893537.4659142,22.0840415374151,66650468.973869
24.9,-29.8,0.0469861239002799,24893537.4659142,22.0840415374151,66650468.973869
25,-29.8,0.0469861239002799,24893537.4659142,22.0840415374151,66650468.973869
25.1,-29.8,0.0469861239002799,24893537.4659142,22.0840415374151,66650468.973869
25.2,-29.8,0.0469861239002799,24893537.4659142,22.0840415374151,66650468.973869
25.3,-29.8,0.0469861239002799,24893537.4659142,22.0840415374151,66650468.973869
25.4,-29.8,0.0440602843961422,8369395.43886298,21.4822682489463,23094467.2189451
25.5,-29.8,0.0440602843961422,8369395.43886298,21.4822682489463,23094467.2189451
25.6,-29.8,0.0440602843961422,8369395.43886298,21.4822682489463,23094467.2189451
25.7,-29.8,0.0440602843961422,8369395.43886298,21.4822682489463,23094467.2189451
25.8,-29.8,0.0440602843961422,8369395.43886298,21.4822682489463,23094467.2189451
25.9,-29.8,0.0440602843961422,8369395.43886298,21.4822682489463,23094467.2189451
26,-29.8,0.0409342394575037,2617964.77485308,20.8770529312284,7690378.29090491
26.1,-29.8,0.0409342394575037,2617964.77485308,20.8770529312284,7690378.29090491
26.2,-29.8,0.0409342394575037,2617964.77485308,20.8770529312284,7690378.29090491
26.3,-29.8,0.0409342394575037,2617964.77485308,20.8770529312284,7690378.29090491
26.4,-29.8,0.0409342394575037,2617964.77485308,20.8770529312284,7690378.29090491
26.5,-29.8,0.0409342394575037,2617964.77485308,20.8770529312284,7690378.29090491
26.6,-29.8,0.040829497905943,2517019.43662257,20.8417522456633,7545118.49202507
26.7,-29.8,0.040829497905943,2517019.43662257,20.8417522456633,7545118.49202507
26.8,-29.8,0.040829497905943,2517019.43662257,20.8417522456633,7545118.49202507
26.9,-29.8,0.040829497905943,2517019.43662257,20.8417522456633,7545118.49202507
27,-29.8,0.040829497905943,2517019.43662257,20.8417522456633,7545118.49202507
27.1,-29.8,0.040829497905943,2517019.43662257,20.8417522456633,7545118.49202507
27.2,-29.8,0.0301293836282734,47931.2187572789,19.0133820290738,198756.925473517
27.3,-29.8,0.0301293836282734,47931.2187572789,19.0133820290738,198756.925473517
27.4,-29.8,0.0301293836282734,47931.2187572789,19.0133820290738,198756.925473517
27.5,-29.8,0.0301293836282734,47931.2187572789,19.0133820290738,198756.925473517
27.6,-29.8,0.0301293836282734,47931.2187572789,19.0133820290738,198756.925473517
27.7,-29.8,0.0301293836282734,47931.2187572789,19.0133820290738,198756.925473517
27.8,-29.8,0.0301293836282734,47931.2187572789,19.0133820290738,198756.925473517
27.9,-29.8,0.0153026279876039,203.595594253503,16.6485428366617,2605.51249489204
28,-29.8,0.0153026279876039,203.595594253503,16.6485428366617,2605.51249489204
28.1,-29.8,0.0153026279876039,203.595594253503,16.6485428366617,2605.51249489204
28.2,-29.8,0.0153026279876039,203.595594253503,16.6485428366617,2605.51249489204
28.3,-29.8,0.0153026279876039,203.595594253503,16.6485428366617,2605.51249489204
28.4,-29.8,0.0153026279876039,203.595594253503,16.6485428366617,2605.51249489204
28.5,-29.8,0.0184732166120959,653.126556617905,17.2091197618913,5502.74467736759
28.6,-29.8,0.0184732166120959,653.126556617905,17.2091197618913,5502.74467736759
28.7,-29.8,0.0184732166120959,653.126556617905,17.2091197618913,5502.74467736759
28.8,-29.8,0.0184732166120959,653.126556617905,17.2091197618913,5502.74467736759
28.9,-29.8,0.0184732166120959,653.126556617905,17.2091197618913,5502.74467736759
29,-29.8,0.0184732166120959,653.126556617905,17.2091197618913,5502.74467736759
29.1,-29.8,0.0336990997721434,178755.505862841,19.6350076701152,744804.921739719
29.2,-29.8,0.0336990997721434,178755.505862841,19.6350076701152,744804.921739719
29.3,-29.8,0.0336990997721434,178755.505862841,19.6350076701152,744804.921739719
29.4,-29.8,0.0336990997721434,178755.505862841,19.6350076701152,744804.921739719
29.5,-29.8,0.0336990997721434,178755.505862841,19.6350076701152,744804.921739719
29.6,-29.8,0.0336990997721434,178755.505862841,19.6350076701152,744804.921739719
29.7,-29.8,0.0445911369072085,10042260.9064422,21.2831756745967,37702459.8987047
29.8,-29.8,0.0445911369072085,10042260.9064422,21.2831756745967,37702459.8987047
29.9,-29.8,0.0445911369072085,10042260.9064422,21.2831756745967,37702459.8987047
30,-29.8,0.0445911369072085,10042260.9064422,21.2831756745967,37702459.8987047
30.1,-29.8,0.0445911369072085,10042260.9064422,21.2831756745967,37702459.8987047
30.2,-29.8,0.0445911369072085,10042260.9064422,21.2831756745967,37702459.8987047
30.3,-29.8,0.0445911369072085,10042260.9064422,21.2831756745967,37702459.8987047
30.4,-29.8,0.0562981937693617,771079197.162683,23.1018192437173,2584720951.27174
30.5,-29.8,0.0562981937693617,771079197.162683,23.1018192437173,2584720951.27174
30.6,-29.8,0.0562981937693617,771079197.162683,23.1018192437173,2584720951.27174
30.7,-29.8,0.0562981937693617,771079197.162683,23.1018192437173,2584720951.27174
30.8,-29.8,0.0562981937693617,771079197.162683,23.1018192437173,2584720951.27174
30.9,-29.8,0.0562981937693617,771079197.162683,23.1018192437173,2584720951.27174
31,-29.8,0.0568458094826512,939366574.571913,23.1295734952976,3700665895.45209
17.1,-29.7,0.035630794013576,362175.451729242,19.984013975478,2872448.89644715
17.2,-29.7,0.0628114421943907,8903021155.38388,24.8355371310485,23524633274.6466
17.3,-29.7,0.0628114421943907,8903021155.38388,24.8355371310485,23524633274.6466
17.4,-29.7,0.0628114421943907,8903021155.38388,24.8355371310485,23524633274.6466
17.5,-29.7,0.0628114421943907,8903021155.38388,24.8355371310485,23524633274.6466
17.6,-29.7,0.0628114421943907,8903021155.38388,24.8355371310485,23524633274.6466
17.7,-29.7,0.0628114421943907,8903021155.38388,24.8355371310485,23524633274.6466
17.8,-29.7,0.0628114421943907,8903021155.38388,24.8355371310485,23524633274.6466
17.9,-29.7,0.0535497096803318,285293255.114746,23.2206695434123,767861852.706707
18,-29.7,0.0535497096803318,285293255.114746,23.2206695434123,767861852.706707
18.1,-29.7,0.0535497096803318,285293255.114746,23.2206695434123,767861852.706707
18.2,-29.7,0.0535497096803318,285293255.114746,23.2206695434123,767861852.706707
18.3,-29.7,0.0535497096803318,285293255.114746,23.2206695434123,767861852.706707
18.4,-29.7,0.0535497096803318,285293255.114746,23.2206695434123,767861852.706707
18.5,-29.7,0.0539101611629497,327836027.745754,23.4287076436635,873071338.517462
18.6,-29.7,0.0539101611629497,327836027.745754,23.4287076436635,873071338.517462
18.7,-29.7,0.0539101611629497,327836027.745754,23.4287076436635,873071338.517462
18.8,-29.7,0.0539101611629497,327836027.745754,23.4287076436635,873071338.517462
18.9,-29.7,0.0539101611629497,327836027.745754,23.4287076436635,873071338.517462
19,-29.7,0.0539101611629497,327836027.745754,23.4287076436635,873071338.517462
19.1,-29.7,0.0529399853601196,228291972.903248,23.2251308103604,605346826.450793
19.2,-29.7,0.0529399853601196,228291972.903248,23.2251308103604,605346826.450793
19.3,-29.7,0.0529399853601196,228291972.903248,23.2251308103604,605346826.450793
19.4,-29.7,0.0529399853601196,228291972.903248,23.2251308103604,605346826.450793
19.5,-29.7,0.0529399853601196,228291972.903248,23.2251308103604,605346826.450793
19.6,-29.7,0.0529399853601196,228291972.903248,23.2251308103604,605346826.450793
19.7,-29.7,0.0547183741361988,446956281.80519,23.863785877634,1235148072.33808
19.8,-29.7,0.0547183741361988,446956281.80519,23.863785877634,1235148072.33808
19.9,-29.7,0.0547183741361988,446956281.80519,23.863785877634,1235148072.33808
20,-29.7,0.0547183741361988,446956281.80519,23.863785877634,1235148072.33808
20.1,-29.7,0.0547183741361988,446956281.80519,23.863785877634,1235148072.33808
20.2,-29.7,0.0547183741361988,446956281.80519,23.863785877634,1235148072.33808
20.3,-29.7,0.0547183741361988,446956281.80519,23.863785877634,1235148072.33808
20.4,-29.7,0.0550477067567865,512817871.490285,24.3994288165831,1636609102.59956
20.5,-29.7,0.0550477067567865,512817871.490285,24.3994288165831,1636609102.59956
20.6,-29.7,0.0550477067567865,512817871.490285,24.3994288165831,1636609102.59956
20.7,-29.7,0.0550477067567865,512817871.490285,24.3994288165831,1636609102.59956
20.8,-29.7,0.0550477067567865,512817871.490285,24.3994288165831,1636609102.59956
20.9,-29.7,0.0550477067567865,512817871.490285,24.3994288165831,1636609102.59956
21,-29.7,0.055022586134025,511000589.29027,24.5909875077744,1749518175.78775
21.1,-29.7,0.055022586134025,511000589.29027,24.5909875077744,1749518175.78775
21.2,-29.7,0.055022586134025,511000589.29027,24.5909875077744,1749518175.78775
21.3,-29.7,0.055022586134025,511000589.29027,24.5909875077744,1749518175.78775
21.4,-29.7,0.055022586134025,511000589.29027,24.5909875077744,1749518175.78775
21.5,-29.7,0.055022586134025,511000589.29027,24.5909875077744,1749518175.78775
21.6,-29.7,0.0543411187508662,391823032.93294,24.0629597207703,1185960995.82584
21.7,-29.7,0.0543411187508662,391823032.93294,24.0629597207703,1185960995.82584
21.8,-29.7,0.0543411187508662,391823032.93294,24.0629597207703,1185960995.82584
21.9,-29.7,0.0543411187508662,391823032.93294,24.0629597207703,1185960995.82584
22,-29.7,0.0543411187508662,391823032.93294,24.0629597207703,1185960995.82584
22.1,-29.7,0.0543411187508662,391823032.93294,24.0629597207703,1185960995.82584
22.2,-29.7,0.0546917998401014,447484470.422151,24.2066505109149,1406233908.42021
22.3,-29.7,0.0546917998401014,447484470.422151,24.2066505109149,1406233908.42021
22.4,-29.7,0.0546917998401014,447484470.422151,24.2066505109149,1406233908.42021
22.5,-29.7,0.0546917998401014,447484470.422151,24.2066505109149,1406233908.42021
22.6,-29.7,0.0547437066094265,456322815.157674,24.2246313842858,1438011213.30897
22.7,-29.7,0.0547437066094265,456322815.157674,24.2246313842858,1438011213.30897
22.8,-29.7,0.0547437066094265,456322815.157674,24.2246313842858,1438011213.30897
22.9,-29.7,0.0551955576727421,544352771.991648,24.5824033521855,1918617550.80132
23,-29.7,0.0551955576727421,544352771.991648,24.5824033521855,1918617550.80132
23.1,-29.7,0.0551955576727421,544352771.991648,24.5824033521855,1918617550.80132
23.2,-29.7,0.0551955576727421,544352771.991648,24.5824033521855,1918617550.80132
23.3,-29.7,0.0551955576727421,544352771.991648,24.5824033521855,1918617550.80132
23.4,-29.7,0.0551955576727421,544352771.991648,24.5824033521855,1918617550.80132
23.5,-29.7,0.0548191149897828,470323982.124509,24.3082683412456,1546863951.57376
23.6,-29.7,0.0548191149897828,470323982.124509,24.3082683412456,1546863951.57376
23.7,-29.7,0.0548191149897828,470323982.124509,24.3082683412456,1546863951.57376
23.8,-29.7,0.0548191149897828,470323982.124509,24.3082683412456,1546863951.57376
23.9,-29.7,0.0548191149897828,470323982.124509,24.3082683412456,1546863951.57376
24,-29.7,0.0548191149897828,470323982.124509,24.3082683412456,1546863951.57376
24.1,-29.7,0.0542189228107778,372408537.678136,23.8717567291657,1107270628.23908
24.2,-29.7,0.0542189228107778,372408537.678136,23.8717567291657,1107270628.23908
24.3,-29.7,0.0542189228107778,372408537.678136,23.8717567291657,1107270628.23908
24.4,-29.7,0.0542189228107778,372408537.678136,23.8717567291657,1107270628.23908
24.5,-29.7,0.0542189228107778,372408537.678136,23.8717567291657,1107270628.23908
24.6,-29.7,0.0542189228107778,372408537.678136,23.8717567291657,1107270628.23908
24.7,-29.7,0.0521000969535734,167685244.128588,23.1865822960406,446470906.330599
24.8,-29.7,0.0521000969535734,167685244.128588,23.1865822960406,446470906.330599
24.9,-29.7,0.0521000969535734,167685244.128588,23.1865822960406,446470906.330599
25,-29.7,0.0521000969535734,167685244.128588,23.1865822960406,446470906.330599
25.1,-29.7,0.0521000969535734,167685244.128588,23.1865822960406,446470906.330599
25.2,-29.7,0.0521000969535734,167685244.128588,23.1865822960406,446470906.330599
25.3,-29.7,0.0521000969535734,167685244.128588,23.1865822960406,446470906.330599
25.4,-29.7,0.0485500082234464,44517688.7142371,22.3676423324573,118094760.836132
25.5,-29.7,0.0485500082234464,44517688.7142371,22.3676423324573,118094760.836132
25.6,-29.7,0.0485500082234464,44517688.7142371,22.3676423324573,118094760.836132
25.7,-29.7,0.0485500082234464,44517688.7142371,22.3676423324573,118094760.836132
25.8,-29.7,0.0485500082234464,44517688.7142371,22.3676423324573,118094760.836132
25.9,-29.7,0.0485500082234464,44517688.7142371,22.3676423324573,118094760.836132
26,-29.7,0.0454405080986387,13962778.4519147,21.703567864861,38559270.1431963
26.1,-29.7,0.0454405080986387,13962778.4519147,21.703567864861,38559270.1431963
26.2,-29.7,0.0454405080986387,13962778.4519147,21.703567864861,38559270.1431963
26.3,-29.7,0.0454405080986387,13962778.4519147,21.703567864861,38559270.1431963
26.4,-29.7,0.0454405080986387,13962778.4519147,21.703567864861,38559270.1431963
26.5,-29.7,0.0454405080986387,13962778.4519147,21.703567864861,38559270.1431963
26.6,-29.7,0.0413508212453202,3052295.74649275,20.9211816109146,9162089.8421875
26.7,-29.7,0.0413508212453202,3052295.74649275,20.9211816109146,9162089.8421875
26.8,-29.7,0.0413508212453202,3052295.74649275,20.9211816109146,9162089.8421875
26.9,-29.7,0.0413508212453202,3052295.74649275,20.9211816109146,9162089.8421875
27,-29.7,0.0413508212453202,3052295.74649275,20.9211816109146,9162089.8421875
27.1,-29.7,0.0413508212453202,3052295.74649275,20.9211816109146,9162089.8421875
27.2,-29.7,0.0348880710991185,278124.694486833,19.7950822656186,1001297.506612
27.3,-29.7,0.0348880710991185,278124.694486833,19.7950822656186,1001297.506612
27.4,-29.7,0.0348880710991185,278124.694486833,19.7950822656186,1001297.506612
27.5,-29.7,0.0348880710991185,278124.694486833,19.7950822656186,1001297.506612
27.6,-29.7,0.0348880710991185,278124.694486833,19.7950822656186,1001297.506612
27.7,-29.7,0.0348880710991185,278124.694486833,19.7950822656186,1001297.506612
27.8,-29.7,0.0348880710991185,278124.694486833,19.7950822656186,1001297.506612
27.9,-29.7,0.00928361910792357,22.3166912021058,15.6852124568555,709.862800556803
28,-29.7,0.00928361910792357,22.3166912021058,15.6852124568555,709.862800556803
28.1,-29.7,0.00928361910792357,22.3166912021058,15.6852124568555,709.862800556803
28.2,-29.7,0.00928361910792357,22.3166912021058,15.6852124568555,709.862800556803
28.3,-29.7,0.00928361910792357,22.3166912021058,15.6852124568555,709.862800556803
28.4,-29.7,0.00928361910792357,22.3166912021058,15.6852124568555,709.862800556803
28.5,-29.7,0.00655295567454971,8.19240476286171,15.3357777361839,365.086214290177
28.6,-29.7,0.00655295567454971,8.19240476286171,15.3357777361839,365.086214290177
28.7,-29.7,0.00655295567454971,8.19240476286171,15.3357777361839,365.086214290177
28.8,-29.7,0.00655295567454971,8.19240476286171,15.3357777361839,365.086214290177
28.9,-29.7,0.00655295567454971,8.19240476286171,15.3357777361839,365.086214290177
29,-29.7,0.00655295567454971,8.19240476286171,15.3357777361839,365.086214290177
29.1,-29.7,0.0145220066421939,152.810628712193,16.7137960618406,1852.38373002425
29.2,-29.7,0.0145220066421939,152.810628712193,16.7137960618406,1852.38373002425
29.3,-29.7,0.0145220066421939,152.810628712193,16.7137960618406,1852.38373002425
29.4,-29.7,0.0145220066421939,152.810628712193,16.7137960618406,1852.38373002425
29.5,-29.7,0.0145220066421939,152.810628712193,16.7137960618406,1852.38373002425
29.6,-29.7,0.0145220066421939,152.810628712193,16.7137960618406,1852.38373002425
29.7,-29.7,0.044946907512757,11486118.627026,21.3686263945688,39196719.3703408
29.8,-29.7,0.044946907512757,11486118.627026,21.3686263945688,39196719.3703408
29.9,-29.7,0.044946907512757,11486118.627026,21.3686263945688,39196719.3703408
30,-29.7,0.044946907512757,11486118.627026,21.3686263945688,39196719.3703408
30.1,-29.7,0.044946907512757,11486118.627026,21.3686263945688,39196719.3703408
30.2,-29.7,0.044946907512757,11486118.627026,21.3686263945688,39196719.3703408
30.3,-29.7,0.044946907512757,11486118.627026,21.3686263945688,39196719.3703408
30.4,-29.7,0.0570347231150382,1020061488.40678,23.3058051620638,3103360615.52473
30.5,-29.7,0.0570347231150382,1020061488.40678,23.3058051620638,3103360615.52473
30.6,-29.7,0.0570347231150382,1020061488.40678,23.3058051620638,3103360615.52473
30.7,-29.7,0.0570347231150382,1020061488.40678,23.3058051620638,3103360615.52473
30.8,-29.7,0.0570347231150382,1020061488.40678,23.3058051620638,3103360615.52473
30.9,-29.7,0.0570347231150382,1020061488.40678,23.3058051620638,3103360615.52473
31,-29.7,0.0634362589131866,10957474459.4154,24.3313194893563,34019169402.2423
31.1,-29.7,0.0634362589131866,10957474459.4154,24.3313194893563,34019169402.2423
17.1,-29.6,0.035630794013576,362175.451729242,19.984013975478,2872448.89644715
17.2,-29.6,0.0628114421943907,8903021155.38388,24.8355371310485,23524633274.6466
17.3,-29.6,0.0628114421943907,8903021155.38388,24.8355371310485,23524633274.6466
17.4,-29.6,0.0628114421943907,8903021155.38388,24.8355371310485,23524633274.6466
17.5,-29.6,0.0628114421943907,8903021155.38388,24.8355371310485,23524633274.6466
17.6,-29.6,0.0628114421943907,8903021155.38388,24.8355371310485,23524633274.6466
17.7,-29.6,0.0628114421943907,8903021155.38388,24.8355371310485,23524633274.6466
17.8,-29.6,0.0628114421943907,8903021155.38388,24.8355371310485,23524633274.6466
17.9,-29.6,0.0535497096803318,285293255.114746,23.2206695434123,767861852.706707
18,-29.6,0.0535497096803318,285293255.114746,23.2206695434123,767861852.706707
18.1,-29.6,0.0535497096803318,285293255.114746,23.2206695434123,767861852.706707
18.2,-29.6,0.0535497096803318,285293255.114746,23.2206695434123,767861852.706707
18.3,-29.6,0.0535497096803318,285293255.114746,23.2206695434123,767861852.706707
18.4,-29.6,0.0535497096803318,285293255.114746,23.2206695434123,767861852.706707
18.5,-29.6,0.0539101611629497,327836027.745754,23.4287076436635,873071338.517462
18.6,-29.6,0.0539101611629497,327836027.745754,23.4287076436635,873071338.517462
18.7,-29.6,0.0539101611629497,327836027.745754,23.4287076436635,873071338.517462
18.8,-29.6,0.0539101611629497,327836027.745754,23.4287076436635,873071338.517462
18.9,-29.6,0.0539101611629497,327836027.745754,23.4287076436635,873071338.517462
19,-29.6,0.0539101611629497,327836027.745754,23.4287076436635,873071338.517462
19.1,-29.6,0.0529399853601196,228291972.903248,23.2251308103604,605346826.450793
19.2,-29.6,0.0529399853601196,228291972.903248,23.2251308103604,605346826.450793
19.3,-29.6,0.0529399853601196,228291972.903248,23.2251308103604,605346826.450793
19.4,-29.6,0.0529399853601196,228291972.903248,23.2251308103604,605346826.450793
19.5,-29.6,0.0529399853601196,228291972.903248,23.2251308103604,605346826.450793
19.6,-29.6,0.0529399853601196,228291972.903248,23.2251308103604,605346826.450793
19.7,-29.6,0.0547183741361988,446956281.80519,23.863785877634,1235148072.33808
19.8,-29.6,0.0547183741361988,446956281.80519,23.863785877634,1235148072.33808
19.9,-29.6,0.0547183741361988,446956281.80519,23.863785877634,1235148072.33808
20,-29.6,0.0547183741361988,446956281.80519,23.863785877634,1235148072.33808
20.1,-29.6,0.0547183741361988,446956281.80519,23.863785877634,1235148072.33808
20.2,-29.6,0.0547183741361988,446956281.80519,23.863785877634,1235148072.33808
20.3,-29.6,0.0547183741361988,446956281.80519,23.863785877634,1235148072.33808
20.4,-29.6,0.0550477067567865,512817871.490285,24.3994288165831,1636609102.59956
20.5,-29.6,0.0550477067567865,512817871.490285,24.3994288165831,1636609102.59956
20.6,-29.6,0.0550477067567865,512817871.490285,24.3994288165831,1636609102.59956
20.7,-29.6,0.0550477067567865,512817871.490285,24.3994288165831,1636609102.59956
20.8,-29.6,0.0550477067567865,512817871.490285,24.3994288165831,1636609102.59956
20.9,-29.6,0.0550477067567865,512817871.490285,24.3994288165831,1636609102.59956
21,-29.6,0.055022586134025,511000589.29027,24.5909875077744,1749518175.78775
21.1,-29.6,0.055022586134025,511000589.29027,24.5909875077744,1749518175.78775
21.2,-29.6,0.055022586134025,511000589.29027,24.5909875077744,1749518175.78775
21.3,-29.6,0.055022586134025,511000589.29027,24.5909875077744,1749518175.78775
21.4,-29.6,0.055022586134025,511000589.29027,24.5909875077744,1749518175.78775
21.5,-29.6,0.055022586134025,511000589.29027,24.5909875077744,1749518175.78775
21.6,-29.6,0.0543411187508662,391823032.93294,24.0629597207703,1185960995.82584
21.7,-29.6,0.0543411187508662,391823032.93294,24.0629597207703,1185960995.82584
21.8,-29.6,0.0543411187508662,391823032.93294,24.0629597207703,1185960995.82584
21.9,-29.6,0.0543411187508662,391823032.93294,24.0629597207703,1185960995.82584
22,-29.6,0.0543411187508662,391823032.93294,24.0629597207703,1185960995.82584
22.1,-29.6,0.0543411187508662,391823032.93294,24.0629597207703,1185960995.82584
22.2,-29.6,0.0546917998401014,447484470.422151,24.2066505109149,1406233908.42021
22.3,-29.6,0.0546917998401014,447484470.422151,24.2066505109149,1406233908.42021
22.4,-29.6,0.0546917998401014,447484470.422151,24.2066505109149,1406233908.42021
22.5,-29.6,0.0546917998401014,447484470.422151,24.2066505109149,1406233908.42021
22.6,-29.6,0.0547437066094265,456322815.157674,24.2246313842858,1438011213.30897
22.7,-29.6,0.0547437066094265,456322815.157674,24.2246313842858,1438011213.30897
22.8,-29.6,0.0547437066094265,456322815.157674,24.2246313842858,1438011213.30897
22.9,-29.6,0.0551955576727421,544352771.991648,24.5824033521855,1918617550.80132
23,-29.6,0.0551955576727421,544352771.991648,24.5824033521855,1918617550.80132
23.1,-29.6,0.0551955576727421,544352771.991648,24.5824033521855,1918617550.80132
23.2,-29.6,0.0551955576727421,544352771.991648,24.5824033521855,1918617550.80132
23.3,-29.6,0.0551955576727421,544352771.991648,24.5824033521855,1918617550.80132
23.4,-29.6,0.0551955576727421,544352771.991648,24.5824033521855,1918617550.80132
23.5,-29.6,0.0548191149897828,470323982.124509,24.3082683412456,1546863951.57376
23.6,-29.6,0.0548191149897828,470323982.124509,24.3082683412456,1546863951.57376
23.7,-29.6,0.0548191149897828,470323982.124509,24.3082683412456,1546863951.57376
23.8,-29.6,0.0548191149897828,470323982.124509,24.3082683412456,1546863951.57376
23.9,-29.6,0.0548191149897828,470323982.124509,24.3082683412456,1546863951.57376
24,-29.6,0.0548191149897828,470323982.124509,24.3082683412456,1546863951.57376
24.1,-29.6,0.0542189228107778,372408537.678136,23.8717567291657,1107270628.23908
24.2,-29.6,0.0542189228107778,372408537.678136,23.8717567291657,1107270628.23908
24.3,-29.6,0.0542189228107778,372408537.678136,23.8717567291657,1107270628.23908
24.4,-29.6,0.0542189228107778,372408537.678136,23.8717567291657,1107270628.23908
24.5,-29.6,0.0542189228107778,372408537.678136,23.8717567291657,1107270628.23908
24.6,-29.6,0.0542189228107778,372408537.678136,23.8717567291657,1107270628.23908
24.7,-29.6,0.0521000969535734,167685244.128588,23.1865822960406,446470906.330599
24.8,-29.6,0.0521000969535734,167685244.128588,23.1865822960406,446470906.330599
24.9,-29.6,0.0521000969535734,167685244.128588,23.1865822960406,446470906.330599
25,-29.6,0.0521000969535734,167685244.128588,23.1865822960406,446470906.330599
25.1,-29.6,0.0521000969535734,167685244.128588,23.1865822960406,446470906.330599
25.2,-29.6,0.0521000969535734,167685244.128588,23.1865822960406,446470906.330599
25.3,-29.6,0.0521000969535734,167685244.128588,23.1865822960406,446470906.330599
25.4,-29.6,0.0485500082234464,44517688.7142371,22.3676423324573,118094760.836132
25.5,-29.6,0.0485500082234464,44517688.7142371,22.3676423324573,118094760.836132
25.6,-29.6,0.0485500082234464,44517688.7142371,22.3676423324573,118094760.836132
25.7,-29.6,0.0485500082234464,44517688.7142371,22.3676423324573,118094760.836132
25.8,-29.6,0.0485500082234464,44517688.7142371,22.3676423324573,118094760.836132
25.9,-29.6,0.0485500082234464,44517688.7142371,22.3676423324573,118094760.836132
26,-29.6,0.0454405080986387,13962778.4519147,21.703567864861,38559270.1431963
26.1,-29.6,0.0454405080986387,13962778.4519147,21.703567864861,38559270.1431963
26.2,-29.6,0.0454405080986387,13962778.4519147,21.703567864861,38559270.1431963
26.3,-29.6,0.0454405080986387,13962778.4519147,21.703567864861,38559270.1431963
26.4,-29.6,0.0454405080986387,13962778.4519147,21.703567864861,38559270.1431963
26.5,-29.6,0.0454405080986387,13962778.4519147,21.703567864861,38559270.1431963
26.6,-29.6,0.0413508212453202,3052295.74649275,20.9211816109146,9162089.8421875
26.7,-29.6,0.0413508212453202,3052295.74649275,20.9211816109146,9162089.8421875
26.8,-29.6,0.0413508212453202,3052295.74649275,20.9211816109146,9162089.8421875
26.9,-29.6,0.0413508212453202,3052295.74649275,20.9211816109146,9162089.8421875
27,-29.6,0.0413508212453202,3052295.74649275,20.9211816109146,9162089.8421875
27.1,-29.6,0.0413508212453202,3052295.74649275,20.9211816109146,9162089.8421875
27.2,-29.6,0.0348880710991185,278124.694486833,19.7950822656186,1001297.506612
27.3,-29.6,0.0348880710991185,278124.694486833,19.7950822656186,1001297.506612
27.4,-29.6,0.0348880710991185,278124.694486833,19.7950822656186,1001297.506612
27.5,-29.6,0.0348880710991185,278124.694486833,19.7950822656186,1001297.506612
27.6,-29.6,0.0348880710991185,278124.694486833,19.7950822656186,1001297.506612
27.7,-29.6,0.0348880710991185,278124.694486833,19.7950822656186,1001297.506612
27.8,-29.6,0.0348880710991185,278124.694486833,19.7950822656186,1001297.506612
27.9,-29.6,0.00928361910792357,22.3166912021058,15.6852124568555,709.862800556803
28,-29.6,0.00928361910792357,22.3166912021058,15.6852124568555,709.862800556803
28.1,-29.6,0.00928361910792357,22.3166912021058,15.6852124568555,709.862800556803
28.2,-29.6,0.00928361910792357,22.3166912021058,15.6852124568555,709.862800556803
28.3,-29.6,0.00928361910792357,22.3166912021058,15.6852124568555,709.862800556803
28.4,-29.6,0.00928361910792357,22.3166912021058,15.6852124568555,709.862800556803
28.5,-29.6,0.00655295567454971,8.19240476286171,15.3357777361839,365.086214290177
28.6,-29.6,0.00655295567454971,8.19240476286171,15.3357777361839,365.086214290177
28.7,-29.6,0.00655295567454971,8.19240476286171,15.3357777361839,365.086214290177
28.8,-29.6,0.00655295567454971,8.19240476286171,15.3357777361839,365.086214290177
28.9,-29.6,0.00655295567454971,8.19240476286171,15.3357777361839,365.086214290177
29,-29.6,0.00655295567454971,8.19240476286171,15.3357777361839,365.086214290177
29.1,-29.6,0.0145220066421939,152.810628712193,16.7137960618406,1852.38373002425
29.2,-29.6,0.0145220066421939,152.810628712193,16.7137960618406,1852.38373002425
29.3,-29.6,0.0145220066421939,152.810628712193,16.7137960618406,1852.38373002425
29.4,-29.6,0.0145220066421939,152.810628712193,16.7137960618406,1852.38373002425
29.5,-29.6,0.0145220066421939,152.810628712193,16.7137960618406,1852.38373002425
29.6,-29.6,0.0145220066421939,152.810628712193,16.7137960618406,1852.38373002425
29.7,-29.6,0.044946907512757,11486118.627026,21.3686263945688,39196719.3703408
29.8,-29.6,0.044946907512757,11486118.627026,21.3686263945688,39196719.3703408
29.9,-29.6,0.044946907512757,11486118.627026,21.3686263945688,39196719.3703408
30,-29.6,0.044946907512757,11486118.627026,21.3686263945688,39196719.3703408
30.1,-29.6,0.044946907512757,11486118.627026,21.3686263945688,39196719.3703408
30.2,-29.6,0.044946907512757,11486118.627026,21.3686263945688,39196719.3703408
30.3,-29.6,0.044946907512757,11486118.627026,21.3686263945688,39196719.3703408
30.4,-29.6,0.0570347231150382,1020061488.40678,23.3058051620638,3103360615.52473
30.5,-29.6,0.0570347231150382,1020061488.40678,23.3058051620638,3103360615.52473
30.6,-29.6,0.0570347231150382,1020061488.40678,23.3058051620638,3103360615.52473
30.7,-29.6,0.0570347231150382,1020061488.40678,23.3058051620638,3103360615.52473
30.8,-29.6,0.0570347231150382,1020061488.40678,23.3058051620638,3103360615.52473
30.9,-29.6,0.0570347231150382,1020061488.40678,23.3058051620638,3103360615.52473
31,-29.6,0.0634362589131866,10957474459.4154,24.3313194893563,34019169402.2423
31.1,-29.6,0.0634362589131866,10957474459.4154,24.3313194893563,34019169402.2423
17,-29.5,0.035630794013576,362175.451729242,19.984013975478,2872448.89644715
17.1,-29.5,0.035630794013576,362175.451729242,19.984013975478,2872448.89644715
17.2,-29.5,0.0628114421943907,8903021155.38388,24.8355371310485,23524633274.6466
17.3,-29.5,0.0628114421943907,8903021155.38388,24.8355371310485,23524633274.6466
17.4,-29.5,0.0628114421943907,8903021155.38388,24.8355371310485,23524633274.6466
17.5,-29.5,0.0628114421943907,8903021155.38388,24.8355371310485,23524633274.6466
17.6,-29.5,0.0628114421943907,8903021155.38388,24.8355371310485,23524633274.6466
17.7,-29.5,0.0628114421943907,8903021155.38388,24.8355371310485,23524633274.6466
17.8,-29.5,0.0628114421943907,8903021155.38388,24.8355371310485,23524633274.6466
17.9,-29.5,0.0535497096803318,285293255.114746,23.2206695434123,767861852.706707
18,-29.5,0.0535497096803318,285293255.114746,23.2206695434123,767861852.706707
18.1,-29.5,0.0535497096803318,285293255.114746,23.2206695434123,767861852.706707
18.2,-29.5,0.0535497096803318,285293255.114746,23.2206695434123,767861852.706707
18.3,-29.5,0.0535497096803318,285293255.114746,23.2206695434123,767861852.706707
18.4,-29.5,0.0535497096803318,285293255.114746,23.2206695434123,767861852.706707
18.5,-29.5,0.0539101611629497,327836027.745754,23.4287076436635,873071338.517462
18.6,-29.5,0.0539101611629497,327836027.745754,23.4287076436635,873071338.517462
18.7,-29.5,0.0539101611629497,327836027.745754,23.4287076436635,873071338.517462
18.8,-29.5,0.0539101611629497,327836027.745754,23.4287076436635,873071338.517462
18.9,-29.5,0.0539101611629497,327836027.745754,23.4287076436635,873071338.517462
19,-29.5,0.0539101611629497,327836027.745754,23.4287076436635,873071338.517462
19.1,-29.5,0.0529399853601196,228291972.903248,23.2251308103604,605346826.450793
19.2,-29.5,0.0529399853601196,228291972.903248,23.2251308103604,605346826.450793
19.3,-29.5,0.0529399853601196,228291972.903248,23.2251308103604,605346826.450793
19.4,-29.5,0.0529399853601196,228291972.903248,23.2251308103604,605346826.450793
19.5,-29.5,0.0529399853601196,228291972.903248,23.2251308103604,605346826.450793
19.6,-29.5,0.0529399853601196,228291972.903248,23.2251308103604,605346826.450793
19.7,-29.5,0.0547183741361988,446956281.80519,23.863785877634,1235148072.33808
19.8,-29.5,0.0547183741361988,446956281.80519,23.863785877634,1235148072.33808
19.9,-29.5,0.0547183741361988,446956281.80519,23.863785877634,1235148072.33808
20,-29.5,0.0547183741361988,446956281.80519,23.863785877634,1235148072.33808
20.1,-29.5,0.0547183741361988,446956281.80519,23.863785877634,1235148072.33808
20.2,-29.5,0.0547183741361988,446956281.80519,23.863785877634,1235148072.33808
20.3,-29.5,0.0547183741361988,446956281.80519,23.863785877634,1235148072.33808
20.4,-29.5,0.0550477067567865,512817871.490285,24.3994288165831,1636609102.59956
20.5,-29.5,0.0550477067567865,512817871.490285,24.3994288165831,1636609102.59956
20.6,-29.5,0.0550477067567865,512817871.490285,24.3994288165831,1636609102.59956
20.7,-29.5,0.0550477067567865,512817871.490285,24.3994288165831,1636609102.59956
20.8,-29.5,0.0550477067567865,512817871.490285,24.3994288165831,1636609102.59956
20.9,-29.5,0.0550477067567865,512817871.490285,24.3994288165831,1636609102.59956
21,-29.5,0.055022586134025,511000589.29027,24.5909875077744,1749518175.78775
21.1,-29.5,0.055022586134025,511000589.29027,24.5909875077744,1749518175.78775
21.2,-29.5,0.055022586134025,511000589.29027,24.5909875077744,1749518175.78775
21.3,-29.5,0.055022586134025,511000589.29027,24.5909875077744,1749518175.78775
21.4,-29.5,0.055022586134025,511000589.29027,24.5909875077744,1749518175.78775
21.5,-29.5,0.055022586134025,511000589.29027,24.5909875077744,1749518175.78775
21.6,-29.5,0.0543411187508662,391823032.93294,24.0629597207703,1185960995.82584
21.7,-29.5,0.0543411187508662,391823032.93294,24.0629597207703,1185960995.82584
21.8,-29.5,0.0543411187508662,391823032.93294,24.0629597207703,1185960995.82584
21.9,-29.5,0.0543411187508662,391823032.93294,24.0629597207703,1185960995.82584
22,-29.5,0.0543411187508662,391823032.93294,24.0629597207703,1185960995.82584
22.1,-29.5,0.0543411187508662,391823032.93294,24.0629597207703,1185960995.82584
22.2,-29.5,0.0546917998401014,447484470.422151,24.2066505109149,1406233908.42021
22.3,-29.5,0.0546917998401014,447484470.422151,24.2066505109149,1406233908.42021
22.4,-29.5,0.0546917998401014,447484470.422151,24.2066505109149,1406233908.42021
22.5,-29.5,0.0546917998401014,447484470.422151,24.2066505109149,1406233908.42021
22.6,-29.5,0.0547437066094265,456322815.157674,24.2246313842858,1438011213.30897
22.7,-29.5,0.0547437066094265,456322815.157674,24.2246313842858,1438011213.30897
22.8,-29.5,0.0547437066094265,456322815.157674,24.2246313842858,1438011213.30897
22.9,-29.5,0.0551955576727421,544352771.991648,24.5824033521855,1918617550.80132
23,-29.5,0.0551955576727421,544352771.991648,24.5824033521855,1918617550.80132
23.1,-29.5,0.0551955576727421,544352771.991648,24.5824033521855,1918617550.80132
23.2,-29.5,0.0551955576727421,544352771.991648,24.5824033521855,1918617550.80132
23.3,-29.5,0.0551955576727421,544352771.991648,24.5824033521855,1918617550.80132
23.4,-29.5,0.0551955576727421,544352771.991648,24.5824033521855,1918617550.80132
23.5,-29.5,0.0548191149897828,470323982.124509,24.3082683412456,1546863951.57376
23.6,-29.5,0.0548191149897828,470323982.124509,24.3082683412456,1546863951.57376
23.7,-29.5,0.0548191149897828,470323982.124509,24.3082683412456,1546863951.57376
23.8,-29.5,0.0548191149897828,470323982.124509,24.3082683412456,1546863951.57376
23.9,-29.5,0.0548191149897828,470323982.124509,24.3082683412456,1546863951.57376
24,-29.5,0.0548191149897828,470323982.124509,24.3082683412456,1546863951.57376
24.1,-29.5,0.0542189228107778,372408537.678136,23.8717567291657,1107270628.23908
24.2,-29.5,0.0542189228107778,372408537.678136,23.8717567291657,1107270628.23908
24.3,-29.5,0.0542189228107778,372408537.678136,23.8717567291657,1107270628.23908
24.4,-29.5,0.0542189228107778,372408537.678136,23.8717567291657,1107270628.23908
24.5,-29.5,0.0542189228107778,372408537.678136,23.8717567291657,1107270628.23908
24.6,-29.5,0.0542189228107778,372408537.678136,23.8717567291657,1107270628.23908
24.7,-29.5,0.0521000969535734,167685244.128588,23.1865822960406,446470906.330599
24.8,-29.5,0.0521000969535734,167685244.128588,23.1865822960406,446470906.330599
24.9,-29.5,0.0521000969535734,167685244.128588,23.1865822960406,446470906.330599
25,-29.5,0.0521000969535734,167685244.128588,23.1865822960406,446470906.330599
25.1,-29.5,0.0521000969535734,167685244.128588,23.1865822960406,446470906.330599
25.2,-29.5,0.0521000969535734,167685244.128588,23.1865822960406,446470906.330599
25.3,-29.5,0.0521000969535734,167685244.128588,23.1865822960406,446470906.330599
25.4,-29.5,0.0485500082234464,44517688.7142371,22.3676423324573,118094760.836132
25.5,-29.5,0.0485500082234464,44517688.7142371,22.3676423324573,118094760.836132
25.6,-29.5,0.0485500082234464,44517688.7142371,22.3676423324573,118094760.836132
25.7,-29.5,0.0485500082234464,44517688.7142371,22.3676423324573,118094760.836132
25.8,-29.5,0.0485500082234464,44517688.7142371,22.3676423324573,118094760.836132
25.9,-29.5,0.0485500082234464,44517688.7142371,22.3676423324573,118094760.836132
26,-29.5,0.0454405080986387,13962778.4519147,21.703567864861,38559270.1431963
26.1,-29.5,0.0454405080986387,13962778.4519147,21.703567864861,38559270.1431963
26.2,-29.5,0.0454405080986387,13962778.4519147,21.703567864861,38559270.1431963
26.3,-29.5,0.0454405080986387,13962778.4519147,21.703567864861,38559270.1431963
26.4,-29.5,0.0454405080986387,13962778.4519147,21.703567864861,38559270.1431963
26.5,-29.5,0.0454405080986387,13962778.4519147,21.703567864861,38559270.1431963
26.6,-29.5,0.0413508212453202,3052295.74649275,20.9211816109146,9162089.8421875
26.7,-29.5,0.0413508212453202,3052295.74649275,20.9211816109146,9162089.8421875
26.8,-29.5,0.0413508212453202,3052295.74649275,20.9211816109146,9162089.8421875
26.9,-29.5,0.0413508212453202,3052295.74649275,20.9211816109146,9162089.8421875
27,-29.5,0.0413508212453202,3052295.74649275,20.9211816109146,9162089.8421875
27.1,-29.5,0.0413508212453202,3052295.74649275,20.9211816109146,9162089.8421875
27.2,-29.5,0.0348880710991185,278124.694486833,19.7950822656186,1001297.506612
27.3,-29.5,0.0348880710991185,278124.694486833,19.7950822656186,1001297.506612
27.4,-29.5,0.0348880710991185,278124.694486833,19.7950822656186,1001297.506612
27.5,-29.5,0.0348880710991185,278124.694486833,19.7950822656186,1001297.506612
27.6,-29.5,0.0348880710991185,278124.694486833,19.7950822656186,1001297.506612
27.7,-29.5,0.0348880710991185,278124.694486833,19.7950822656186,1001297.506612
27.8,-29.5,0.0348880710991185,278124.694486833,19.7950822656186,1001297.506612
27.9,-29.5,0.00928361910792357,22.3166912021058,15.6852124568555,709.862800556803
28,-29.5,0.00928361910792357,22.3166912021058,15.6852124568555,709.862800556803
28.1,-29.5,0.00928361910792357,22.3166912021058,15.6852124568555,709.862800556803
28.2,-29.5,0.00928361910792357,22.3166912021058,15.6852124568555,709.862800556803
28.3,-29.5,0.00928361910792357,22.3166912021058,15.6852124568555,709.862800556803
28.4,-29.5,0.00928361910792357,22.3166912021058,15.6852124568555,709.862800556803
28.5,-29.5,0.00655295567454971,8.19240476286171,15.3357777361839,365.086214290177
28.6,-29.5,0.00655295567454971,8.19240476286171,15.3357777361839,365.086214290177
28.7,-29.5,0.00655295567454971,8.19240476286171,15.3357777361839,365.086214290177
28.8,-29.5,0.00655295567454971,8.19240476286171,15.3357777361839,365.086214290177
28.9,-29.5,0.00655295567454971,8.19240476286171,15.3357777361839,365.086214290177
29,-29.5,0.00655295567454971,8.19240476286171,15.3357777361839,365.086214290177
29.1,-29.5,0.0145220066421939,152.810628712193,16.7137960618406,1852.38373002425
29.2,-29.5,0.0145220066421939,152.810628712193,16.7137960618406,1852.38373002425
29.3,-29.5,0.0145220066421939,152.810628712193,16.7137960618406,1852.38373002425
29.4,-29.5,0.0145220066421939,152.810628712193,16.7137960618406,1852.38373002425
29.5,-29.5,0.0145220066421939,152.810628712193,16.7137960618406,1852.38373002425
29.6,-29.5,0.0145220066421939,152.810628712193,16.7137960618406,1852.38373002425
29.7,-29.5,0.044946907512757,11486118.627026,21.3686263945688,39196719.3703408
29.8,-29.5,0.044946907512757,11486118.627026,21.3686263945688,39196719.3703408
29.9,-29.5,0.044946907512757,11486118.627026,21.3686263945688,39196719.3703408
30,-29.5,0.044946907512757,11486118.627026,21.3686263945688,39196719.3703408
30.1,-29.5,0.044946907512757,11486118.627026,21.3686263945688,39196719.3703408
30.2,-29.5,0.044946907512757,11486118.627026,21.3686263945688,39196719.3703408
30.3,-29.5,0.044946907512757,11486118.627026,21.3686263945688,39196719.3703408
30.4,-29.5,0.0570347231150382,1020061488.40678,23.3058051620638,3103360615.52473
30.5,-29.5,0.0570347231150382,1020061488.40678,23.3058051620638,3103360615.52473
30.6,-29.5,0.0570347231150382,1020061488.40678,23.3058051620638,3103360615.52473
30.7,-29.5,0.0570347231150382,1020061488.40678,23.3058051620638,3103360615.52473
30.8,-29.5,0.0570347231150382,1020061488.40678,23.3058051620638,3103360615.52473
30.9,-29.5,0.0570347231150382,1020061488.40678,23.3058051620638,3103360615.52473
31,-29.5,0.0634362589131866,10957474459.4154,24.3313194893563,34019169402.2423
31.1,-29.5,0.0634362589131866,10957474459.4154,24.3313194893563,34019169402.2423
31.2,-29.5,0.0634362589131866,10957474459.4154,24.3313194893563,34019169402.2423
17,-29.4,0.035630794013576,362175.451729242,19.984013975478,2872448.89644715
17.1,-29.4,0.035630794013576,362175.451729242,19.984013975478,2872448.89644715
17.2,-29.4,0.0628114421943907,8903021155.38388,24.8355371310485,23524633274.6466
17.3,-29.4,0.0628114421943907,8903021155.38388,24.8355371310485,23524633274.6466
17.4,-29.4,0.0628114421943907,8903021155.38388,24.8355371310485,23524633274.6466
17.5,-29.4,0.0628114421943907,8903021155.38388,24.8355371310485,23524633274.6466
17.6,-29.4,0.0628114421943907,8903021155.38388,24.8355371310485,23524633274.6466
17.7,-29.4,0.0628114421943907,8903021155.38388,24.8355371310485,23524633274.6466
17.8,-29.4,0.0628114421943907,8903021155.38388,24.8355371310485,23524633274.6466
17.9,-29.4,0.0535497096803318,285293255.114746,23.2206695434123,767861852.706707
18,-29.4,0.0535497096803318,285293255.114746,23.2206695434123,767861852.706707
18.1,-29.4,0.0535497096803318,285293255.114746,23.2206695434123,767861852.706707
18.2,-29.4,0.0535497096803318,285293255.114746,23.2206695434123,767861852.706707
18.3,-29.4,0.0535497096803318,285293255.114746,23.2206695434123,767861852.706707
18.4,-29.4,0.0535497096803318,285293255.114746,23.2206695434123,767861852.706707
18.5,-29.4,0.0539101611629497,327836027.745754,23.4287076436635,873071338.517462
18.6,-29.4,0.0539101611629497,327836027.745754,23.4287076436635,873071338.517462
18.7,-29.4,0.0539101611629497,327836027.745754,23.4287076436635,873071338.517462
18.8,-29.4,0.0539101611629497,327836027.745754,23.4287076436635,873071338.517462
18.9,-29.4,0.0539101611629497,327836027.745754,23.4287076436635,873071338.517462
19,-29.4,0.0539101611629497,327836027.745754,23.4287076436635,873071338.517462
19.1,-29.4,0.0529399853601196,228291972.903248,23.2251308103604,605346826.450793
19.2,-29.4,0.0529399853601196,228291972.903248,23.2251308103604,605346826.450793
19.3,-29.4,0.0529399853601196,228291972.903248,23.2251308103604,605346826.450793
19.4,-29.4,0.0529399853601196,228291972.903248,23.2251308103604,605346826.450793
19.5,-29.4,0.0529399853601196,228291972.903248,23.2251308103604,605346826.450793
19.6,-29.4,0.0529399853601196,228291972.903248,23.2251308103604,605346826.450793
19.7,-29.4,0.0547183741361988,446956281.80519,23.863785877634,1235148072.33808
19.8,-29.4,0.0547183741361988,446956281.80519,23.863785877634,1235148072.33808
19.9,-29.4,0.0547183741361988,446956281.80519,23.863785877634,1235148072.33808
20,-29.4,0.0547183741361988,446956281.80519,23.863785877634,1235148072.33808
20.1,-29.4,0.0547183741361988,446956281.80519,23.863785877634,1235148072.33808
20.2,-29.4,0.0547183741361988,446956281.80519,23.863785877634,1235148072.33808
20.3,-29.4,0.0547183741361988,446956281.80519,23.863785877634,1235148072.33808
20.4,-29.4,0.0550477067567865,512817871.490285,24.3994288165831,1636609102.59956
20.5,-29.4,0.0550477067567865,512817871.490285,24.3994288165831,1636609102.59956
20.6,-29.4,0.0550477067567865,512817871.490285,24.3994288165831,1636609102.59956
20.7,-29.4,0.0550477067567865,512817871.490285,24.3994288165831,1636609102.59956
20.8,-29.4,0.0550477067567865,512817871.490285,24.3994288165831,1636609102.59956
20.9,-29.4,0.0550477067567865,512817871.490285,24.3994288165831,1636609102.59956
21,-29.4,0.055022586134025,511000589.29027,24.5909875077744,1749518175.78775
21.1,-29.4,0.055022586134025,511000589.29027,24.5909875077744,1749518175.78775
21.2,-29.4,0.055022586134025,511000589.29027,24.5909875077744,1749518175.78775
21.3,-29.4,0.055022586134025,511000589.29027,24.5909875077744,1749518175.78775
21.4,-29.4,0.055022586134025,511000589.29027,24.5909875077744,1749518175.78775
21.5,-29.4,0.055022586134025,511000589.29027,24.5909875077744,1749518175.78775
21.6,-29.4,0.0543411187508662,391823032.93294,24.0629597207703,1185960995.82584
21.7,-29.4,0.0543411187508662,391823032.93294,24.0629597207703,1185960995.82584
21.8,-29.4,0.0543411187508662,391823032.93294,24.0629597207703,1185960995.82584
21.9,-29.4,0.0543411187508662,391823032.93294,24.0629597207703,1185960995.82584
22,-29.4,0.0543411187508662,391823032.93294,24.0629597207703,1185960995.82584
22.1,-29.4,0.0543411187508662,391823032.93294,24.0629597207703,1185960995.82584
22.2,-29.4,0.0546917998401014,447484470.422151,24.2066505109149,1406233908.42021
22.3,-29.4,0.0546917998401014,447484470.422151,24.2066505109149,1406233908.42021
22.4,-29.4,0.0546917998401014,447484470.422151,24.2066505109149,1406233908.42021
22.5,-29.4,0.0546917998401014,447484470.422151,24.2066505109149,1406233908.42021
22.6,-29.4,0.0547437066094265,456322815.157674,24.2246313842858,1438011213.30897
22.7,-29.4,0.0547437066094265,456322815.157674,24.2246313842858,1438011213.30897
22.8,-29.4,0.0547437066094265,456322815.157674,24.2246313842858,1438011213.30897
22.9,-29.4,0.0551955576727421,544352771.991648,24.5824033521855,1918617550.80132
23,-29.4,0.0551955576727421,544352771.991648,24.5824033521855,1918617550.80132
23.1,-29.4,0.0551955576727421,544352771.991648,24.5824033521855,1918617550.80132
23.2,-29.4,0.0551955576727421,544352771.991648,24.5824033521855,1918617550.80132
23.3,-29.4,0.0551955576727421,544352771.991648,24.5824033521855,1918617550.80132
23.4,-29.4,0.0551955576727421,544352771.991648,24.5824033521855,1918617550.80132
23.5,-29.4,0.0548191149897828,470323982.124509,24.3082683412456,1546863951.57376
23.6,-29.4,0.0548191149897828,470323982.124509,24.3082683412456,1546863951.57376
23.7,-29.4,0.0548191149897828,470323982.124509,24.3082683412456,1546863951.57376
23.8,-29.4,0.0548191149897828,470323982.124509,24.3082683412456,1546863951.57376
23.9,-29.4,0.0548191149897828,470323982.124509,24.3082683412456,1546863951.57376
24,-29.4,0.0548191149897828,470323982.124509,24.3082683412456,1546863951.57376
24.1,-29.4,0.0542189228107778,372408537.678136,23.8717567291657,1107270628.23908
24.2,-29.4,0.0542189228107778,372408537.678136,23.8717567291657,1107270628.23908
24.3,-29.4,0.0542189228107778,372408537.678136,23.8717567291657,1107270628.23908
24.4,-29.4,0.0542189228107778,372408537.678136,23.8717567291657,1107270628.23908
24.5,-29.4,0.0542189228107778,372408537.678136,23.8717567291657,1107270628.23908
24.6,-29.4,0.0542189228107778,372408537.678136,23.8717567291657,1107270628.23908
24.7,-29.4,0.0521000969535734,167685244.128588,23.1865822960406,446470906.330599
24.8,-29.4,0.0521000969535734,167685244.128588,23.1865822960406,446470906.330599
24.9,-29.4,0.0521000969535734,167685244.128588,23.1865822960406,446470906.330599
25,-29.4,0.0521000969535734,167685244.128588,23.1865822960406,446470906.330599
25.1,-29.4,0.0521000969535734,167685244.128588,23.1865822960406,446470906.330599
25.2,-29.4,0.0521000969535734,167685244.128588,23.1865822960406,446470906.330599
25.3,-29.4,0.0521000969535734,167685244.128588,23.1865822960406,446470906.330599
25.4,-29.4,0.0485500082234464,44517688.7142371,22.3676423324573,118094760.836132
25.5,-29.4,0.0485500082234464,44517688.7142371,22.3676423324573,118094760.836132
25.6,-29.4,0.0485500082234464,44517688.7142371,22.3676423324573,118094760.836132
25.7,-29.4,0.0485500082234464,44517688.7142371,22.3676423324573,118094760.836132
25.8,-29.4,0.0485500082234464,44517688.7142371,22.3676423324573,118094760.836132
25.9,-29.4,0.0485500082234464,44517688.7142371,22.3676423324573,118094760.836132
26,-29.4,0.0454405080986387,13962778.4519147,21.703567864861,38559270.1431963
26.1,-29.4,0.0454405080986387,13962778.4519147,21.703567864861,38559270.1431963
26.2,-29.4,0.0454405080986387,13962778.4519147,21.703567864861,38559270.1431963
26.3,-29.4,0.0454405080986387,13962778.4519147,21.703567864861,38559270.1431963
26.4,-29.4,0.0454405080986387,13962778.4519147,21.703567864861,38559270.1431963
26.5,-29.4,0.0454405080986387,13962778.4519147,21.703567864861,38559270.1431963
26.6,-29.4,0.0413508212453202,3052295.74649275,20.9211816109146,9162089.8421875
26.7,-29.4,0.0413508212453202,3052295.74649275,20.9211816109146,9162089.8421875
26.8,-29.4,0.0413508212453202,3052295.74649275,20.9211816109146,9162089.8421875
26.9,-29.4,0.0413508212453202,3052295.74649275,20.9211816109146,9162089.8421875
27,-29.4,0.0413508212453202,3052295.74649275,20.9211816109146,9162089.8421875
27.1,-29.4,0.0413508212453202,3052295.74649275,20.9211816109146,9162089.8421875
27.2,-29.4,0.0348880710991185,278124.694486833,19.7950822656186,1001297.506612
27.3,-29.4,0.0348880710991185,278124.694486833,19.7950822656186,1001297.506612
27.4,-29.4,0.0348880710991185,278124.694486833,19.7950822656186,1001297.506612
27.5,-29.4,0.0348880710991185,278124.694486833,19.7950822656186,1001297.506612
27.6,-29.4,0.0348880710991185,278124.694486833,19.7950822656186,1001297.506612
27.7,-29.4,0.0348880710991185,278124.694486833,19.7950822656186,1001297.506612
27.8,-29.4,0.0348880710991185,278124.694486833,19.7950822656186,1001297.506612
27.9,-29.4,0.00928361910792357,22.3166912021058,15.6852124568555,709.862800556803
28,-29.4,0.00928361910792357,22.3166912021058,15.6852124568555,709.862800556803
28.1,-29.4,0.00928361910792357,22.3166912021058,15.6852124568555,709.862800556803
28.2,-29.4,0.00928361910792357,22.3166912021058,15.6852124568555,709.862800556803
28.3,-29.4,0.00928361910792357,22.3166912021058,15.6852124568555,709.862800556803
28.4,-29.4,0.00928361910792357,22.3166912021058,15.6852124568555,709.862800556803
28.5,-29.4,0.00655295567454971,8.19240476286171,15.3357777361839,365.086214290177
28.6,-29.4,0.00655295567454971,8.19240476286171,15.3357777361839,365.086214290177
28.7,-29.4,0.00655295567454971,8.19240476286171,15.3357777361839,365.086214290177
28.8,-29.4,0.00655295567454971,8.19240476286171,15.3357777361839,365.086214290177
28.9,-29.4,0.00655295567454971,8.19240476286171,15.3357777361839,365.086214290177
29,-29.4,0.00655295567454971,8.19240476286171,15.3357777361839,365.086214290177
29.1,-29.4,0.0145220066421939,152.810628712193,16.7137960618406,1852.38373002425
29.2,-29.4,0.0145220066421939,152.810628712193,16.7137960618406,1852.38373002425
29.3,-29.4,0.0145220066421939,152.810628712193,16.7137960618406,1852.38373002425
29.4,-29.4,0.0145220066421939,152.810628712193,16.7137960618406,1852.38373002425
29.5,-29.4,0.0145220066421939,152.810628712193,16.7137960618406,1852.38373002425
29.6,-29.4,0.0145220066421939,152.810628712193,16.7137960618406,1852.38373002425
29.7,-29.4,0.044946907512757,11486118.627026,21.3686263945688,39196719.3703408
29.8,-29.4,0.044946907512757,11486118.627026,21.3686263945688,39196719.3703408
29.9,-29.4,0.044946907512757,11486118.627026,21.3686263945688,39196719.3703408
30,-29.4,0.044946907512757,11486118.627026,21.3686263945688,39196719.3703408
30.1,-29.4,0.044946907512757,11486118.627026,21.3686263945688,39196719.3703408
30.2,-29.4,0.044946907512757,11486118.627026,21.3686263945688,39196719.3703408
30.3,-29.4,0.044946907512757,11486118.627026,21.3686263945688,39196719.3703408
30.4,-29.4,0.0570347231150382,1020061488.40678,23.3058051620638,3103360615.52473
30.5,-29.4,0.0570347231150382,1020061488.40678,23.3058051620638,3103360615.52473
30.6,-29.4,0.0570347231150382,1020061488.40678,23.3058051620638,3103360615.52473
30.7,-29.4,0.0570347231150382,1020061488.40678,23.3058051620638,3103360615.52473
30.8,-29.4,0.0570347231150382,1020061488.40678,23.3058051620638,3103360615.52473
30.9,-29.4,0.0570347231150382,1020061488.40678,23.3058051620638,3103360615.52473
31,-29.4,0.0634362589131866,10957474459.4154,24.3313194893563,34019169402.2423
31.1,-29.4,0.0634362589131866,10957474459.4154,24.3313194893563,34019169402.2423
31.2,-29.4,0.0634362589131866,10957474459.4154,24.3313194893563,34019169402.2423
31.3,-29.4,0.0634362589131866,10957474459.4154,24.3313194893563,34019169402.2423
16.9,-29.3,0.035630794013576,362175.451729242,19.984013975478,2872448.89644715
17,-29.3,0.035630794013576,362175.451729242,19.984013975478,2872448.89644715
17.1,-29.3,0.035630794013576,362175.451729242,19.984013975478,2872448.89644715
17.2,-29.3,0.0628114421943907,8903021155.38388,24.8355371310485,23524633274.6466
17.3,-29.3,0.0628114421943907,8903021155.38388,24.8355371310485,23524633274.6466
17.4,-29.3,0.0628114421943907,8903021155.38388,24.8355371310485,23524633274.6466
17.5,-29.3,0.0628114421943907,8903021155.38388,24.8355371310485,23524633274.6466
17.6,-29.3,0.0628114421943907,8903021155.38388,24.8355371310485,23524633274.6466
17.7,-29.3,0.0628114421943907,8903021155.38388,24.8355371310485,23524633274.6466
17.8,-29.3,0.0628114421943907,8903021155.38388,24.8355371310485,23524633274.6466
17.9,-29.3,0.0535497096803318,285293255.114746,23.2206695434123,767861852.706707
18,-29.3,0.0535497096803318,285293255.114746,23.2206695434123,767861852.706707
18.1,-29.3,0.0535497096803318,285293255.114746,23.2206695434123,767861852.706707
18.2,-29.3,0.0535497096803318,285293255.114746,23.2206695434123,767861852.706707
18.3,-29.3,0.0535497096803318,285293255.114746,23.2206695434123,767861852.706707
18.4,-29.3,0.0535497096803318,285293255.114746,23.2206695434123,767861852.706707
18.5,-29.3,0.0539101611629497,327836027.745754,23.4287076436635,873071338.517462
18.6,-29.3,0.0539101611629497,327836027.745754,23.4287076436635,873071338.517462
18.7,-29.3,0.0539101611629497,327836027.745754,23.4287076436635,873071338.517462
18.8,-29.3,0.0539101611629497,327836027.745754,23.4287076436635,873071338.517462
18.9,-29.3,0.0539101611629497,327836027.745754,23.4287076436635,873071338.517462
19,-29.3,0.0539101611629497,327836027.745754,23.4287076436635,873071338.517462
19.1,-29.3,0.0529399853601196,228291972.903248,23.2251308103604,605346826.450793
19.2,-29.3,0.0529399853601196,228291972.903248,23.2251308103604,605346826.450793
19.3,-29.3,0.0529399853601196,228291972.903248,23.2251308103604,605346826.450793
19.4,-29.3,0.0529399853601196,228291972.903248,23.2251308103604,605346826.450793
19.5,-29.3,0.0529399853601196,228291972.903248,23.2251308103604,605346826.450793
19.6,-29.3,0.0529399853601196,228291972.903248,23.2251308103604,605346826.450793
19.7,-29.3,0.0547183741361988,446956281.80519,23.863785877634,1235148072.33808
19.8,-29.3,0.0547183741361988,446956281.80519,23.863785877634,1235148072.33808
19.9,-29.3,0.0547183741361988,446956281.80519,23.863785877634,1235148072.33808
20,-29.3,0.0547183741361988,446956281.80519,23.863785877634,1235148072.33808
20.1,-29.3,0.0547183741361988,446956281.80519,23.863785877634,1235148072.33808
20.2,-29.3,0.0547183741361988,446956281.80519,23.863785877634,1235148072.33808
20.3,-29.3,0.0547183741361988,446956281.80519,23.863785877634,1235148072.33808
20.4,-29.3,0.0550477067567865,512817871.490285,24.3994288165831,1636609102.59956
20.5,-29.3,0.0550477067567865,512817871.490285,24.3994288165831,1636609102.59956
20.6,-29.3,0.0550477067567865,512817871.490285,24.3994288165831,1636609102.59956
20.7,-29.3,0.0550477067567865,512817871.490285,24.3994288165831,1636609102.59956
20.8,-29.3,0.0550477067567865,512817871.490285,24.3994288165831,1636609102.59956
20.9,-29.3,0.0550477067567865,512817871.490285,24.3994288165831,1636609102.59956
21,-29.3,0.055022586134025,511000589.29027,24.5909875077744,1749518175.78775
21.1,-29.3,0.055022586134025,511000589.29027,24.5909875077744,1749518175.78775
21.2,-29.3,0.055022586134025,511000589.29027,24.5909875077744,1749518175.78775
21.3,-29.3,0.055022586134025,511000589.29027,24.5909875077744,1749518175.78775
21.4,-29.3,0.055022586134025,511000589.29027,24.5909875077744,1749518175.78775
21.5,-29.3,0.055022586134025,511000589.29027,24.5909875077744,1749518175.78775
21.6,-29.3,0.0543411187508662,391823032.93294,24.0629597207703,1185960995.82584
21.7,-29.3,0.0543411187508662,391823032.93294,24.0629597207703,1185960995.82584
21.8,-29.3,0.0543411187508662,391823032.93294,24.0629597207703,1185960995.82584
21.9,-29.3,0.0543411187508662,391823032.93294,24.0629597207703,1185960995.82584
22,-29.3,0.0543411187508662,391823032.93294,24.0629597207703,1185960995.82584
22.1,-29.3,0.0543411187508662,391823032.93294,24.0629597207703,1185960995.82584
22.2,-29.3,0.0546917998401014,447484470.422151,24.2066505109149,1406233908.42021
22.3,-29.3,0.0546917998401014,447484470.422151,24.2066505109149,1406233908.42021
22.4,-29.3,0.0546917998401014,447484470.422151,24.2066505109149,1406233908.42021
22.5,-29.3,0.0546917998401014,447484470.422151,24.2066505109149,1406233908.42021
22.6,-29.3,0.0547437066094265,456322815.157674,24.2246313842858,1438011213.30897
22.7,-29.3,0.0547437066094265,456322815.157674,24.2246313842858,1438011213.30897
22.8,-29.3,0.0547437066094265,456322815.157674,24.2246313842858,1438011213.30897
22.9,-29.3,0.0551955576727421,544352771.991648,24.5824033521855,1918617550.80132
23,-29.3,0.0551955576727421,544352771.991648,24.5824033521855,1918617550.80132
23.1,-29.3,0.0551955576727421,544352771.991648,24.5824033521855,1918617550.80132
23.2,-29.3,0.0551955576727421,544352771.991648,24.5824033521855,1918617550.80132
23.3,-29.3,0.0551955576727421,544352771.991648,24.5824033521855,1918617550.80132
23.4,-29.3,0.0551955576727421,544352771.991648,24.5824033521855,1918617550.80132
23.5,-29.3,0.0548191149897828,470323982.124509,24.3082683412456,1546863951.57376
23.6,-29.3,0.0548191149897828,470323982.124509,24.3082683412456,1546863951.57376
23.7,-29.3,0.0548191149897828,470323982.124509,24.3082683412456,1546863951.57376
23.8,-29.3,0.0548191149897828,470323982.124509,24.3082683412456,1546863951.57376
23.9,-29.3,0.0548191149897828,470323982.124509,24.3082683412456,1546863951.57376
24,-29.3,0.0548191149897828,470323982.124509,24.3082683412456,1546863951.57376
24.1,-29.3,0.0542189228107778,372408537.678136,23.8717567291657,1107270628.23908
24.2,-29.3,0.0542189228107778,372408537.678136,23.8717567291657,1107270628.23908
24.3,-29.3,0.0542189228107778,372408537.678136,23.8717567291657,1107270628.23908
24.4,-29.3,0.0542189228107778,372408537.678136,23.8717567291657,1107270628.23908
24.5,-29.3,0.0542189228107778,372408537.678136,23.8717567291657,1107270628.23908
24.6,-29.3,0.0542189228107778,372408537.678136,23.8717567291657,1107270628.23908
24.7,-29.3,0.0521000969535734,167685244.128588,23.1865822960406,446470906.330599
24.8,-29.3,0.0521000969535734,167685244.128588,23.1865822960406,446470906.330599
24.9,-29.3,0.0521000969535734,167685244.128588,23.1865822960406,446470906.330599
25,-29.3,0.0521000969535734,167685244.128588,23.1865822960406,446470906.330599
25.1,-29.3,0.0521000969535734,167685244.128588,23.1865822960406,446470906.330599
25.2,-29.3,0.0521000969535734,167685244.128588,23.1865822960406,446470906.330599
25.3,-29.3,0.0521000969535734,167685244.128588,23.1865822960406,446470906.330599
25.4,-29.3,0.0485500082234464,44517688.7142371,22.3676423324573,118094760.836132
25.5,-29.3,0.0485500082234464,44517688.7142371,22.3676423324573,118094760.836132
25.6,-29.3,0.0485500082234464,44517688.7142371,22.3676423324573,118094760.836132
25.7,-29.3,0.0485500082234464,44517688.7142371,22.3676423324573,118094760.836132
25.8,-29.3,0.0485500082234464,44517688.7142371,22.3676423324573,118094760.836132
25.9,-29.3,0.0485500082234464,44517688.7142371,22.3676423324573,118094760.836132
26,-29.3,0.0454405080986387,13962778.4519147,21.703567864861,38559270.1431963
26.1,-29.3,0.0454405080986387,13962778.4519147,21.703567864861,38559270.1431963
26.2,-29.3,0.0454405080986387,13962778.4519147,21.703567864861,38559270.1431963
26.3,-29.3,0.0454405080986387,13962778.4519147,21.703567864861,38559270.1431963
26.4,-29.3,0.0454405080986387,13962778.4519147,21.703567864861,38559270.1431963
26.5,-29.3,0.0454405080986387,13962778.4519147,21.703567864861,38559270.1431963
26.6,-29.3,0.0413508212453202,3052295.74649275,20.9211816109146,9162089.8421875
26.7,-29.3,0.0413508212453202,3052295.74649275,20.9211816109146,9162089.8421875
26.8,-29.3,0.0413508212453202,3052295.74649275,20.9211816109146,9162089.8421875
26.9,-29.3,0.0413508212453202,3052295.74649275,20.9211816109146,9162089.8421875
27,-29.3,0.0413508212453202,3052295.74649275,20.9211816109146,9162089.8421875
27.1,-29.3,0.0413508212453202,3052295.74649275,20.9211816109146,9162089.8421875
27.2,-29.3,0.0348880710991185,278124.694486833,19.7950822656186,1001297.506612
27.3,-29.3,0.0348880710991185,278124.694486833,19.7950822656186,1001297.506612
27.4,-29.3,0.0348880710991185,278124.694486833,19.7950822656186,1001297.506612
27.5,-29.3,0.0348880710991185,278124.694486833,19.7950822656186,1001297.506612
27.6,-29.3,0.0348880710991185,278124.694486833,19.7950822656186,1001297.506612
27.7,-29.3,0.0348880710991185,278124.694486833,19.7950822656186,1001297.506612
27.8,-29.3,0.0348880710991185,278124.694486833,19.7950822656186,1001297.506612
27.9,-29.3,0.00928361910792357,22.3166912021058,15.6852124568555,709.862800556803
28,-29.3,0.00928361910792357,22.3166912021058,15.6852124568555,709.862800556803
28.1,-29.3,0.00928361910792357,22.3166912021058,15.6852124568555,709.862800556803
28.2,-29.3,0.00928361910792357,22.3166912021058,15.6852124568555,709.862800556803
28.3,-29.3,0.00928361910792357,22.3166912021058,15.6852124568555,709.862800556803
28.4,-29.3,0.00928361910792357,22.3166912021058,15.6852124568555,709.862800556803
28.5,-29.3,0.00655295567454971,8.19240476286171,15.3357777361839,365.086214290177
28.6,-29.3,0.00655295567454971,8.19240476286171,15.3357777361839,365.086214290177
28.7,-29.3,0.00655295567454971,8.19240476286171,15.3357777361839,365.086214290177
28.8,-29.3,0.00655295567454971,8.19240476286171,15.3357777361839,365.086214290177
28.9,-29.3,0.00655295567454971,8.19240476286171,15.3357777361839,365.086214290177
29,-29.3,0.00655295567454971,8.19240476286171,15.3357777361839,365.086214290177
29.1,-29.3,0.0145220066421939,152.810628712193,16.7137960618406,1852.38373002425
29.2,-29.3,0.0145220066421939,152.810628712193,16.7137960618406,1852.38373002425
29.3,-29.3,0.0145220066421939,152.810628712193,16.7137960618406,1852.38373002425
29.4,-29.3,0.0145220066421939,152.810628712193,16.7137960618406,1852.38373002425
29.5,-29.3,0.0145220066421939,152.810628712193,16.7137960618406,1852.38373002425
29.6,-29.3,0.0145220066421939,152.810628712193,16.7137960618406,1852.38373002425
29.7,-29.3,0.044946907512757,11486118.627026,21.3686263945688,39196719.3703408
29.8,-29.3,0.044946907512757,11486118.627026,21.3686263945688,39196719.3703408
29.9,-29.3,0.044946907512757,11486118.627026,21.3686263945688,39196719.3703408
30,-29.3,0.044946907512757,11486118.627026,21.3686263945688,39196719.3703408
30.1,-29.3,0.044946907512757,11486118.627026,21.3686263945688,39196719.3703408
30.2,-29.3,0.044946907512757,11486118.627026,21.3686263945688,39196719.3703408
30.3,-29.3,0.044946907512757,11486118.627026,21.3686263945688,39196719.3703408
30.4,-29.3,0.0570347231150382,1020061488.40678,23.3058051620638,3103360615.52473
30.5,-29.3,0.0570347231150382,1020061488.40678,23.3058051620638,3103360615.52473
30.6,-29.3,0.0570347231150382,1020061488.40678,23.3058051620638,3103360615.52473
30.7,-29.3,0.0570347231150382,1020061488.40678,23.3058051620638,3103360615.52473
30.8,-29.3,0.0570347231150382,1020061488.40678,23.3058051620638,3103360615.52473
30.9,-29.3,0.0570347231150382,1020061488.40678,23.3058051620638,3103360615.52473
31,-29.3,0.0634362589131866,10957474459.4154,24.3313194893563,34019169402.2423
31.1,-29.3,0.0634362589131866,10957474459.4154,24.3313194893563,34019169402.2423
31.2,-29.3,0.0634362589131866,10957474459.4154,24.3313194893563,34019169402.2423
31.3,-29.3,0.0634362589131866,10957474459.4154,24.3313194893563,34019169402.2423
31.4,-29.3,0.0634362589131866,10957474459.4154,24.3313194893563,34019169402.2423
16.9,-29.2,0.055083710242507,491403044.017334,22.9333030680137,1791282009.95316
17,-29.2,0.055083710242507,491403044.017334,22.9333030680137,1791282009.95316
17.1,-29.2,0.055083710242507,491403044.017334,22.9333030680137,1791282009.95316
17.2,-29.2,0.0634330644434904,11315167400.354,25.2426485009304,29501287550.6728
17.3,-29.2,0.0634330644434904,11315167400.354,25.2426485009304,29501287550.6728
17.4,-29.2,0.0634330644434904,11315167400.354,25.2426485009304,29501287550.6728
17.5,-29.2,0.0634330644434904,11315167400.354,25.2426485009304,29501287550.6728
17.6,-29.2,0.0634330644434904,11315167400.354,25.2426485009304,29501287550.6728
17.7,-29.2,0.0634330644434904,11315167400.354,25.2426485009304,29501287550.6728
17.8,-29.2,0.0634330644434904,11315167400.354,25.2426485009304,29501287550.6728
17.9,-29.2,0.0596069772224505,2752707115.95611,24.7880838937171,7546565524.75431
18,-29.2,0.0596069772224505,2752707115.95611,24.7880838937171,7546565524.75431
18.1,-29.2,0.0596069772224505,2752707115.95611,24.7880838937171,7546565524.75431
18.2,-29.2,0.0596069772224505,2752707115.95611,24.7880838937171,7546565524.75431
18.3,-29.2,0.0596069772224505,2752707115.95611,24.7880838937171,7546565524.75431
18.4,-29.2,0.0596069772224505,2752707115.95611,24.7880838937171,7546565524.75431
18.5,-29.2,0.0581415425368068,1633090038.99742,25.39957242562,5536814250.95968
18.6,-29.2,0.0581415425368068,1633090038.99742,25.39957242562,5536814250.95968
18.7,-29.2,0.0581415425368068,1633090038.99742,25.39957242562,5536814250.95968
18.8,-29.2,0.0581415425368068,1633090038.99742,25.39957242562,5536814250.95968
18.9,-29.2,0.0581415425368068,1633090038.99742,25.39957242562,5536814250.95968
19,-29.2,0.0581415425368068,1633090038.99742,25.39957242562,5536814250.95968
19.1,-29.2,0.0570184850680715,1077269797.77309,25.1547221314083,3679444271.85427
19.2,-29.2,0.0570184850680715,1077269797.77309,25.1547221314083,3679444271.85427
19.3,-29.2,0.0570184850680715,1077269797.77309,25.1547221314083,3679444271.85427
19.4,-29.2,0.0570184850680715,1077269797.77309,25.1547221314083,3679444271.85427
19.5,-29.2,0.0570184850680715,1077269797.77309,25.1547221314083,3679444271.85427
19.6,-29.2,0.0570184850680715,1077269797.77309,25.1547221314083,3679444271.85427
19.7,-29.2,0.0556799408994918,645101909.083855,24.3383660780136,1917918402.49689
19.8,-29.2,0.0556799408994918,645101909.083855,24.3383660780136,1917918402.49689
19.9,-29.2,0.0556799408994918,645101909.083855,24.3383660780136,1917918402.49689
20,-29.2,0.0556799408994918,645101909.083855,24.3383660780136,1917918402.49689
20.1,-29.2,0.0556799408994918,645101909.083855,24.3383660780136,1917918402.49689
20.2,-29.2,0.0556799408994918,645101909.083855,24.3383660780136,1917918402.49689
20.3,-29.2,0.0556799408994918,645101909.083855,24.3383660780136,1917918402.49689
20.4,-29.2,0.055201553360775,551106731.231106,25.0139759664267,2105730227.85726
20.5,-29.2,0.055201553360775,551106731.231106,25.0139759664267,2105730227.85726
20.6,-29.2,0.055201553360775,551106731.231106,25.0139759664267,2105730227.85726
20.7,-29.2,0.055201553360775,551106731.231106,25.0139759664267,2105730227.85726
20.8,-29.2,0.055201553360775,551106731.231106,25.0139759664267,2105730227.85726
20.9,-29.2,0.055201553360775,551106731.231106,25.0139759664267,2105730227.85726
21,-29.2,0.055348296702257,581219768.904958,24.9681909616326,2198467833.16045
21.1,-29.2,0.055348296702257,581219768.904958,24.9681909616326,2198467833.16045
21.2,-29.2,0.055348296702257,581219768.904958,24.9681909616326,2198467833.16045
21.3,-29.2,0.055348296702257,581219768.904958,24.9681909616326,2198467833.16045
21.4,-29.2,0.055348296702257,581219768.904958,24.9681909616326,2198467833.16045
21.5,-29.2,0.055348296702257,581219768.904958,24.9681909616326,2198467833.16045
21.6,-29.2,0.0551805573278129,545493504.833935,24.8549721130622,2042303335.75315
21.7,-29.2,0.0551805573278129,545493504.833935,24.8549721130622,2042303335.75315
21.8,-29.2,0.0551805573278129,545493504.833935,24.8549721130622,2042303335.75315
21.9,-29.2,0.0551805573278129,545493504.833935,24.8549721130622,2042303335.75315
22,-29.2,0.0551805573278129,545493504.833935,24.8549721130622,2042303335.75315
22.1,-29.2,0.0551805573278129,545493504.833935,24.8549721130622,2042303335.75315
22.2,-29.2,0.0558841229348884,701343719.406236,24.6285307739937,2359932585.1813
22.3,-29.2,0.0558841229348884,701343719.406236,24.6285307739937,2359932585.1813
22.4,-29.2,0.0558841229348884,701343719.406236,24.6285307739937,2359932585.1813
22.5,-29.2,0.0558841229348884,701343719.406236,24.6285307739937,2359932585.1813
22.6,-29.2,0.0559283852265161,713214312.445569,24.6478575833914,2408875313.10201
22.7,-29.2,0.0559283852265161,713214312.445569,24.6478575833914,2408875313.10201
22.8,-29.2,0.0559283852265161,713214312.445569,24.6478575833914,2408875313.10201
22.9,-29.2,0.0555590292710326,611469555.36116,24.0493839101835,1742121044.96631
23,-29.2,0.0555590292710326,611469555.36116,24.0493839101835,1742121044.96631
23.1,-29.2,0.0555590292710326,611469555.36116,24.0493839101835,1742121044.96631
23.2,-29.2,0.0555590292710326,611469555.36116,24.0493839101835,1742121044.96631
23.3,-29.2,0.0555590292710326,611469555.36116,24.0493839101835,1742121044.96631
23.4,-29.2,0.0555590292710326,611469555.36116,24.0493839101835,1742121044.96631
23.5,-29.2,0.0558424961935893,701120076.214554,25.2213179861341,3079850574.4598
23.6,-29.2,0.0558424961935893,701120076.214554,25.2213179861341,3079850574.4598
23.7,-29.2,0.0558424961935893,701120076.214554,25.2213179861341,3079850574.4598
23.8,-29.2,0.0558424961935893,701120076.214554,25.2213179861341,3079850574.4598
23.9,-29.2,0.0558424961935893,701120076.214554,25.2213179861341,3079850574.4598
24,-29.2,0.0558424961935893,701120076.214554,25.2213179861341,3079850574.4598
24.1,-29.2,0.0559236892908647,711923334.845971,24.6451746343157,2565978155.61253
24.2,-29.2,0.0559236892908647,711923334.845971,24.6451746343157,2565978155.61253
24.3,-29.2,0.0559236892908647,711923334.845971,24.6451746343157,2565978155.61253
24.4,-29.2,0.0559236892908647,711923334.845971,24.6451746343157,2565978155.61253
24.5,-29.2,0.0559236892908647,711923334.845971,24.6451746343157,2565978155.61253
24.6,-29.2,0.0559236892908647,711923334.845971,24.6451746343157,2565978155.61253
24.7,-29.2,0.0550863698669023,512885041.469118,23.9553000725521,1465519768.31639
24.8,-29.2,0.0550863698669023,512885041.469118,23.9553000725521,1465519768.31639
24.9,-29.2,0.0550863698669023,512885041.469118,23.9553000725521,1465519768.31639
25,-29.2,0.0550863698669023,512885041.469118,23.9553000725521,1465519768.31639
25.1,-29.2,0.0550863698669023,512885041.469118,23.9553000725521,1465519768.31639
25.2,-29.2,0.0550863698669023,512885041.469118,23.9553000725521,1465519768.31639
25.3,-29.2,0.0550863698669023,512885041.469118,23.9553000725521,1465519768.31639
25.4,-29.2,0.0532238769083486,254555069.595163,23.3736257097218,676740003.763885
25.5,-29.2,0.0532238769083486,254555069.595163,23.3736257097218,676740003.763885
25.6,-29.2,0.0532238769083486,254555069.595163,23.3736257097218,676740003.763885
25.7,-29.2,0.0532238769083486,254555069.595163,23.3736257097218,676740003.763885
25.8,-29.2,0.0532238769083486,254555069.595163,23.3736257097218,676740003.763885
25.9,-29.2,0.0532238769083486,254555069.595163,23.3736257097218,676740003.763885
26,-29.2,0.049779906878421,70229259.1045424,22.5524723981001,186716191.558287
26.1,-29.2,0.049779906878421,70229259.1045424,22.5524723981001,186716191.558287
26.2,-29.2,0.049779906878421,70229259.1045424,22.5524723981001,186716191.558287
26.3,-29.2,0.049779906878421,70229259.1045424,22.5524723981001,186716191.558287
26.4,-29.2,0.049779906878421,70229259.1045424,22.5524723981001,186716191.558287
26.5,-29.2,0.049779906878421,70229259.1045424,22.5524723981001,186716191.558287
26.6,-29.2,0.0462766755400835,19019464.2610632,21.8159211906379,52901203.6527577
26.7,-29.2,0.0462766755400835,19019464.2610632,21.8159211906379,52901203.6527577
26.8,-29.2,0.0462766755400835,19019464.2610632,21.8159211906379,52901203.6527577
26.9,-29.2,0.0462766755400835,19019464.2610632,21.8159211906379,52901203.6527577
27,-29.2,0.0462766755400835,19019464.2610632,21.8159211906379,52901203.6527577
27.1,-29.2,0.0462766755400835,19019464.2610632,21.8159211906379,52901203.6527577
27.2,-29.2,0.0411800537088015,2858999.96271453,20.8595592371731,8904640.18838227
27.3,-29.2,0.0411800537088015,2858999.96271453,20.8595592371731,8904640.18838227
27.4,-29.2,0.0411800537088015,2858999.96271453,20.8595592371731,8904640.18838227
27.5,-29.2,0.0411800537088015,2858999.96271453,20.8595592371731,8904640.18838227
27.6,-29.2,0.0411800537088015,2858999.96271453,20.8595592371731,8904640.18838227
27.7,-29.2,0.0411800537088015,2858999.96271453,20.8595592371731,8904640.18838227
27.8,-29.2,0.0411800537088015,2858999.96271453,20.8595592371731,8904640.18838227
27.9,-29.2,0.0293912344408122,36436.6079578942,18.9081355295045,167471.32078085
28,-29.2,0.0293912344408122,36436.6079578942,18.9081355295045,167471.32078085
28.1,-29.2,0.0293912344408122,36436.6079578942,18.9081355295045,167471.32078085
28.2,-29.2,0.0293912344408122,36436.6079578942,18.9081355295045,167471.32078085
28.3,-29.2,0.0293912344408122,36436.6079578942,18.9081355295045,167471.32078085
28.4,-29.2,0.0293912344408122,36436.6079578942,18.9081355295045,167471.32078085
28.5,-29.2,0.000105792268415606,0.770415717069924,14.247412031476,139.149244854133
28.6,-29.2,0.000105792268415606,0.770415717069924,14.247412031476,139.149244854133
28.7,-29.2,0.000105792268415606,0.770415717069924,14.247412031476,139.149244854133
28.8,-29.2,0.000105792268415606,0.770415717069924,14.247412031476,139.149244854133
28.9,-29.2,0.000105792268415606,0.770415717069924,14.247412031476,139.149244854133
29,-29.2,0.000105792268415606,0.770415717069924,14.247412031476,139.149244854133
29.1,-29.2,0.0316187597608922,82804.4652909212,19.3177912694822,369651.383077222
29.2,-29.2,0.0316187597608922,82804.4652909212,19.3177912694822,369651.383077222
29.3,-29.2,0.0316187597608922,82804.4652909212,19.3177912694822,369651.383077222
29.4,-29.2,0.0316187597608922,82804.4652909212,19.3177912694822,369651.383077222
29.5,-29.2,0.0316187597608922,82804.4652909212,19.3177912694822,369651.383077222
29.6,-29.2,0.0316187597608922,82804.4652909212,19.3177912694822,369651.383077222
29.7,-29.2,0.0518967293597547,151801657.629947,22.5551141253973,445969917.891456
29.8,-29.2,0.0518967293597547,151801657.629947,22.5551141253973,445969917.891456
29.9,-29.2,0.0518967293597547,151801657.629947,22.5551141253973,445969917.891456
30,-29.2,0.0518967293597547,151801657.629947,22.5551141253973,445969917.891456
30.1,-29.2,0.0518967293597547,151801657.629947,22.5551141253973,445969917.891456
30.2,-29.2,0.0518967293597547,151801657.629947,22.5551141253973,445969917.891456
30.3,-29.2,0.0518967293597547,151801657.629947,22.5551141253973,445969917.891456
30.4,-29.2,0.0585511834886864,1804878151.55728,23.7205223783678,5052043169.75751
30.5,-29.2,0.0585511834886864,1804878151.55728,23.7205223783678,5052043169.75751
30.6,-29.2,0.0585511834886864,1804878151.55728,23.7205223783678,5052043169.75751
30.7,-29.2,0.0585511834886864,1804878151.55728,23.7205223783678,5052043169.75751
30.8,-29.2,0.0585511834886864,1804878151.55728,23.7205223783678,5052043169.75751
30.9,-29.2,0.0585511834886864,1804878151.55728,23.7205223783678,5052043169.75751
31,-29.2,0.0675386801033591,51387367487.4131,25.6261073997239,146692899946.981
31.1,-29.2,0.0675386801033591,51387367487.4131,25.6261073997239,146692899946.981
31.2,-29.2,0.0675386801033591,51387367487.4131,25.6261073997239,146692899946.981
31.3,-29.2,0.0675386801033591,51387367487.4131,25.6261073997239,146692899946.981
31.4,-29.2,0.0675386801033591,51387367487.4131,25.6261073997239,146692899946.981
31.5,-29.2,0.0675386801033591,51387367487.4131,25.6261073997239,146692899946.981
16.8,-29.1,0.055083710242507,491403044.017334,22.9333030680137,1791282009.95316
16.9,-29.1,0.055083710242507,491403044.017334,22.9333030680137,1791282009.95316
17,-29.1,0.055083710242507,491403044.017334,22.9333030680137,1791282009.95316
17.1,-29.1,0.055083710242507,491403044.017334,22.9333030680137,1791282009.95316
17.2,-29.1,0.0634330644434904,11315167400.354,25.2426485009304,29501287550.6728
17.3,-29.1,0.0634330644434904,11315167400.354,25.2426485009304,29501287550.6728
17.4,-29.1,0.0634330644434904,11315167400.354,25.2426485009304,29501287550.6728
17.5,-29.1,0.0634330644434904,11315167400.354,25.2426485009304,29501287550.6728
17.6,-29.1,0.0634330644434904,11315167400.354,25.2426485009304,29501287550.6728
17.7,-29.1,0.0634330644434904,11315167400.354,25.2426485009304,29501287550.6728
17.8,-29.1,0.0634330644434904,11315167400.354,25.2426485009304,29501287550.6728
17.9,-29.1,0.0596069772224505,2752707115.95611,24.7880838937171,7546565524.75431
18,-29.1,0.0596069772224505,2752707115.95611,24.7880838937171,7546565524.75431
18.1,-29.1,0.0596069772224505,2752707115.95611,24.7880838937171,7546565524.75431
18.2,-29.1,0.0596069772224505,2752707115.95611,24.7880838937171,7546565524.75431
18.3,-29.1,0.0596069772224505,2752707115.95611,24.7880838937171,7546565524.75431
18.4,-29.1,0.0596069772224505,2752707115.95611,24.7880838937171,7546565524.75431
18.5,-29.1,0.0581415425368068,1633090038.99742,25.39957242562,5536814250.95968
18.6,-29.1,0.0581415425368068,1633090038.99742,25.39957242562,5536814250.95968
18.7,-29.1,0.0581415425368068,1633090038.99742,25.39957242562,5536814250.95968
18.8,-29.1,0.0581415425368068,1633090038.99742,25.39957242562,5536814250.95968
18.9,-29.1,0.0581415425368068,1633090038.99742,25.39957242562,5536814250.95968
19,-29.1,0.0581415425368068,1633090038.99742,25.39957242562,5536814250.95968
19.1,-29.1,0.0570184850680715,1077269797.77309,25.1547221314083,3679444271.85427
19.2,-29.1,0.0570184850680715,1077269797.77309,25.1547221314083,3679444271.85427
19.3,-29.1,0.0570184850680715,1077269797.77309,25.1547221314083,3679444271.85427
19.4,-29.1,0.0570184850680715,1077269797.77309,25.1547221314083,3679444271.85427
19.5,-29.1,0.0570184850680715,1077269797.77309,25.1547221314083,3679444271.85427
19.6,-29.1,0.0570184850680715,1077269797.77309,25.1547221314083,3679444271.85427
19.7,-29.1,0.0556799408994918,645101909.083855,24.3383660780136,1917918402.49689
19.8,-29.1,0.0556799408994918,645101909.083855,24.3383660780136,1917918402.49689
19.9,-29.1,0.0556799408994918,645101909.083855,24.3383660780136,1917918402.49689
20,-29.1,0.0556799408994918,645101909.083855,24.3383660780136,1917918402.49689
20.1,-29.1,0.0556799408994918,645101909.083855,24.3383660780136,1917918402.49689
20.2,-29.1,0.0556799408994918,645101909.083855,24.3383660780136,1917918402.49689
20.3,-29.1,0.0556799408994918,645101909.083855,24.3383660780136,1917918402.49689
20.4,-29.1,0.055201553360775,551106731.231106,25.0139759664267,2105730227.85726
20.5,-29.1,0.055201553360775,551106731.231106,25.0139759664267,2105730227.85726
20.6,-29.1,0.055201553360775,551106731.231106,25.0139759664267,2105730227.85726
20.7,-29.1,0.055201553360775,551106731.231106,25.0139759664267,2105730227.85726
20.8,-29.1,0.055201553360775,551106731.231106,25.0139759664267,2105730227.85726
20.9,-29.1,0.055201553360775,551106731.231106,25.0139759664267,2105730227.85726
21,-29.1,0.055348296702257,581219768.904958,24.9681909616326,2198467833.16045
21.1,-29.1,0.055348296702257,581219768.904958,24.9681909616326,2198467833.16045
21.2,-29.1,0.055348296702257,581219768.904958,24.9681909616326,2198467833.16045
21.3,-29.1,0.055348296702257,581219768.904958,24.9681909616326,2198467833.16045
21.4,-29.1,0.055348296702257,581219768.904958,24.9681909616326,2198467833.16045
21.5,-29.1,0.055348296702257,581219768.904958,24.9681909616326,2198467833.16045
21.6,-29.1,0.0551805573278129,545493504.833935,24.8549721130622,2042303335.75315
21.7,-29.1,0.0551805573278129,545493504.833935,24.8549721130622,2042303335.75315
21.8,-29.1,0.0551805573278129,545493504.833935,24.8549721130622,2042303335.75315
21.9,-29.1,0.0551805573278129,545493504.833935,24.8549721130622,2042303335.75315
22,-29.1,0.0551805573278129,545493504.833935,24.8549721130622,2042303335.75315
22.1,-29.1,0.0551805573278129,545493504.833935,24.8549721130622,2042303335.75315
22.2,-29.1,0.0558841229348884,701343719.406236,24.6285307739937,2359932585.1813
22.3,-29.1,0.0558841229348884,701343719.406236,24.6285307739937,2359932585.1813
22.4,-29.1,0.0558841229348884,701343719.406236,24.6285307739937,2359932585.1813
22.5,-29.1,0.0558841229348884,701343719.406236,24.6285307739937,2359932585.1813
22.6,-29.1,0.0559283852265161,713214312.445569,24.6478575833914,2408875313.10201
22.7,-29.1,0.0559283852265161,713214312.445569,24.6478575833914,2408875313.10201
22.8,-29.1,0.0559283852265161,713214312.445569,24.6478575833914,2408875313.10201
22.9,-29.1,0.0555590292710326,611469555.36116,24.0493839101835,1742121044.96631
23,-29.1,0.0555590292710326,611469555.36116,24.0493839101835,1742121044.96631
23.1,-29.1,0.0555590292710326,611469555.36116,24.0493839101835,1742121044.96631
23.2,-29.1,0.0555590292710326,611469555.36116,24.0493839101835,1742121044.96631
23.3,-29.1,0.0555590292710326,611469555.36116,24.0493839101835,1742121044.96631
23.4,-29.1,0.0555590292710326,611469555.36116,24.0493839101835,1742121044.96631
23.5,-29.1,0.0558424961935893,701120076.214554,25.2213179861341,3079850574.4598
23.6,-29.1,0.0558424961935893,701120076.214554,25.2213179861341,3079850574.4598
23.7,-29.1,0.0558424961935893,701120076.214554,25.2213179861341,3079850574.4598
23.8,-29.1,0.0558424961935893,701120076.214554,25.2213179861341,3079850574.4598
23.9,-29.1,0.0558424961935893,701120076.214554,25.2213179861341,3079850574.4598
24,-29.1,0.0558424961935893,701120076.214554,25.2213179861341,3079850574.4598
24.1,-29.1,0.0559236892908647,711923334.845971,24.6451746343157,2565978155.61253
24.2,-29.1,0.0559236892908647,711923334.845971,24.6451746343157,2565978155.61253
24.3,-29.1,0.0559236892908647,711923334.845971,24.6451746343157,2565978155.61253
24.4,-29.1,0.0559236892908647,711923334.845971,24.6451746343157,2565978155.61253
24.5,-29.1,0.0559236892908647,711923334.845971,24.6451746343157,2565978155.61253
24.6,-29.1,0.0559236892908647,711923334.845971,24.6451746343157,2565978155.61253
24.7,-29.1,0.0550863698669023,512885041.469118,23.9553000725521,1465519768.31639
24.8,-29.1,0.0550863698669023,512885041.469118,23.9553000725521,1465519768.31639
24.9,-29.1,0.0550863698669023,512885041.469118,23.9553000725521,1465519768.31639
25,-29.1,0.0550863698669023,512885041.469118,23.9553000725521,1465519768.31639
25.1,-29.1,0.0550863698669023,512885041.469118,23.9553000725521,1465519768.31639
25.2,-29.1,0.0550863698669023,512885041.469118,23.9553000725521,1465519768.31639
25.3,-29.1,0.0550863698669023,512885041.469118,23.9553000725521,1465519768.31639
25.4,-29.1,0.0532238769083486,254555069.595163,23.3736257097218,676740003.763885
25.5,-29.1,0.0532238769083486,254555069.595163,23.3736257097218,676740003.763885
25.6,-29.1,0.0532238769083486,254555069.595163,23.3736257097218,676740003.763885
25.7,-29.1,0.0532238769083486,254555069.595163,23.3736257097218,676740003.763885
25.8,-29.1,0.0532238769083486,254555069.595163,23.3736257097218,676740003.763885
25.9,-29.1,0.0532238769083486,254555069.595163,23.3736257097218,676740003.763885
26,-29.1,0.049779906878421,70229259.1045424,22.5524723981001,186716191.558287
26.1,-29.1,0.049779906878421,70229259.1045424,22.5524723981001,186716191.558287
26.2,-29.1,0.049779906878421,70229259.1045424,22.5524723981001,186716191.558287
26.3,-29.1,0.049779906878421,70229259.1045424,22.5524723981001,186716191.558287
26.4,-29.1,0.049779906878421,70229259.1045424,22.5524723981001,186716191.558287
26.5,-29.1,0.049779906878421,70229259.1045424,22.5524723981001,186716191.558287
26.6,-29.1,0.0462766755400835,19019464.2610632,21.8159211906379,52901203.6527577
26.7,-29.1,0.0462766755400835,19019464.2610632,21.8159211906379,52901203.6527577
26.8,-29.1,0.0462766755400835,19019464.2610632,21.8159211906379,52901203.6527577
26.9,-29.1,0.0462766755400835,19019464.2610632,21.8159211906379,52901203.6527577
27,-29.1,0.0462766755400835,19019464.2610632,21.8159211906379,52901203.6527577
27.1,-29.1,0.0462766755400835,19019464.2610632,21.8159211906379,52901203.6527577
27.2,-29.1,0.0411800537088015,2858999.96271453,20.8595592371731,8904640.18838227
27.3,-29.1,0.0411800537088015,2858999.96271453,20.8595592371731,8904640.18838227
27.4,-29.1,0.0411800537088015,2858999.96271453,20.8595592371731,8904640.18838227
27.5,-29.1,0.0411800537088015,2858999.96271453,20.8595592371731,8904640.18838227
27.6,-29.1,0.0411800537088015,2858999.96271453,20.8595592371731,8904640.18838227
27.7,-29.1,0.0411800537088015,2858999.96271453,20.8595592371731,8904640.18838227
27.8,-29.1,0.0411800537088015,2858999.96271453,20.8595592371731,8904640.18838227
27.9,-29.1,0.0293912344408122,36436.6079578942,18.9081355295045,167471.32078085
28,-29.1,0.0293912344408122,36436.6079578942,18.9081355295045,167471.32078085
28.1,-29.1,0.0293912344408122,36436.6079578942,18.9081355295045,167471.32078085
28.2,-29.1,0.0293912344408122,36436.6079578942,18.9081355295045,167471.32078085
28.3,-29.1,0.0293912344408122,36436.6079578942,18.9081355295045,167471.32078085
28.4,-29.1,0.0293912344408122,36436.6079578942,18.9081355295045,167471.32078085
28.5,-29.1,0.000105792268415606,0.770415717069924,14.247412031476,139.149244854133
28.6,-29.1,0.000105792268415606,0.770415717069924,14.247412031476,139.149244854133
28.7,-29.1,0.000105792268415606,0.770415717069924,14.247412031476,139.149244854133
28.8,-29.1,0.000105792268415606,0.770415717069924,14.247412031476,139.149244854133
28.9,-29.1,0.000105792268415606,0.770415717069924,14.247412031476,139.149244854133
29,-29.1,0.000105792268415606,0.770415717069924,14.247412031476,139.149244854133
29.1,-29.1,0.0316187597608922,82804.4652909212,19.3177912694822,369651.383077222
29.2,-29.1,0.0316187597608922,82804.4652909212,19.3177912694822,369651.383077222
29.3,-29.1,0.0316187597608922,82804.4652909212,19.3177912694822,369651.383077222
29.4,-29.1,0.0316187597608922,82804.4652909212,19.3177912694822,369651.383077222
29.5,-29.1,0.0316187597608922,82804.4652909212,19.3177912694822,369651.383077222
29.6,-29.1,0.0316187597608922,82804.4652909212,19.3177912694822,369651.383077222
29.7,-29.1,0.0518967293597547,151801657.629947,22.5551141253973,445969917.891456
29.8,-29.1,0.0518967293597547,151801657.629947,22.5551141253973,445969917.891456
29.9,-29.1,0.0518967293597547,151801657.629947,22.5551141253973,445969917.891456
30,-29.1,0.0518967293597547,151801657.629947,22.5551141253973,445969917.891456
30.1,-29.1,0.0518967293597547,151801657.629947,22.5551141253973,445969917.891456
30.2,-29.1,0.0518967293597547,151801657.629947,22.5551141253973,445969917.891456
30.3,-29.1,0.0518967293597547,151801657.629947,22.5551141253973,445969917.891456
30.4,-29.1,0.0585511834886864,1804878151.55728,23.7205223783678,5052043169.75751
30.5,-29.1,0.0585511834886864,1804878151.55728,23.7205223783678,5052043169.75751
30.6,-29.1,0.0585511834886864,1804878151.55728,23.7205223783678,5052043169.75751
30.7,-29.1,0.0585511834886864,1804878151.55728,23.7205223783678,5052043169.75751
30.8,-29.1,0.0585511834886864,1804878151.55728,23.7205223783678,5052043169.75751
30.9,-29.1,0.0585511834886864,1804878151.55728,23.7205223783678,5052043169.75751
31,-29.1,0.0675386801033591,51387367487.4131,25.6261073997239,146692899946.981
31.1,-29.1,0.0675386801033591,51387367487.4131,25.6261073997239,146692899946.981
31.2,-29.1,0.0675386801033591,51387367487.4131,25.6261073997239,146692899946.981
31.3,-29.1,0.0675386801033591,51387367487.4131,25.6261073997239,146692899946.981
31.4,-29.1,0.0675386801033591,51387367487.4131,25.6261073997239,146692899946.981
31.5,-29.1,0.0675386801033591,51387367487.4131,25.6261073997239,146692899946.981
31.6,-29.1,0.067799200539694,55797343724.2322,25.2533927393277,158427867355.406
16.8,-29,0.055083710242507,491403044.017334,22.9333030680137,1791282009.95316
16.9,-29,0.055083710242507,491403044.017334,22.9333030680137,1791282009.95316
17,-29,0.055083710242507,491403044.017334,22.9333030680137,1791282009.95316
17.1,-29,0.055083710242507,491403044.017334,22.9333030680137,1791282009.95316
17.2,-29,0.0634330644434904,11315167400.354,25.2426485009304,29501287550.6728
17.3,-29,0.0634330644434904,11315167400.354,25.2426485009304,29501287550.6728
17.4,-29,0.0634330644434904,11315167400.354,25.2426485009304,29501287550.6728
17.5,-29,0.0634330644434904,11315167400.354,25.2426485009304,29501287550.6728
17.6,-29,0.0634330644434904,11315167400.354,25.2426485009304,29501287550.6728
17.7,-29,0.0634330644434904,11315167400.354,25.2426485009304,29501287550.6728
17.8,-29,0.0634330644434904,11315167400.354,25.2426485009304,29501287550.6728
17.9,-29,0.0596069772224505,2752707115.95611,24.7880838937171,7546565524.75431
18,-29,0.0596069772224505,2752707115.95611,24.7880838937171,7546565524.75431
18.1,-29,0.0596069772224505,2752707115.95611,24.7880838937171,7546565524.75431
18.2,-29,0.0596069772224505,2752707115.95611,24.7880838937171,7546565524.75431
18.3,-29,0.0596069772224505,2752707115.95611,24.7880838937171,7546565524.75431
18.4,-29,0.0596069772224505,2752707115.95611,24.7880838937171,7546565524.75431
18.5,-29,0.0581415425368068,1633090038.99742,25.39957242562,5536814250.95968
18.6,-29,0.0581415425368068,1633090038.99742,25.39957242562,5536814250.95968
18.7,-29,0.0581415425368068,1633090038.99742,25.39957242562,5536814250.95968
18.8,-29,0.0581415425368068,1633090038.99742,25.39957242562,5536814250.95968
18.9,-29,0.0581415425368068,1633090038.99742,25.39957242562,5536814250.95968
19,-29,0.0581415425368068,1633090038.99742,25.39957242562,5536814250.95968
19.1,-29,0.0570184850680715,1077269797.77309,25.1547221314083,3679444271.85427
19.2,-29,0.0570184850680715,1077269797.77309,25.1547221314083,3679444271.85427
19.3,-29,0.0570184850680715,1077269797.77309,25.1547221314083,3679444271.85427
19.4,-29,0.0570184850680715,1077269797.77309,25.1547221314083,3679444271.85427
19.5,-29,0.0570184850680715,1077269797.77309,25.1547221314083,3679444271.85427
19.6,-29,0.0570184850680715,1077269797.77309,25.1547221314083,3679444271.85427
19.7,-29,0.0556799408994918,645101909.083855,24.3383660780136,1917918402.49689
19.8,-29,0.0556799408994918,645101909.083855,24.3383660780136,1917918402.49689
19.9,-29,0.0556799408994918,645101909.083855,24.3383660780136,1917918402.49689
20,-29,0.0556799408994918,645101909.083855,24.3383660780136,1917918402.49689
20.1,-29,0.0556799408994918,645101909.083855,24.3383660780136,1917918402.49689
20.2,-29,0.0556799408994918,645101909.083855,24.3383660780136,1917918402.49689
20.3,-29,0.0556799408994918,645101909.083855,24.3383660780136,1917918402.49689
20.4,-29,0.055201553360775,551106731.231106,25.0139759664267,2105730227.85726
20.5,-29,0.055201553360775,551106731.231106,25.0139759664267,2105730227.85726
20.6,-29,0.055201553360775,551106731.231106,25.0139759664267,2105730227.85726
20.7,-29,0.055201553360775,551106731.231106,25.0139759664267,2105730227.85726
20.8,-29,0.055201553360775,551106731.231106,25.0139759664267,2105730227.85726
20.9,-29,0.055201553360775,551106731.231106,25.0139759664267,2105730227.85726
21,-29,0.055348296702257,581219768.904958,24.9681909616326,2198467833.16045
21.1,-29,0.055348296702257,581219768.904958,24.9681909616326,2198467833.16045
21.2,-29,0.055348296702257,581219768.904958,24.9681909616326,2198467833.16045
21.3,-29,0.055348296702257,581219768.904958,24.9681909616326,2198467833.16045
21.4,-29,0.055348296702257,581219768.904958,24.9681909616326,2198467833.16045
21.5,-29,0.055348296702257,581219768.904958,24.9681909616326,2198467833.16045
21.6,-29,0.0551805573278129,545493504.833935,24.8549721130622,2042303335.75315
21.7,-29,0.0551805573278129,545493504.833935,24.8549721130622,2042303335.75315
21.8,-29,0.0551805573278129,545493504.833935,24.8549721130622,2042303335.75315
21.9,-29,0.0551805573278129,545493504.833935,24.8549721130622,2042303335.75315
22,-29,0.0551805573278129,545493504.833935,24.8549721130622,2042303335.75315
22.1,-29,0.0551805573278129,545493504.833935,24.8549721130622,2042303335.75315
22.2,-29,0.0558841229348884,701343719.406236,24.6285307739937,2359932585.1813
22.3,-29,0.0558841229348884,701343719.406236,24.6285307739937,2359932585.1813
22.4,-29,0.0558841229348884,701343719.406236,24.6285307739937,2359932585.1813
22.5,-29,0.0558841229348884,701343719.406236,24.6285307739937,2359932585.1813
22.6,-29,0.0559283852265161,713214312.445569,24.6478575833914,2408875313.10201
22.7,-29,0.0559283852265161,713214312.445569,24.6478575833914,2408875313.10201
22.8,-29,0.0559283852265161,713214312.445569,24.6478575833914,2408875313.10201
22.9,-29,0.0555590292710326,611469555.36116,24.0493839101835,1742121044.96631
23,-29,0.0555590292710326,611469555.36116,24.0493839101835,1742121044.96631
23.1,-29,0.0555590292710326,611469555.36116,24.0493839101835,1742121044.96631
23.2,-29,0.0555590292710326,611469555.36116,24.0493839101835,1742121044.96631
23.3,-29,0.0555590292710326,611469555.36116,24.0493839101835,1742121044.96631
23.4,-29,0.0555590292710326,611469555.36116,24.0493839101835,1742121044.96631
23.5,-29,0.0558424961935893,701120076.214554,25.2213179861341,3079850574.4598
23.6,-29,0.0558424961935893,701120076.214554,25.2213179861341,3079850574.4598
23.7,-29,0.0558424961935893,701120076.214554,25.2213179861341,3079850574.4598
23.8,-29,0.0558424961935893,701120076.214554,25.2213179861341,3079850574.4598
23.9,-29,0.0558424961935893,701120076.214554,25.2213179861341,3079850574.4598
24,-29,0.0558424961935893,701120076.214554,25.2213179861341,3079850574.4598
24.1,-29,0.0559236892908647,711923334.845971,24.6451746343157,2565978155.61253
24.2,-29,0.0559236892908647,711923334.845971,24.6451746343157,2565978155.61253
24.3,-29,0.0559236892908647,711923334.845971,24.6451746343157,2565978155.61253
24.4,-29,0.0559236892908647,711923334.845971,24.6451746343157,2565978155.61253
24.5,-29,0.0559236892908647,711923334.845971,24.6451746343157,2565978155.61253
24.6,-29,0.0559236892908647,711923334.845971,24.6451746343157,2565978155.61253
24.7,-29,0.0550863698669023,512885041.469118,23.9553000725521,1465519768.31639
24.8,-29,0.0550863698669023,512885041.469118,23.9553000725521,1465519768.31639
24.9,-29,0.0550863698669023,512885041.469118,23.9553000725521,1465519768.31639
25,-29,0.0550863698669023,512885041.469118,23.9553000725521,1465519768.31639
25.1,-29,0.0550863698669023,512885041.469118,23.9553000725521,1465519768.31639
25.2,-29,0.0550863698669023,512885041.469118,23.9553000725521,1465519768.31639
25.3,-29,0.0550863698669023,512885041.469118,23.9553000725521,1465519768.31639
25.4,-29,0.0532238769083486,254555069.595163,23.3736257097218,676740003.763885
25.5,-29,0.0532238769083486,254555069.595163,23.3736257097218,676740003.763885
25.6,-29,0.0532238769083486,254555069.595163,23.3736257097218,676740003.763885
25.7,-29,0.0532238769083486,254555069.595163,23.3736257097218,676740003.763885
25.8,-29,0.0532238769083486,254555069.595163,23.3736257097218,676740003.763885
25.9,-29,0.0532238769083486,254555069.595163,23.3736257097218,676740003.763885
26,-29,0.049779906878421,70229259.1045424,22.5524723981001,186716191.558287
26.1,-29,0.049779906878421,70229259.1045424,22.5524723981001,186716191.558287
26.2,-29,0.049779906878421,70229259.1045424,22.5524723981001,186716191.558287
26.3,-29,0.049779906878421,70229259.1045424,22.5524723981001,186716191.558287
26.4,-29,0.049779906878421,70229259.1045424,22.5524723981001,186716191.558287
26.5,-29,0.049779906878421,70229259.1045424,22.5524723981001,186716191.558287
26.6,-29,0.0462766755400835,19019464.2610632,21.8159211906379,52901203.6527577
26.7,-29,0.0462766755400835,19019464.2610632,21.8159211906379,52901203.6527577
26.8,-29,0.0462766755400835,19019464.2610632,21.8159211906379,52901203.6527577
26.9,-29,0.0462766755400835,19019464.2610632,21.8159211906379,52901203.6527577
27,-29,0.0462766755400835,19019464.2610632,21.8159211906379,52901203.6527577
27.1,-29,0.0462766755400835,19019464.2610632,21.8159211906379,52901203.6527577
27.2,-29,0.0411800537088015,2858999.96271453,20.8595592371731,8904640.18838227
27.3,-29,0.0411800537088015,2858999.96271453,20.8595592371731,8904640.18838227
27.4,-29,0.0411800537088015,2858999.96271453,20.8595592371731,8904640.18838227
27.5,-29,0.0411800537088015,2858999.96271453,20.8595592371731,8904640.18838227
27.6,-29,0.0411800537088015,2858999.96271453,20.8595592371731,8904640.18838227
27.7,-29,0.0411800537088015,2858999.96271453,20.8595592371731,8904640.18838227
27.8,-29,0.0411800537088015,2858999.96271453,20.8595592371731,8904640.18838227
27.9,-29,0.0293912344408122,36436.6079578942,18.9081355295045,167471.32078085
28,-29,0.0293912344408122,36436.6079578942,18.9081355295045,167471.32078085
28.1,-29,0.0293912344408122,36436.6079578942,18.9081355295045,167471.32078085
28.2,-29,0.0293912344408122,36436.6079578942,18.9081355295045,167471.32078085
28.3,-29,0.0293912344408122,36436.6079578942,18.9081355295045,167471.32078085
28.4,-29,0.0293912344408122,36436.6079578942,18.9081355295045,167471.32078085
28.5,-29,0.000105792268415606,0.770415717069924,14.247412031476,139.149244854133
28.6,-29,0.000105792268415606,0.770415717069924,14.247412031476,139.149244854133
28.7,-29,0.000105792268415606,0.770415717069924,14.247412031476,139.149244854133
28.8,-29,0.000105792268415606,0.770415717069924,14.247412031476,139.149244854133
28.9,-29,0.000105792268415606,0.770415717069924,14.247412031476,139.149244854133
29,-29,0.000105792268415606,0.770415717069924,14.247412031476,139.149244854133
29.1,-29,0.0316187597608922,82804.4652909212,19.3177912694822,369651.383077222
29.2,-29,0.0316187597608922,82804.4652909212,19.3177912694822,369651.383077222
29.3,-29,0.0316187597608922,82804.4652909212,19.3177912694822,369651.383077222
29.4,-29,0.0316187597608922,82804.4652909212,19.3177912694822,369651.383077222
29.5,-29,0.0316187597608922,82804.4652909212,19.3177912694822,369651.383077222
29.6,-29,0.0316187597608922,82804.4652909212,19.3177912694822,369651.383077222
29.7,-29,0.0518967293597547,151801657.629947,22.5551141253973,445969917.891456
29.8,-29,0.0518967293597547,151801657.629947,22.5551141253973,445969917.891456
29.9,-29,0.0518967293597547,151801657.629947,22.5551141253973,445969917.891456
30,-29,0.0518967293597547,151801657.629947,22.5551141253973,445969917.891456
30.1,-29,0.0518967293597547,151801657.629947,22.5551141253973,445969917.891456
30.2,-29,0.0518967293597547,151801657.629947,22.5551141253973,445969917.891456
30.3,-29,0.0518967293597547,151801657.629947,22.5551141253973,445969917.891456
30.4,-29,0.0585511834886864,1804878151.55728,23.7205223783678,5052043169.75751
30.5,-29,0.0585511834886864,1804878151.55728,23.7205223783678,5052043169.75751
30.6,-29,0.0585511834886864,1804878151.55728,23.7205223783678,5052043169.75751
30.7,-29,0.0585511834886864,1804878151.55728,23.7205223783678,5052043169.75751
30.8,-29,0.0585511834886864,1804878151.55728,23.7205223783678,5052043169.75751
30.9,-29,0.0585511834886864,1804878151.55728,23.7205223783678,5052043169.75751
31,-29,0.0675386801033591,51387367487.4131,25.6261073997239,146692899946.981
31.1,-29,0.0675386801033591,51387367487.4131,25.6261073997239,146692899946.981
31.2,-29,0.0675386801033591,51387367487.4131,25.6261073997239,146692899946.981
31.3,-29,0.0675386801033591,51387367487.4131,25.6261073997239,146692899946.981
31.4,-29,0.0675386801033591,51387367487.4131,25.6261073997239,146692899946.981
31.5,-29,0.0675386801033591,51387367487.4131,25.6261073997239,146692899946.981
31.6,-29,0.067799200539694,55797343724.2322,25.2533927393277,158427867355.406
31.7,-29,0.067799200539694,55797343724.2322,25.2533927393277,158427867355.406
16.7,-28.9,0.055083710242507,491403044.017334,22.9333030680137,1791282009.95316
16.8,-28.9,0.055083710242507,491403044.017334,22.9333030680137,1791282009.95316
16.9,-28.9,0.055083710242507,491403044.017334,22.9333030680137,1791282009.95316
17,-28.9,0.055083710242507,491403044.017334,22.9333030680137,1791282009.95316
17.1,-28.9,0.055083710242507,491403044.017334,22.9333030680137,1791282009.95316
17.2,-28.9,0.0634330644434904,11315167400.354,25.2426485009304,29501287550.6728
17.3,-28.9,0.0634330644434904,11315167400.354,25.2426485009304,29501287550.6728
17.4,-28.9,0.0634330644434904,11315167400.354,25.2426485009304,29501287550.6728
17.5,-28.9,0.0634330644434904,11315167400.354,25.2426485009304,29501287550.6728
17.6,-28.9,0.0634330644434904,11315167400.354,25.2426485009304,29501287550.6728
17.7,-28.9,0.0634330644434904,11315167400.354,25.2426485009304,29501287550.6728
17.8,-28.9,0.0634330644434904,11315167400.354,25.2426485009304,29501287550.6728
17.9,-28.9,0.0596069772224505,2752707115.95611,24.7880838937171,7546565524.75431
18,-28.9,0.0596069772224505,2752707115.95611,24.7880838937171,7546565524.75431
18.1,-28.9,0.0596069772224505,2752707115.95611,24.7880838937171,7546565524.75431
18.2,-28.9,0.0596069772224505,2752707115.95611,24.7880838937171,7546565524.75431
18.3,-28.9,0.0596069772224505,2752707115.95611,24.7880838937171,7546565524.75431
18.4,-28.9,0.0596069772224505,2752707115.95611,24.7880838937171,7546565524.75431
18.5,-28.9,0.0581415425368068,1633090038.99742,25.39957242562,5536814250.95968
18.6,-28.9,0.0581415425368068,1633090038.99742,25.39957242562,5536814250.95968
18.7,-28.9,0.0581415425368068,1633090038.99742,25.39957242562,5536814250.95968
18.8,-28.9,0.0581415425368068,1633090038.99742,25.39957242562,5536814250.95968
18.9,-28.9,0.0581415425368068,1633090038.99742,25.39957242562,5536814250.95968
19.3,-28.9,0.0570184850680715,1077269797.77309,25.1547221314083,3679444271.85427
19.4,-28.9,0.0570184850680715,1077269797.77309,25.1547221314083,3679444271.85427
19.5,-28.9,0.0570184850680715,1077269797.77309,25.1547221314083,3679444271.85427
19.6,-28.9,0.0570184850680715,1077269797.77309,25.1547221314083,3679444271.85427
19.7,-28.9,0.0556799408994918,645101909.083855,24.3383660780136,1917918402.49689
19.8,-28.9,0.0556799408994918,645101909.083855,24.3383660780136,1917918402.49689
19.9,-28.9,0.0556799408994918,645101909.083855,24.3383660780136,1917918402.49689
20,-28.9,0.0556799408994918,645101909.083855,24.3383660780136,1917918402.49689
20.1,-28.9,0.0556799408994918,645101909.083855,24.3383660780136,1917918402.49689
20.2,-28.9,0.0556799408994918,645101909.083855,24.3383660780136,1917918402.49689
20.3,-28.9,0.0556799408994918,645101909.083855,24.3383660780136,1917918402.49689
20.4,-28.9,0.055201553360775,551106731.231106,25.0139759664267,2105730227.85726
20.5,-28.9,0.055201553360775,551106731.231106,25.0139759664267,2105730227.85726
20.6,-28.9,0.055201553360775,551106731.231106,25.0139759664267,2105730227.85726
20.7,-28.9,0.055201553360775,551106731.231106,25.0139759664267,2105730227.85726
20.8,-28.9,0.055201553360775,551106731.231106,25.0139759664267,2105730227.85726
20.9,-28.9,0.055201553360775,551106731.231106,25.0139759664267,2105730227.85726
21,-28.9,0.055348296702257,581219768.904958,24.9681909616326,2198467833.16045
21.1,-28.9,0.055348296702257,581219768.904958,24.9681909616326,2198467833.16045
21.2,-28.9,0.055348296702257,581219768.904958,24.9681909616326,2198467833.16045
21.3,-28.9,0.055348296702257,581219768.904958,24.9681909616326,2198467833.16045
21.4,-28.9,0.055348296702257,581219768.904958,24.9681909616326,2198467833.16045
21.5,-28.9,0.055348296702257,581219768.904958,24.9681909616326,2198467833.16045
21.6,-28.9,0.0551805573278129,545493504.833935,24.8549721130622,2042303335.75315
21.7,-28.9,0.0551805573278129,545493504.833935,24.8549721130622,2042303335.75315
21.8,-28.9,0.0551805573278129,545493504.833935,24.8549721130622,2042303335.75315
21.9,-28.9,0.0551805573278129,545493504.833935,24.8549721130622,2042303335.75315
22,-28.9,0.0551805573278129,545493504.833935,24.8549721130622,2042303335.75315
22.1,-28.9,0.0551805573278129,545493504.833935,24.8549721130622,2042303335.75315
22.2,-28.9,0.0558841229348884,701343719.406236,24.6285307739937,2359932585.1813
22.3,-28.9,0.0558841229348884,701343719.406236,24.6285307739937,2359932585.1813
22.4,-28.9,0.0558841229348884,701343719.406236,24.6285307739937,2359932585.1813
22.5,-28.9,0.0558841229348884,701343719.406236,24.6285307739937,2359932585.1813
22.6,-28.9,0.0559283852265161,713214312.445569,24.6478575833914,2408875313.10201
22.7,-28.9,0.0559283852265161,713214312.445569,24.6478575833914,2408875313.10201
22.8,-28.9,0.0559283852265161,713214312.445569,24.6478575833914,2408875313.10201
22.9,-28.9,0.0555590292710326,611469555.36116,24.0493839101835,1742121044.96631
23,-28.9,0.0555590292710326,611469555.36116,24.0493839101835,1742121044.96631
23.1,-28.9,0.0555590292710326,611469555.36116,24.0493839101835,1742121044.96631
23.2,-28.9,0.0555590292710326,611469555.36116,24.0493839101835,1742121044.96631
23.3,-28.9,0.0555590292710326,611469555.36116,24.0493839101835,1742121044.96631
23.4,-28.9,0.0555590292710326,611469555.36116,24.0493839101835,1742121044.96631
23.5,-28.9,0.0558424961935893,701120076.214554,25.2213179861341,3079850574.4598
23.6,-28.9,0.0558424961935893,701120076.214554,25.2213179861341,3079850574.4598
23.7,-28.9,0.0558424961935893,701120076.214554,25.2213179861341,3079850574.4598
23.8,-28.9,0.0558424961935893,701120076.214554,25.2213179861341,3079850574.4598
23.9,-28.9,0.0558424961935893,701120076.214554,25.2213179861341,3079850574.4598
24,-28.9,0.0558424961935893,701120076.214554,25.2213179861341,3079850574.4598
24.1,-28.9,0.0559236892908647,711923334.845971,24.6451746343157,2565978155.61253
24.2,-28.9,0.0559236892908647,711923334.845971,24.6451746343157,2565978155.61253
24.3,-28.9,0.0559236892908647,711923334.845971,24.6451746343157,2565978155.61253
24.4,-28.9,0.0559236892908647,711923334.845971,24.6451746343157,2565978155.61253
24.5,-28.9,0.0559236892908647,711923334.845971,24.6451746343157,2565978155.61253
24.6,-28.9,0.0559236892908647,711923334.845971,24.6451746343157,2565978155.61253
24.7,-28.9,0.0550863698669023,512885041.469118,23.9553000725521,1465519768.31639
24.8,-28.9,0.0550863698669023,512885041.469118,23.9553000725521,1465519768.31639
24.9,-28.9,0.0550863698669023,512885041.469118,23.9553000725521,1465519768.31639
25,-28.9,0.0550863698669023,512885041.469118,23.9553000725521,1465519768.31639
25.1,-28.9,0.0550863698669023,512885041.469118,23.9553000725521,1465519768.31639
25.2,-28.9,0.0550863698669023,512885041.469118,23.9553000725521,1465519768.31639
25.3,-28.9,0.0550863698669023,512885041.469118,23.9553000725521,1465519768.31639
25.4,-28.9,0.0532238769083486,254555069.595163,23.3736257097218,676740003.763885
25.5,-28.9,0.0532238769083486,254555069.595163,23.3736257097218,676740003.763885
25.6,-28.9,0.0532238769083486,254555069.595163,23.3736257097218,676740003.763885
25.7,-28.9,0.0532238769083486,254555069.595163,23.3736257097218,676740003.763885
25.8,-28.9,0.0532238769083486,254555069.595163,23.3736257097218,676740003.763885
25.9,-28.9,0.0532238769083486,254555069.595163,23.3736257097218,676740003.763885
26,-28.9,0.049779906878421,70229259.1045424,22.5524723981001,186716191.558287
26.1,-28.9,0.049779906878421,70229259.1045424,22.5524723981001,186716191.558287
26.2,-28.9,0.049779906878421,70229259.1045424,22.5524723981001,186716191.558287
26.3,-28.9,0.049779906878421,70229259.1045424,22.5524723981001,186716191.558287
26.4,-28.9,0.049779906878421,70229259.1045424,22.5524723981001,186716191.558287
26.5,-28.9,0.049779906878421,70229259.1045424,22.5524723981001,186716191.558287
26.6,-28.9,0.0462766755400835,19019464.2610632,21.8159211906379,52901203.6527577
26.7,-28.9,0.0462766755400835,19019464.2610632,21.8159211906379,52901203.6527577
26.8,-28.9,0.0462766755400835,19019464.2610632,21.8159211906379,52901203.6527577
26.9,-28.9,0.0462766755400835,19019464.2610632,21.8159211906379,52901203.6527577
27,-28.9,0.0462766755400835,19019464.2610632,21.8159211906379,52901203.6527577
27.1,-28.9,0.0462766755400835,19019464.2610632,21.8159211906379,52901203.6527577
27.2,-28.9,0.0411800537088015,2858999.96271453,20.8595592371731,8904640.18838227
27.3,-28.9,0.0411800537088015,2858999.96271453,20.8595592371731,8904640.18838227
27.4,-28.9,0.0411800537088015,2858999.96271453,20.8595592371731,8904640.18838227
27.5,-28.9,0.0411800537088015,2858999.96271453,20.8595592371731,8904640.18838227
27.6,-28.9,0.0411800537088015,2858999.96271453,20.8595592371731,8904640.18838227
27.7,-28.9,0.0411800537088015,2858999.96271453,20.8595592371731,8904640.18838227
27.8,-28.9,0.0411800537088015,2858999.96271453,20.8595592371731,8904640.18838227
27.9,-28.9,0.0293912344408122,36436.6079578942,18.9081355295045,167471.32078085
28,-28.9,0.0293912344408122,36436.6079578942,18.9081355295045,167471.32078085
28.1,-28.9,0.0293912344408122,36436.6079578942,18.9081355295045,167471.32078085
28.2,-28.9,0.0293912344408122,36436.6079578942,18.9081355295045,167471.32078085
28.3,-28.9,0.0293912344408122,36436.6079578942,18.9081355295045,167471.32078085
28.4,-28.9,0.0293912344408122,36436.6079578942,18.9081355295045,167471.32078085
28.5,-28.9,0.000105792268415606,0.770415717069924,14.247412031476,139.149244854133
28.6,-28.9,0.000105792268415606,0.770415717069924,14.247412031476,139.149244854133
28.7,-28.9,0.000105792268415606,0.770415717069924,14.247412031476,139.149244854133
28.8,-28.9,0.000105792268415606,0.770415717069924,14.247412031476,139.149244854133
28.9,-28.9,0.000105792268415606,0.770415717069924,14.247412031476,139.149244854133
29,-28.9,0.000105792268415606,0.770415717069924,14.247412031476,139.149244854133
29.1,-28.9,0.0316187597608922,82804.4652909212,19.3177912694822,369651.383077222
29.2,-28.9,0.0316187597608922,82804.4652909212,19.3177912694822,369651.383077222
29.3,-28.9,0.0316187597608922,82804.4652909212,19.3177912694822,369651.383077222
29.4,-28.9,0.0316187597608922,82804.4652909212,19.3177912694822,369651.383077222
29.5,-28.9,0.0316187597608922,82804.4652909212,19.3177912694822,369651.383077222
29.6,-28.9,0.0316187597608922,82804.4652909212,19.3177912694822,369651.383077222
29.7,-28.9,0.0518967293597547,151801657.629947,22.5551141253973,445969917.891456
29.8,-28.9,0.0518967293597547,151801657.629947,22.5551141253973,445969917.891456
29.9,-28.9,0.0518967293597547,151801657.629947,22.5551141253973,445969917.891456
30,-28.9,0.0518967293597547,151801657.629947,22.5551141253973,445969917.891456
30.1,-28.9,0.0518967293597547,151801657.629947,22.5551141253973,445969917.891456
30.2,-28.9,0.0518967293597547,151801657.629947,22.5551141253973,445969917.891456
30.3,-28.9,0.0518967293597547,151801657.629947,22.5551141253973,445969917.891456
30.4,-28.9,0.0585511834886864,1804878151.55728,23.7205223783678,5052043169.75751
30.5,-28.9,0.0585511834886864,1804878151.55728,23.7205223783678,5052043169.75751
30.6,-28.9,0.0585511834886864,1804878151.55728,23.7205223783678,5052043169.75751
30.7,-28.9,0.0585511834886864,1804878151.55728,23.7205223783678,5052043169.75751
30.8,-28.9,0.0585511834886864,1804878151.55728,23.7205223783678,5052043169.75751
30.9,-28.9,0.0585511834886864,1804878151.55728,23.7205223783678,5052043169.75751
31,-28.9,0.0675386801033591,51387367487.4131,25.6261073997239,146692899946.981
31.1,-28.9,0.0675386801033591,51387367487.4131,25.6261073997239,146692899946.981
31.2,-28.9,0.0675386801033591,51387367487.4131,25.6261073997239,146692899946.981
31.3,-28.9,0.0675386801033591,51387367487.4131,25.6261073997239,146692899946.981
31.4,-28.9,0.0675386801033591,51387367487.4131,25.6261073997239,146692899946.981
31.5,-28.9,0.0675386801033591,51387367487.4131,25.6261073997239,146692899946.981
31.6,-28.9,0.067799200539694,55797343724.2322,25.2533927393277,158427867355.406
31.7,-28.9,0.067799200539694,55797343724.2322,25.2533927393277,158427867355.406
31.8,-28.9,0.067799200539694,55797343724.2322,25.2533927393277,158427867355.406
31.9,-28.9,0.067799200539694,55797343724.2322,25.2533927393277,158427867355.406
16.6,-28.8,0.055083710242507,491403044.017334,22.9333030680137,1791282009.95316
16.7,-28.8,0.055083710242507,491403044.017334,22.9333030680137,1791282009.95316
16.8,-28.8,0.055083710242507,491403044.017334,22.9333030680137,1791282009.95316
16.9,-28.8,0.055083710242507,491403044.017334,22.9333030680137,1791282009.95316
17,-28.8,0.055083710242507,491403044.017334,22.9333030680137,1791282009.95316
17.1,-28.8,0.055083710242507,491403044.017334,22.9333030680137,1791282009.95316
17.2,-28.8,0.0634330644434904,11315167400.354,25.2426485009304,29501287550.6728
17.3,-28.8,0.0634330644434904,11315167400.354,25.2426485009304,29501287550.6728
17.4,-28.8,0.0634330644434904,11315167400.354,25.2426485009304,29501287550.6728
17.5,-28.8,0.0634330644434904,11315167400.354,25.2426485009304,29501287550.6728
17.6,-28.8,0.0634330644434904,11315167400.354,25.2426485009304,29501287550.6728
17.7,-28.8,0.0634330644434904,11315167400.354,25.2426485009304,29501287550.6728
17.8,-28.8,0.0634330644434904,11315167400.354,25.2426485009304,29501287550.6728
17.9,-28.8,0.0596069772224505,2752707115.95611,24.7880838937171,7546565524.75431
19.3,-28.8,0.0570184850680715,1077269797.77309,25.1547221314083,3679444271.85427
19.4,-28.8,0.0570184850680715,1077269797.77309,25.1547221314083,3679444271.85427
19.5,-28.8,0.0570184850680715,1077269797.77309,25.1547221314083,3679444271.85427
19.6,-28.8,0.0570184850680715,1077269797.77309,25.1547221314083,3679444271.85427
19.7,-28.8,0.0556799408994918,645101909.083855,24.3383660780136,1917918402.49689
19.8,-28.8,0.0556799408994918,645101909.083855,24.3383660780136,1917918402.49689
19.9,-28.8,0.0556799408994918,645101909.083855,24.3383660780136,1917918402.49689
20,-28.8,0.0556799408994918,645101909.083855,24.3383660780136,1917918402.49689
20.1,-28.8,0.0556799408994918,645101909.083855,24.3383660780136,1917918402.49689
20.2,-28.8,0.0556799408994918,645101909.083855,24.3383660780136,1917918402.49689
20.3,-28.8,0.0556799408994918,645101909.083855,24.3383660780136,1917918402.49689
20.4,-28.8,0.055201553360775,551106731.231106,25.0139759664267,2105730227.85726
20.5,-28.8,0.055201553360775,551106731.231106,25.0139759664267,2105730227.85726
20.6,-28.8,0.055201553360775,551106731.231106,25.0139759664267,2105730227.85726
20.7,-28.8,0.055201553360775,551106731.231106,25.0139759664267,2105730227.85726
20.8,-28.8,0.055201553360775,551106731.231106,25.0139759664267,2105730227.85726
20.9,-28.8,0.055201553360775,551106731.231106,25.0139759664267,2105730227.85726
21,-28.8,0.055348296702257,581219768.904958,24.9681909616326,2198467833.16045
21.1,-28.8,0.055348296702257,581219768.904958,24.9681909616326,2198467833.16045
21.2,-28.8,0.055348296702257,581219768.904958,24.9681909616326,2198467833.16045
21.3,-28.8,0.055348296702257,581219768.904958,24.9681909616326,2198467833.16045
21.4,-28.8,0.055348296702257,581219768.904958,24.9681909616326,2198467833.16045
21.5,-28.8,0.055348296702257,581219768.904958,24.9681909616326,2198467833.16045
21.6,-28.8,0.0551805573278129,545493504.833935,24.8549721130622,2042303335.75315
21.7,-28.8,0.0551805573278129,545493504.833935,24.8549721130622,2042303335.75315
21.8,-28.8,0.0551805573278129,545493504.833935,24.8549721130622,2042303335.75315
21.9,-28.8,0.0551805573278129,545493504.833935,24.8549721130622,2042303335.75315
22,-28.8,0.0551805573278129,545493504.833935,24.8549721130622,2042303335.75315
22.1,-28.8,0.0551805573278129,545493504.833935,24.8549721130622,2042303335.75315
22.2,-28.8,0.0558841229348884,701343719.406236,24.6285307739937,2359932585.1813
22.3,-28.8,0.0558841229348884,701343719.406236,24.6285307739937,2359932585.1813
22.4,-28.8,0.0558841229348884,701343719.406236,24.6285307739937,2359932585.1813
22.5,-28.8,0.0558841229348884,701343719.406236,24.6285307739937,2359932585.1813
22.6,-28.8,0.0559283852265161,713214312.445569,24.6478575833914,2408875313.10201
22.7,-28.8,0.0559283852265161,713214312.445569,24.6478575833914,2408875313.10201
22.8,-28.8,0.0559283852265161,713214312.445569,24.6478575833914,2408875313.10201
22.9,-28.8,0.0555590292710326,611469555.36116,24.0493839101835,1742121044.96631
23,-28.8,0.0555590292710326,611469555.36116,24.0493839101835,1742121044.96631
23.1,-28.8,0.0555590292710326,611469555.36116,24.0493839101835,1742121044.96631
23.2,-28.8,0.0555590292710326,611469555.36116,24.0493839101835,1742121044.96631
23.3,-28.8,0.0555590292710326,611469555.36116,24.0493839101835,1742121044.96631
23.4,-28.8,0.0555590292710326,611469555.36116,24.0493839101835,1742121044.96631
23.5,-28.8,0.0558424961935893,701120076.214554,25.2213179861341,3079850574.4598
23.6,-28.8,0.0558424961935893,701120076.214554,25.2213179861341,3079850574.4598
23.7,-28.8,0.0558424961935893,701120076.214554,25.2213179861341,3079850574.4598
23.8,-28.8,0.0558424961935893,701120076.214554,25.2213179861341,3079850574.4598
23.9,-28.8,0.0558424961935893,701120076.214554,25.2213179861341,3079850574.4598
24,-28.8,0.0558424961935893,701120076.214554,25.2213179861341,3079850574.4598
24.1,-28.8,0.0559236892908647,711923334.845971,24.6451746343157,2565978155.61253
24.2,-28.8,0.0559236892908647,711923334.845971,24.6451746343157,2565978155.61253
24.3,-28.8,0.0559236892908647,711923334.845971,24.6451746343157,2565978155.61253
24.4,-28.8,0.0559236892908647,711923334.845971,24.6451746343157,2565978155.61253
24.5,-28.8,0.0559236892908647,711923334.845971,24.6451746343157,2565978155.61253
24.6,-28.8,0.0559236892908647,711923334.845971,24.6451746343157,2565978155.61253
24.7,-28.8,0.0550863698669023,512885041.469118,23.9553000725521,1465519768.31639
24.8,-28.8,0.0550863698669023,512885041.469118,23.9553000725521,1465519768.31639
24.9,-28.8,0.0550863698669023,512885041.469118,23.9553000725521,1465519768.31639
25,-28.8,0.0550863698669023,512885041.469118,23.9553000725521,1465519768.31639
25.1,-28.8,0.0550863698669023,512885041.469118,23.9553000725521,1465519768.31639
25.2,-28.8,0.0550863698669023,512885041.469118,23.9553000725521,1465519768.31639
25.3,-28.8,0.0550863698669023,512885041.469118,23.9553000725521,1465519768.31639
25.4,-28.8,0.0532238769083486,254555069.595163,23.3736257097218,676740003.763885
25.5,-28.8,0.0532238769083486,254555069.595163,23.3736257097218,676740003.763885
25.6,-28.8,0.0532238769083486,254555069.595163,23.3736257097218,676740003.763885
25.7,-28.8,0.0532238769083486,254555069.595163,23.3736257097218,676740003.763885
25.8,-28.8,0.0532238769083486,254555069.595163,23.3736257097218,676740003.763885
25.9,-28.8,0.0532238769083486,254555069.595163,23.3736257097218,676740003.763885
26,-28.8,0.049779906878421,70229259.1045424,22.5524723981001,186716191.558287
26.1,-28.8,0.049779906878421,70229259.1045424,22.5524723981001,186716191.558287
26.2,-28.8,0.049779906878421,70229259.1045424,22.5524723981001,186716191.558287
26.3,-28.8,0.049779906878421,70229259.1045424,22.5524723981001,186716191.558287
26.4,-28.8,0.049779906878421,70229259.1045424,22.5524723981001,186716191.558287
26.5,-28.8,0.049779906878421,70229259.1045424,22.5524723981001,186716191.558287
26.6,-28.8,0.0462766755400835,19019464.2610632,21.8159211906379,52901203.6527577
26.7,-28.8,0.0462766755400835,19019464.2610632,21.8159211906379,52901203.6527577
26.8,-28.8,0.0462766755400835,19019464.2610632,21.8159211906379,52901203.6527577
26.9,-28.8,0.0462766755400835,19019464.2610632,21.8159211906379,52901203.6527577
27,-28.8,0.0462766755400835,19019464.2610632,21.8159211906379,52901203.6527577
27.1,-28.8,0.0462766755400835,19019464.2610632,21.8159211906379,52901203.6527577
27.2,-28.8,0.0411800537088015,2858999.96271453,20.8595592371731,8904640.18838227
27.3,-28.8,0.0411800537088015,2858999.96271453,20.8595592371731,8904640.18838227
27.4,-28.8,0.0411800537088015,2858999.96271453,20.8595592371731,8904640.18838227
27.5,-28.8,0.0411800537088015,2858999.96271453,20.8595592371731,8904640.18838227
27.6,-28.8,0.0411800537088015,2858999.96271453,20.8595592371731,8904640.18838227
27.7,-28.8,0.0411800537088015,2858999.96271453,20.8595592371731,8904640.18838227
27.8,-28.8,0.0411800537088015,2858999.96271453,20.8595592371731,8904640.18838227
27.9,-28.8,0.0293912344408122,36436.6079578942,18.9081355295045,167471.32078085
28,-28.8,0.0293912344408122,36436.6079578942,18.9081355295045,167471.32078085
28.1,-28.8,0.0293912344408122,36436.6079578942,18.9081355295045,167471.32078085
28.2,-28.8,0.0293912344408122,36436.6079578942,18.9081355295045,167471.32078085
28.3,-28.8,0.0293912344408122,36436.6079578942,18.9081355295045,167471.32078085
28.4,-28.8,0.0293912344408122,36436.6079578942,18.9081355295045,167471.32078085
28.5,-28.8,0.000105792268415606,0.770415717069924,14.247412031476,139.149244854133
28.6,-28.8,0.000105792268415606,0.770415717069924,14.247412031476,139.149244854133
28.7,-28.8,0.000105792268415606,0.770415717069924,14.247412031476,139.149244854133
28.8,-28.8,0.000105792268415606,0.770415717069924,14.247412031476,139.149244854133
28.9,-28.8,0.000105792268415606,0.770415717069924,14.247412031476,139.149244854133
29,-28.8,0.000105792268415606,0.770415717069924,14.247412031476,139.149244854133
29.1,-28.8,0.0316187597608922,82804.4652909212,19.3177912694822,369651.383077222
29.2,-28.8,0.0316187597608922,82804.4652909212,19.3177912694822,369651.383077222
29.3,-28.8,0.0316187597608922,82804.4652909212,19.3177912694822,369651.383077222
29.4,-28.8,0.0316187597608922,82804.4652909212,19.3177912694822,369651.383077222
29.5,-28.8,0.0316187597608922,82804.4652909212,19.3177912694822,369651.383077222
29.6,-28.8,0.0316187597608922,82804.4652909212,19.3177912694822,369651.383077222
29.7,-28.8,0.0518967293597547,151801657.629947,22.5551141253973,445969917.891456
29.8,-28.8,0.0518967293597547,151801657.629947,22.5551141253973,445969917.891456
29.9,-28.8,0.0518967293597547,151801657.629947,22.5551141253973,445969917.891456
30,-28.8,0.0518967293597547,151801657.629947,22.5551141253973,445969917.891456
30.1,-28.8,0.0518967293597547,151801657.629947,22.5551141253973,445969917.891456
30.2,-28.8,0.0518967293597547,151801657.629947,22.5551141253973,445969917.891456
30.3,-28.8,0.0518967293597547,151801657.629947,22.5551141253973,445969917.891456
30.4,-28.8,0.0585511834886864,1804878151.55728,23.7205223783678,5052043169.75751
30.5,-28.8,0.0585511834886864,1804878151.55728,23.7205223783678,5052043169.75751
30.6,-28.8,0.0585511834886864,1804878151.55728,23.7205223783678,5052043169.75751
30.7,-28.8,0.0585511834886864,1804878151.55728,23.7205223783678,5052043169.75751
30.8,-28.8,0.0585511834886864,1804878151.55728,23.7205223783678,5052043169.75751
30.9,-28.8,0.0585511834886864,1804878151.55728,23.7205223783678,5052043169.75751
31,-28.8,0.0675386801033591,51387367487.4131,25.6261073997239,146692899946.981
31.1,-28.8,0.0675386801033591,51387367487.4131,25.6261073997239,146692899946.981
31.2,-28.8,0.0675386801033591,51387367487.4131,25.6261073997239,146692899946.981
31.3,-28.8,0.0675386801033591,51387367487.4131,25.6261073997239,146692899946.981
31.4,-28.8,0.0675386801033591,51387367487.4131,25.6261073997239,146692899946.981
31.5,-28.8,0.0675386801033591,51387367487.4131,25.6261073997239,146692899946.981
31.6,-28.8,0.067799200539694,55797343724.2322,25.2533927393277,158427867355.406
31.7,-28.8,0.067799200539694,55797343724.2322,25.2533927393277,158427867355.406
31.8,-28.8,0.067799200539694,55797343724.2322,25.2533927393277,158427867355.406
31.9,-28.8,0.067799200539694,55797343724.2322,25.2533927393277,158427867355.406
32,-28.8,0.067799200539694,55797343724.2322,25.2533927393277,158427867355.406
16.6,-28.7,0.0640955006203564,14231008804.2879,24.8435469366177,38675604628.8172
16.7,-28.7,0.0640955006203564,14231008804.2879,24.8435469366177,38675604628.8172
16.8,-28.7,0.0640955006203564,14231008804.2879,24.8435469366177,38675604628.8172
16.9,-28.7,0.0640955006203564,14231008804.2879,24.8435469366177,38675604628.8172
17,-28.7,0.0640955006203564,14231008804.2879,24.8435469366177,38675604628.8172
17.1,-28.7,0.0640955006203564,14231008804.2879,24.8435469366177,38675604628.8172
17.2,-28.7,0.0639137456887134,13761380724.456,26.2696428368412,41112841898.3186
17.3,-28.7,0.0639137456887134,13761380724.456,26.2696428368412,41112841898.3186
17.4,-28.7,0.0639137456887134,13761380724.456,26.2696428368412,41112841898.3186
19.5,-28.7,0.0565983364526978,937531805.886804,25.9543869920226,4131024626.06679
19.6,-28.7,0.0565983364526978,937531805.886804,25.9543869920226,4131024626.06679
19.7,-28.7,0.0545279890640487,436570363.125156,25.8167496895127,2145702850.61698
19.8,-28.7,0.0545279890640487,436570363.125156,25.8167496895127,2145702850.61698
19.9,-28.7,0.0545279890640487,436570363.125156,25.8167496895127,2145702850.61698
20,-28.7,0.0545279890640487,436570363.125156,25.8167496895127,2145702850.61698
20.1,-28.7,0.0545279890640487,436570363.125156,25.8167496895127,2145702850.61698
20.2,-28.7,0.0545279890640487,436570363.125156,25.8167496895127,2145702850.61698
20.3,-28.7,0.0545279890640487,436570363.125156,25.8167496895127,2145702850.61698
20.4,-28.7,0.0535202119873594,301177080.927656,25.8773623543813,1650977433.45363
20.5,-28.7,0.0535202119873594,301177080.927656,25.8773623543813,1650977433.45363
20.6,-28.7,0.0535202119873594,301177080.927656,25.8773623543813,1650977433.45363
20.7,-28.7,0.0535202119873594,301177080.927656,25.8773623543813,1650977433.45363
20.8,-28.7,0.0535202119873594,301177080.927656,25.8773623543813,1650977433.45363
20.9,-28.7,0.0535202119873594,301177080.927656,25.8773623543813,1650977433.45363
21,-28.7,0.0541878943261031,384544370.847115,25.6958165474412,1995003832.289
21.1,-28.7,0.0541878943261031,384544370.847115,25.6958165474412,1995003832.289
21.2,-28.7,0.0541878943261031,384544370.847115,25.6958165474412,1995003832.289
21.3,-28.7,0.0541878943261031,384544370.847115,25.6958165474412,1995003832.289
21.4,-28.7,0.0541878943261031,384544370.847115,25.6958165474412,1995003832.289
21.5,-28.7,0.0541878943261031,384544370.847115,25.6958165474412,1995003832.289
21.6,-28.7,0.054863662032304,492007276.288327,25.4990795000238,2361536744.34753
21.7,-28.7,0.054863662032304,492007276.288327,25.4990795000238,2361536744.34753
21.8,-28.7,0.054863662032304,492007276.288327,25.4990795000238,2361536744.34753
21.9,-28.7,0.054863662032304,492007276.288327,25.4990795000238,2361536744.34753
22,-28.7,0.054863662032304,492007276.288327,25.4990795000238,2361536744.34753
22.1,-28.7,0.054863662032304,492007276.288327,25.4990795000238,2361536744.34753
22.2,-28.7,0.0565187513346294,879428515.801265,24.4345404250107,2645696049.66026
22.3,-28.7,0.0565187513346294,879428515.801265,24.4345404250107,2645696049.66026
22.4,-28.7,0.0565187513346294,879428515.801265,24.4345404250107,2645696049.66026
22.5,-28.7,0.0565187513346294,879428515.801265,24.4345404250107,2645696049.66026
22.6,-28.7,0.0565733191106046,897698252.084022,24.4535320111892,2708163714.33297
22.7,-28.7,0.0565733191106046,897698252.084022,24.4535320111892,2708163714.33297
22.8,-28.7,0.0565733191106046,897698252.084022,24.4535320111892,2708163714.33297
22.9,-28.7,0.0536906715264927,302041775.234951,23.402391108859,785728874.527132
23,-28.7,0.0536906715264927,302041775.234951,23.402391108859,785728874.527132
23.1,-28.7,0.0536906715264927,302041775.234951,23.402391108859,785728874.527132
23.2,-28.7,0.0536906715264927,302041775.234951,23.402391108859,785728874.527132
23.3,-28.7,0.0536906715264927,302041775.234951,23.402391108859,785728874.527132
23.4,-28.7,0.0536906715264927,302041775.234951,23.402391108859,785728874.527132
23.5,-28.7,0.0550956146923474,510756736.257075,23.7364633305712,1356210691.38367
23.6,-28.7,0.0550956146923474,510756736.257075,23.7364633305712,1356210691.38367
23.7,-28.7,0.0550956146923474,510756736.257075,23.7364633305712,1356210691.38367
23.8,-28.7,0.0550956146923474,510756736.257075,23.7364633305712,1356210691.38367
23.9,-28.7,0.0550956146923474,510756736.257075,23.7364633305712,1356210691.38367
24,-28.7,0.0550956146923474,510756736.257075,23.7364633305712,1356210691.38367
24.1,-28.7,0.0569733088803707,1062340507.44174,25.2692746870275,4670609084.4589
24.2,-28.7,0.0569733088803707,1062340507.44174,25.2692746870275,4670609084.4589
24.3,-28.7,0.0569733088803707,1062340507.44174,25.2692746870275,4670609084.4589
24.4,-28.7,0.0569733088803707,1062340507.44174,25.2692746870275,4670609084.4589
24.5,-28.7,0.0569733088803707,1062340507.44174,25.2692746870275,4670609084.4589
24.6,-28.7,0.0569733088803707,1062340507.44174,25.2692746870275,4670609084.4589
24.7,-28.7,0.0561776581544493,769375725.967592,24.1510086188574,2203899412.90076
24.8,-28.7,0.0561776581544493,769375725.967592,24.1510086188574,2203899412.90076
24.9,-28.7,0.0561776581544493,769375725.967592,24.1510086188574,2203899412.90076
25,-28.7,0.0561776581544493,769375725.967592,24.1510086188574,2203899412.90076
25.1,-28.7,0.0561776581544493,769375725.967592,24.1510086188574,2203899412.90076
25.2,-28.7,0.0561776581544493,769375725.967592,24.1510086188574,2203899412.90076
25.3,-28.7,0.0561776581544493,769375725.967592,24.1510086188574,2203899412.90076
25.4,-28.7,0.0541331173392239,356789036.980963,23.5263073304718,941849671.17271
25.5,-28.7,0.0541331173392239,356789036.980963,23.5263073304718,941849671.17271
25.6,-28.7,0.0541331173392239,356789036.980963,23.5263073304718,941849671.17271
25.7,-28.7,0.0541331173392239,356789036.980963,23.5263073304718,941849671.17271
25.8,-28.7,0.0541331173392239,356789036.980963,23.5263073304718,941849671.17271
25.9,-28.7,0.0541331173392239,356789036.980963,23.5263073304718,941849671.17271
26,-28.7,0.0518832193724144,153714060.033628,22.9713317356576,405668495.820588
26.1,-28.7,0.0518832193724144,153714060.033628,22.9713317356576,405668495.820588
26.2,-28.7,0.0518832193724144,153714060.033628,22.9713317356576,405668495.820588
26.3,-28.7,0.0518832193724144,153714060.033628,22.9713317356576,405668495.820588
26.4,-28.7,0.0518832193724144,153714060.033628,22.9713317356576,405668495.820588
26.5,-28.7,0.0518832193724144,153714060.033628,22.9713317356576,405668495.820588
26.6,-28.7,0.0492789499944672,58075762.4240995,22.3758292713932,156947104.377099
26.7,-28.7,0.0492789499944672,58075762.4240995,22.3758292713932,156947104.377099
26.8,-28.7,0.0492789499944672,58075762.4240995,22.3758292713932,156947104.377099
26.9,-28.7,0.0492789499944672,58075762.4240995,22.3758292713932,156947104.377099
27,-28.7,0.0492789499944672,58075762.4240995,22.3758292713932,156947104.377099
27.1,-28.7,0.0492789499944672,58075762.4240995,22.3758292713932,156947104.377099
27.2,-28.7,0.0454639706894045,14020916.5671298,21.6139604331594,40536813.0135807
27.3,-28.7,0.0454639706894045,14020916.5671298,21.6139604331594,40536813.0135807
27.4,-28.7,0.0454639706894045,14020916.5671298,21.6139604331594,40536813.0135807
27.5,-28.7,0.0454639706894045,14020916.5671298,21.6139604331594,40536813.0135807
27.6,-28.7,0.0454639706894045,14020916.5671298,21.6139604331594,40536813.0135807
27.7,-28.7,0.0454639706894045,14020916.5671298,21.6139604331594,40536813.0135807
27.8,-28.7,0.0454639706894045,14020916.5671298,21.6139604331594,40536813.0135807
27.9,-28.7,0.0387564354068174,1162390.38346628,20.4237231794143,3990170.89619556
28,-28.7,0.0387564354068174,1162390.38346628,20.4237231794143,3990170.89619556
28.1,-28.7,0.0387564354068174,1162390.38346628,20.4237231794143,3990170.89619556
28.2,-28.7,0.0387564354068174,1162390.38346628,20.4237231794143,3990170.89619556
28.3,-28.7,0.0387564354068174,1162390.38346628,20.4237231794143,3990170.89619556
28.4,-28.7,0.0387564354068174,1162390.38346628,20.4237231794143,3990170.89619556
28.5,-28.7,0.0232838640914853,3834.9538530746,17.9960852104261,24278.8185383513
28.6,-28.7,0.0232838640914853,3834.9538530746,17.9960852104261,24278.8185383513
28.7,-28.7,0.0232838640914853,3834.9538530746,17.9960852104261,24278.8185383513
28.8,-28.7,0.0232838640914853,3834.9538530746,17.9960852104261,24278.8185383513
28.9,-28.7,0.0232838640914853,3834.9538530746,17.9960852104261,24278.8185383513
29,-28.7,0.0232838640914853,3834.9538530746,17.9960852104261,24278.8185383513
29.1,-28.7,0.0531789038671538,244957113.252755,22.8465332641949,683400676.038711
29.2,-28.7,0.0531789038671538,244957113.252755,22.8465332641949,683400676.038711
29.3,-28.7,0.0531789038671538,244957113.252755,22.8465332641949,683400676.038711
29.4,-28.7,0.0531789038671538,244957113.252755,22.8465332641949,683400676.038711
29.5,-28.7,0.0531789038671538,244957113.252755,22.8465332641949,683400676.038711
29.6,-28.7,0.0531789038671538,244957113.252755,22.8465332641949,683400676.038711
29.7,-28.7,0.0605338070619344,3802165194.43234,24.3186879860818,10161277872.2395
29.8,-28.7,0.0605338070619344,3802165194.43234,24.3186879860818,10161277872.2395
29.9,-28.7,0.0605338070619344,3802165194.43234,24.3186879860818,10161277872.2395
30,-28.7,0.0605338070619344,3802165194.43234,24.3186879860818,10161277872.2395
30.1,-28.7,0.0605338070619344,3802165194.43234,24.3186879860818,10161277872.2395
30.2,-28.7,0.0605338070619344,3802165194.43234,24.3186879860818,10161277872.2395
30.3,-28.7,0.0605338070619344,3802165194.43234,24.3186879860818,10161277872.2395
30.4,-28.7,0.0596409795150471,2719301083.88396,24.0537901047886,7367547339.78311
30.5,-28.7,0.0596409795150471,2719301083.88396,24.0537901047886,7367547339.78311
30.6,-28.7,0.0596409795150471,2719301083.88396,24.0537901047886,7367547339.78311
30.7,-28.7,0.0596409795150471,2719301083.88396,24.0537901047886,7367547339.78311
30.8,-28.7,0.0596409795150471,2719301083.88396,24.0537901047886,7367547339.78311
30.9,-28.7,0.0596409795150471,2719301083.88396,24.0537901047886,7367547339.78311
31,-28.7,0.0651259999594405,20894336813.6311,25.0527430834371,57573142651.3707
31.1,-28.7,0.0651259999594405,20894336813.6311,25.0527430834371,57573142651.3707
31.2,-28.7,0.0651259999594405,20894336813.6311,25.0527430834371,57573142651.3707
31.3,-28.7,0.0651259999594405,20894336813.6311,25.0527430834371,57573142651.3707
31.4,-28.7,0.0651259999594405,20894336813.6311,25.0527430834371,57573142651.3707
31.5,-28.7,0.0651259999594405,20894336813.6311,25.0527430834371,57573142651.3707
31.6,-28.7,0.0720182149387772,273919696954.947,27.3167265987867,847126057646.424
31.7,-28.7,0.0720182149387772,273919696954.947,27.3167265987867,847126057646.424
31.8,-28.7,0.0720182149387772,273919696954.947,27.3167265987867,847126057646.424
31.9,-28.7,0.0720182149387772,273919696954.947,27.3167265987867,847126057646.424
32,-28.7,0.0720182149387772,273919696954.947,27.3167265987867,847126057646.424
32.1,-28.7,0.0720182149387772,273919696954.947,27.3167265987867,847126057646.424
16.5,-28.6,0.0394214627950247,1471085.90739051,20.5102173446485,9230788.36500257
16.6,-28.6,0.0640955006203564,14231008804.2879,24.8435469366177,38675604628.8172
16.7,-28.6,0.0640955006203564,14231008804.2879,24.8435469366177,38675604628.8172
16.8,-28.6,0.0640955006203564,14231008804.2879,24.8435469366177,38675604628.8172
16.9,-28.6,0.0640955006203564,14231008804.2879,24.8435469366177,38675604628.8172
17,-28.6,0.0640955006203564,14231008804.2879,24.8435469366177,38675604628.8172
17.1,-28.6,0.0640955006203564,14231008804.2879,24.8435469366177,38675604628.8172
17.2,-28.6,0.0639137456887134,13761380724.456,26.2696428368412,41112841898.3186
17.3,-28.6,0.0639137456887134,13761380724.456,26.2696428368412,41112841898.3186
17.4,-28.6,0.0639137456887134,13761380724.456,26.2696428368412,41112841898.3186
19.6,-28.6,0.0565983364526978,937531805.886804,25.9543869920226,4131024626.06679
19.7,-28.6,0.0545279890640487,436570363.125156,25.8167496895127,2145702850.61698
19.8,-28.6,0.0545279890640487,436570363.125156,25.8167496895127,2145702850.61698
19.9,-28.6,0.0545279890640487,436570363.125156,25.8167496895127,2145702850.61698
20,-28.6,0.0545279890640487,436570363.125156,25.8167496895127,2145702850.61698
20.1,-28.6,0.0545279890640487,436570363.125156,25.8167496895127,2145702850.61698
20.2,-28.6,0.0545279890640487,436570363.125156,25.8167496895127,2145702850.61698
20.3,-28.6,0.0545279890640487,436570363.125156,25.8167496895127,2145702850.61698
20.4,-28.6,0.0535202119873594,301177080.927656,25.8773623543813,1650977433.45363
20.5,-28.6,0.0535202119873594,301177080.927656,25.8773623543813,1650977433.45363
20.6,-28.6,0.0535202119873594,301177080.927656,25.8773623543813,1650977433.45363
20.7,-28.6,0.0535202119873594,301177080.927656,25.8773623543813,1650977433.45363
20.8,-28.6,0.0535202119873594,301177080.927656,25.8773623543813,1650977433.45363
20.9,-28.6,0.0535202119873594,301177080.927656,25.8773623543813,1650977433.45363
21,-28.6,0.0541878943261031,384544370.847115,25.6958165474412,1995003832.289
21.1,-28.6,0.0541878943261031,384544370.847115,25.6958165474412,1995003832.289
21.2,-28.6,0.0541878943261031,384544370.847115,25.6958165474412,1995003832.289
21.3,-28.6,0.0541878943261031,384544370.847115,25.6958165474412,1995003832.289
21.4,-28.6,0.0541878943261031,384544370.847115,25.6958165474412,1995003832.289
21.5,-28.6,0.0541878943261031,384544370.847115,25.6958165474412,1995003832.289
21.6,-28.6,0.054863662032304,492007276.288327,25.4990795000238,2361536744.34753
21.7,-28.6,0.054863662032304,492007276.288327,25.4990795000238,2361536744.34753
21.8,-28.6,0.054863662032304,492007276.288327,25.4990795000238,2361536744.34753
21.9,-28.6,0.054863662032304,492007276.288327,25.4990795000238,2361536744.34753
22,-28.6,0.054863662032304,492007276.288327,25.4990795000238,2361536744.34753
22.1,-28.6,0.054863662032304,492007276.288327,25.4990795000238,2361536744.34753
22.2,-28.6,0.0565187513346294,879428515.801265,24.4345404250107,2645696049.66026
22.3,-28.6,0.0565187513346294,879428515.801265,24.4345404250107,2645696049.66026
22.4,-28.6,0.0565187513346294,879428515.801265,24.4345404250107,2645696049.66026
22.5,-28.6,0.0565187513346294,879428515.801265,24.4345404250107,2645696049.66026
22.6,-28.6,0.0565733191106046,897698252.084022,24.4535320111892,2708163714.33297
22.7,-28.6,0.0565733191106046,897698252.084022,24.4535320111892,2708163714.33297
22.8,-28.6,0.0565733191106046,897698252.084022,24.4535320111892,2708163714.33297
22.9,-28.6,0.0536906715264927,302041775.234951,23.402391108859,785728874.527132
23,-28.6,0.0536906715264927,302041775.234951,23.402391108859,785728874.527132
23.1,-28.6,0.0536906715264927,302041775.234951,23.402391108859,785728874.527132
23.2,-28.6,0.0536906715264927,302041775.234951,23.402391108859,785728874.527132
23.3,-28.6,0.0536906715264927,302041775.234951,23.402391108859,785728874.527132
23.4,-28.6,0.0536906715264927,302041775.234951,23.402391108859,785728874.527132
23.5,-28.6,0.0550956146923474,510756736.257075,23.7364633305712,1356210691.38367
23.6,-28.6,0.0550956146923474,510756736.257075,23.7364633305712,1356210691.38367
23.7,-28.6,0.0550956146923474,510756736.257075,23.7364633305712,1356210691.38367
23.8,-28.6,0.0550956146923474,510756736.257075,23.7364633305712,1356210691.38367
23.9,-28.6,0.0550956146923474,510756736.257075,23.7364633305712,1356210691.38367
24,-28.6,0.0550956146923474,510756736.257075,23.7364633305712,1356210691.38367
24.1,-28.6,0.0569733088803707,1062340507.44174,25.2692746870275,4670609084.4589
24.2,-28.6,0.0569733088803707,1062340507.44174,25.2692746870275,4670609084.4589
24.3,-28.6,0.0569733088803707,1062340507.44174,25.2692746870275,4670609084.4589
24.4,-28.6,0.0569733088803707,1062340507.44174,25.2692746870275,4670609084.4589
24.5,-28.6,0.0569733088803707,1062340507.44174,25.2692746870275,4670609084.4589
24.6,-28.6,0.0569733088803707,1062340507.44174,25.2692746870275,4670609084.4589
24.7,-28.6,0.0561776581544493,769375725.967592,24.1510086188574,2203899412.90076
24.8,-28.6,0.0561776581544493,769375725.967592,24.1510086188574,2203899412.90076
24.9,-28.6,0.0561776581544493,769375725.967592,24.1510086188574,2203899412.90076
25,-28.6,0.0561776581544493,769375725.967592,24.1510086188574,2203899412.90076
25.1,-28.6,0.0561776581544493,769375725.967592,24.1510086188574,2203899412.90076
25.2,-28.6,0.0561776581544493,769375725.967592,24.1510086188574,2203899412.90076
25.3,-28.6,0.0561776581544493,769375725.967592,24.1510086188574,2203899412.90076
25.4,-28.6,0.0541331173392239,356789036.980963,23.5263073304718,941849671.17271
25.5,-28.6,0.0541331173392239,356789036.980963,23.5263073304718,941849671.17271
25.6,-28.6,0.0541331173392239,356789036.980963,23.5263073304718,941849671.17271
25.7,-28.6,0.0541331173392239,356789036.980963,23.5263073304718,941849671.17271
25.8,-28.6,0.0541331173392239,356789036.980963,23.5263073304718,941849671.17271
25.9,-28.6,0.0541331173392239,356789036.980963,23.5263073304718,941849671.17271
26,-28.6,0.0518832193724144,153714060.033628,22.9713317356576,405668495.820588
26.1,-28.6,0.0518832193724144,153714060.033628,22.9713317356576,405668495.820588
26.2,-28.6,0.0518832193724144,153714060.033628,22.9713317356576,405668495.820588
26.3,-28.6,0.0518832193724144,153714060.033628,22.9713317356576,405668495.820588
26.4,-28.6,0.0518832193724144,153714060.033628,22.9713317356576,405668495.820588
26.5,-28.6,0.0518832193724144,153714060.033628,22.9713317356576,405668495.820588
26.6,-28.6,0.0492789499944672,58075762.4240995,22.3758292713932,156947104.377099
26.7,-28.6,0.0492789499944672,58075762.4240995,22.3758292713932,156947104.377099
26.8,-28.6,0.0492789499944672,58075762.4240995,22.3758292713932,156947104.377099
26.9,-28.6,0.0492789499944672,58075762.4240995,22.3758292713932,156947104.377099
27,-28.6,0.0492789499944672,58075762.4240995,22.3758292713932,156947104.377099
27.1,-28.6,0.0492789499944672,58075762.4240995,22.3758292713932,156947104.377099
27.2,-28.6,0.0454639706894045,14020916.5671298,21.6139604331594,40536813.0135807
27.3,-28.6,0.0454639706894045,14020916.5671298,21.6139604331594,40536813.0135807
27.4,-28.6,0.0454639706894045,14020916.5671298,21.6139604331594,40536813.0135807
27.5,-28.6,0.0454639706894045,14020916.5671298,21.6139604331594,40536813.0135807
27.6,-28.6,0.0454639706894045,14020916.5671298,21.6139604331594,40536813.0135807
27.7,-28.6,0.0454639706894045,14020916.5671298,21.6139604331594,40536813.0135807
27.8,-28.6,0.0454639706894045,14020916.5671298,21.6139604331594,40536813.0135807
27.9,-28.6,0.0387564354068174,1162390.38346628,20.4237231794143,3990170.89619556
28,-28.6,0.0387564354068174,1162390.38346628,20.4237231794143,3990170.89619556
28.1,-28.6,0.0387564354068174,1162390.38346628,20.4237231794143,3990170.89619556
28.2,-28.6,0.0387564354068174,1162390.38346628,20.4237231794143,3990170.89619556
28.3,-28.6,0.0387564354068174,1162390.38346628,20.4237231794143,3990170.89619556
28.4,-28.6,0.0387564354068174,1162390.38346628,20.4237231794143,3990170.89619556
28.5,-28.6,0.0232838640914853,3834.9538530746,17.9960852104261,24278.8185383513
28.6,-28.6,0.0232838640914853,3834.9538530746,17.9960852104261,24278.8185383513
28.7,-28.6,0.0232838640914853,3834.9538530746,17.9960852104261,24278.8185383513
28.8,-28.6,0.0232838640914853,3834.9538530746,17.9960852104261,24278.8185383513
28.9,-28.6,0.0232838640914853,3834.9538530746,17.9960852104261,24278.8185383513
29,-28.6,0.0232838640914853,3834.9538530746,17.9960852104261,24278.8185383513
29.1,-28.6,0.0531789038671538,244957113.252755,22.8465332641949,683400676.038711
29.2,-28.6,0.0531789038671538,244957113.252755,22.8465332641949,683400676.038711
29.3,-28.6,0.0531789038671538,244957113.252755,22.8465332641949,683400676.038711
29.4,-28.6,0.0531789038671538,244957113.252755,22.8465332641949,683400676.038711
29.5,-28.6,0.0531789038671538,244957113.252755,22.8465332641949,683400676.038711
29.6,-28.6,0.0531789038671538,244957113.252755,22.8465332641949,683400676.038711
29.7,-28.6,0.0605338070619344,3802165194.43234,24.3186879860818,10161277872.2395
29.8,-28.6,0.0605338070619344,3802165194.43234,24.3186879860818,10161277872.2395
29.9,-28.6,0.0605338070619344,3802165194.43234,24.3186879860818,10161277872.2395
30,-28.6,0.0605338070619344,3802165194.43234,24.3186879860818,10161277872.2395
30.1,-28.6,0.0605338070619344,3802165194.43234,24.3186879860818,10161277872.2395
30.2,-28.6,0.0605338070619344,3802165194.43234,24.3186879860818,10161277872.2395
30.3,-28.6,0.0605338070619344,3802165194.43234,24.3186879860818,10161277872.2395
30.4,-28.6,0.0596409795150471,2719301083.88396,24.0537901047886,7367547339.78311
30.5,-28.6,0.0596409795150471,2719301083.88396,24.0537901047886,7367547339.78311
30.6,-28.6,0.0596409795150471,2719301083.88396,24.0537901047886,7367547339.78311
30.7,-28.6,0.0596409795150471,2719301083.88396,24.0537901047886,7367547339.78311
30.8,-28.6,0.0596409795150471,2719301083.88396,24.0537901047886,7367547339.78311
30.9,-28.6,0.0596409795150471,2719301083.88396,24.0537901047886,7367547339.78311
31,-28.6,0.0651259999594405,20894336813.6311,25.0527430834371,57573142651.3707
31.1,-28.6,0.0651259999594405,20894336813.6311,25.0527430834371,57573142651.3707
31.2,-28.6,0.0651259999594405,20894336813.6311,25.0527430834371,57573142651.3707
31.3,-28.6,0.0651259999594405,20894336813.6311,25.0527430834371,57573142651.3707
31.4,-28.6,0.0651259999594405,20894336813.6311,25.0527430834371,57573142651.3707
31.5,-28.6,0.0651259999594405,20894336813.6311,25.0527430834371,57573142651.3707
31.6,-28.6,0.0720182149387772,273919696954.947,27.3167265987867,847126057646.424
31.7,-28.6,0.0720182149387772,273919696954.947,27.3167265987867,847126057646.424
31.8,-28.6,0.0720182149387772,273919696954.947,27.3167265987867,847126057646.424
31.9,-28.6,0.0720182149387772,273919696954.947,27.3167265987867,847126057646.424
32,-28.6,0.0720182149387772,273919696954.947,27.3167265987867,847126057646.424
32.1,-28.6,0.0720182149387772,273919696954.947,27.3167265987867,847126057646.424
32.2,-28.6,0.0653292553073524,22142195398.7948,24.6726681699835,67569582435.5379
32.3,-28.6,0.0653292553073524,22142195398.7948,24.6726681699835,67569582435.5379
16.7,-28.5,0.0640955006203564,14231008804.2879,24.8435469366177,38675604628.8172
16.8,-28.5,0.0640955006203564,14231008804.2879,24.8435469366177,38675604628.8172
16.9,-28.5,0.0640955006203564,14231008804.2879,24.8435469366177,38675604628.8172
17,-28.5,0.0640955006203564,14231008804.2879,24.8435469366177,38675604628.8172
17.1,-28.5,0.0640955006203564,14231008804.2879,24.8435469366177,38675604628.8172
17.2,-28.5,0.0639137456887134,13761380724.456,26.2696428368412,41112841898.3186
17.3,-28.5,0.0639137456887134,13761380724.456,26.2696428368412,41112841898.3186
19.7,-28.5,0.0545279890640487,436570363.125156,25.8167496895127,2145702850.61698
19.8,-28.5,0.0545279890640487,436570363.125156,25.8167496895127,2145702850.61698
19.9,-28.5,0.0545279890640487,436570363.125156,25.8167496895127,2145702850.61698
20,-28.5,0.0545279890640487,436570363.125156,25.8167496895127,2145702850.61698
20.1,-28.5,0.0545279890640487,436570363.125156,25.8167496895127,2145702850.61698
20.2,-28.5,0.0545279890640487,436570363.125156,25.8167496895127,2145702850.61698
20.3,-28.5,0.0545279890640487,436570363.125156,25.8167496895127,2145702850.61698
20.4,-28.5,0.0535202119873594,301177080.927656,25.8773623543813,1650977433.45363
20.5,-28.5,0.0535202119873594,301177080.927656,25.8773623543813,1650977433.45363
20.6,-28.5,0.0535202119873594,301177080.927656,25.8773623543813,1650977433.45363
20.7,-28.5,0.0535202119873594,301177080.927656,25.8773623543813,1650977433.45363
20.8,-28.5,0.0535202119873594,301177080.927656,25.8773623543813,1650977433.45363
20.9,-28.5,0.0535202119873594,301177080.927656,25.8773623543813,1650977433.45363
21,-28.5,0.0541878943261031,384544370.847115,25.6958165474412,1995003832.289
21.1,-28.5,0.0541878943261031,384544370.847115,25.6958165474412,1995003832.289
21.2,-28.5,0.0541878943261031,384544370.847115,25.6958165474412,1995003832.289
21.3,-28.5,0.0541878943261031,384544370.847115,25.6958165474412,1995003832.289
21.4,-28.5,0.0541878943261031,384544370.847115,25.6958165474412,1995003832.289
21.5,-28.5,0.0541878943261031,384544370.847115,25.6958165474412,1995003832.289
21.6,-28.5,0.054863662032304,492007276.288327,25.4990795000238,2361536744.34753
21.7,-28.5,0.054863662032304,492007276.288327,25.4990795000238,2361536744.34753
21.8,-28.5,0.054863662032304,492007276.288327,25.4990795000238,2361536744.34753
21.9,-28.5,0.054863662032304,492007276.288327,25.4990795000238,2361536744.34753
22,-28.5,0.054863662032304,492007276.288327,25.4990795000238,2361536744.34753
22.1,-28.5,0.054863662032304,492007276.288327,25.4990795000238,2361536744.34753
22.2,-28.5,0.0565187513346294,879428515.801265,24.4345404250107,2645696049.66026
22.3,-28.5,0.0565187513346294,879428515.801265,24.4345404250107,2645696049.66026
22.4,-28.5,0.0565187513346294,879428515.801265,24.4345404250107,2645696049.66026
22.5,-28.5,0.0565187513346294,879428515.801265,24.4345404250107,2645696049.66026
22.6,-28.5,0.0565733191106046,897698252.084022,24.4535320111892,2708163714.33297
22.7,-28.5,0.0565733191106046,897698252.084022,24.4535320111892,2708163714.33297
22.8,-28.5,0.0565733191106046,897698252.084022,24.4535320111892,2708163714.33297
22.9,-28.5,0.0536906715264927,302041775.234951,23.402391108859,785728874.527132
23,-28.5,0.0536906715264927,302041775.234951,23.402391108859,785728874.527132
23.1,-28.5,0.0536906715264927,302041775.234951,23.402391108859,785728874.527132
23.2,-28.5,0.0536906715264927,302041775.234951,23.402391108859,785728874.527132
23.3,-28.5,0.0536906715264927,302041775.234951,23.402391108859,785728874.527132
23.4,-28.5,0.0536906715264927,302041775.234951,23.402391108859,785728874.527132
23.5,-28.5,0.0550956146923474,510756736.257075,23.7364633305712,1356210691.38367
23.6,-28.5,0.0550956146923474,510756736.257075,23.7364633305712,1356210691.38367
23.7,-28.5,0.0550956146923474,510756736.257075,23.7364633305712,1356210691.38367
23.8,-28.5,0.0550956146923474,510756736.257075,23.7364633305712,1356210691.38367
23.9,-28.5,0.0550956146923474,510756736.257075,23.7364633305712,1356210691.38367
24,-28.5,0.0550956146923474,510756736.257075,23.7364633305712,1356210691.38367
24.1,-28.5,0.0569733088803707,1062340507.44174,25.2692746870275,4670609084.4589
24.2,-28.5,0.0569733088803707,1062340507.44174,25.2692746870275,4670609084.4589
24.3,-28.5,0.0569733088803707,1062340507.44174,25.2692746870275,4670609084.4589
24.4,-28.5,0.0569733088803707,1062340507.44174,25.2692746870275,4670609084.4589
24.5,-28.5,0.0569733088803707,1062340507.44174,25.2692746870275,4670609084.4589
24.6,-28.5,0.0569733088803707,1062340507.44174,25.2692746870275,4670609084.4589
24.7,-28.5,0.0561776581544493,769375725.967592,24.1510086188574,2203899412.90076
24.8,-28.5,0.0561776581544493,769375725.967592,24.1510086188574,2203899412.90076
24.9,-28.5,0.0561776581544493,769375725.967592,24.1510086188574,2203899412.90076
25,-28.5,0.0561776581544493,769375725.967592,24.1510086188574,2203899412.90076
25.1,-28.5,0.0561776581544493,769375725.967592,24.1510086188574,2203899412.90076
25.2,-28.5,0.0561776581544493,769375725.967592,24.1510086188574,2203899412.90076
25.3,-28.5,0.0561776581544493,769375725.967592,24.1510086188574,2203899412.90076
25.4,-28.5,0.0541331173392239,356789036.980963,23.5263073304718,941849671.17271
25.5,-28.5,0.0541331173392239,356789036.980963,23.5263073304718,941849671.17271
25.6,-28.5,0.0541331173392239,356789036.980963,23.5263073304718,941849671.17271
25.7,-28.5,0.0541331173392239,356789036.980963,23.5263073304718,941849671.17271
25.8,-28.5,0.0541331173392239,356789036.980963,23.5263073304718,941849671.17271
25.9,-28.5,0.0541331173392239,356789036.980963,23.5263073304718,941849671.17271
26,-28.5,0.0518832193724144,153714060.033628,22.9713317356576,405668495.820588
26.1,-28.5,0.0518832193724144,153714060.033628,22.9713317356576,405668495.820588
26.2,-28.5,0.0518832193724144,153714060.033628,22.9713317356576,405668495.820588
26.3,-28.5,0.0518832193724144,153714060.033628,22.9713317356576,405668495.820588
26.4,-28.5,0.0518832193724144,153714060.033628,22.9713317356576,405668495.820588
26.5,-28.5,0.0518832193724144,153714060.033628,22.9713317356576,405668495.820588
26.6,-28.5,0.0492789499944672,58075762.4240995,22.3758292713932,156947104.377099
26.7,-28.5,0.0492789499944672,58075762.4240995,22.3758292713932,156947104.377099
26.8,-28.5,0.0492789499944672,58075762.4240995,22.3758292713932,156947104.377099
26.9,-28.5,0.0492789499944672,58075762.4240995,22.3758292713932,156947104.377099
27,-28.5,0.0492789499944672,58075762.4240995,22.3758292713932,156947104.377099
27.1,-28.5,0.0492789499944672,58075762.4240995,22.3758292713932,156947104.377099
27.2,-28.5,0.0454639706894045,14020916.5671298,21.6139604331594,40536813.0135807
27.3,-28.5,0.0454639706894045,14020916.5671298,21.6139604331594,40536813.0135807
27.4,-28.5,0.0454639706894045,14020916.5671298,21.6139604331594,40536813.0135807
27.5,-28.5,0.0454639706894045,14020916.5671298,21.6139604331594,40536813.0135807
27.6,-28.5,0.0454639706894045,14020916.5671298,21.6139604331594,40536813.0135807
27.7,-28.5,0.0454639706894045,14020916.5671298,21.6139604331594,40536813.0135807
27.8,-28.5,0.0454639706894045,14020916.5671298,21.6139604331594,40536813.0135807
27.9,-28.5,0.0387564354068174,1162390.38346628,20.4237231794143,3990170.89619556
28,-28.5,0.0387564354068174,1162390.38346628,20.4237231794143,3990170.89619556
28.1,-28.5,0.0387564354068174,1162390.38346628,20.4237231794143,3990170.89619556
28.2,-28.5,0.0387564354068174,1162390.38346628,20.4237231794143,3990170.89619556
28.3,-28.5,0.0387564354068174,1162390.38346628,20.4237231794143,3990170.89619556
28.4,-28.5,0.0387564354068174,1162390.38346628,20.4237231794143,3990170.89619556
28.5,-28.5,0.0232838640914853,3834.9538530746,17.9960852104261,24278.8185383513
28.6,-28.5,0.0232838640914853,3834.9538530746,17.9960852104261,24278.8185383513
28.7,-28.5,0.0232838640914853,3834.9538530746,17.9960852104261,24278.8185383513
28.8,-28.5,0.0232838640914853,3834.9538530746,17.9960852104261,24278.8185383513
28.9,-28.5,0.0232838640914853,3834.9538530746,17.9960852104261,24278.8185383513
29,-28.5,0.0232838640914853,3834.9538530746,17.9960852104261,24278.8185383513
29.1,-28.5,0.0531789038671538,244957113.252755,22.8465332641949,683400676.038711
29.2,-28.5,0.0531789038671538,244957113.252755,22.8465332641949,683400676.038711
29.3,-28.5,0.0531789038671538,244957113.252755,22.8465332641949,683400676.038711
29.4,-28.5,0.0531789038671538,244957113.252755,22.8465332641949,683400676.038711
29.5,-28.5,0.0531789038671538,244957113.252755,22.8465332641949,683400676.038711
29.6,-28.5,0.0531789038671538,244957113.252755,22.8465332641949,683400676.038711
29.7,-28.5,0.0605338070619344,3802165194.43234,24.3186879860818,10161277872.2395
29.8,-28.5,0.0605338070619344,3802165194.43234,24.3186879860818,10161277872.2395
29.9,-28.5,0.0605338070619344,3802165194.43234,24.3186879860818,10161277872.2395
30,-28.5,0.0605338070619344,3802165194.43234,24.3186879860818,10161277872.2395
30.1,-28.5,0.0605338070619344,3802165194.43234,24.3186879860818,10161277872.2395
30.2,-28.5,0.0605338070619344,3802165194.43234,24.3186879860818,10161277872.2395
30.3,-28.5,0.0605338070619344,3802165194.43234,24.3186879860818,10161277872.2395
30.4,-28.5,0.0596409795150471,2719301083.88396,24.0537901047886,7367547339.78311
30.5,-28.5,0.0596409795150471,2719301083.88396,24.0537901047886,7367547339.78311
30.6,-28.5,0.0596409795150471,2719301083.88396,24.0537901047886,7367547339.78311
30.7,-28.5,0.0596409795150471,2719301083.88396,24.0537901047886,7367547339.78311
30.8,-28.5,0.0596409795150471,2719301083.88396,24.0537901047886,7367547339.78311
30.9,-28.5,0.0596409795150471,2719301083.88396,24.0537901047886,7367547339.78311
31,-28.5,0.0651259999594405,20894336813.6311,25.0527430834371,57573142651.3707
31.1,-28.5,0.0651259999594405,20894336813.6311,25.0527430834371,57573142651.3707
31.2,-28.5,0.0651259999594405,20894336813.6311,25.0527430834371,57573142651.3707
31.3,-28.5,0.0651259999594405,20894336813.6311,25.0527430834371,57573142651.3707
31.4,-28.5,0.0651259999594405,20894336813.6311,25.0527430834371,57573142651.3707
31.5,-28.5,0.0651259999594405,20894336813.6311,25.0527430834371,57573142651.3707
31.6,-28.5,0.0720182149387772,273919696954.947,27.3167265987867,847126057646.424
31.7,-28.5,0.0720182149387772,273919696954.947,27.3167265987867,847126057646.424
31.8,-28.5,0.0720182149387772,273919696954.947,27.3167265987867,847126057646.424
31.9,-28.5,0.0720182149387772,273919696954.947,27.3167265987867,847126057646.424
32,-28.5,0.0720182149387772,273919696954.947,27.3167265987867,847126057646.424
32.1,-28.5,0.0720182149387772,273919696954.947,27.3167265987867,847126057646.424
32.2,-28.5,0.0653292553073524,22142195398.7948,24.6726681699835,67569582435.5379
32.3,-28.5,0.0653292553073524,22142195398.7948,24.6726681699835,67569582435.5379
16.8,-28.4,0.0640955006203564,14231008804.2879,24.8435469366177,38675604628.8172
16.9,-28.4,0.0640955006203564,14231008804.2879,24.8435469366177,38675604628.8172
17,-28.4,0.0640955006203564,14231008804.2879,24.8435469366177,38675604628.8172
17.1,-28.4,0.0640955006203564,14231008804.2879,24.8435469366177,38675604628.8172
17.2,-28.4,0.0639137456887134,13761380724.456,26.2696428368412,41112841898.3186
17.3,-28.4,0.0639137456887134,13761380724.456,26.2696428368412,41112841898.3186
20,-28.4,0.0545279890640487,436570363.125156,25.8167496895127,2145702850.61698
20.1,-28.4,0.0545279890640487,436570363.125156,25.8167496895127,2145702850.61698
20.2,-28.4,0.0545279890640487,436570363.125156,25.8167496895127,2145702850.61698
20.3,-28.4,0.0545279890640487,436570363.125156,25.8167496895127,2145702850.61698
20.4,-28.4,0.0535202119873594,301177080.927656,25.8773623543813,1650977433.45363
20.5,-28.4,0.0535202119873594,301177080.927656,25.8773623543813,1650977433.45363
20.6,-28.4,0.0535202119873594,301177080.927656,25.8773623543813,1650977433.45363
20.7,-28.4,0.0535202119873594,301177080.927656,25.8773623543813,1650977433.45363
20.8,-28.4,0.0535202119873594,301177080.927656,25.8773623543813,1650977433.45363
20.9,-28.4,0.0535202119873594,301177080.927656,25.8773623543813,1650977433.45363
21,-28.4,0.0541878943261031,384544370.847115,25.6958165474412,1995003832.289
21.1,-28.4,0.0541878943261031,384544370.847115,25.6958165474412,1995003832.289
21.2,-28.4,0.0541878943261031,384544370.847115,25.6958165474412,1995003832.289
21.3,-28.4,0.0541878943261031,384544370.847115,25.6958165474412,1995003832.289
21.4,-28.4,0.0541878943261031,384544370.847115,25.6958165474412,1995003832.289
21.5,-28.4,0.0541878943261031,384544370.847115,25.6958165474412,1995003832.289
21.6,-28.4,0.054863662032304,492007276.288327,25.4990795000238,2361536744.34753
21.7,-28.4,0.054863662032304,492007276.288327,25.4990795000238,2361536744.34753
21.8,-28.4,0.054863662032304,492007276.288327,25.4990795000238,2361536744.34753
21.9,-28.4,0.054863662032304,492007276.288327,25.4990795000238,2361536744.34753
22,-28.4,0.054863662032304,492007276.288327,25.4990795000238,2361536744.34753
22.1,-28.4,0.054863662032304,492007276.288327,25.4990795000238,2361536744.34753
22.2,-28.4,0.0565187513346294,879428515.801265,24.4345404250107,2645696049.66026
22.3,-28.4,0.0565187513346294,879428515.801265,24.4345404250107,2645696049.66026
22.4,-28.4,0.0565187513346294,879428515.801265,24.4345404250107,2645696049.66026
22.5,-28.4,0.0565187513346294,879428515.801265,24.4345404250107,2645696049.66026
22.6,-28.4,0.0565733191106046,897698252.084022,24.4535320111892,2708163714.33297
22.7,-28.4,0.0565733191106046,897698252.084022,24.4535320111892,2708163714.33297
22.8,-28.4,0.0565733191106046,897698252.084022,24.4535320111892,2708163714.33297
22.9,-28.4,0.0536906715264927,302041775.234951,23.402391108859,785728874.527132
23,-28.4,0.0536906715264927,302041775.234951,23.402391108859,785728874.527132
23.1,-28.4,0.0536906715264927,302041775.234951,23.402391108859,785728874.527132
23.2,-28.4,0.0536906715264927,302041775.234951,23.402391108859,785728874.527132
23.3,-28.4,0.0536906715264927,302041775.234951,23.402391108859,785728874.527132
23.4,-28.4,0.0536906715264927,302041775.234951,23.402391108859,785728874.527132
23.5,-28.4,0.0550956146923474,510756736.257075,23.7364633305712,1356210691.38367
23.6,-28.4,0.0550956146923474,510756736.257075,23.7364633305712,1356210691.38367
23.7,-28.4,0.0550956146923474,510756736.257075,23.7364633305712,1356210691.38367
23.8,-28.4,0.0550956146923474,510756736.257075,23.7364633305712,1356210691.38367
23.9,-28.4,0.0550956146923474,510756736.257075,23.7364633305712,1356210691.38367
24,-28.4,0.0550956146923474,510756736.257075,23.7364633305712,1356210691.38367
24.1,-28.4,0.0569733088803707,1062340507.44174,25.2692746870275,4670609084.4589
24.2,-28.4,0.0569733088803707,1062340507.44174,25.2692746870275,4670609084.4589
24.3,-28.4,0.0569733088803707,1062340507.44174,25.2692746870275,4670609084.4589
24.4,-28.4,0.0569733088803707,1062340507.44174,25.2692746870275,4670609084.4589
24.5,-28.4,0.0569733088803707,1062340507.44174,25.2692746870275,4670609084.4589
24.6,-28.4,0.0569733088803707,1062340507.44174,25.2692746870275,4670609084.4589
24.7,-28.4,0.0561776581544493,769375725.967592,24.1510086188574,2203899412.90076
24.8,-28.4,0.0561776581544493,769375725.967592,24.1510086188574,2203899412.90076
24.9,-28.4,0.0561776581544493,769375725.967592,24.1510086188574,2203899412.90076
25,-28.4,0.0561776581544493,769375725.967592,24.1510086188574,2203899412.90076
25.1,-28.4,0.0561776581544493,769375725.967592,24.1510086188574,2203899412.90076
25.2,-28.4,0.0561776581544493,769375725.967592,24.1510086188574,2203899412.90076
25.3,-28.4,0.0561776581544493,769375725.967592,24.1510086188574,2203899412.90076
25.4,-28.4,0.0541331173392239,356789036.980963,23.5263073304718,941849671.17271
25.5,-28.4,0.0541331173392239,356789036.980963,23.5263073304718,941849671.17271
25.6,-28.4,0.0541331173392239,356789036.980963,23.5263073304718,941849671.17271
25.7,-28.4,0.0541331173392239,356789036.980963,23.5263073304718,941849671.17271
25.8,-28.4,0.0541331173392239,356789036.980963,23.5263073304718,941849671.17271
25.9,-28.4,0.0541331173392239,356789036.980963,23.5263073304718,941849671.17271
26,-28.4,0.0518832193724144,153714060.033628,22.9713317356576,405668495.820588
26.1,-28.4,0.0518832193724144,153714060.033628,22.9713317356576,405668495.820588
26.2,-28.4,0.0518832193724144,153714060.033628,22.9713317356576,405668495.820588
26.3,-28.4,0.0518832193724144,153714060.033628,22.9713317356576,405668495.820588
26.4,-28.4,0.0518832193724144,153714060.033628,22.9713317356576,405668495.820588
26.5,-28.4,0.0518832193724144,153714060.033628,22.9713317356576,405668495.820588
26.6,-28.4,0.0492789499944672,58075762.4240995,22.3758292713932,156947104.377099
26.7,-28.4,0.0492789499944672,58075762.4240995,22.3758292713932,156947104.377099
26.8,-28.4,0.0492789499944672,58075762.4240995,22.3758292713932,156947104.377099
26.9,-28.4,0.0492789499944672,58075762.4240995,22.3758292713932,156947104.377099
27,-28.4,0.0492789499944672,58075762.4240995,22.3758292713932,156947104.377099
27.1,-28.4,0.0492789499944672,58075762.4240995,22.3758292713932,156947104.377099
27.2,-28.4,0.0454639706894045,14020916.5671298,21.6139604331594,40536813.0135807
27.3,-28.4,0.0454639706894045,14020916.5671298,21.6139604331594,40536813.0135807
27.4,-28.4,0.0454639706894045,14020916.5671298,21.6139604331594,40536813.0135807
27.5,-28.4,0.0454639706894045,14020916.5671298,21.6139604331594,40536813.0135807
27.6,-28.4,0.0454639706894045,14020916.5671298,21.6139604331594,40536813.0135807
27.7,-28.4,0.0454639706894045,14020916.5671298,21.6139604331594,40536813.0135807
27.8,-28.4,0.0454639706894045,14020916.5671298,21.6139604331594,40536813.0135807
27.9,-28.4,0.0387564354068174,1162390.38346628,20.4237231794143,3990170.89619556
28,-28.4,0.0387564354068174,1162390.38346628,20.4237231794143,3990170.89619556
28.1,-28.4,0.0387564354068174,1162390.38346628,20.4237231794143,3990170.89619556
28.2,-28.4,0.0387564354068174,1162390.38346628,20.4237231794143,3990170.89619556
28.3,-28.4,0.0387564354068174,1162390.38346628,20.4237231794143,3990170.89619556
28.4,-28.4,0.0387564354068174,1162390.38346628,20.4237231794143,3990170.89619556
28.5,-28.4,0.0232838640914853,3834.9538530746,17.9960852104261,24278.8185383513
28.6,-28.4,0.0232838640914853,3834.9538530746,17.9960852104261,24278.8185383513
28.7,-28.4,0.0232838640914853,3834.9538530746,17.9960852104261,24278.8185383513
28.8,-28.4,0.0232838640914853,3834.9538530746,17.9960852104261,24278.8185383513
28.9,-28.4,0.0232838640914853,3834.9538530746,17.9960852104261,24278.8185383513
29,-28.4,0.0232838640914853,3834.9538530746,17.9960852104261,24278.8185383513
29.1,-28.4,0.0531789038671538,244957113.252755,22.8465332641949,683400676.038711
29.2,-28.4,0.0531789038671538,244957113.252755,22.8465332641949,683400676.038711
29.3,-28.4,0.0531789038671538,244957113.252755,22.8465332641949,683400676.038711
29.4,-28.4,0.0531789038671538,244957113.252755,22.8465332641949,683400676.038711
29.5,-28.4,0.0531789038671538,244957113.252755,22.8465332641949,683400676.038711
29.6,-28.4,0.0531789038671538,244957113.252755,22.8465332641949,683400676.038711
29.7,-28.4,0.0605338070619344,3802165194.43234,24.3186879860818,10161277872.2395
29.8,-28.4,0.0605338070619344,3802165194.43234,24.3186879860818,10161277872.2395
29.9,-28.4,0.0605338070619344,3802165194.43234,24.3186879860818,10161277872.2395
30,-28.4,0.0605338070619344,3802165194.43234,24.3186879860818,10161277872.2395
30.1,-28.4,0.0605338070619344,3802165194.43234,24.3186879860818,10161277872.2395
30.2,-28.4,0.0605338070619344,3802165194.43234,24.3186879860818,10161277872.2395
30.3,-28.4,0.0605338070619344,3802165194.43234,24.3186879860818,10161277872.2395
30.4,-28.4,0.0596409795150471,2719301083.88396,24.0537901047886,7367547339.78311
30.5,-28.4,0.0596409795150471,2719301083.88396,24.0537901047886,7367547339.78311
30.6,-28.4,0.0596409795150471,2719301083.88396,24.0537901047886,7367547339.78311
30.7,-28.4,0.0596409795150471,2719301083.88396,24.0537901047886,7367547339.78311
30.8,-28.4,0.0596409795150471,2719301083.88396,24.0537901047886,7367547339.78311
30.9,-28.4,0.0596409795150471,2719301083.88396,24.0537901047886,7367547339.78311
31,-28.4,0.0651259999594405,20894336813.6311,25.0527430834371,57573142651.3707
31.1,-28.4,0.0651259999594405,20894336813.6311,25.0527430834371,57573142651.3707
31.2,-28.4,0.0651259999594405,20894336813.6311,25.0527430834371,57573142651.3707
31.3,-28.4,0.0651259999594405,20894336813.6311,25.0527430834371,57573142651.3707
31.4,-28.4,0.0651259999594405,20894336813.6311,25.0527430834371,57573142651.3707
31.5,-28.4,0.0651259999594405,20894336813.6311,25.0527430834371,57573142651.3707
31.6,-28.4,0.0720182149387772,273919696954.947,27.3167265987867,847126057646.424
31.7,-28.4,0.0720182149387772,273919696954.947,27.3167265987867,847126057646.424
31.8,-28.4,0.0720182149387772,273919696954.947,27.3167265987867,847126057646.424
31.9,-28.4,0.0720182149387772,273919696954.947,27.3167265987867,847126057646.424
32,-28.4,0.0720182149387772,273919696954.947,27.3167265987867,847126057646.424
32.1,-28.4,0.0720182149387772,273919696954.947,27.3167265987867,847126057646.424
32.2,-28.4,0.0653292553073524,22142195398.7948,24.6726681699835,67569582435.5379
32.3,-28.4,0.0653292553073524,22142195398.7948,24.6726681699835,67569582435.5379
32.4,-28.4,0.0653292553073524,22142195398.7948,24.6726681699835,67569582435.5379
16.9,-28.3,0.0640955006203564,14231008804.2879,24.8435469366177,38675604628.8172
17,-28.3,0.0640955006203564,14231008804.2879,24.8435469366177,38675604628.8172
17.1,-28.3,0.0640955006203564,14231008804.2879,24.8435469366177,38675604628.8172
17.2,-28.3,0.0639137456887134,13761380724.456,26.2696428368412,41112841898.3186
17.3,-28.3,0.0639137456887134,13761380724.456,26.2696428368412,41112841898.3186
20,-28.3,0.0545279890640487,436570363.125156,25.8167496895127,2145702850.61698
20.1,-28.3,0.0545279890640487,436570363.125156,25.8167496895127,2145702850.61698
20.2,-28.3,0.0545279890640487,436570363.125156,25.8167496895127,2145702850.61698
20.3,-28.3,0.0545279890640487,436570363.125156,25.8167496895127,2145702850.61698
20.4,-28.3,0.0535202119873594,301177080.927656,25.8773623543813,1650977433.45363
20.5,-28.3,0.0535202119873594,301177080.927656,25.8773623543813,1650977433.45363
20.6,-28.3,0.0535202119873594,301177080.927656,25.8773623543813,1650977433.45363
20.7,-28.3,0.0535202119873594,301177080.927656,25.8773623543813,1650977433.45363
20.8,-28.3,0.0535202119873594,301177080.927656,25.8773623543813,1650977433.45363
20.9,-28.3,0.0535202119873594,301177080.927656,25.8773623543813,1650977433.45363
21,-28.3,0.0541878943261031,384544370.847115,25.6958165474412,1995003832.289
21.1,-28.3,0.0541878943261031,384544370.847115,25.6958165474412,1995003832.289
21.2,-28.3,0.0541878943261031,384544370.847115,25.6958165474412,1995003832.289
21.3,-28.3,0.0541878943261031,384544370.847115,25.6958165474412,1995003832.289
21.4,-28.3,0.0541878943261031,384544370.847115,25.6958165474412,1995003832.289
21.5,-28.3,0.0541878943261031,384544370.847115,25.6958165474412,1995003832.289
21.6,-28.3,0.054863662032304,492007276.288327,25.4990795000238,2361536744.34753
21.7,-28.3,0.054863662032304,492007276.288327,25.4990795000238,2361536744.34753
21.8,-28.3,0.054863662032304,492007276.288327,25.4990795000238,2361536744.34753
21.9,-28.3,0.054863662032304,492007276.288327,25.4990795000238,2361536744.34753
22,-28.3,0.054863662032304,492007276.288327,25.4990795000238,2361536744.34753
22.1,-28.3,0.054863662032304,492007276.288327,25.4990795000238,2361536744.34753
22.2,-28.3,0.0565187513346294,879428515.801265,24.4345404250107,2645696049.66026
22.3,-28.3,0.0565187513346294,879428515.801265,24.4345404250107,2645696049.66026
22.4,-28.3,0.0565187513346294,879428515.801265,24.4345404250107,2645696049.66026
22.5,-28.3,0.0565187513346294,879428515.801265,24.4345404250107,2645696049.66026
22.6,-28.3,0.0565733191106046,897698252.084022,24.4535320111892,2708163714.33297
22.7,-28.3,0.0565733191106046,897698252.084022,24.4535320111892,2708163714.33297
22.8,-28.3,0.0565733191106046,897698252.084022,24.4535320111892,2708163714.33297
22.9,-28.3,0.0536906715264927,302041775.234951,23.402391108859,785728874.527132
23,-28.3,0.0536906715264927,302041775.234951,23.402391108859,785728874.527132
23.1,-28.3,0.0536906715264927,302041775.234951,23.402391108859,785728874.527132
23.2,-28.3,0.0536906715264927,302041775.234951,23.402391108859,785728874.527132
23.3,-28.3,0.0536906715264927,302041775.234951,23.402391108859,785728874.527132
23.4,-28.3,0.0536906715264927,302041775.234951,23.402391108859,785728874.527132
23.5,-28.3,0.0550956146923474,510756736.257075,23.7364633305712,1356210691.38367
23.6,-28.3,0.0550956146923474,510756736.257075,23.7364633305712,1356210691.38367
23.7,-28.3,0.0550956146923474,510756736.257075,23.7364633305712,1356210691.38367
23.8,-28.3,0.0550956146923474,510756736.257075,23.7364633305712,1356210691.38367
23.9,-28.3,0.0550956146923474,510756736.257075,23.7364633305712,1356210691.38367
24,-28.3,0.0550956146923474,510756736.257075,23.7364633305712,1356210691.38367
24.1,-28.3,0.0569733088803707,1062340507.44174,25.2692746870275,4670609084.4589
24.2,-28.3,0.0569733088803707,1062340507.44174,25.2692746870275,4670609084.4589
24.3,-28.3,0.0569733088803707,1062340507.44174,25.2692746870275,4670609084.4589
24.4,-28.3,0.0569733088803707,1062340507.44174,25.2692746870275,4670609084.4589
24.5,-28.3,0.0569733088803707,1062340507.44174,25.2692746870275,4670609084.4589
24.6,-28.3,0.0569733088803707,1062340507.44174,25.2692746870275,4670609084.4589
24.7,-28.3,0.0561776581544493,769375725.967592,24.1510086188574,2203899412.90076
24.8,-28.3,0.0561776581544493,769375725.967592,24.1510086188574,2203899412.90076
24.9,-28.3,0.0561776581544493,769375725.967592,24.1510086188574,2203899412.90076
25,-28.3,0.0561776581544493,769375725.967592,24.1510086188574,2203899412.90076
25.1,-28.3,0.0561776581544493,769375725.967592,24.1510086188574,2203899412.90076
25.2,-28.3,0.0561776581544493,769375725.967592,24.1510086188574,2203899412.90076
25.3,-28.3,0.0561776581544493,769375725.967592,24.1510086188574,2203899412.90076
25.4,-28.3,0.0541331173392239,356789036.980963,23.5263073304718,941849671.17271
25.5,-28.3,0.0541331173392239,356789036.980963,23.5263073304718,941849671.17271
25.6,-28.3,0.0541331173392239,356789036.980963,23.5263073304718,941849671.17271
25.7,-28.3,0.0541331173392239,356789036.980963,23.5263073304718,941849671.17271
25.8,-28.3,0.0541331173392239,356789036.980963,23.5263073304718,941849671.17271
25.9,-28.3,0.0541331173392239,356789036.980963,23.5263073304718,941849671.17271
26,-28.3,0.0518832193724144,153714060.033628,22.9713317356576,405668495.820588
26.1,-28.3,0.0518832193724144,153714060.033628,22.9713317356576,405668495.820588
26.2,-28.3,0.0518832193724144,153714060.033628,22.9713317356576,405668495.820588
26.3,-28.3,0.0518832193724144,153714060.033628,22.9713317356576,405668495.820588
26.4,-28.3,0.0518832193724144,153714060.033628,22.9713317356576,405668495.820588
26.5,-28.3,0.0518832193724144,153714060.033628,22.9713317356576,405668495.820588
26.6,-28.3,0.0492789499944672,58075762.4240995,22.3758292713932,156947104.377099
26.7,-28.3,0.0492789499944672,58075762.4240995,22.3758292713932,156947104.377099
26.8,-28.3,0.0492789499944672,58075762.4240995,22.3758292713932,156947104.377099
26.9,-28.3,0.0492789499944672,58075762.4240995,22.3758292713932,156947104.377099
27,-28.3,0.0492789499944672,58075762.4240995,22.3758292713932,156947104.377099
27.1,-28.3,0.0492789499944672,58075762.4240995,22.3758292713932,156947104.377099
27.2,-28.3,0.0454639706894045,14020916.5671298,21.6139604331594,40536813.0135807
27.3,-28.3,0.0454639706894045,14020916.5671298,21.6139604331594,40536813.0135807
27.4,-28.3,0.0454639706894045,14020916.5671298,21.6139604331594,40536813.0135807
27.5,-28.3,0.0454639706894045,14020916.5671298,21.6139604331594,40536813.0135807
27.6,-28.3,0.0454639706894045,14020916.5671298,21.6139604331594,40536813.0135807
27.7,-28.3,0.0454639706894045,14020916.5671298,21.6139604331594,40536813.0135807
27.8,-28.3,0.0454639706894045,14020916.5671298,21.6139604331594,40536813.0135807
27.9,-28.3,0.0387564354068174,1162390.38346628,20.4237231794143,3990170.89619556
28,-28.3,0.0387564354068174,1162390.38346628,20.4237231794143,3990170.89619556
28.1,-28.3,0.0387564354068174,1162390.38346628,20.4237231794143,3990170.89619556
28.2,-28.3,0.0387564354068174,1162390.38346628,20.4237231794143,3990170.89619556
28.3,-28.3,0.0387564354068174,1162390.38346628,20.4237231794143,3990170.89619556
28.4,-28.3,0.0387564354068174,1162390.38346628,20.4237231794143,3990170.89619556
28.5,-28.3,0.0232838640914853,3834.9538530746,17.9960852104261,24278.8185383513
28.6,-28.3,0.0232838640914853,3834.9538530746,17.9960852104261,24278.8185383513
28.7,-28.3,0.0232838640914853,3834.9538530746,17.9960852104261,24278.8185383513
28.8,-28.3,0.0232838640914853,3834.9538530746,17.9960852104261,24278.8185383513
28.9,-28.3,0.0232838640914853,3834.9538530746,17.9960852104261,24278.8185383513
29,-28.3,0.0232838640914853,3834.9538530746,17.9960852104261,24278.8185383513
29.1,-28.3,0.0531789038671538,244957113.252755,22.8465332641949,683400676.038711
29.2,-28.3,0.0531789038671538,244957113.252755,22.8465332641949,683400676.038711
29.3,-28.3,0.0531789038671538,244957113.252755,22.8465332641949,683400676.038711
29.4,-28.3,0.0531789038671538,244957113.252755,22.8465332641949,683400676.038711
29.5,-28.3,0.0531789038671538,244957113.252755,22.8465332641949,683400676.038711
29.6,-28.3,0.0531789038671538,244957113.252755,22.8465332641949,683400676.038711
29.7,-28.3,0.0605338070619344,3802165194.43234,24.3186879860818,10161277872.2395
29.8,-28.3,0.0605338070619344,3802165194.43234,24.3186879860818,10161277872.2395
29.9,-28.3,0.0605338070619344,3802165194.43234,24.3186879860818,10161277872.2395
30,-28.3,0.0605338070619344,3802165194.43234,24.3186879860818,10161277872.2395
30.1,-28.3,0.0605338070619344,3802165194.43234,24.3186879860818,10161277872.2395
30.2,-28.3,0.0605338070619344,3802165194.43234,24.3186879860818,10161277872.2395
30.3,-28.3,0.0605338070619344,3802165194.43234,24.3186879860818,10161277872.2395
30.4,-28.3,0.0596409795150471,2719301083.88396,24.0537901047886,7367547339.78311
30.5,-28.3,0.0596409795150471,2719301083.88396,24.0537901047886,7367547339.78311
30.6,-28.3,0.0596409795150471,2719301083.88396,24.0537901047886,7367547339.78311
30.7,-28.3,0.0596409795150471,2719301083.88396,24.0537901047886,7367547339.78311
30.8,-28.3,0.0596409795150471,2719301083.88396,24.0537901047886,7367547339.78311
30.9,-28.3,0.0596409795150471,2719301083.88396,24.0537901047886,7367547339.78311
31,-28.3,0.0651259999594405,20894336813.6311,25.0527430834371,57573142651.3707
31.1,-28.3,0.0651259999594405,20894336813.6311,25.0527430834371,57573142651.3707
31.2,-28.3,0.0651259999594405,20894336813.6311,25.0527430834371,57573142651.3707
31.3,-28.3,0.0651259999594405,20894336813.6311,25.0527430834371,57573142651.3707
31.4,-28.3,0.0651259999594405,20894336813.6311,25.0527430834371,57573142651.3707
31.5,-28.3,0.0651259999594405,20894336813.6311,25.0527430834371,57573142651.3707
31.6,-28.3,0.0720182149387772,273919696954.947,27.3167265987867,847126057646.424
31.7,-28.3,0.0720182149387772,273919696954.947,27.3167265987867,847126057646.424
31.8,-28.3,0.0720182149387772,273919696954.947,27.3167265987867,847126057646.424
31.9,-28.3,0.0720182149387772,273919696954.947,27.3167265987867,847126057646.424
32,-28.3,0.0720182149387772,273919696954.947,27.3167265987867,847126057646.424
32.1,-28.3,0.0720182149387772,273919696954.947,27.3167265987867,847126057646.424
32.2,-28.3,0.0653292553073524,22142195398.7948,24.6726681699835,67569582435.5379
32.3,-28.3,0.0653292553073524,22142195398.7948,24.6726681699835,67569582435.5379
32.4,-28.3,0.0653292553073524,22142195398.7948,24.6726681699835,67569582435.5379
16.9,-28.2,0.0672535863336231,47117823431.9454,26.3499834333251,125236269221.48
17,-28.2,0.0672535863336231,47117823431.9454,26.3499834333251,125236269221.48
17.1,-28.2,0.0672535863336231,47117823431.9454,26.3499834333251,125236269221.48
17.2,-28.2,0.0621112590723006,7162897510.70741,27.0672154035654,27037739422.7383
20,-28.2,0.0535347997386663,305047373.41831,26.2219983113235,1880801449.60992
20.1,-28.2,0.0535347997386663,305047373.41831,26.2219983113235,1880801449.60992
20.2,-28.2,0.0535347997386663,305047373.41831,26.2219983113235,1880801449.60992
20.3,-28.2,0.0535347997386663,305047373.41831,26.2219983113235,1880801449.60992
20.4,-28.2,0.0534868831360714,298586909.080374,25.9690635891349,1749561443.59272
20.5,-28.2,0.0534868831360714,298586909.080374,25.9690635891349,1749561443.59272
20.6,-28.2,0.0534868831360714,298586909.080374,25.9690635891349,1749561443.59272
20.7,-28.2,0.0534868831360714,298586909.080374,25.9690635891349,1749561443.59272
20.8,-28.2,0.0534868831360714,298586909.080374,25.9690635891349,1749561443.59272
20.9,-28.2,0.0534868831360714,298586909.080374,25.9690635891349,1749561443.59272
21,-28.2,0.054273955689124,397813693.225233,25.7510874479057,2175068053.50526
21.1,-28.2,0.054273955689124,397813693.225233,25.7510874479057,2175068053.50526
21.2,-28.2,0.054273955689124,397813693.225233,25.7510874479057,2175068053.50526
21.3,-28.2,0.054273955689124,397813693.225233,25.7510874479057,2175068053.50526
21.4,-28.2,0.054273955689124,397813693.225233,25.7510874479057,2175068053.50526
21.5,-28.2,0.054273955689124,397813693.225233,25.7510874479057,2175068053.50526
21.6,-28.2,0.0555219325398178,626887141.603745,25.5103398536433,2965535668.20699
21.7,-28.2,0.0555219325398178,626887141.603745,25.5103398536433,2965535668.20699
21.8,-28.2,0.0555219325398178,626887141.603745,25.5103398536433,2965535668.20699
21.9,-28.2,0.0555219325398178,626887141.603745,25.5103398536433,2965535668.20699
22,-28.2,0.0555219325398178,626887141.603745,25.5103398536433,2965535668.20699
22.1,-28.2,0.0555219325398178,626887141.603745,25.5103398536433,2965535668.20699
22.2,-28.2,0.0571682100691505,1122029179.8762,24.6283392958137,3449781412.02583
22.3,-28.2,0.0571682100691505,1122029179.8762,24.6283392958137,3449781412.02583
22.4,-28.2,0.0571682100691505,1122029179.8762,24.6283392958137,3449781412.02583
22.5,-28.2,0.0571682100691505,1122029179.8762,24.6283392958137,3449781412.02583
22.6,-28.2,0.0572069030303852,1138580897.18924,24.6441191482292,3510977339.68419
22.7,-28.2,0.0572069030303852,1138580897.18924,24.6441191482292,3510977339.68419
22.8,-28.2,0.0572069030303852,1138580897.18924,24.6441191482292,3510977339.68419
22.9,-28.2,0.0549804565346642,488593665.876226,23.6773809765761,1265638309.86015
23,-28.2,0.0549804565346642,488593665.876226,23.6773809765761,1265638309.86015
23.1,-28.2,0.0549804565346642,488593665.876226,23.6773809765761,1265638309.86015
23.2,-28.2,0.0549804565346642,488593665.876226,23.6773809765761,1265638309.86015
23.3,-28.2,0.0549804565346642,488593665.876226,23.6773809765761,1265638309.86015
23.4,-28.2,0.0549804565346642,488593665.876226,23.6773809765761,1265638309.86015
23.5,-28.2,0.0522752409707582,177726193.088197,23.0435848620683,461553902.93448
23.6,-28.2,0.0522752409707582,177726193.088197,23.0435848620683,461553902.93448
23.7,-28.2,0.0522752409707582,177726193.088197,23.0435848620683,461553902.93448
23.8,-28.2,0.0522752409707582,177726193.088197,23.0435848620683,461553902.93448
23.9,-28.2,0.0522752409707582,177726193.088197,23.0435848620683,461553902.93448
24,-28.2,0.0522752409707582,177726193.088197,23.0435848620683,461553902.93448
24.1,-28.2,0.0580260692822307,1536731005.77264,24.6471829135762,4770667755.86781
24.2,-28.2,0.0580260692822307,1536731005.77264,24.6471829135762,4770667755.86781
24.3,-28.2,0.0580260692822307,1536731005.77264,24.6471829135762,4770667755.86781
24.4,-28.2,0.0580260692822307,1536731005.77264,24.6471829135762,4770667755.86781
24.5,-28.2,0.0580260692822307,1536731005.77264,24.6471829135762,4770667755.86781
24.6,-28.2,0.0580260692822307,1536731005.77264,24.6471829135762,4770667755.86781
24.7,-28.2,0.0573990379481259,1211466309.19063,24.3793132144605,3481342003.89581
24.8,-28.2,0.0573990379481259,1211466309.19063,24.3793132144605,3481342003.89581
24.9,-28.2,0.0573990379481259,1211466309.19063,24.3793132144605,3481342003.89581
25,-28.2,0.0573990379481259,1211466309.19063,24.3793132144605,3481342003.89581
25.1,-28.2,0.0573990379481259,1211466309.19063,24.3793132144605,3481342003.89581
25.2,-28.2,0.0573990379481259,1211466309.19063,24.3793132144605,3481342003.89581
25.3,-28.2,0.0573990379481259,1211466309.19063,24.3793132144605,3481342003.89581
25.4,-28.2,0.0544187470222673,395756372.961455,23.5141862579438,1036680330.74867
25.5,-28.2,0.0544187470222673,395756372.961455,23.5141862579438,1036680330.74867
25.6,-28.2,0.0544187470222673,395756372.961455,23.5141862579438,1036680330.74867
25.7,-28.2,0.0544187470222673,395756372.961455,23.5141862579438,1036680330.74867
25.8,-28.2,0.0544187470222673,395756372.961455,23.5141862579438,1036680330.74867
25.9,-28.2,0.0544187470222673,395756372.961455,23.5141862579438,1036680330.74867
26,-28.2,0.0535921103663026,290251259.717097,23.2921484633856,761878949.668058
26.1,-28.2,0.0535921103663026,290251259.717097,23.2921484633856,761878949.668058
26.2,-28.2,0.0535921103663026,290251259.717097,23.2921484633856,761878949.668058
26.3,-28.2,0.0535921103663026,290251259.717097,23.2921484633856,761878949.668058
26.4,-28.2,0.0535921103663026,290251259.717097,23.2921484633856,761878949.668058
26.5,-28.2,0.0535921103663026,290251259.717097,23.2921484633856,761878949.668058
26.6,-28.2,0.0520444366353228,162568774.363633,22.9075241201411,432468392.313884
26.7,-28.2,0.0520444366353228,162568774.363633,22.9075241201411,432468392.313884
26.8,-28.2,0.0520444366353228,162568774.363633,22.9075241201411,432468392.313884
26.9,-28.2,0.0520444366353228,162568774.363633,22.9075241201411,432468392.313884
27,-28.2,0.0520444366353228,162568774.363633,22.9075241201411,432468392.313884
27.1,-28.2,0.0520444366353228,162568774.363633,22.9075241201411,432468392.313884
27.2,-28.2,0.0486001383965111,44983313.8705848,22.1871282459515,124927637.750196
27.3,-28.2,0.0486001383965111,44983313.8705848,22.1871282459515,124927637.750196
27.4,-28.2,0.0486001383965111,44983313.8705848,22.1871282459515,124927637.750196
27.5,-28.2,0.0486001383965111,44983313.8705848,22.1871282459515,124927637.750196
27.6,-28.2,0.0486001383965111,44983313.8705848,22.1871282459515,124927637.750196
27.7,-28.2,0.0486001383965111,44983313.8705848,22.1871282459515,124927637.750196
27.8,-28.2,0.0486001383965111,44983313.8705848,22.1871282459515,124927637.750196
27.9,-28.2,0.0442285201626195,8845019.02678607,21.358316032129,26990740.8932508
28,-28.2,0.0442285201626195,8845019.02678607,21.358316032129,26990740.8932508
28.1,-28.2,0.0442285201626195,8845019.02678607,21.358316032129,26990740.8932508
28.2,-28.2,0.0442285201626195,8845019.02678607,21.358316032129,26990740.8932508
28.3,-28.2,0.0442285201626195,8845019.02678607,21.358316032129,26990740.8932508
28.4,-28.2,0.0442285201626195,8845019.02678607,21.358316032129,26990740.8932508
28.5,-28.2,0.0420770428241981,3977373.28166317,20.968427573026,13021517.0993013
28.6,-28.2,0.0420770428241981,3977373.28166317,20.968427573026,13021517.0993013
28.7,-28.2,0.0420770428241981,3977373.28166317,20.968427573026,13021517.0993013
28.8,-28.2,0.0420770428241981,3977373.28166317,20.968427573026,13021517.0993013
28.9,-28.2,0.0420770428241981,3977373.28166317,20.968427573026,13021517.0993013
29,-28.2,0.0420770428241981,3977373.28166317,20.968427573026,13021517.0993013
29.1,-28.2,0.0393605750658996,1450725.45332334,20.50476041554,5173562.25991834
29.2,-28.2,0.0393605750658996,1450725.45332334,20.50476041554,5173562.25991834
29.3,-28.2,0.0393605750658996,1450725.45332334,20.50476041554,5173562.25991834
29.4,-28.2,0.0393605750658996,1450725.45332334,20.50476041554,5173562.25991834
29.5,-28.2,0.0393605750658996,1450725.45332334,20.50476041554,5173562.25991834
29.6,-28.2,0.0393605750658996,1450725.45332334,20.50476041554,5173562.25991834
29.7,-28.2,0.0564859569510284,840115446.096085,23.4741804428368,2276384687.74683
29.8,-28.2,0.0564859569510284,840115446.096085,23.4741804428368,2276384687.74683
29.9,-28.2,0.0564859569510284,840115446.096085,23.4741804428368,2276384687.74683
30,-28.2,0.0564859569510284,840115446.096085,23.4741804428368,2276384687.74683
30.1,-28.2,0.0564859569510284,840115446.096085,23.4741804428368,2276384687.74683
30.2,-28.2,0.0564859569510284,840115446.096085,23.4741804428368,2276384687.74683
30.3,-28.2,0.0564859569510284,840115446.096085,23.4741804428368,2276384687.74683
30.4,-28.2,0.0569284134457335,988018258.520378,23.4905585159873,2725663132.32637
30.5,-28.2,0.0569284134457335,988018258.520378,23.4905585159873,2725663132.32637
30.6,-28.2,0.0569284134457335,988018258.520378,23.4905585159873,2725663132.32637
30.7,-28.2,0.0569284134457335,988018258.520378,23.4905585159873,2725663132.32637
30.8,-28.2,0.0569284134457335,988018258.520378,23.4905585159873,2725663132.32637
30.9,-28.2,0.0569284134457335,988018258.520378,23.4905585159873,2725663132.32637
31,-28.2,0.0638096375293892,12766294525.64,24.7271860658981,34367710107.8914
31.1,-28.2,0.0638096375293892,12766294525.64,24.7271860658981,34367710107.8914
31.2,-28.2,0.0638096375293892,12766294525.64,24.7271860658981,34367710107.8914
31.3,-28.2,0.0638096375293892,12766294525.64,24.7271860658981,34367710107.8914
31.4,-28.2,0.0638096375293892,12766294525.64,24.7271860658981,34367710107.8914
31.5,-28.2,0.0638096375293892,12766294525.64,24.7271860658981,34367710107.8914
31.6,-28.2,0.0712852992417629,207452655544.773,26.6030208373235,583810809535.383
31.7,-28.2,0.0712852992417629,207452655544.773,26.6030208373235,583810809535.383
31.8,-28.2,0.0712852992417629,207452655544.773,26.6030208373235,583810809535.383
31.9,-28.2,0.0712852992417629,207452655544.773,26.6030208373235,583810809535.383
32,-28.2,0.0712852992417629,207452655544.773,26.6030208373235,583810809535.383
32.1,-28.2,0.0712852992417629,207452655544.773,26.6030208373235,583810809535.383
32.2,-28.2,0.0707787931618887,169484093642.198,25.9823147827952,455350129199.592
32.3,-28.2,0.0707787931618887,169484093642.198,25.9823147827952,455350129199.592
32.4,-28.2,0.0707787931618887,169484093642.198,25.9823147827952,455350129199.592
32.5,-28.2,0.0707787931618887,169484093642.198,25.9823147827952,455350129199.592
17,-28.1,0.0672535863336231,47117823431.9454,26.3499834333251,125236269221.48
17.1,-28.1,0.0672535863336231,47117823431.9454,26.3499834333251,125236269221.48
20,-28.1,0.0535347997386663,305047373.41831,26.2219983113235,1880801449.60992
20.1,-28.1,0.0535347997386663,305047373.41831,26.2219983113235,1880801449.60992
20.2,-28.1,0.0535347997386663,305047373.41831,26.2219983113235,1880801449.60992
20.3,-28.1,0.0535347997386663,305047373.41831,26.2219983113235,1880801449.60992
20.4,-28.1,0.0534868831360714,298586909.080374,25.9690635891349,1749561443.59272
20.5,-28.1,0.0534868831360714,298586909.080374,25.9690635891349,1749561443.59272
20.6,-28.1,0.0534868831360714,298586909.080374,25.9690635891349,1749561443.59272
20.7,-28.1,0.0534868831360714,298586909.080374,25.9690635891349,1749561443.59272
20.8,-28.1,0.0534868831360714,298586909.080374,25.9690635891349,1749561443.59272
20.9,-28.1,0.0534868831360714,298586909.080374,25.9690635891349,1749561443.59272
21,-28.1,0.054273955689124,397813693.225233,25.7510874479057,2175068053.50526
21.1,-28.1,0.054273955689124,397813693.225233,25.7510874479057,2175068053.50526
21.2,-28.1,0.054273955689124,397813693.225233,25.7510874479057,2175068053.50526
21.3,-28.1,0.054273955689124,397813693.225233,25.7510874479057,2175068053.50526
21.4,-28.1,0.054273955689124,397813693.225233,25.7510874479057,2175068053.50526
21.5,-28.1,0.054273955689124,397813693.225233,25.7510874479057,2175068053.50526
21.6,-28.1,0.0555219325398178,626887141.603745,25.5103398536433,2965535668.20699
21.7,-28.1,0.0555219325398178,626887141.603745,25.5103398536433,2965535668.20699
21.8,-28.1,0.0555219325398178,626887141.603745,25.5103398536433,2965535668.20699
21.9,-28.1,0.0555219325398178,626887141.603745,25.5103398536433,2965535668.20699
22,-28.1,0.0555219325398178,626887141.603745,25.5103398536433,2965535668.20699
22.1,-28.1,0.0555219325398178,626887141.603745,25.5103398536433,2965535668.20699
22.2,-28.1,0.0571682100691505,1122029179.8762,24.6283392958137,3449781412.02583
22.3,-28.1,0.0571682100691505,1122029179.8762,24.6283392958137,3449781412.02583
22.4,-28.1,0.0571682100691505,1122029179.8762,24.6283392958137,3449781412.02583
22.5,-28.1,0.0571682100691505,1122029179.8762,24.6283392958137,3449781412.02583
22.6,-28.1,0.0572069030303852,1138580897.18924,24.6441191482292,3510977339.68419
22.7,-28.1,0.0572069030303852,1138580897.18924,24.6441191482292,3510977339.68419
22.8,-28.1,0.0572069030303852,1138580897.18924,24.6441191482292,3510977339.68419
22.9,-28.1,0.0549804565346642,488593665.876226,23.6773809765761,1265638309.86015
23,-28.1,0.0549804565346642,488593665.876226,23.6773809765761,1265638309.86015
23.1,-28.1,0.0549804565346642,488593665.876226,23.6773809765761,1265638309.86015
23.2,-28.1,0.0549804565346642,488593665.876226,23.6773809765761,1265638309.86015
23.3,-28.1,0.0549804565346642,488593665.876226,23.6773809765761,1265638309.86015
23.4,-28.1,0.0549804565346642,488593665.876226,23.6773809765761,1265638309.86015
23.5,-28.1,0.0522752409707582,177726193.088197,23.0435848620683,461553902.93448
23.6,-28.1,0.0522752409707582,177726193.088197,23.0435848620683,461553902.93448
23.7,-28.1,0.0522752409707582,177726193.088197,23.0435848620683,461553902.93448
23.8,-28.1,0.0522752409707582,177726193.088197,23.0435848620683,461553902.93448
23.9,-28.1,0.0522752409707582,177726193.088197,23.0435848620683,461553902.93448
24,-28.1,0.0522752409707582,177726193.088197,23.0435848620683,461553902.93448
24.1,-28.1,0.0580260692822307,1536731005.77264,24.6471829135762,4770667755.86781
24.2,-28.1,0.0580260692822307,1536731005.77264,24.6471829135762,4770667755.86781
24.3,-28.1,0.0580260692822307,1536731005.77264,24.6471829135762,4770667755.86781
24.4,-28.1,0.0580260692822307,1536731005.77264,24.6471829135762,4770667755.86781
24.5,-28.1,0.0580260692822307,1536731005.77264,24.6471829135762,4770667755.86781
24.6,-28.1,0.0580260692822307,1536731005.77264,24.6471829135762,4770667755.86781
24.7,-28.1,0.0573990379481259,1211466309.19063,24.3793132144605,3481342003.89581
24.8,-28.1,0.0573990379481259,1211466309.19063,24.3793132144605,3481342003.89581
24.9,-28.1,0.0573990379481259,1211466309.19063,24.3793132144605,3481342003.89581
25,-28.1,0.0573990379481259,1211466309.19063,24.3793132144605,3481342003.89581
25.1,-28.1,0.0573990379481259,1211466309.19063,24.3793132144605,3481342003.89581
25.2,-28.1,0.0573990379481259,1211466309.19063,24.3793132144605,3481342003.89581
25.3,-28.1,0.0573990379481259,1211466309.19063,24.3793132144605,3481342003.89581
25.4,-28.1,0.0544187470222673,395756372.961455,23.5141862579438,1036680330.74867
25.5,-28.1,0.0544187470222673,395756372.961455,23.5141862579438,1036680330.74867
25.6,-28.1,0.0544187470222673,395756372.961455,23.5141862579438,1036680330.74867
25.7,-28.1,0.0544187470222673,395756372.961455,23.5141862579438,1036680330.74867
25.8,-28.1,0.0544187470222673,395756372.961455,23.5141862579438,1036680330.74867
25.9,-28.1,0.0544187470222673,395756372.961455,23.5141862579438,1036680330.74867
26,-28.1,0.0535921103663026,290251259.717097,23.2921484633856,761878949.668058
26.1,-28.1,0.0535921103663026,290251259.717097,23.2921484633856,761878949.668058
26.2,-28.1,0.0535921103663026,290251259.717097,23.2921484633856,761878949.668058
26.3,-28.1,0.0535921103663026,290251259.717097,23.2921484633856,761878949.668058
26.4,-28.1,0.0535921103663026,290251259.717097,23.2921484633856,761878949.668058
26.5,-28.1,0.0535921103663026,290251259.717097,23.2921484633856,761878949.668058
26.6,-28.1,0.0520444366353228,162568774.363633,22.9075241201411,432468392.313884
26.7,-28.1,0.0520444366353228,162568774.363633,22.9075241201411,432468392.313884
26.8,-28.1,0.0520444366353228,162568774.363633,22.9075241201411,432468392.313884
26.9,-28.1,0.0520444366353228,162568774.363633,22.9075241201411,432468392.313884
27,-28.1,0.0520444366353228,162568774.363633,22.9075241201411,432468392.313884
27.1,-28.1,0.0520444366353228,162568774.363633,22.9075241201411,432468392.313884
27.2,-28.1,0.0486001383965111,44983313.8705848,22.1871282459515,124927637.750196
27.3,-28.1,0.0486001383965111,44983313.8705848,22.1871282459515,124927637.750196
27.4,-28.1,0.0486001383965111,44983313.8705848,22.1871282459515,124927637.750196
27.5,-28.1,0.0486001383965111,44983313.8705848,22.1871282459515,124927637.750196
27.6,-28.1,0.0486001383965111,44983313.8705848,22.1871282459515,124927637.750196
27.7,-28.1,0.0486001383965111,44983313.8705848,22.1871282459515,124927637.750196
27.8,-28.1,0.0486001383965111,44983313.8705848,22.1871282459515,124927637.750196
27.9,-28.1,0.0442285201626195,8845019.02678607,21.358316032129,26990740.8932508
28,-28.1,0.0442285201626195,8845019.02678607,21.358316032129,26990740.8932508
28.1,-28.1,0.0442285201626195,8845019.02678607,21.358316032129,26990740.8932508
28.2,-28.1,0.0442285201626195,8845019.02678607,21.358316032129,26990740.8932508
28.3,-28.1,0.0442285201626195,8845019.02678607,21.358316032129,26990740.8932508
28.4,-28.1,0.0442285201626195,8845019.02678607,21.358316032129,26990740.8932508
28.5,-28.1,0.0420770428241981,3977373.28166317,20.968427573026,13021517.0993013
28.6,-28.1,0.0420770428241981,3977373.28166317,20.968427573026,13021517.0993013
28.7,-28.1,0.0420770428241981,3977373.28166317,20.968427573026,13021517.0993013
28.8,-28.1,0.0420770428241981,3977373.28166317,20.968427573026,13021517.0993013
28.9,-28.1,0.0420770428241981,3977373.28166317,20.968427573026,13021517.0993013
29,-28.1,0.0420770428241981,3977373.28166317,20.968427573026,13021517.0993013
29.1,-28.1,0.0393605750658996,1450725.45332334,20.50476041554,5173562.25991834
29.2,-28.1,0.0393605750658996,1450725.45332334,20.50476041554,5173562.25991834
29.3,-28.1,0.0393605750658996,1450725.45332334,20.50476041554,5173562.25991834
29.4,-28.1,0.0393605750658996,1450725.45332334,20.50476041554,5173562.25991834
29.5,-28.1,0.0393605750658996,1450725.45332334,20.50476041554,5173562.25991834
29.6,-28.1,0.0393605750658996,1450725.45332334,20.50476041554,5173562.25991834
29.7,-28.1,0.0564859569510284,840115446.096085,23.4741804428368,2276384687.74683
29.8,-28.1,0.0564859569510284,840115446.096085,23.4741804428368,2276384687.74683
29.9,-28.1,0.0564859569510284,840115446.096085,23.4741804428368,2276384687.74683
30,-28.1,0.0564859569510284,840115446.096085,23.4741804428368,2276384687.74683
30.1,-28.1,0.0564859569510284,840115446.096085,23.4741804428368,2276384687.74683
30.2,-28.1,0.0564859569510284,840115446.096085,23.4741804428368,2276384687.74683
30.3,-28.1,0.0564859569510284,840115446.096085,23.4741804428368,2276384687.74683
30.4,-28.1,0.0569284134457335,988018258.520378,23.4905585159873,2725663132.32637
30.5,-28.1,0.0569284134457335,988018258.520378,23.4905585159873,2725663132.32637
30.6,-28.1,0.0569284134457335,988018258.520378,23.4905585159873,2725663132.32637
30.7,-28.1,0.0569284134457335,988018258.520378,23.4905585159873,2725663132.32637
30.8,-28.1,0.0569284134457335,988018258.520378,23.4905585159873,2725663132.32637
30.9,-28.1,0.0569284134457335,988018258.520378,23.4905585159873,2725663132.32637
31,-28.1,0.0638096375293892,12766294525.64,24.7271860658981,34367710107.8914
31.1,-28.1,0.0638096375293892,12766294525.64,24.7271860658981,34367710107.8914
31.2,-28.1,0.0638096375293892,12766294525.64,24.7271860658981,34367710107.8914
31.3,-28.1,0.0638096375293892,12766294525.64,24.7271860658981,34367710107.8914
31.4,-28.1,0.0638096375293892,12766294525.64,24.7271860658981,34367710107.8914
31.5,-28.1,0.0638096375293892,12766294525.64,24.7271860658981,34367710107.8914
31.6,-28.1,0.0712852992417629,207452655544.773,26.6030208373235,583810809535.383
31.7,-28.1,0.0712852992417629,207452655544.773,26.6030208373235,583810809535.383
31.8,-28.1,0.0712852992417629,207452655544.773,26.6030208373235,583810809535.383
31.9,-28.1,0.0712852992417629,207452655544.773,26.6030208373235,583810809535.383
32,-28.1,0.0712852992417629,207452655544.773,26.6030208373235,583810809535.383
32.1,-28.1,0.0712852992417629,207452655544.773,26.6030208373235,583810809535.383
32.2,-28.1,0.0707787931618887,169484093642.198,25.9823147827952,455350129199.592
32.3,-28.1,0.0707787931618887,169484093642.198,25.9823147827952,455350129199.592
32.4,-28.1,0.0707787931618887,169484093642.198,25.9823147827952,455350129199.592
32.5,-28.1,0.0707787931618887,169484093642.198,25.9823147827952,455350129199.592
20,-28,0.0535347997386663,305047373.41831,26.2219983113235,1880801449.60992
20.1,-28,0.0535347997386663,305047373.41831,26.2219983113235,1880801449.60992
20.2,-28,0.0535347997386663,305047373.41831,26.2219983113235,1880801449.60992
20.3,-28,0.0535347997386663,305047373.41831,26.2219983113235,1880801449.60992
20.4,-28,0.0534868831360714,298586909.080374,25.9690635891349,1749561443.59272
20.5,-28,0.0534868831360714,298586909.080374,25.9690635891349,1749561443.59272
20.6,-28,0.0534868831360714,298586909.080374,25.9690635891349,1749561443.59272
20.7,-28,0.0534868831360714,298586909.080374,25.9690635891349,1749561443.59272
20.8,-28,0.0534868831360714,298586909.080374,25.9690635891349,1749561443.59272
20.9,-28,0.0534868831360714,298586909.080374,25.9690635891349,1749561443.59272
21,-28,0.054273955689124,397813693.225233,25.7510874479057,2175068053.50526
21.1,-28,0.054273955689124,397813693.225233,25.7510874479057,2175068053.50526
21.2,-28,0.054273955689124,397813693.225233,25.7510874479057,2175068053.50526
21.3,-28,0.054273955689124,397813693.225233,25.7510874479057,2175068053.50526
21.4,-28,0.054273955689124,397813693.225233,25.7510874479057,2175068053.50526
21.5,-28,0.054273955689124,397813693.225233,25.7510874479057,2175068053.50526
21.6,-28,0.0555219325398178,626887141.603745,25.5103398536433,2965535668.20699
21.7,-28,0.0555219325398178,626887141.603745,25.5103398536433,2965535668.20699
21.8,-28,0.0555219325398178,626887141.603745,25.5103398536433,2965535668.20699
21.9,-28,0.0555219325398178,626887141.603745,25.5103398536433,2965535668.20699
22,-28,0.0555219325398178,626887141.603745,25.5103398536433,2965535668.20699
22.1,-28,0.0555219325398178,626887141.603745,25.5103398536433,2965535668.20699
22.2,-28,0.0571682100691505,1122029179.8762,24.6283392958137,3449781412.02583
22.3,-28,0.0571682100691505,1122029179.8762,24.6283392958137,3449781412.02583
22.4,-28,0.0571682100691505,1122029179.8762,24.6283392958137,3449781412.02583
22.5,-28,0.0571682100691505,1122029179.8762,24.6283392958137,3449781412.02583
22.6,-28,0.0572069030303852,1138580897.18924,24.6441191482292,3510977339.68419
22.7,-28,0.0572069030303852,1138580897.18924,24.6441191482292,3510977339.68419
22.8,-28,0.0572069030303852,1138580897.18924,24.6441191482292,3510977339.68419
22.9,-28,0.0549804565346642,488593665.876226,23.6773809765761,1265638309.86015
23,-28,0.0549804565346642,488593665.876226,23.6773809765761,1265638309.86015
23.1,-28,0.0549804565346642,488593665.876226,23.6773809765761,1265638309.86015
23.2,-28,0.0549804565346642,488593665.876226,23.6773809765761,1265638309.86015
23.3,-28,0.0549804565346642,488593665.876226,23.6773809765761,1265638309.86015
23.4,-28,0.0549804565346642,488593665.876226,23.6773809765761,1265638309.86015
23.5,-28,0.0522752409707582,177726193.088197,23.0435848620683,461553902.93448
23.6,-28,0.0522752409707582,177726193.088197,23.0435848620683,461553902.93448
23.7,-28,0.0522752409707582,177726193.088197,23.0435848620683,461553902.93448
23.8,-28,0.0522752409707582,177726193.088197,23.0435848620683,461553902.93448
23.9,-28,0.0522752409707582,177726193.088197,23.0435848620683,461553902.93448
24,-28,0.0522752409707582,177726193.088197,23.0435848620683,461553902.93448
24.1,-28,0.0580260692822307,1536731005.77264,24.6471829135762,4770667755.86781
24.2,-28,0.0580260692822307,1536731005.77264,24.6471829135762,4770667755.86781
24.3,-28,0.0580260692822307,1536731005.77264,24.6471829135762,4770667755.86781
24.4,-28,0.0580260692822307,1536731005.77264,24.6471829135762,4770667755.86781
24.5,-28,0.0580260692822307,1536731005.77264,24.6471829135762,4770667755.86781
24.6,-28,0.0580260692822307,1536731005.77264,24.6471829135762,4770667755.86781
24.7,-28,0.0573990379481259,1211466309.19063,24.3793132144605,3481342003.89581
24.8,-28,0.0573990379481259,1211466309.19063,24.3793132144605,3481342003.89581
24.9,-28,0.0573990379481259,1211466309.19063,24.3793132144605,3481342003.89581
25,-28,0.0573990379481259,1211466309.19063,24.3793132144605,3481342003.89581
25.1,-28,0.0573990379481259,1211466309.19063,24.3793132144605,3481342003.89581
25.2,-28,0.0573990379481259,1211466309.19063,24.3793132144605,3481342003.89581
25.3,-28,0.0573990379481259,1211466309.19063,24.3793132144605,3481342003.89581
25.4,-28,0.0544187470222673,395756372.961455,23.5141862579438,1036680330.74867
25.5,-28,0.0544187470222673,395756372.961455,23.5141862579438,1036680330.74867
25.6,-28,0.0544187470222673,395756372.961455,23.5141862579438,1036680330.74867
25.7,-28,0.0544187470222673,395756372.961455,23.5141862579438,1036680330.74867
25.8,-28,0.0544187470222673,395756372.961455,23.5141862579438,1036680330.74867
25.9,-28,0.0544187470222673,395756372.961455,23.5141862579438,1036680330.74867
26,-28,0.0535921103663026,290251259.717097,23.2921484633856,761878949.668058
26.1,-28,0.0535921103663026,290251259.717097,23.2921484633856,761878949.668058
26.2,-28,0.0535921103663026,290251259.717097,23.2921484633856,761878949.668058
26.3,-28,0.0535921103663026,290251259.717097,23.2921484633856,761878949.668058
26.4,-28,0.0535921103663026,290251259.717097,23.2921484633856,761878949.668058
26.5,-28,0.0535921103663026,290251259.717097,23.2921484633856,761878949.668058
26.6,-28,0.0520444366353228,162568774.363633,22.9075241201411,432468392.313884
26.7,-28,0.0520444366353228,162568774.363633,22.9075241201411,432468392.313884
26.8,-28,0.0520444366353228,162568774.363633,22.9075241201411,432468392.313884
26.9,-28,0.0520444366353228,162568774.363633,22.9075241201411,432468392.313884
27,-28,0.0520444366353228,162568774.363633,22.9075241201411,432468392.313884
27.1,-28,0.0520444366353228,162568774.363633,22.9075241201411,432468392.313884
27.2,-28,0.0486001383965111,44983313.8705848,22.1871282459515,124927637.750196
27.3,-28,0.0486001383965111,44983313.8705848,22.1871282459515,124927637.750196
27.4,-28,0.0486001383965111,44983313.8705848,22.1871282459515,124927637.750196
27.5,-28,0.0486001383965111,44983313.8705848,22.1871282459515,124927637.750196
27.6,-28,0.0486001383965111,44983313.8705848,22.1871282459515,124927637.750196
27.7,-28,0.0486001383965111,44983313.8705848,22.1871282459515,124927637.750196
27.8,-28,0.0486001383965111,44983313.8705848,22.1871282459515,124927637.750196
27.9,-28,0.0442285201626195,8845019.02678607,21.358316032129,26990740.8932508
28,-28,0.0442285201626195,8845019.02678607,21.358316032129,26990740.8932508
28.1,-28,0.0442285201626195,8845019.02678607,21.358316032129,26990740.8932508
28.2,-28,0.0442285201626195,8845019.02678607,21.358316032129,26990740.8932508
28.3,-28,0.0442285201626195,8845019.02678607,21.358316032129,26990740.8932508
28.4,-28,0.0442285201626195,8845019.02678607,21.358316032129,26990740.8932508
28.5,-28,0.0420770428241981,3977373.28166317,20.968427573026,13021517.0993013
28.6,-28,0.0420770428241981,3977373.28166317,20.968427573026,13021517.0993013
28.7,-28,0.0420770428241981,3977373.28166317,20.968427573026,13021517.0993013
28.8,-28,0.0420770428241981,3977373.28166317,20.968427573026,13021517.0993013
28.9,-28,0.0420770428241981,3977373.28166317,20.968427573026,13021517.0993013
29,-28,0.0420770428241981,3977373.28166317,20.968427573026,13021517.0993013
29.1,-28,0.0393605750658996,1450725.45332334,20.50476041554,5173562.25991834
29.2,-28,0.0393605750658996,1450725.45332334,20.50476041554,5173562.25991834
29.3,-28,0.0393605750658996,1450725.45332334,20.50476041554,5173562.25991834
29.4,-28,0.0393605750658996,1450725.45332334,20.50476041554,5173562.25991834
29.5,-28,0.0393605750658996,1450725.45332334,20.50476041554,5173562.25991834
29.6,-28,0.0393605750658996,1450725.45332334,20.50476041554,5173562.25991834
29.7,-28,0.0564859569510284,840115446.096085,23.4741804428368,2276384687.74683
29.8,-28,0.0564859569510284,840115446.096085,23.4741804428368,2276384687.74683
29.9,-28,0.0564859569510284,840115446.096085,23.4741804428368,2276384687.74683
30,-28,0.0564859569510284,840115446.096085,23.4741804428368,2276384687.74683
30.1,-28,0.0564859569510284,840115446.096085,23.4741804428368,2276384687.74683
30.2,-28,0.0564859569510284,840115446.096085,23.4741804428368,2276384687.74683
30.3,-28,0.0564859569510284,840115446.096085,23.4741804428368,2276384687.74683
30.4,-28,0.0569284134457335,988018258.520378,23.4905585159873,2725663132.32637
30.5,-28,0.0569284134457335,988018258.520378,23.4905585159873,2725663132.32637
30.6,-28,0.0569284134457335,988018258.520378,23.4905585159873,2725663132.32637
30.7,-28,0.0569284134457335,988018258.520378,23.4905585159873,2725663132.32637
30.8,-28,0.0569284134457335,988018258.520378,23.4905585159873,2725663132.32637
30.9,-28,0.0569284134457335,988018258.520378,23.4905585159873,2725663132.32637
31,-28,0.0638096375293892,12766294525.64,24.7271860658981,34367710107.8914
31.1,-28,0.0638096375293892,12766294525.64,24.7271860658981,34367710107.8914
31.2,-28,0.0638096375293892,12766294525.64,24.7271860658981,34367710107.8914
31.3,-28,0.0638096375293892,12766294525.64,24.7271860658981,34367710107.8914
31.4,-28,0.0638096375293892,12766294525.64,24.7271860658981,34367710107.8914
31.5,-28,0.0638096375293892,12766294525.64,24.7271860658981,34367710107.8914
31.6,-28,0.0712852992417629,207452655544.773,26.6030208373235,583810809535.383
31.7,-28,0.0712852992417629,207452655544.773,26.6030208373235,583810809535.383
31.8,-28,0.0712852992417629,207452655544.773,26.6030208373235,583810809535.383
31.9,-28,0.0712852992417629,207452655544.773,26.6030208373235,583810809535.383
32,-28,0.0712852992417629,207452655544.773,26.6030208373235,583810809535.383
32.1,-28,0.0712852992417629,207452655544.773,26.6030208373235,583810809535.383
32.2,-28,0.0707787931618887,169484093642.198,25.9823147827952,455350129199.592
32.3,-28,0.0707787931618887,169484093642.198,25.9823147827952,455350129199.592
32.4,-28,0.0707787931618887,169484093642.198,25.9823147827952,455350129199.592
32.5,-28,0.0707787931618887,169484093642.198,25.9823147827952,455350129199.592
20,-27.9,0.0535347997386663,305047373.41831,26.2219983113235,1880801449.60992
20.1,-27.9,0.0535347997386663,305047373.41831,26.2219983113235,1880801449.60992
20.2,-27.9,0.0535347997386663,305047373.41831,26.2219983113235,1880801449.60992
20.3,-27.9,0.0535347997386663,305047373.41831,26.2219983113235,1880801449.60992
20.4,-27.9,0.0534868831360714,298586909.080374,25.9690635891349,1749561443.59272
20.5,-27.9,0.0534868831360714,298586909.080374,25.9690635891349,1749561443.59272
20.6,-27.9,0.0534868831360714,298586909.080374,25.9690635891349,1749561443.59272
20.7,-27.9,0.0534868831360714,298586909.080374,25.9690635891349,1749561443.59272
20.8,-27.9,0.0534868831360714,298586909.080374,25.9690635891349,1749561443.59272
20.9,-27.9,0.0534868831360714,298586909.080374,25.9690635891349,1749561443.59272
21,-27.9,0.054273955689124,397813693.225233,25.7510874479057,2175068053.50526
21.1,-27.9,0.054273955689124,397813693.225233,25.7510874479057,2175068053.50526
21.2,-27.9,0.054273955689124,397813693.225233,25.7510874479057,2175068053.50526
21.3,-27.9,0.054273955689124,397813693.225233,25.7510874479057,2175068053.50526
21.4,-27.9,0.054273955689124,397813693.225233,25.7510874479057,2175068053.50526
21.5,-27.9,0.054273955689124,397813693.225233,25.7510874479057,2175068053.50526
21.6,-27.9,0.0555219325398178,626887141.603745,25.5103398536433,2965535668.20699
21.7,-27.9,0.0555219325398178,626887141.603745,25.5103398536433,2965535668.20699
21.8,-27.9,0.0555219325398178,626887141.603745,25.5103398536433,2965535668.20699
21.9,-27.9,0.0555219325398178,626887141.603745,25.5103398536433,2965535668.20699
22,-27.9,0.0555219325398178,626887141.603745,25.5103398536433,2965535668.20699
22.1,-27.9,0.0555219325398178,626887141.603745,25.5103398536433,2965535668.20699
22.2,-27.9,0.0571682100691505,1122029179.8762,24.6283392958137,3449781412.02583
22.3,-27.9,0.0571682100691505,1122029179.8762,24.6283392958137,3449781412.02583
22.4,-27.9,0.0571682100691505,1122029179.8762,24.6283392958137,3449781412.02583
22.5,-27.9,0.0571682100691505,1122029179.8762,24.6283392958137,3449781412.02583
22.6,-27.9,0.0572069030303852,1138580897.18924,24.6441191482292,3510977339.68419
22.7,-27.9,0.0572069030303852,1138580897.18924,24.6441191482292,3510977339.68419
22.8,-27.9,0.0572069030303852,1138580897.18924,24.6441191482292,3510977339.68419
22.9,-27.9,0.0549804565346642,488593665.876226,23.6773809765761,1265638309.86015
23,-27.9,0.0549804565346642,488593665.876226,23.6773809765761,1265638309.86015
23.1,-27.9,0.0549804565346642,488593665.876226,23.6773809765761,1265638309.86015
23.2,-27.9,0.0549804565346642,488593665.876226,23.6773809765761,1265638309.86015
23.3,-27.9,0.0549804565346642,488593665.876226,23.6773809765761,1265638309.86015
23.4,-27.9,0.0549804565346642,488593665.876226,23.6773809765761,1265638309.86015
23.5,-27.9,0.0522752409707582,177726193.088197,23.0435848620683,461553902.93448
23.6,-27.9,0.0522752409707582,177726193.088197,23.0435848620683,461553902.93448
23.7,-27.9,0.0522752409707582,177726193.088197,23.0435848620683,461553902.93448
23.8,-27.9,0.0522752409707582,177726193.088197,23.0435848620683,461553902.93448
23.9,-27.9,0.0522752409707582,177726193.088197,23.0435848620683,461553902.93448
24,-27.9,0.0522752409707582,177726193.088197,23.0435848620683,461553902.93448
24.1,-27.9,0.0580260692822307,1536731005.77264,24.6471829135762,4770667755.86781
24.2,-27.9,0.0580260692822307,1536731005.77264,24.6471829135762,4770667755.86781
24.3,-27.9,0.0580260692822307,1536731005.77264,24.6471829135762,4770667755.86781
24.4,-27.9,0.0580260692822307,1536731005.77264,24.6471829135762,4770667755.86781
24.5,-27.9,0.0580260692822307,1536731005.77264,24.6471829135762,4770667755.86781
24.6,-27.9,0.0580260692822307,1536731005.77264,24.6471829135762,4770667755.86781
24.7,-27.9,0.0573990379481259,1211466309.19063,24.3793132144605,3481342003.89581
24.8,-27.9,0.0573990379481259,1211466309.19063,24.3793132144605,3481342003.89581
24.9,-27.9,0.0573990379481259,1211466309.19063,24.3793132144605,3481342003.89581
25,-27.9,0.0573990379481259,1211466309.19063,24.3793132144605,3481342003.89581
25.1,-27.9,0.0573990379481259,1211466309.19063,24.3793132144605,3481342003.89581
25.2,-27.9,0.0573990379481259,1211466309.19063,24.3793132144605,3481342003.89581
25.3,-27.9,0.0573990379481259,1211466309.19063,24.3793132144605,3481342003.89581
25.4,-27.9,0.0544187470222673,395756372.961455,23.5141862579438,1036680330.74867
25.5,-27.9,0.0544187470222673,395756372.961455,23.5141862579438,1036680330.74867
25.6,-27.9,0.0544187470222673,395756372.961455,23.5141862579438,1036680330.74867
25.7,-27.9,0.0544187470222673,395756372.961455,23.5141862579438,1036680330.74867
25.8,-27.9,0.0544187470222673,395756372.961455,23.5141862579438,1036680330.74867
25.9,-27.9,0.0544187470222673,395756372.961455,23.5141862579438,1036680330.74867
26,-27.9,0.0535921103663026,290251259.717097,23.2921484633856,761878949.668058
26.1,-27.9,0.0535921103663026,290251259.717097,23.2921484633856,761878949.668058
26.2,-27.9,0.0535921103663026,290251259.717097,23.2921484633856,761878949.668058
26.3,-27.9,0.0535921103663026,290251259.717097,23.2921484633856,761878949.668058
26.4,-27.9,0.0535921103663026,290251259.717097,23.2921484633856,761878949.668058
26.5,-27.9,0.0535921103663026,290251259.717097,23.2921484633856,761878949.668058
26.6,-27.9,0.0520444366353228,162568774.363633,22.9075241201411,432468392.313884
26.7,-27.9,0.0520444366353228,162568774.363633,22.9075241201411,432468392.313884
26.8,-27.9,0.0520444366353228,162568774.363633,22.9075241201411,432468392.313884
26.9,-27.9,0.0520444366353228,162568774.363633,22.9075241201411,432468392.313884
27,-27.9,0.0520444366353228,162568774.363633,22.9075241201411,432468392.313884
27.1,-27.9,0.0520444366353228,162568774.363633,22.9075241201411,432468392.313884
27.2,-27.9,0.0486001383965111,44983313.8705848,22.1871282459515,124927637.750196
27.3,-27.9,0.0486001383965111,44983313.8705848,22.1871282459515,124927637.750196
27.4,-27.9,0.0486001383965111,44983313.8705848,22.1871282459515,124927637.750196
27.5,-27.9,0.0486001383965111,44983313.8705848,22.1871282459515,124927637.750196
27.6,-27.9,0.0486001383965111,44983313.8705848,22.1871282459515,124927637.750196
27.7,-27.9,0.0486001383965111,44983313.8705848,22.1871282459515,124927637.750196
27.8,-27.9,0.0486001383965111,44983313.8705848,22.1871282459515,124927637.750196
27.9,-27.9,0.0442285201626195,8845019.02678607,21.358316032129,26990740.8932508
28,-27.9,0.0442285201626195,8845019.02678607,21.358316032129,26990740.8932508
28.1,-27.9,0.0442285201626195,8845019.02678607,21.358316032129,26990740.8932508
28.2,-27.9,0.0442285201626195,8845019.02678607,21.358316032129,26990740.8932508
28.3,-27.9,0.0442285201626195,8845019.02678607,21.358316032129,26990740.8932508
28.4,-27.9,0.0442285201626195,8845019.02678607,21.358316032129,26990740.8932508
28.5,-27.9,0.0420770428241981,3977373.28166317,20.968427573026,13021517.0993013
28.6,-27.9,0.0420770428241981,3977373.28166317,20.968427573026,13021517.0993013
28.7,-27.9,0.0420770428241981,3977373.28166317,20.968427573026,13021517.0993013
28.8,-27.9,0.0420770428241981,3977373.28166317,20.968427573026,13021517.0993013
28.9,-27.9,0.0420770428241981,3977373.28166317,20.968427573026,13021517.0993013
29,-27.9,0.0420770428241981,3977373.28166317,20.968427573026,13021517.0993013
29.1,-27.9,0.0393605750658996,1450725.45332334,20.50476041554,5173562.25991834
29.2,-27.9,0.0393605750658996,1450725.45332334,20.50476041554,5173562.25991834
29.3,-27.9,0.0393605750658996,1450725.45332334,20.50476041554,5173562.25991834
29.4,-27.9,0.0393605750658996,1450725.45332334,20.50476041554,5173562.25991834
29.5,-27.9,0.0393605750658996,1450725.45332334,20.50476041554,5173562.25991834
29.6,-27.9,0.0393605750658996,1450725.45332334,20.50476041554,5173562.25991834
29.7,-27.9,0.0564859569510284,840115446.096085,23.4741804428368,2276384687.74683
29.8,-27.9,0.0564859569510284,840115446.096085,23.4741804428368,2276384687.74683
29.9,-27.9,0.0564859569510284,840115446.096085,23.4741804428368,2276384687.74683
30,-27.9,0.0564859569510284,840115446.096085,23.4741804428368,2276384687.74683
30.1,-27.9,0.0564859569510284,840115446.096085,23.4741804428368,2276384687.74683
30.2,-27.9,0.0564859569510284,840115446.096085,23.4741804428368,2276384687.74683
30.3,-27.9,0.0564859569510284,840115446.096085,23.4741804428368,2276384687.74683
30.4,-27.9,0.0569284134457335,988018258.520378,23.4905585159873,2725663132.32637
30.5,-27.9,0.0569284134457335,988018258.520378,23.4905585159873,2725663132.32637
30.6,-27.9,0.0569284134457335,988018258.520378,23.4905585159873,2725663132.32637
30.7,-27.9,0.0569284134457335,988018258.520378,23.4905585159873,2725663132.32637
30.8,-27.9,0.0569284134457335,988018258.520378,23.4905585159873,2725663132.32637
30.9,-27.9,0.0569284134457335,988018258.520378,23.4905585159873,2725663132.32637
31,-27.9,0.0638096375293892,12766294525.64,24.7271860658981,34367710107.8914
31.1,-27.9,0.0638096375293892,12766294525.64,24.7271860658981,34367710107.8914
31.2,-27.9,0.0638096375293892,12766294525.64,24.7271860658981,34367710107.8914
31.3,-27.9,0.0638096375293892,12766294525.64,24.7271860658981,34367710107.8914
31.4,-27.9,0.0638096375293892,12766294525.64,24.7271860658981,34367710107.8914
31.5,-27.9,0.0638096375293892,12766294525.64,24.7271860658981,34367710107.8914
31.6,-27.9,0.0712852992417629,207452655544.773,26.6030208373235,583810809535.383
31.7,-27.9,0.0712852992417629,207452655544.773,26.6030208373235,583810809535.383
31.8,-27.9,0.0712852992417629,207452655544.773,26.6030208373235,583810809535.383
31.9,-27.9,0.0712852992417629,207452655544.773,26.6030208373235,583810809535.383
32,-27.9,0.0712852992417629,207452655544.773,26.6030208373235,583810809535.383
32.1,-27.9,0.0712852992417629,207452655544.773,26.6030208373235,583810809535.383
32.2,-27.9,0.0707787931618887,169484093642.198,25.9823147827952,455350129199.592
32.3,-27.9,0.0707787931618887,169484093642.198,25.9823147827952,455350129199.592
32.4,-27.9,0.0707787931618887,169484093642.198,25.9823147827952,455350129199.592
32.5,-27.9,0.0707787931618887,169484093642.198,25.9823147827952,455350129199.592
20,-27.8,0.0535347997386663,305047373.41831,26.2219983113235,1880801449.60992
20.1,-27.8,0.0535347997386663,305047373.41831,26.2219983113235,1880801449.60992
20.2,-27.8,0.0535347997386663,305047373.41831,26.2219983113235,1880801449.60992
20.3,-27.8,0.0535347997386663,305047373.41831,26.2219983113235,1880801449.60992
20.4,-27.8,0.0534868831360714,298586909.080374,25.9690635891349,1749561443.59272
20.5,-27.8,0.0534868831360714,298586909.080374,25.9690635891349,1749561443.59272
20.6,-27.8,0.0534868831360714,298586909.080374,25.9690635891349,1749561443.59272
20.7,-27.8,0.0534868831360714,298586909.080374,25.9690635891349,1749561443.59272
20.8,-27.8,0.0534868831360714,298586909.080374,25.9690635891349,1749561443.59272
20.9,-27.8,0.0534868831360714,298586909.080374,25.9690635891349,1749561443.59272
21,-27.8,0.054273955689124,397813693.225233,25.7510874479057,2175068053.50526
21.1,-27.8,0.054273955689124,397813693.225233,25.7510874479057,2175068053.50526
21.2,-27.8,0.054273955689124,397813693.225233,25.7510874479057,2175068053.50526
21.3,-27.8,0.054273955689124,397813693.225233,25.7510874479057,2175068053.50526
21.4,-27.8,0.054273955689124,397813693.225233,25.7510874479057,2175068053.50526
21.5,-27.8,0.054273955689124,397813693.225233,25.7510874479057,2175068053.50526
21.6,-27.8,0.0555219325398178,626887141.603745,25.5103398536433,2965535668.20699
21.7,-27.8,0.0555219325398178,626887141.603745,25.5103398536433,2965535668.20699
21.8,-27.8,0.0555219325398178,626887141.603745,25.5103398536433,2965535668.20699
21.9,-27.8,0.0555219325398178,626887141.603745,25.5103398536433,2965535668.20699
22,-27.8,0.0555219325398178,626887141.603745,25.5103398536433,2965535668.20699
22.1,-27.8,0.0555219325398178,626887141.603745,25.5103398536433,2965535668.20699
22.2,-27.8,0.0571682100691505,1122029179.8762,24.6283392958137,3449781412.02583
22.3,-27.8,0.0571682100691505,1122029179.8762,24.6283392958137,3449781412.02583
22.4,-27.8,0.0571682100691505,1122029179.8762,24.6283392958137,3449781412.02583
22.5,-27.8,0.0571682100691505,1122029179.8762,24.6283392958137,3449781412.02583
22.6,-27.8,0.0572069030303852,1138580897.18924,24.6441191482292,3510977339.68419
22.7,-27.8,0.0572069030303852,1138580897.18924,24.6441191482292,3510977339.68419
22.8,-27.8,0.0572069030303852,1138580897.18924,24.6441191482292,3510977339.68419
22.9,-27.8,0.0549804565346642,488593665.876226,23.6773809765761,1265638309.86015
23,-27.8,0.0549804565346642,488593665.876226,23.6773809765761,1265638309.86015
23.1,-27.8,0.0549804565346642,488593665.876226,23.6773809765761,1265638309.86015
23.2,-27.8,0.0549804565346642,488593665.876226,23.6773809765761,1265638309.86015
23.3,-27.8,0.0549804565346642,488593665.876226,23.6773809765761,1265638309.86015
23.4,-27.8,0.0549804565346642,488593665.876226,23.6773809765761,1265638309.86015
23.5,-27.8,0.0522752409707582,177726193.088197,23.0435848620683,461553902.93448
23.6,-27.8,0.0522752409707582,177726193.088197,23.0435848620683,461553902.93448
23.7,-27.8,0.0522752409707582,177726193.088197,23.0435848620683,461553902.93448
23.8,-27.8,0.0522752409707582,177726193.088197,23.0435848620683,461553902.93448
23.9,-27.8,0.0522752409707582,177726193.088197,23.0435848620683,461553902.93448
24,-27.8,0.0522752409707582,177726193.088197,23.0435848620683,461553902.93448
24.1,-27.8,0.0580260692822307,1536731005.77264,24.6471829135762,4770667755.86781
24.2,-27.8,0.0580260692822307,1536731005.77264,24.6471829135762,4770667755.86781
24.3,-27.8,0.0580260692822307,1536731005.77264,24.6471829135762,4770667755.86781
24.4,-27.8,0.0580260692822307,1536731005.77264,24.6471829135762,4770667755.86781
24.5,-27.8,0.0580260692822307,1536731005.77264,24.6471829135762,4770667755.86781
24.6,-27.8,0.0580260692822307,1536731005.77264,24.6471829135762,4770667755.86781
24.7,-27.8,0.0573990379481259,1211466309.19063,24.3793132144605,3481342003.89581
24.8,-27.8,0.0573990379481259,1211466309.19063,24.3793132144605,3481342003.89581
24.9,-27.8,0.0573990379481259,1211466309.19063,24.3793132144605,3481342003.89581
25,-27.8,0.0573990379481259,1211466309.19063,24.3793132144605,3481342003.89581
25.1,-27.8,0.0573990379481259,1211466309.19063,24.3793132144605,3481342003.89581
25.2,-27.8,0.0573990379481259,1211466309.19063,24.3793132144605,3481342003.89581
25.3,-27.8,0.0573990379481259,1211466309.19063,24.3793132144605,3481342003.89581
25.4,-27.8,0.0544187470222673,395756372.961455,23.5141862579438,1036680330.74867
25.5,-27.8,0.0544187470222673,395756372.961455,23.5141862579438,1036680330.74867
25.6,-27.8,0.0544187470222673,395756372.961455,23.5141862579438,1036680330.74867
25.7,-27.8,0.0544187470222673,395756372.961455,23.5141862579438,1036680330.74867
25.8,-27.8,0.0544187470222673,395756372.961455,23.5141862579438,1036680330.74867
25.9,-27.8,0.0544187470222673,395756372.961455,23.5141862579438,1036680330.74867
26,-27.8,0.0535921103663026,290251259.717097,23.2921484633856,761878949.668058
26.1,-27.8,0.0535921103663026,290251259.717097,23.2921484633856,761878949.668058
26.2,-27.8,0.0535921103663026,290251259.717097,23.2921484633856,761878949.668058
26.3,-27.8,0.0535921103663026,290251259.717097,23.2921484633856,761878949.668058
26.4,-27.8,0.0535921103663026,290251259.717097,23.2921484633856,761878949.668058
26.5,-27.8,0.0535921103663026,290251259.717097,23.2921484633856,761878949.668058
26.6,-27.8,0.0520444366353228,162568774.363633,22.9075241201411,432468392.313884
26.7,-27.8,0.0520444366353228,162568774.363633,22.9075241201411,432468392.313884
26.8,-27.8,0.0520444366353228,162568774.363633,22.9075241201411,432468392.313884
26.9,-27.8,0.0520444366353228,162568774.363633,22.9075241201411,432468392.313884
27,-27.8,0.0520444366353228,162568774.363633,22.9075241201411,432468392.313884
27.1,-27.8,0.0520444366353228,162568774.363633,22.9075241201411,432468392.313884
27.2,-27.8,0.0486001383965111,44983313.8705848,22.1871282459515,124927637.750196
27.3,-27.8,0.0486001383965111,44983313.8705848,22.1871282459515,124927637.750196
27.4,-27.8,0.0486001383965111,44983313.8705848,22.1871282459515,124927637.750196
27.5,-27.8,0.0486001383965111,44983313.8705848,22.1871282459515,124927637.750196
27.6,-27.8,0.0486001383965111,44983313.8705848,22.1871282459515,124927637.750196
27.7,-27.8,0.0486001383965111,44983313.8705848,22.1871282459515,124927637.750196
27.8,-27.8,0.0486001383965111,44983313.8705848,22.1871282459515,124927637.750196
27.9,-27.8,0.0442285201626195,8845019.02678607,21.358316032129,26990740.8932508
28,-27.8,0.0442285201626195,8845019.02678607,21.358316032129,26990740.8932508
28.1,-27.8,0.0442285201626195,8845019.02678607,21.358316032129,26990740.8932508
28.2,-27.8,0.0442285201626195,8845019.02678607,21.358316032129,26990740.8932508
28.3,-27.8,0.0442285201626195,8845019.02678607,21.358316032129,26990740.8932508
28.4,-27.8,0.0442285201626195,8845019.02678607,21.358316032129,26990740.8932508
28.5,-27.8,0.0420770428241981,3977373.28166317,20.968427573026,13021517.0993013
28.6,-27.8,0.0420770428241981,3977373.28166317,20.968427573026,13021517.0993013
28.7,-27.8,0.0420770428241981,3977373.28166317,20.968427573026,13021517.0993013
28.8,-27.8,0.0420770428241981,3977373.28166317,20.968427573026,13021517.0993013
28.9,-27.8,0.0420770428241981,3977373.28166317,20.968427573026,13021517.0993013
29,-27.8,0.0420770428241981,3977373.28166317,20.968427573026,13021517.0993013
29.1,-27.8,0.0393605750658996,1450725.45332334,20.50476041554,5173562.25991834
29.2,-27.8,0.0393605750658996,1450725.45332334,20.50476041554,5173562.25991834
29.3,-27.8,0.0393605750658996,1450725.45332334,20.50476041554,5173562.25991834
29.4,-27.8,0.0393605750658996,1450725.45332334,20.50476041554,5173562.25991834
29.5,-27.8,0.0393605750658996,1450725.45332334,20.50476041554,5173562.25991834
29.6,-27.8,0.0393605750658996,1450725.45332334,20.50476041554,5173562.25991834
29.7,-27.8,0.0564859569510284,840115446.096085,23.4741804428368,2276384687.74683
29.8,-27.8,0.0564859569510284,840115446.096085,23.4741804428368,2276384687.74683
29.9,-27.8,0.0564859569510284,840115446.096085,23.4741804428368,2276384687.74683
30,-27.8,0.0564859569510284,840115446.096085,23.4741804428368,2276384687.74683
30.1,-27.8,0.0564859569510284,840115446.096085,23.4741804428368,2276384687.74683
30.2,-27.8,0.0564859569510284,840115446.096085,23.4741804428368,2276384687.74683
30.3,-27.8,0.0564859569510284,840115446.096085,23.4741804428368,2276384687.74683
30.4,-27.8,0.0569284134457335,988018258.520378,23.4905585159873,2725663132.32637
30.5,-27.8,0.0569284134457335,988018258.520378,23.4905585159873,2725663132.32637
30.6,-27.8,0.0569284134457335,988018258.520378,23.4905585159873,2725663132.32637
30.7,-27.8,0.0569284134457335,988018258.520378,23.4905585159873,2725663132.32637
30.8,-27.8,0.0569284134457335,988018258.520378,23.4905585159873,2725663132.32637
30.9,-27.8,0.0569284134457335,988018258.520378,23.4905585159873,2725663132.32637
31,-27.8,0.0638096375293892,12766294525.64,24.7271860658981,34367710107.8914
31.1,-27.8,0.0638096375293892,12766294525.64,24.7271860658981,34367710107.8914
31.2,-27.8,0.0638096375293892,12766294525.64,24.7271860658981,34367710107.8914
31.3,-27.8,0.0638096375293892,12766294525.64,24.7271860658981,34367710107.8914
31.4,-27.8,0.0638096375293892,12766294525.64,24.7271860658981,34367710107.8914
31.5,-27.8,0.0638096375293892,12766294525.64,24.7271860658981,34367710107.8914
31.6,-27.8,0.0712852992417629,207452655544.773,26.6030208373235,583810809535.383
31.7,-27.8,0.0712852992417629,207452655544.773,26.6030208373235,583810809535.383
31.8,-27.8,0.0712852992417629,207452655544.773,26.6030208373235,583810809535.383
31.9,-27.8,0.0712852992417629,207452655544.773,26.6030208373235,583810809535.383
32,-27.8,0.0712852992417629,207452655544.773,26.6030208373235,583810809535.383
32.1,-27.8,0.0712852992417629,207452655544.773,26.6030208373235,583810809535.383
32.2,-27.8,0.0707787931618887,169484093642.198,25.9823147827952,455350129199.592
32.3,-27.8,0.0707787931618887,169484093642.198,25.9823147827952,455350129199.592
32.4,-27.8,0.0707787931618887,169484093642.198,25.9823147827952,455350129199.592
32.5,-27.8,0.0707787931618887,169484093642.198,25.9823147827952,455350129199.592
32.6,-27.8,0.0707787931618887,169484093642.198,25.9823147827952,455350129199.592
20,-27.7,0.0535261313854442,305337257.990606,26.3528249729997,2061544883.11385
20.1,-27.7,0.0535261313854442,305337257.990606,26.3528249729997,2061544883.11385
20.2,-27.7,0.0535261313854442,305337257.990606,26.3528249729997,2061544883.11385
20.3,-27.7,0.0535261313854442,305337257.990606,26.3528249729997,2061544883.11385
20.4,-27.7,0.0529975606651796,250582353.518356,26.1919233589262,1671641227.47949
20.5,-27.7,0.0529975606651796,250582353.518356,26.1919233589262,1671641227.47949
20.6,-27.7,0.0529975606651796,250582353.518356,26.1919233589262,1671641227.47949
20.7,-27.7,0.0529975606651796,250582353.518356,26.1919233589262,1671641227.47949
20.8,-27.7,0.0529975606651796,250582353.518356,26.1919233589262,1671641227.47949
20.9,-27.7,0.0529975606651796,250582353.518356,26.1919233589262,1671641227.47949
21,-27.7,0.0531451304099751,264041185.633813,26.0677962801501,1756176593.94173
21.1,-27.7,0.0531451304099751,264041185.633813,26.0677962801501,1756176593.94173
21.2,-27.7,0.0531451304099751,264041185.633813,26.0677962801501,1756176593.94173
21.3,-27.7,0.0531451304099751,264041185.633813,26.0677962801501,1756176593.94173
21.4,-27.7,0.0531451304099751,264041185.633813,26.0677962801501,1756176593.94173
21.5,-27.7,0.0531451304099751,264041185.633813,26.0677962801501,1756176593.94173
21.6,-27.7,0.0550025499833011,520934135.110342,25.7627626146906,2839036541.14585
21.7,-27.7,0.0550025499833011,520934135.110342,25.7627626146906,2839036541.14585
21.8,-27.7,0.0550025499833011,520934135.110342,25.7627626146906,2839036541.14585
21.9,-27.7,0.0550025499833011,520934135.110342,25.7627626146906,2839036541.14585
22,-27.7,0.0550025499833011,520934135.110342,25.7627626146906,2839036541.14585
22.1,-27.7,0.0550025499833011,520934135.110342,25.7627626146906,2839036541.14585
22.2,-27.7,0.0571505597936056,1133312730.31596,25.1891699767459,4361645713.63453
22.3,-27.7,0.0571505597936056,1133312730.31596,25.1891699767459,4361645713.63453
22.4,-27.7,0.0571505597936056,1133312730.31596,25.1891699767459,4361645713.63453
22.5,-27.7,0.0571505597936056,1133312730.31596,25.1891699767459,4361645713.63453
22.6,-27.7,0.0571604420656446,1137809124.03563,25.2021885167367,4397648962.64936
22.7,-27.7,0.0571604420656446,1137809124.03563,25.2021885167367,4397648962.64936
22.8,-27.7,0.0571604420656446,1137809124.03563,25.2021885167367,4397648962.64936
22.9,-27.7,0.057889425559693,1461222709.38349,24.638626768535,4344027679.91076
23,-27.7,0.057889425559693,1461222709.38349,24.638626768535,4344027679.91076
23.1,-27.7,0.057889425559693,1461222709.38349,24.638626768535,4344027679.91076
23.2,-27.7,0.057889425559693,1461222709.38349,24.638626768535,4344027679.91076
23.3,-27.7,0.057889425559693,1461222709.38349,24.638626768535,4344027679.91076
23.4,-27.7,0.057889425559693,1461222709.38349,24.638626768535,4344027679.91076
23.5,-27.7,0.0536199861453927,293261745.700892,23.3109604823017,756055211.259195
23.6,-27.7,0.0536199861453927,293261745.700892,23.3109604823017,756055211.259195
23.7,-27.7,0.0536199861453927,293261745.700892,23.3109604823017,756055211.259195
23.8,-27.7,0.0536199861453927,293261745.700892,23.3109604823017,756055211.259195
23.9,-27.7,0.0536199861453927,293261745.700892,23.3109604823017,756055211.259195
24,-27.7,0.0536199861453927,293261745.700892,23.3109604823017,756055211.259195
24.1,-27.7,0.0564945069397149,858135774.215154,23.9635514492728,2242511196.25749
24.2,-27.7,0.0564945069397149,858135774.215154,23.9635514492728,2242511196.25749
24.3,-27.7,0.0564945069397149,858135774.215154,23.9635514492728,2242511196.25749
24.4,-27.7,0.0564945069397149,858135774.215154,23.9635514492728,2242511196.25749
24.5,-27.7,0.0564945069397149,858135774.215154,23.9635514492728,2242511196.25749
24.6,-27.7,0.0564945069397149,858135774.215154,23.9635514492728,2242511196.25749
24.7,-27.7,0.0572598016668894,1142471161.89332,24.1495230572819,3046963285.55158
24.8,-27.7,0.0572598016668894,1142471161.89332,24.1495230572819,3046963285.55158
24.9,-27.7,0.0572598016668894,1142471161.89332,24.1495230572819,3046963285.55158
25,-27.7,0.0572598016668894,1142471161.89332,24.1495230572819,3046963285.55158
25.1,-27.7,0.0572598016668894,1142471161.89332,24.1495230572819,3046963285.55158
25.2,-27.7,0.0572598016668894,1142471161.89332,24.1495230572819,3046963285.55158
25.3,-27.7,0.0572598016668894,1142471161.89332,24.1495230572819,3046963285.55158
25.4,-27.7,0.0559399659158834,696394872.806306,23.7810368553796,1819880246.2507
25.5,-27.7,0.0559399659158834,696394872.806306,23.7810368553796,1819880246.2507
25.6,-27.7,0.0559399659158834,696394872.806306,23.7810368553796,1819880246.2507
25.7,-27.7,0.0559399659158834,696394872.806306,23.7810368553796,1819880246.2507
25.8,-27.7,0.0559399659158834,696394872.806306,23.7810368553796,1819880246.2507
25.9,-27.7,0.0559399659158834,696394872.806306,23.7810368553796,1819880246.2507
26,-27.7,0.0559709328880136,703689890.967934,23.7546717570171,1842853276.84843
26.1,-27.7,0.0559709328880136,703689890.967934,23.7546717570171,1842853276.84843
26.2,-27.7,0.0559709328880136,703689890.967934,23.7546717570171,1842853276.84843
26.3,-27.7,0.0559709328880136,703689890.967934,23.7546717570171,1842853276.84843
26.4,-27.7,0.0559709328880136,703689890.967934,23.7546717570171,1842853276.84843
26.5,-27.7,0.0559709328880136,703689890.967934,23.7546717570171,1842853276.84843
26.6,-27.7,0.0542689724308025,372126761.549855,23.3355249575031,978897702.829998
26.7,-27.7,0.0542689724308025,372126761.549855,23.3355249575031,978897702.829998
26.8,-27.7,0.0542689724308025,372126761.549855,23.3355249575031,978897702.829998
26.9,-27.7,0.0542689724308025,372126761.549855,23.3355249575031,978897702.829998
27,-27.7,0.0542689724308025,372126761.549855,23.3355249575031,978897702.829998
27.1,-27.7,0.0542689724308025,372126761.549855,23.3355249575031,978897702.829998
27.2,-27.7,0.0511706990837139,116991890.664568,22.6608442126731,317656220.344069
27.3,-27.7,0.0511706990837139,116991890.664568,22.6608442126731,317656220.344069
27.4,-27.7,0.0511706990837139,116991890.664568,22.6608442126731,317656220.344069
27.5,-27.7,0.0511706990837139,116991890.664568,22.6608442126731,317656220.344069
27.6,-27.7,0.0511706990837139,116991890.664568,22.6608442126731,317656220.344069
27.7,-27.7,0.0511706990837139,116991890.664568,22.6608442126731,317656220.344069
27.8,-27.7,0.0511706990837139,116991890.664568,22.6608442126731,317656220.344069
27.9,-27.7,0.0468481592856277,23380508.7119654,21.8113796014609,69169829.4264226
28,-27.7,0.0468481592856277,23380508.7119654,21.8113796014609,69169829.4264226
28.1,-27.7,0.0468481592856277,23380508.7119654,21.8113796014609,69169829.4264226
28.2,-27.7,0.0468481592856277,23380508.7119654,21.8113796014609,69169829.4264226
28.3,-27.7,0.0468481592856277,23380508.7119654,21.8113796014609,69169829.4264226
28.4,-27.7,0.0468481592856277,23380508.7119654,21.8113796014609,69169829.4264226
28.5,-27.7,0.0446800030286489,10431091.9411831,21.3978472581724,33338704.4753495
28.6,-27.7,0.0446800030286489,10431091.9411831,21.3978472581724,33338704.4753495
28.7,-27.7,0.0446800030286489,10431091.9411831,21.3978472581724,33338704.4753495
28.8,-27.7,0.0446800030286489,10431091.9411831,21.3978472581724,33338704.4753495
28.9,-27.7,0.0446800030286489,10431091.9411831,21.3978472581724,33338704.4753495
29,-27.7,0.0446800030286489,10431091.9411831,21.3978472581724,33338704.4753495
29.1,-27.7,0.0397990733640444,1704881.13450899,20.5710790644039,6225765.340055
29.2,-27.7,0.0397990733640444,1704881.13450899,20.5710790644039,6225765.340055
29.3,-27.7,0.0397990733640444,1704881.13450899,20.5710790644039,6225765.340055
29.4,-27.7,0.0397990733640444,1704881.13450899,20.5710790644039,6225765.340055
29.5,-27.7,0.0397990733640444,1704881.13450899,20.5710790644039,6225765.340055
29.6,-27.7,0.0397990733640444,1704881.13450899,20.5710790644039,6225765.340055
29.7,-27.7,0.0422781664201084,4267219.09582039,20.9600210132631,14915176.5616917
29.8,-27.7,0.0422781664201084,4267219.09582039,20.9600210132631,14915176.5616917
29.9,-27.7,0.0422781664201084,4267219.09582039,20.9600210132631,14915176.5616917
30,-27.7,0.0422781664201084,4267219.09582039,20.9600210132631,14915176.5616917
30.1,-27.7,0.0422781664201084,4267219.09582039,20.9600210132631,14915176.5616917
30.2,-27.7,0.0422781664201084,4267219.09582039,20.9600210132631,14915176.5616917
30.3,-27.7,0.0422781664201084,4267219.09582039,20.9600210132631,14915176.5616917
30.4,-27.7,0.0530542849456373,232906509.379022,22.7364803696725,689620370.929722
30.5,-27.7,0.0530542849456373,232906509.379022,22.7364803696725,689620370.929722
30.6,-27.7,0.0530542849456373,232906509.379022,22.7364803696725,689620370.929722
30.7,-27.7,0.0530542849456373,232906509.379022,22.7364803696725,689620370.929722
30.8,-27.7,0.0530542849456373,232906509.379022,22.7364803696725,689620370.929722
30.9,-27.7,0.0530542849456373,232906509.379022,22.7364803696725,689620370.929722
31,-27.7,0.0650932781843599,20583267286.0307,25.0006690507865,54577259266.302
31.1,-27.7,0.0650932781843599,20583267286.0307,25.0006690507865,54577259266.302
31.2,-27.7,0.0650932781843599,20583267286.0307,25.0006690507865,54577259266.302
31.3,-27.7,0.0650932781843599,20583267286.0307,25.0006690507865,54577259266.302
31.4,-27.7,0.0650932781843599,20583267286.0307,25.0006690507865,54577259266.302
31.5,-27.7,0.0650932781843599,20583267286.0307,25.0006690507865,54577259266.302
31.6,-27.7,0.0722446286991517,297810817752.669,27.1224606109814,886997243589.994
31.7,-27.7,0.0722446286991517,297810817752.669,27.1224606109814,886997243589.994
31.8,-27.7,0.0722446286991517,297810817752.669,27.1224606109814,886997243589.994
31.9,-27.7,0.0722446286991517,297810817752.669,27.1224606109814,886997243589.994
32,-27.7,0.0722446286991517,297810817752.669,27.1224606109814,886997243589.994
32.1,-27.7,0.0722446286991517,297810817752.669,27.1224606109814,886997243589.994
32.2,-27.7,0.0734690654252849,464840433660.26,26.9605687475065,1264393027617.28
32.3,-27.7,0.0734690654252849,464840433660.26,26.9605687475065,1264393027617.28
32.4,-27.7,0.0734690654252849,464840433660.26,26.9605687475065,1264393027617.28
32.5,-27.7,0.0734690654252849,464840433660.26,26.9605687475065,1264393027617.28
32.6,-27.7,0.0734690654252849,464840433660.26,26.9605687475065,1264393027617.28
20,-27.6,0.0535261313854442,305337257.990606,26.3528249729997,2061544883.11385
20.1,-27.6,0.0535261313854442,305337257.990606,26.3528249729997,2061544883.11385
20.2,-27.6,0.0535261313854442,305337257.990606,26.3528249729997,2061544883.11385
20.3,-27.6,0.0535261313854442,305337257.990606,26.3528249729997,2061544883.11385
20.4,-27.6,0.0529975606651796,250582353.518356,26.1919233589262,1671641227.47949
20.5,-27.6,0.0529975606651796,250582353.518356,26.1919233589262,1671641227.47949
20.6,-27.6,0.0529975606651796,250582353.518356,26.1919233589262,1671641227.47949
20.7,-27.6,0.0529975606651796,250582353.518356,26.1919233589262,1671641227.47949
20.8,-27.6,0.0529975606651796,250582353.518356,26.1919233589262,1671641227.47949
20.9,-27.6,0.0529975606651796,250582353.518356,26.1919233589262,1671641227.47949
21,-27.6,0.0531451304099751,264041185.633813,26.0677962801501,1756176593.94173
21.1,-27.6,0.0531451304099751,264041185.633813,26.0677962801501,1756176593.94173
21.2,-27.6,0.0531451304099751,264041185.633813,26.0677962801501,1756176593.94173
21.3,-27.6,0.0531451304099751,264041185.633813,26.0677962801501,1756176593.94173
21.4,-27.6,0.0531451304099751,264041185.633813,26.0677962801501,1756176593.94173
21.5,-27.6,0.0531451304099751,264041185.633813,26.0677962801501,1756176593.94173
21.6,-27.6,0.0550025499833011,520934135.110342,25.7627626146906,2839036541.14585
21.7,-27.6,0.0550025499833011,520934135.110342,25.7627626146906,2839036541.14585
21.8,-27.6,0.0550025499833011,520934135.110342,25.7627626146906,2839036541.14585
21.9,-27.6,0.0550025499833011,520934135.110342,25.7627626146906,2839036541.14585
22,-27.6,0.0550025499833011,520934135.110342,25.7627626146906,2839036541.14585
22.1,-27.6,0.0550025499833011,520934135.110342,25.7627626146906,2839036541.14585
22.2,-27.6,0.0571505597936056,1133312730.31596,25.1891699767459,4361645713.63453
22.3,-27.6,0.0571505597936056,1133312730.31596,25.1891699767459,4361645713.63453
22.4,-27.6,0.0571505597936056,1133312730.31596,25.1891699767459,4361645713.63453
22.5,-27.6,0.0571505597936056,1133312730.31596,25.1891699767459,4361645713.63453
22.6,-27.6,0.0571604420656446,1137809124.03563,25.2021885167367,4397648962.64936
22.7,-27.6,0.0571604420656446,1137809124.03563,25.2021885167367,4397648962.64936
22.8,-27.6,0.0571604420656446,1137809124.03563,25.2021885167367,4397648962.64936
22.9,-27.6,0.057889425559693,1461222709.38349,24.638626768535,4344027679.91076
23,-27.6,0.057889425559693,1461222709.38349,24.638626768535,4344027679.91076
23.1,-27.6,0.057889425559693,1461222709.38349,24.638626768535,4344027679.91076
23.2,-27.6,0.057889425559693,1461222709.38349,24.638626768535,4344027679.91076
23.3,-27.6,0.057889425559693,1461222709.38349,24.638626768535,4344027679.91076
23.4,-27.6,0.057889425559693,1461222709.38349,24.638626768535,4344027679.91076
23.5,-27.6,0.0536199861453927,293261745.700892,23.3109604823017,756055211.259195
23.6,-27.6,0.0536199861453927,293261745.700892,23.3109604823017,756055211.259195
23.7,-27.6,0.0536199861453927,293261745.700892,23.3109604823017,756055211.259195
23.8,-27.6,0.0536199861453927,293261745.700892,23.3109604823017,756055211.259195
23.9,-27.6,0.0536199861453927,293261745.700892,23.3109604823017,756055211.259195
24,-27.6,0.0536199861453927,293261745.700892,23.3109604823017,756055211.259195
24.1,-27.6,0.0564945069397149,858135774.215154,23.9635514492728,2242511196.25749
24.2,-27.6,0.0564945069397149,858135774.215154,23.9635514492728,2242511196.25749
24.3,-27.6,0.0564945069397149,858135774.215154,23.9635514492728,2242511196.25749
24.4,-27.6,0.0564945069397149,858135774.215154,23.9635514492728,2242511196.25749
24.5,-27.6,0.0564945069397149,858135774.215154,23.9635514492728,2242511196.25749
24.6,-27.6,0.0564945069397149,858135774.215154,23.9635514492728,2242511196.25749
24.7,-27.6,0.0572598016668894,1142471161.89332,24.1495230572819,3046963285.55158
24.8,-27.6,0.0572598016668894,1142471161.89332,24.1495230572819,3046963285.55158
24.9,-27.6,0.0572598016668894,1142471161.89332,24.1495230572819,3046963285.55158
25,-27.6,0.0572598016668894,1142471161.89332,24.1495230572819,3046963285.55158
25.1,-27.6,0.0572598016668894,1142471161.89332,24.1495230572819,3046963285.55158
25.2,-27.6,0.0572598016668894,1142471161.89332,24.1495230572819,3046963285.55158
25.3,-27.6,0.0572598016668894,1142471161.89332,24.1495230572819,3046963285.55158
25.4,-27.6,0.0559399659158834,696394872.806306,23.7810368553796,1819880246.2507
25.5,-27.6,0.0559399659158834,696394872.806306,23.7810368553796,1819880246.2507
25.6,-27.6,0.0559399659158834,696394872.806306,23.7810368553796,1819880246.2507
25.7,-27.6,0.0559399659158834,696394872.806306,23.7810368553796,1819880246.2507
25.8,-27.6,0.0559399659158834,696394872.806306,23.7810368553796,1819880246.2507
25.9,-27.6,0.0559399659158834,696394872.806306,23.7810368553796,1819880246.2507
26,-27.6,0.0559709328880136,703689890.967934,23.7546717570171,1842853276.84843
26.1,-27.6,0.0559709328880136,703689890.967934,23.7546717570171,1842853276.84843
26.2,-27.6,0.0559709328880136,703689890.967934,23.7546717570171,1842853276.84843
26.3,-27.6,0.0559709328880136,703689890.967934,23.7546717570171,1842853276.84843
26.4,-27.6,0.0559709328880136,703689890.967934,23.7546717570171,1842853276.84843
26.5,-27.6,0.0559709328880136,703689890.967934,23.7546717570171,1842853276.84843
26.6,-27.6,0.0542689724308025,372126761.549855,23.3355249575031,978897702.829998
26.7,-27.6,0.0542689724308025,372126761.549855,23.3355249575031,978897702.829998
26.8,-27.6,0.0542689724308025,372126761.549855,23.3355249575031,978897702.829998
26.9,-27.6,0.0542689724308025,372126761.549855,23.3355249575031,978897702.829998
27,-27.6,0.0542689724308025,372126761.549855,23.3355249575031,978897702.829998
27.1,-27.6,0.0542689724308025,372126761.549855,23.3355249575031,978897702.829998
27.2,-27.6,0.0511706990837139,116991890.664568,22.6608442126731,317656220.344069
27.3,-27.6,0.0511706990837139,116991890.664568,22.6608442126731,317656220.344069
27.4,-27.6,0.0511706990837139,116991890.664568,22.6608442126731,317656220.344069
27.5,-27.6,0.0511706990837139,116991890.664568,22.6608442126731,317656220.344069
27.6,-27.6,0.0511706990837139,116991890.664568,22.6608442126731,317656220.344069
27.7,-27.6,0.0511706990837139,116991890.664568,22.6608442126731,317656220.344069
27.8,-27.6,0.0511706990837139,116991890.664568,22.6608442126731,317656220.344069
27.9,-27.6,0.0468481592856277,23380508.7119654,21.8113796014609,69169829.4264226
28,-27.6,0.0468481592856277,23380508.7119654,21.8113796014609,69169829.4264226
28.1,-27.6,0.0468481592856277,23380508.7119654,21.8113796014609,69169829.4264226
28.2,-27.6,0.0468481592856277,23380508.7119654,21.8113796014609,69169829.4264226
28.3,-27.6,0.0468481592856277,23380508.7119654,21.8113796014609,69169829.4264226
28.4,-27.6,0.0468481592856277,23380508.7119654,21.8113796014609,69169829.4264226
28.5,-27.6,0.0446800030286489,10431091.9411831,21.3978472581724,33338704.4753495
28.6,-27.6,0.0446800030286489,10431091.9411831,21.3978472581724,33338704.4753495
28.7,-27.6,0.0446800030286489,10431091.9411831,21.3978472581724,33338704.4753495
28.8,-27.6,0.0446800030286489,10431091.9411831,21.3978472581724,33338704.4753495
28.9,-27.6,0.0446800030286489,10431091.9411831,21.3978472581724,33338704.4753495
29,-27.6,0.0446800030286489,10431091.9411831,21.3978472581724,33338704.4753495
29.1,-27.6,0.0397990733640444,1704881.13450899,20.5710790644039,6225765.340055
29.2,-27.6,0.0397990733640444,1704881.13450899,20.5710790644039,6225765.340055
29.3,-27.6,0.0397990733640444,1704881.13450899,20.5710790644039,6225765.340055
29.4,-27.6,0.0397990733640444,1704881.13450899,20.5710790644039,6225765.340055
29.5,-27.6,0.0397990733640444,1704881.13450899,20.5710790644039,6225765.340055
29.6,-27.6,0.0397990733640444,1704881.13450899,20.5710790644039,6225765.340055
29.7,-27.6,0.0422781664201084,4267219.09582039,20.9600210132631,14915176.5616917
29.8,-27.6,0.0422781664201084,4267219.09582039,20.9600210132631,14915176.5616917
29.9,-27.6,0.0422781664201084,4267219.09582039,20.9600210132631,14915176.5616917
30,-27.6,0.0422781664201084,4267219.09582039,20.9600210132631,14915176.5616917
30.1,-27.6,0.0422781664201084,4267219.09582039,20.9600210132631,14915176.5616917
30.2,-27.6,0.0422781664201084,4267219.09582039,20.9600210132631,14915176.5616917
30.3,-27.6,0.0422781664201084,4267219.09582039,20.9600210132631,14915176.5616917
30.4,-27.6,0.0530542849456373,232906509.379022,22.7364803696725,689620370.929722
30.5,-27.6,0.0530542849456373,232906509.379022,22.7364803696725,689620370.929722
30.6,-27.6,0.0530542849456373,232906509.379022,22.7364803696725,689620370.929722
30.7,-27.6,0.0530542849456373,232906509.379022,22.7364803696725,689620370.929722
30.8,-27.6,0.0530542849456373,232906509.379022,22.7364803696725,689620370.929722
30.9,-27.6,0.0530542849456373,232906509.379022,22.7364803696725,689620370.929722
31,-27.6,0.0650932781843599,20583267286.0307,25.0006690507865,54577259266.302
31.1,-27.6,0.0650932781843599,20583267286.0307,25.0006690507865,54577259266.302
31.2,-27.6,0.0650932781843599,20583267286.0307,25.0006690507865,54577259266.302
31.3,-27.6,0.0650932781843599,20583267286.0307,25.0006690507865,54577259266.302
31.4,-27.6,0.0650932781843599,20583267286.0307,25.0006690507865,54577259266.302
31.5,-27.6,0.0650932781843599,20583267286.0307,25.0006690507865,54577259266.302
31.6,-27.6,0.0722446286991517,297810817752.669,27.1224606109814,886997243589.994
31.7,-27.6,0.0722446286991517,297810817752.669,27.1224606109814,886997243589.994
31.8,-27.6,0.0722446286991517,297810817752.669,27.1224606109814,886997243589.994
31.9,-27.6,0.0722446286991517,297810817752.669,27.1224606109814,886997243589.994
32,-27.6,0.0722446286991517,297810817752.669,27.1224606109814,886997243589.994
32.1,-27.6,0.0722446286991517,297810817752.669,27.1224606109814,886997243589.994
32.2,-27.6,0.0734690654252849,464840433660.26,26.9605687475065,1264393027617.28
32.3,-27.6,0.0734690654252849,464840433660.26,26.9605687475065,1264393027617.28
32.4,-27.6,0.0734690654252849,464840433660.26,26.9605687475065,1264393027617.28
32.5,-27.6,0.0734690654252849,464840433660.26,26.9605687475065,1264393027617.28
32.6,-27.6,0.0734690654252849,464840433660.26,26.9605687475065,1264393027617.28
20,-27.5,0.0535261313854442,305337257.990606,26.3528249729997,2061544883.11385
20.1,-27.5,0.0535261313854442,305337257.990606,26.3528249729997,2061544883.11385
20.2,-27.5,0.0535261313854442,305337257.990606,26.3528249729997,2061544883.11385
20.3,-27.5,0.0535261313854442,305337257.990606,26.3528249729997,2061544883.11385
20.4,-27.5,0.0529975606651796,250582353.518356,26.1919233589262,1671641227.47949
20.5,-27.5,0.0529975606651796,250582353.518356,26.1919233589262,1671641227.47949
20.6,-27.5,0.0529975606651796,250582353.518356,26.1919233589262,1671641227.47949
20.7,-27.5,0.0529975606651796,250582353.518356,26.1919233589262,1671641227.47949
20.8,-27.5,0.0529975606651796,250582353.518356,26.1919233589262,1671641227.47949
20.9,-27.5,0.0529975606651796,250582353.518356,26.1919233589262,1671641227.47949
21,-27.5,0.0531451304099751,264041185.633813,26.0677962801501,1756176593.94173
21.1,-27.5,0.0531451304099751,264041185.633813,26.0677962801501,1756176593.94173
21.2,-27.5,0.0531451304099751,264041185.633813,26.0677962801501,1756176593.94173
21.3,-27.5,0.0531451304099751,264041185.633813,26.0677962801501,1756176593.94173
21.4,-27.5,0.0531451304099751,264041185.633813,26.0677962801501,1756176593.94173
21.5,-27.5,0.0531451304099751,264041185.633813,26.0677962801501,1756176593.94173
21.6,-27.5,0.0550025499833011,520934135.110342,25.7627626146906,2839036541.14585
21.7,-27.5,0.0550025499833011,520934135.110342,25.7627626146906,2839036541.14585
21.8,-27.5,0.0550025499833011,520934135.110342,25.7627626146906,2839036541.14585
21.9,-27.5,0.0550025499833011,520934135.110342,25.7627626146906,2839036541.14585
22,-27.5,0.0550025499833011,520934135.110342,25.7627626146906,2839036541.14585
22.1,-27.5,0.0550025499833011,520934135.110342,25.7627626146906,2839036541.14585
22.2,-27.5,0.0571505597936056,1133312730.31596,25.1891699767459,4361645713.63453
22.3,-27.5,0.0571505597936056,1133312730.31596,25.1891699767459,4361645713.63453
22.4,-27.5,0.0571505597936056,1133312730.31596,25.1891699767459,4361645713.63453
22.5,-27.5,0.0571505597936056,1133312730.31596,25.1891699767459,4361645713.63453
22.6,-27.5,0.0571604420656446,1137809124.03563,25.2021885167367,4397648962.64936
22.7,-27.5,0.0571604420656446,1137809124.03563,25.2021885167367,4397648962.64936
22.8,-27.5,0.0571604420656446,1137809124.03563,25.2021885167367,4397648962.64936
22.9,-27.5,0.057889425559693,1461222709.38349,24.638626768535,4344027679.91076
23,-27.5,0.057889425559693,1461222709.38349,24.638626768535,4344027679.91076
23.1,-27.5,0.057889425559693,1461222709.38349,24.638626768535,4344027679.91076
23.2,-27.5,0.057889425559693,1461222709.38349,24.638626768535,4344027679.91076
23.3,-27.5,0.057889425559693,1461222709.38349,24.638626768535,4344027679.91076
23.4,-27.5,0.057889425559693,1461222709.38349,24.638626768535,4344027679.91076
23.5,-27.5,0.0536199861453927,293261745.700892,23.3109604823017,756055211.259195
23.6,-27.5,0.0536199861453927,293261745.700892,23.3109604823017,756055211.259195
23.7,-27.5,0.0536199861453927,293261745.700892,23.3109604823017,756055211.259195
23.8,-27.5,0.0536199861453927,293261745.700892,23.3109604823017,756055211.259195
23.9,-27.5,0.0536199861453927,293261745.700892,23.3109604823017,756055211.259195
24,-27.5,0.0536199861453927,293261745.700892,23.3109604823017,756055211.259195
24.1,-27.5,0.0564945069397149,858135774.215154,23.9635514492728,2242511196.25749
24.2,-27.5,0.0564945069397149,858135774.215154,23.9635514492728,2242511196.25749
24.3,-27.5,0.0564945069397149,858135774.215154,23.9635514492728,2242511196.25749
24.4,-27.5,0.0564945069397149,858135774.215154,23.9635514492728,2242511196.25749
24.5,-27.5,0.0564945069397149,858135774.215154,23.9635514492728,2242511196.25749
24.6,-27.5,0.0564945069397149,858135774.215154,23.9635514492728,2242511196.25749
24.7,-27.5,0.0572598016668894,1142471161.89332,24.1495230572819,3046963285.55158
24.8,-27.5,0.0572598016668894,1142471161.89332,24.1495230572819,3046963285.55158
24.9,-27.5,0.0572598016668894,1142471161.89332,24.1495230572819,3046963285.55158
25,-27.5,0.0572598016668894,1142471161.89332,24.1495230572819,3046963285.55158
25.1,-27.5,0.0572598016668894,1142471161.89332,24.1495230572819,3046963285.55158
25.2,-27.5,0.0572598016668894,1142471161.89332,24.1495230572819,3046963285.55158
25.3,-27.5,0.0572598016668894,1142471161.89332,24.1495230572819,3046963285.55158
25.4,-27.5,0.0559399659158834,696394872.806306,23.7810368553796,1819880246.2507
25.5,-27.5,0.0559399659158834,696394872.806306,23.7810368553796,1819880246.2507
25.6,-27.5,0.0559399659158834,696394872.806306,23.7810368553796,1819880246.2507
25.7,-27.5,0.0559399659158834,696394872.806306,23.7810368553796,1819880246.2507
25.8,-27.5,0.0559399659158834,696394872.806306,23.7810368553796,1819880246.2507
25.9,-27.5,0.0559399659158834,696394872.806306,23.7810368553796,1819880246.2507
26,-27.5,0.0559709328880136,703689890.967934,23.7546717570171,1842853276.84843
26.1,-27.5,0.0559709328880136,703689890.967934,23.7546717570171,1842853276.84843
26.2,-27.5,0.0559709328880136,703689890.967934,23.7546717570171,1842853276.84843
26.3,-27.5,0.0559709328880136,703689890.967934,23.7546717570171,1842853276.84843
26.4,-27.5,0.0559709328880136,703689890.967934,23.7546717570171,1842853276.84843
26.5,-27.5,0.0559709328880136,703689890.967934,23.7546717570171,1842853276.84843
26.6,-27.5,0.0542689724308025,372126761.549855,23.3355249575031,978897702.829998
26.7,-27.5,0.0542689724308025,372126761.549855,23.3355249575031,978897702.829998
26.8,-27.5,0.0542689724308025,372126761.549855,23.3355249575031,978897702.829998
26.9,-27.5,0.0542689724308025,372126761.549855,23.3355249575031,978897702.829998
27,-27.5,0.0542689724308025,372126761.549855,23.3355249575031,978897702.829998
27.1,-27.5,0.0542689724308025,372126761.549855,23.3355249575031,978897702.829998
27.2,-27.5,0.0511706990837139,116991890.664568,22.6608442126731,317656220.344069
27.3,-27.5,0.0511706990837139,116991890.664568,22.6608442126731,317656220.344069
27.4,-27.5,0.0511706990837139,116991890.664568,22.6608442126731,317656220.344069
27.5,-27.5,0.0511706990837139,116991890.664568,22.6608442126731,317656220.344069
27.6,-27.5,0.0511706990837139,116991890.664568,22.6608442126731,317656220.344069
27.7,-27.5,0.0511706990837139,116991890.664568,22.6608442126731,317656220.344069
27.8,-27.5,0.0511706990837139,116991890.664568,22.6608442126731,317656220.344069
27.9,-27.5,0.0468481592856277,23380508.7119654,21.8113796014609,69169829.4264226
28,-27.5,0.0468481592856277,23380508.7119654,21.8113796014609,69169829.4264226
28.1,-27.5,0.0468481592856277,23380508.7119654,21.8113796014609,69169829.4264226
28.2,-27.5,0.0468481592856277,23380508.7119654,21.8113796014609,69169829.4264226
28.3,-27.5,0.0468481592856277,23380508.7119654,21.8113796014609,69169829.4264226
28.4,-27.5,0.0468481592856277,23380508.7119654,21.8113796014609,69169829.4264226
28.5,-27.5,0.0446800030286489,10431091.9411831,21.3978472581724,33338704.4753495
28.6,-27.5,0.0446800030286489,10431091.9411831,21.3978472581724,33338704.4753495
28.7,-27.5,0.0446800030286489,10431091.9411831,21.3978472581724,33338704.4753495
28.8,-27.5,0.0446800030286489,10431091.9411831,21.3978472581724,33338704.4753495
28.9,-27.5,0.0446800030286489,10431091.9411831,21.3978472581724,33338704.4753495
29,-27.5,0.0446800030286489,10431091.9411831,21.3978472581724,33338704.4753495
29.1,-27.5,0.0397990733640444,1704881.13450899,20.5710790644039,6225765.340055
29.2,-27.5,0.0397990733640444,1704881.13450899,20.5710790644039,6225765.340055
29.3,-27.5,0.0397990733640444,1704881.13450899,20.5710790644039,6225765.340055
29.4,-27.5,0.0397990733640444,1704881.13450899,20.5710790644039,6225765.340055
29.5,-27.5,0.0397990733640444,1704881.13450899,20.5710790644039,6225765.340055
29.6,-27.5,0.0397990733640444,1704881.13450899,20.5710790644039,6225765.340055
29.7,-27.5,0.0422781664201084,4267219.09582039,20.9600210132631,14915176.5616917
29.8,-27.5,0.0422781664201084,4267219.09582039,20.9600210132631,14915176.5616917
29.9,-27.5,0.0422781664201084,4267219.09582039,20.9600210132631,14915176.5616917
30,-27.5,0.0422781664201084,4267219.09582039,20.9600210132631,14915176.5616917
30.1,-27.5,0.0422781664201084,4267219.09582039,20.9600210132631,14915176.5616917
30.2,-27.5,0.0422781664201084,4267219.09582039,20.9600210132631,14915176.5616917
30.3,-27.5,0.0422781664201084,4267219.09582039,20.9600210132631,14915176.5616917
30.4,-27.5,0.0530542849456373,232906509.379022,22.7364803696725,689620370.929722
30.5,-27.5,0.0530542849456373,232906509.379022,22.7364803696725,689620370.929722
30.6,-27.5,0.0530542849456373,232906509.379022,22.7364803696725,689620370.929722
30.7,-27.5,0.0530542849456373,232906509.379022,22.7364803696725,689620370.929722
30.8,-27.5,0.0530542849456373,232906509.379022,22.7364803696725,689620370.929722
30.9,-27.5,0.0530542849456373,232906509.379022,22.7364803696725,689620370.929722
31,-27.5,0.0650932781843599,20583267286.0307,25.0006690507865,54577259266.302
31.1,-27.5,0.0650932781843599,20583267286.0307,25.0006690507865,54577259266.302
31.2,-27.5,0.0650932781843599,20583267286.0307,25.0006690507865,54577259266.302
31.3,-27.5,0.0650932781843599,20583267286.0307,25.0006690507865,54577259266.302
31.4,-27.5,0.0650932781843599,20583267286.0307,25.0006690507865,54577259266.302
31.5,-27.5,0.0650932781843599,20583267286.0307,25.0006690507865,54577259266.302
31.6,-27.5,0.0722446286991517,297810817752.669,27.1224606109814,886997243589.994
31.7,-27.5,0.0722446286991517,297810817752.669,27.1224606109814,886997243589.994
31.8,-27.5,0.0722446286991517,297810817752.669,27.1224606109814,886997243589.994
31.9,-27.5,0.0722446286991517,297810817752.669,27.1224606109814,886997243589.994
32,-27.5,0.0722446286991517,297810817752.669,27.1224606109814,886997243589.994
32.1,-27.5,0.0722446286991517,297810817752.669,27.1224606109814,886997243589.994
32.2,-27.5,0.0734690654252849,464840433660.26,26.9605687475065,1264393027617.28
32.3,-27.5,0.0734690654252849,464840433660.26,26.9605687475065,1264393027617.28
32.4,-27.5,0.0734690654252849,464840433660.26,26.9605687475065,1264393027617.28
32.5,-27.5,0.0734690654252849,464840433660.26,26.9605687475065,1264393027617.28
32.6,-27.5,0.0734690654252849,464840433660.26,26.9605687475065,1264393027617.28
20,-27.4,0.0535261313854442,305337257.990606,26.3528249729997,2061544883.11385
20.1,-27.4,0.0535261313854442,305337257.990606,26.3528249729997,2061544883.11385
20.2,-27.4,0.0535261313854442,305337257.990606,26.3528249729997,2061544883.11385
20.3,-27.4,0.0535261313854442,305337257.990606,26.3528249729997,2061544883.11385
20.4,-27.4,0.0529975606651796,250582353.518356,26.1919233589262,1671641227.47949
20.5,-27.4,0.0529975606651796,250582353.518356,26.1919233589262,1671641227.47949
20.6,-27.4,0.0529975606651796,250582353.518356,26.1919233589262,1671641227.47949
20.7,-27.4,0.0529975606651796,250582353.518356,26.1919233589262,1671641227.47949
20.8,-27.4,0.0529975606651796,250582353.518356,26.1919233589262,1671641227.47949
20.9,-27.4,0.0529975606651796,250582353.518356,26.1919233589262,1671641227.47949
21,-27.4,0.0531451304099751,264041185.633813,26.0677962801501,1756176593.94173
21.1,-27.4,0.0531451304099751,264041185.633813,26.0677962801501,1756176593.94173
21.2,-27.4,0.0531451304099751,264041185.633813,26.0677962801501,1756176593.94173
21.3,-27.4,0.0531451304099751,264041185.633813,26.0677962801501,1756176593.94173
21.4,-27.4,0.0531451304099751,264041185.633813,26.0677962801501,1756176593.94173
21.5,-27.4,0.0531451304099751,264041185.633813,26.0677962801501,1756176593.94173
21.6,-27.4,0.0550025499833011,520934135.110342,25.7627626146906,2839036541.14585
21.7,-27.4,0.0550025499833011,520934135.110342,25.7627626146906,2839036541.14585
21.8,-27.4,0.0550025499833011,520934135.110342,25.7627626146906,2839036541.14585
21.9,-27.4,0.0550025499833011,520934135.110342,25.7627626146906,2839036541.14585
22,-27.4,0.0550025499833011,520934135.110342,25.7627626146906,2839036541.14585
22.1,-27.4,0.0550025499833011,520934135.110342,25.7627626146906,2839036541.14585
22.2,-27.4,0.0571505597936056,1133312730.31596,25.1891699767459,4361645713.63453
22.3,-27.4,0.0571505597936056,1133312730.31596,25.1891699767459,4361645713.63453
22.4,-27.4,0.0571505597936056,1133312730.31596,25.1891699767459,4361645713.63453
22.5,-27.4,0.0571505597936056,1133312730.31596,25.1891699767459,4361645713.63453
22.6,-27.4,0.0571604420656446,1137809124.03563,25.2021885167367,4397648962.64936
22.7,-27.4,0.0571604420656446,1137809124.03563,25.2021885167367,4397648962.64936
22.8,-27.4,0.0571604420656446,1137809124.03563,25.2021885167367,4397648962.64936
22.9,-27.4,0.057889425559693,1461222709.38349,24.638626768535,4344027679.91076
23,-27.4,0.057889425559693,1461222709.38349,24.638626768535,4344027679.91076
23.1,-27.4,0.057889425559693,1461222709.38349,24.638626768535,4344027679.91076
23.2,-27.4,0.057889425559693,1461222709.38349,24.638626768535,4344027679.91076
23.3,-27.4,0.057889425559693,1461222709.38349,24.638626768535,4344027679.91076
23.4,-27.4,0.057889425559693,1461222709.38349,24.638626768535,4344027679.91076
23.5,-27.4,0.0536199861453927,293261745.700892,23.3109604823017,756055211.259195
23.6,-27.4,0.0536199861453927,293261745.700892,23.3109604823017,756055211.259195
23.7,-27.4,0.0536199861453927,293261745.700892,23.3109604823017,756055211.259195
23.8,-27.4,0.0536199861453927,293261745.700892,23.3109604823017,756055211.259195
23.9,-27.4,0.0536199861453927,293261745.700892,23.3109604823017,756055211.259195
24,-27.4,0.0536199861453927,293261745.700892,23.3109604823017,756055211.259195
24.1,-27.4,0.0564945069397149,858135774.215154,23.9635514492728,2242511196.25749
24.2,-27.4,0.0564945069397149,858135774.215154,23.9635514492728,2242511196.25749
24.3,-27.4,0.0564945069397149,858135774.215154,23.9635514492728,2242511196.25749
24.4,-27.4,0.0564945069397149,858135774.215154,23.9635514492728,2242511196.25749
24.5,-27.4,0.0564945069397149,858135774.215154,23.9635514492728,2242511196.25749
24.6,-27.4,0.0564945069397149,858135774.215154,23.9635514492728,2242511196.25749
24.7,-27.4,0.0572598016668894,1142471161.89332,24.1495230572819,3046963285.55158
24.8,-27.4,0.0572598016668894,1142471161.89332,24.1495230572819,3046963285.55158
24.9,-27.4,0.0572598016668894,1142471161.89332,24.1495230572819,3046963285.55158
25,-27.4,0.0572598016668894,1142471161.89332,24.1495230572819,3046963285.55158
25.1,-27.4,0.0572598016668894,1142471161.89332,24.1495230572819,3046963285.55158
25.2,-27.4,0.0572598016668894,1142471161.89332,24.1495230572819,3046963285.55158
25.3,-27.4,0.0572598016668894,1142471161.89332,24.1495230572819,3046963285.55158
25.4,-27.4,0.0559399659158834,696394872.806306,23.7810368553796,1819880246.2507
25.5,-27.4,0.0559399659158834,696394872.806306,23.7810368553796,1819880246.2507
25.6,-27.4,0.0559399659158834,696394872.806306,23.7810368553796,1819880246.2507
25.7,-27.4,0.0559399659158834,696394872.806306,23.7810368553796,1819880246.2507
25.8,-27.4,0.0559399659158834,696394872.806306,23.7810368553796,1819880246.2507
25.9,-27.4,0.0559399659158834,696394872.806306,23.7810368553796,1819880246.2507
26,-27.4,0.0559709328880136,703689890.967934,23.7546717570171,1842853276.84843
26.1,-27.4,0.0559709328880136,703689890.967934,23.7546717570171,1842853276.84843
26.2,-27.4,0.0559709328880136,703689890.967934,23.7546717570171,1842853276.84843
26.3,-27.4,0.0559709328880136,703689890.967934,23.7546717570171,1842853276.84843
26.4,-27.4,0.0559709328880136,703689890.967934,23.7546717570171,1842853276.84843
26.5,-27.4,0.0559709328880136,703689890.967934,23.7546717570171,1842853276.84843
26.6,-27.4,0.0542689724308025,372126761.549855,23.3355249575031,978897702.829998
26.7,-27.4,0.0542689724308025,372126761.549855,23.3355249575031,978897702.829998
26.8,-27.4,0.0542689724308025,372126761.549855,23.3355249575031,978897702.829998
26.9,-27.4,0.0542689724308025,372126761.549855,23.3355249575031,978897702.829998
27,-27.4,0.0542689724308025,372126761.549855,23.3355249575031,978897702.829998
27.1,-27.4,0.0542689724308025,372126761.549855,23.3355249575031,978897702.829998
27.2,-27.4,0.0511706990837139,116991890.664568,22.6608442126731,317656220.344069
27.3,-27.4,0.0511706990837139,116991890.664568,22.6608442126731,317656220.344069
27.4,-27.4,0.0511706990837139,116991890.664568,22.6608442126731,317656220.344069
27.5,-27.4,0.0511706990837139,116991890.664568,22.6608442126731,317656220.344069
27.6,-27.4,0.0511706990837139,116991890.664568,22.6608442126731,317656220.344069
27.7,-27.4,0.0511706990837139,116991890.664568,22.6608442126731,317656220.344069
27.8,-27.4,0.0511706990837139,116991890.664568,22.6608442126731,317656220.344069
27.9,-27.4,0.0468481592856277,23380508.7119654,21.8113796014609,69169829.4264226
28,-27.4,0.0468481592856277,23380508.7119654,21.8113796014609,69169829.4264226
28.1,-27.4,0.0468481592856277,23380508.7119654,21.8113796014609,69169829.4264226
28.2,-27.4,0.0468481592856277,23380508.7119654,21.8113796014609,69169829.4264226
28.3,-27.4,0.0468481592856277,23380508.7119654,21.8113796014609,69169829.4264226
28.4,-27.4,0.0468481592856277,23380508.7119654,21.8113796014609,69169829.4264226
28.5,-27.4,0.0446800030286489,10431091.9411831,21.3978472581724,33338704.4753495
28.6,-27.4,0.0446800030286489,10431091.9411831,21.3978472581724,33338704.4753495
28.7,-27.4,0.0446800030286489,10431091.9411831,21.3978472581724,33338704.4753495
28.8,-27.4,0.0446800030286489,10431091.9411831,21.3978472581724,33338704.4753495
28.9,-27.4,0.0446800030286489,10431091.9411831,21.3978472581724,33338704.4753495
29,-27.4,0.0446800030286489,10431091.9411831,21.3978472581724,33338704.4753495
29.1,-27.4,0.0397990733640444,1704881.13450899,20.5710790644039,6225765.340055
29.2,-27.4,0.0397990733640444,1704881.13450899,20.5710790644039,6225765.340055
29.3,-27.4,0.0397990733640444,1704881.13450899,20.5710790644039,6225765.340055
29.4,-27.4,0.0397990733640444,1704881.13450899,20.5710790644039,6225765.340055
29.5,-27.4,0.0397990733640444,1704881.13450899,20.5710790644039,6225765.340055
29.6,-27.4,0.0397990733640444,1704881.13450899,20.5710790644039,6225765.340055
29.7,-27.4,0.0422781664201084,4267219.09582039,20.9600210132631,14915176.5616917
29.8,-27.4,0.0422781664201084,4267219.09582039,20.9600210132631,14915176.5616917
29.9,-27.4,0.0422781664201084,4267219.09582039,20.9600210132631,14915176.5616917
30,-27.4,0.0422781664201084,4267219.09582039,20.9600210132631,14915176.5616917
30.1,-27.4,0.0422781664201084,4267219.09582039,20.9600210132631,14915176.5616917
30.2,-27.4,0.0422781664201084,4267219.09582039,20.9600210132631,14915176.5616917
30.3,-27.4,0.0422781664201084,4267219.09582039,20.9600210132631,14915176.5616917
30.4,-27.4,0.0530542849456373,232906509.379022,22.7364803696725,689620370.929722
30.5,-27.4,0.0530542849456373,232906509.379022,22.7364803696725,689620370.929722
30.6,-27.4,0.0530542849456373,232906509.379022,22.7364803696725,689620370.929722
30.7,-27.4,0.0530542849456373,232906509.379022,22.7364803696725,689620370.929722
30.8,-27.4,0.0530542849456373,232906509.379022,22.7364803696725,689620370.929722
30.9,-27.4,0.0530542849456373,232906509.379022,22.7364803696725,689620370.929722
31,-27.4,0.0650932781843599,20583267286.0307,25.0006690507865,54577259266.302
31.1,-27.4,0.0650932781843599,20583267286.0307,25.0006690507865,54577259266.302
31.2,-27.4,0.0650932781843599,20583267286.0307,25.0006690507865,54577259266.302
31.3,-27.4,0.0650932781843599,20583267286.0307,25.0006690507865,54577259266.302
31.4,-27.4,0.0650932781843599,20583267286.0307,25.0006690507865,54577259266.302
31.5,-27.4,0.0650932781843599,20583267286.0307,25.0006690507865,54577259266.302
31.6,-27.4,0.0722446286991517,297810817752.669,27.1224606109814,886997243589.994
31.7,-27.4,0.0722446286991517,297810817752.669,27.1224606109814,886997243589.994
31.8,-27.4,0.0722446286991517,297810817752.669,27.1224606109814,886997243589.994
31.9,-27.4,0.0722446286991517,297810817752.669,27.1224606109814,886997243589.994
32,-27.4,0.0722446286991517,297810817752.669,27.1224606109814,886997243589.994
32.1,-27.4,0.0722446286991517,297810817752.669,27.1224606109814,886997243589.994
32.2,-27.4,0.0734690654252849,464840433660.26,26.9605687475065,1264393027617.28
32.3,-27.4,0.0734690654252849,464840433660.26,26.9605687475065,1264393027617.28
32.4,-27.4,0.0734690654252849,464840433660.26,26.9605687475065,1264393027617.28
32.5,-27.4,0.0734690654252849,464840433660.26,26.9605687475065,1264393027617.28
32.6,-27.4,0.0734690654252849,464840433660.26,26.9605687475065,1264393027617.28
32.7,-27.4,0.0734690654252849,464840433660.26,26.9605687475065,1264393027617.28
20,-27.3,0.0535261313854442,305337257.990606,26.3528249729997,2061544883.11385
20.1,-27.3,0.0535261313854442,305337257.990606,26.3528249729997,2061544883.11385
20.2,-27.3,0.0535261313854442,305337257.990606,26.3528249729997,2061544883.11385
20.3,-27.3,0.0535261313854442,305337257.990606,26.3528249729997,2061544883.11385
20.4,-27.3,0.0529975606651796,250582353.518356,26.1919233589262,1671641227.47949
20.5,-27.3,0.0529975606651796,250582353.518356,26.1919233589262,1671641227.47949
20.6,-27.3,0.0529975606651796,250582353.518356,26.1919233589262,1671641227.47949
20.7,-27.3,0.0529975606651796,250582353.518356,26.1919233589262,1671641227.47949
20.8,-27.3,0.0529975606651796,250582353.518356,26.1919233589262,1671641227.47949
20.9,-27.3,0.0529975606651796,250582353.518356,26.1919233589262,1671641227.47949
21,-27.3,0.0531451304099751,264041185.633813,26.0677962801501,1756176593.94173
21.1,-27.3,0.0531451304099751,264041185.633813,26.0677962801501,1756176593.94173
21.2,-27.3,0.0531451304099751,264041185.633813,26.0677962801501,1756176593.94173
21.3,-27.3,0.0531451304099751,264041185.633813,26.0677962801501,1756176593.94173
21.4,-27.3,0.0531451304099751,264041185.633813,26.0677962801501,1756176593.94173
21.5,-27.3,0.0531451304099751,264041185.633813,26.0677962801501,1756176593.94173
21.6,-27.3,0.0550025499833011,520934135.110342,25.7627626146906,2839036541.14585
21.7,-27.3,0.0550025499833011,520934135.110342,25.7627626146906,2839036541.14585
21.8,-27.3,0.0550025499833011,520934135.110342,25.7627626146906,2839036541.14585
21.9,-27.3,0.0550025499833011,520934135.110342,25.7627626146906,2839036541.14585
22,-27.3,0.0550025499833011,520934135.110342,25.7627626146906,2839036541.14585
22.1,-27.3,0.0550025499833011,520934135.110342,25.7627626146906,2839036541.14585
22.2,-27.3,0.0571505597936056,1133312730.31596,25.1891699767459,4361645713.63453
22.3,-27.3,0.0571505597936056,1133312730.31596,25.1891699767459,4361645713.63453
22.4,-27.3,0.0571505597936056,1133312730.31596,25.1891699767459,4361645713.63453
22.5,-27.3,0.0571505597936056,1133312730.31596,25.1891699767459,4361645713.63453
22.6,-27.3,0.0571604420656446,1137809124.03563,25.2021885167367,4397648962.64936
22.7,-27.3,0.0571604420656446,1137809124.03563,25.2021885167367,4397648962.64936
22.8,-27.3,0.0571604420656446,1137809124.03563,25.2021885167367,4397648962.64936
22.9,-27.3,0.057889425559693,1461222709.38349,24.638626768535,4344027679.91076
23,-27.3,0.057889425559693,1461222709.38349,24.638626768535,4344027679.91076
23.1,-27.3,0.057889425559693,1461222709.38349,24.638626768535,4344027679.91076
23.2,-27.3,0.057889425559693,1461222709.38349,24.638626768535,4344027679.91076
23.3,-27.3,0.057889425559693,1461222709.38349,24.638626768535,4344027679.91076
23.4,-27.3,0.057889425559693,1461222709.38349,24.638626768535,4344027679.91076
23.5,-27.3,0.0536199861453927,293261745.700892,23.3109604823017,756055211.259195
23.6,-27.3,0.0536199861453927,293261745.700892,23.3109604823017,756055211.259195
23.7,-27.3,0.0536199861453927,293261745.700892,23.3109604823017,756055211.259195
23.8,-27.3,0.0536199861453927,293261745.700892,23.3109604823017,756055211.259195
23.9,-27.3,0.0536199861453927,293261745.700892,23.3109604823017,756055211.259195
24,-27.3,0.0536199861453927,293261745.700892,23.3109604823017,756055211.259195
24.1,-27.3,0.0564945069397149,858135774.215154,23.9635514492728,2242511196.25749
24.2,-27.3,0.0564945069397149,858135774.215154,23.9635514492728,2242511196.25749
24.3,-27.3,0.0564945069397149,858135774.215154,23.9635514492728,2242511196.25749
24.4,-27.3,0.0564945069397149,858135774.215154,23.9635514492728,2242511196.25749
24.5,-27.3,0.0564945069397149,858135774.215154,23.9635514492728,2242511196.25749
24.6,-27.3,0.0564945069397149,858135774.215154,23.9635514492728,2242511196.25749
24.7,-27.3,0.0572598016668894,1142471161.89332,24.1495230572819,3046963285.55158
24.8,-27.3,0.0572598016668894,1142471161.89332,24.1495230572819,3046963285.55158
24.9,-27.3,0.0572598016668894,1142471161.89332,24.1495230572819,3046963285.55158
25,-27.3,0.0572598016668894,1142471161.89332,24.1495230572819,3046963285.55158
25.1,-27.3,0.0572598016668894,1142471161.89332,24.1495230572819,3046963285.55158
25.2,-27.3,0.0572598016668894,1142471161.89332,24.1495230572819,3046963285.55158
25.3,-27.3,0.0572598016668894,1142471161.89332,24.1495230572819,3046963285.55158
25.4,-27.3,0.0559399659158834,696394872.806306,23.7810368553796,1819880246.2507
25.5,-27.3,0.0559399659158834,696394872.806306,23.7810368553796,1819880246.2507
25.6,-27.3,0.0559399659158834,696394872.806306,23.7810368553796,1819880246.2507
25.7,-27.3,0.0559399659158834,696394872.806306,23.7810368553796,1819880246.2507
25.8,-27.3,0.0559399659158834,696394872.806306,23.7810368553796,1819880246.2507
25.9,-27.3,0.0559399659158834,696394872.806306,23.7810368553796,1819880246.2507
26,-27.3,0.0559709328880136,703689890.967934,23.7546717570171,1842853276.84843
26.1,-27.3,0.0559709328880136,703689890.967934,23.7546717570171,1842853276.84843
26.2,-27.3,0.0559709328880136,703689890.967934,23.7546717570171,1842853276.84843
26.3,-27.3,0.0559709328880136,703689890.967934,23.7546717570171,1842853276.84843
26.4,-27.3,0.0559709328880136,703689890.967934,23.7546717570171,1842853276.84843
26.5,-27.3,0.0559709328880136,703689890.967934,23.7546717570171,1842853276.84843
26.6,-27.3,0.0542689724308025,372126761.549855,23.3355249575031,978897702.829998
26.7,-27.3,0.0542689724308025,372126761.549855,23.3355249575031,978897702.829998
26.8,-27.3,0.0542689724308025,372126761.549855,23.3355249575031,978897702.829998
26.9,-27.3,0.0542689724308025,372126761.549855,23.3355249575031,978897702.829998
27,-27.3,0.0542689724308025,372126761.549855,23.3355249575031,978897702.829998
27.1,-27.3,0.0542689724308025,372126761.549855,23.3355249575031,978897702.829998
27.2,-27.3,0.0511706990837139,116991890.664568,22.6608442126731,317656220.344069
27.3,-27.3,0.0511706990837139,116991890.664568,22.6608442126731,317656220.344069
27.4,-27.3,0.0511706990837139,116991890.664568,22.6608442126731,317656220.344069
27.5,-27.3,0.0511706990837139,116991890.664568,22.6608442126731,317656220.344069
27.6,-27.3,0.0511706990837139,116991890.664568,22.6608442126731,317656220.344069
27.7,-27.3,0.0511706990837139,116991890.664568,22.6608442126731,317656220.344069
27.8,-27.3,0.0511706990837139,116991890.664568,22.6608442126731,317656220.344069
27.9,-27.3,0.0468481592856277,23380508.7119654,21.8113796014609,69169829.4264226
28,-27.3,0.0468481592856277,23380508.7119654,21.8113796014609,69169829.4264226
28.1,-27.3,0.0468481592856277,23380508.7119654,21.8113796014609,69169829.4264226
28.2,-27.3,0.0468481592856277,23380508.7119654,21.8113796014609,69169829.4264226
28.3,-27.3,0.0468481592856277,23380508.7119654,21.8113796014609,69169829.4264226
28.4,-27.3,0.0468481592856277,23380508.7119654,21.8113796014609,69169829.4264226
28.5,-27.3,0.0446800030286489,10431091.9411831,21.3978472581724,33338704.4753495
28.6,-27.3,0.0446800030286489,10431091.9411831,21.3978472581724,33338704.4753495
28.7,-27.3,0.0446800030286489,10431091.9411831,21.3978472581724,33338704.4753495
28.8,-27.3,0.0446800030286489,10431091.9411831,21.3978472581724,33338704.4753495
28.9,-27.3,0.0446800030286489,10431091.9411831,21.3978472581724,33338704.4753495
29,-27.3,0.0446800030286489,10431091.9411831,21.3978472581724,33338704.4753495
29.1,-27.3,0.0397990733640444,1704881.13450899,20.5710790644039,6225765.340055
29.2,-27.3,0.0397990733640444,1704881.13450899,20.5710790644039,6225765.340055
29.3,-27.3,0.0397990733640444,1704881.13450899,20.5710790644039,6225765.340055
29.4,-27.3,0.0397990733640444,1704881.13450899,20.5710790644039,6225765.340055
29.5,-27.3,0.0397990733640444,1704881.13450899,20.5710790644039,6225765.340055
29.6,-27.3,0.0397990733640444,1704881.13450899,20.5710790644039,6225765.340055
29.7,-27.3,0.0422781664201084,4267219.09582039,20.9600210132631,14915176.5616917
29.8,-27.3,0.0422781664201084,4267219.09582039,20.9600210132631,14915176.5616917
29.9,-27.3,0.0422781664201084,4267219.09582039,20.9600210132631,14915176.5616917
30,-27.3,0.0422781664201084,4267219.09582039,20.9600210132631,14915176.5616917
30.1,-27.3,0.0422781664201084,4267219.09582039,20.9600210132631,14915176.5616917
30.2,-27.3,0.0422781664201084,4267219.09582039,20.9600210132631,14915176.5616917
30.3,-27.3,0.0422781664201084,4267219.09582039,20.9600210132631,14915176.5616917
30.4,-27.3,0.0530542849456373,232906509.379022,22.7364803696725,689620370.929722
30.5,-27.3,0.0530542849456373,232906509.379022,22.7364803696725,689620370.929722
30.6,-27.3,0.0530542849456373,232906509.379022,22.7364803696725,689620370.929722
30.7,-27.3,0.0530542849456373,232906509.379022,22.7364803696725,689620370.929722
30.8,-27.3,0.0530542849456373,232906509.379022,22.7364803696725,689620370.929722
30.9,-27.3,0.0530542849456373,232906509.379022,22.7364803696725,689620370.929722
31,-27.3,0.0650932781843599,20583267286.0307,25.0006690507865,54577259266.302
31.1,-27.3,0.0650932781843599,20583267286.0307,25.0006690507865,54577259266.302
31.2,-27.3,0.0650932781843599,20583267286.0307,25.0006690507865,54577259266.302
31.3,-27.3,0.0650932781843599,20583267286.0307,25.0006690507865,54577259266.302
31.4,-27.3,0.0650932781843599,20583267286.0307,25.0006690507865,54577259266.302
31.5,-27.3,0.0650932781843599,20583267286.0307,25.0006690507865,54577259266.302
32,-27.3,0.0722446286991517,297810817752.669,27.1224606109814,886997243589.994
32.1,-27.3,0.0722446286991517,297810817752.669,27.1224606109814,886997243589.994
32.2,-27.3,0.0734690654252849,464840433660.26,26.9605687475065,1264393027617.28
32.3,-27.3,0.0734690654252849,464840433660.26,26.9605687475065,1264393027617.28
32.4,-27.3,0.0734690654252849,464840433660.26,26.9605687475065,1264393027617.28
32.5,-27.3,0.0734690654252849,464840433660.26,26.9605687475065,1264393027617.28
32.6,-27.3,0.0734690654252849,464840433660.26,26.9605687475065,1264393027617.28
32.7,-27.3,0.0734690654252849,464840433660.26,26.9605687475065,1264393027617.28
20,-27.2,0.0518918014712783,168398271.268102,26.6334902729991,1419358898.27768
20.1,-27.2,0.0518918014712783,168398271.268102,26.6334902729991,1419358898.27768
20.2,-27.2,0.0518918014712783,168398271.268102,26.6334902729991,1419358898.27768
20.3,-27.2,0.0518918014712783,168398271.268102,26.6334902729991,1419358898.27768
20.4,-27.2,0.05178235319695,161296211.578633,26.5358398428054,1321485885.23855
20.5,-27.2,0.05178235319695,161296211.578633,26.5358398428054,1321485885.23855
20.6,-27.2,0.05178235319695,161296211.578633,26.5358398428054,1321485885.23855
20.7,-27.2,0.05178235319695,161296211.578633,26.5358398428054,1321485885.23855
20.8,-27.2,0.05178235319695,161296211.578633,26.5358398428054,1321485885.23855
20.9,-27.2,0.05178235319695,161296211.578633,26.5358398428054,1321485885.23855
21,-27.2,0.0528593694993226,238952664.396172,26.3214191172908,1767946702.42181
21.1,-27.2,0.0528593694993226,238952664.396172,26.3214191172908,1767946702.42181
21.2,-27.2,0.0528593694993226,238952664.396172,26.3214191172908,1767946702.42181
21.3,-27.2,0.0528593694993226,238952664.396172,26.3214191172908,1767946702.42181
21.4,-27.2,0.0528593694993226,238952664.396172,26.3214191172908,1767946702.42181
21.5,-27.2,0.0528593694993226,238952664.396172,26.3214191172908,1767946702.42181
21.6,-27.2,0.0526563289493136,222041073.488788,26.3668194992408,1742922532.22288
21.7,-27.2,0.0526563289493136,222041073.488788,26.3668194992408,1742922532.22288
21.8,-27.2,0.0526563289493136,222041073.488788,26.3668194992408,1742922532.22288
21.9,-27.2,0.0526563289493136,222041073.488788,26.3668194992408,1742922532.22288
22,-27.2,0.0526563289493136,222041073.488788,26.3668194992408,1742922532.22288
22.1,-27.2,0.0526563289493136,222041073.488788,26.3668194992408,1742922532.22288
22.2,-27.2,0.0555672557301102,644143038.866941,25.9442095842564,3740032518.97239
22.3,-27.2,0.0555672557301102,644143038.866941,25.9442095842564,3740032518.97239
22.4,-27.2,0.0555672557301102,644143038.866941,25.9442095842564,3740032518.97239
22.5,-27.2,0.0555672557301102,644143038.866941,25.9442095842564,3740032518.97239
22.6,-27.2,0.0555374633087812,637203833.869933,25.9559131089329,3722053071.35153
22.7,-27.2,0.0555374633087812,637203833.869933,25.9559131089329,3722053071.35153
22.8,-27.2,0.0555374633087812,637203833.869933,25.9559131089329,3722053071.35153
22.9,-27.2,0.0580078752413406,1567346803.89811,25.6018629979694,6747457356.78188
23,-27.2,0.0580078752413406,1567346803.89811,25.6018629979694,6747457356.78188
23.1,-27.2,0.0580078752413406,1567346803.89811,25.6018629979694,6747457356.78188
23.2,-27.2,0.0580078752413406,1567346803.89811,25.6018629979694,6747457356.78188
23.3,-27.2,0.0580078752413406,1567346803.89811,25.6018629979694,6747457356.78188
23.4,-27.2,0.0580078752413406,1567346803.89811,25.6018629979694,6747457356.78188
23.5,-27.2,0.0587487425846965,2001815001.43684,24.6532168485008,5627966450.25595
23.6,-27.2,0.0587487425846965,2001815001.43684,24.6532168485008,5627966450.25595
23.7,-27.2,0.0587487425846965,2001815001.43684,24.6532168485008,5627966450.25595
23.8,-27.2,0.0587487425846965,2001815001.43684,24.6532168485008,5627966450.25595
23.9,-27.2,0.0587487425846965,2001815001.43684,24.6532168485008,5627966450.25595
24,-27.2,0.0587487425846965,2001815001.43684,24.6532168485008,5627966450.25595
24.1,-27.2,0.0571980978905936,1114981971.63286,24.1001429439774,2908100069.28197
24.2,-27.2,0.0571980978905936,1114981971.63286,24.1001429439774,2908100069.28197
24.3,-27.2,0.0571980978905936,1114981971.63286,24.1001429439774,2908100069.28197
24.4,-27.2,0.0571980978905936,1114981971.63286,24.1001429439774,2908100069.28197
24.5,-27.2,0.0571980978905936,1114981971.63286,24.1001429439774,2908100069.28197
24.6,-27.2,0.0571980978905936,1114981971.63286,24.1001429439774,2908100069.28197
24.7,-27.2,0.0579922646583799,1499030089.01455,24.2691354928803,3970570868.61365
24.8,-27.2,0.0579922646583799,1499030089.01455,24.2691354928803,3970570868.61365
24.9,-27.2,0.0579922646583799,1499030089.01455,24.2691354928803,3970570868.61365
25,-27.2,0.0579922646583799,1499030089.01455,24.2691354928803,3970570868.61365
25.1,-27.2,0.0579922646583799,1499030089.01455,24.2691354928803,3970570868.61365
25.2,-27.2,0.0579922646583799,1499030089.01455,24.2691354928803,3970570868.61365
25.3,-27.2,0.0579922646583799,1499030089.01455,24.2691354928803,3970570868.61365
25.4,-27.2,0.0555505944163993,600232819.598694,23.6200572520276,1558900088.8475
25.5,-27.2,0.0555505944163993,600232819.598694,23.6200572520276,1558900088.8475
25.6,-27.2,0.0555505944163993,600232819.598694,23.6200572520276,1558900088.8475
25.7,-27.2,0.0555505944163993,600232819.598694,23.6200572520276,1558900088.8475
25.8,-27.2,0.0555505944163993,600232819.598694,23.6200572520276,1558900088.8475
25.9,-27.2,0.0555505944163993,600232819.598694,23.6200572520276,1558900088.8475
26,-27.2,0.0550950261700069,505800025.427946,23.4895952448483,1317961417.72697
26.1,-27.2,0.0550950261700069,505800025.427946,23.4895952448483,1317961417.72697
26.2,-27.2,0.0550950261700069,505800025.427946,23.4895952448483,1317961417.72697
26.3,-27.2,0.0550950261700069,505800025.427946,23.4895952448483,1317961417.72697
26.4,-27.2,0.0550950261700069,505800025.427946,23.4895952448483,1317961417.72697
26.5,-27.2,0.0550950261700069,505800025.427946,23.4895952448483,1317961417.72697
26.6,-27.2,0.056296364097118,790967821.615712,23.716333981525,2058604776.91503
26.7,-27.2,0.056296364097118,790967821.615712,23.716333981525,2058604776.91503
26.8,-27.2,0.056296364097118,790967821.615712,23.716333981525,2058604776.91503
26.9,-27.2,0.056296364097118,790967821.615712,23.716333981525,2058604776.91503
27,-27.2,0.056296364097118,790967821.615712,23.716333981525,2058604776.91503
27.1,-27.2,0.056296364097118,790967821.615712,23.716333981525,2058604776.91503
27.2,-27.2,0.0537271693014523,302701606.7382,23.1327984210995,810510571.86344
27.3,-27.2,0.0537271693014523,302701606.7382,23.1327984210995,810510571.86344
27.4,-27.2,0.0537271693014523,302701606.7382,23.1327984210995,810510571.86344
27.5,-27.2,0.0537271693014523,302701606.7382,23.1327984210995,810510571.86344
27.6,-27.2,0.0537271693014523,302701606.7382,23.1327984210995,810510571.86344
27.7,-27.2,0.0537271693014523,302701606.7382,23.1327984210995,810510571.86344
27.8,-27.2,0.0537271693014523,302701606.7382,23.1327984210995,810510571.86344
27.9,-27.2,0.0498663012545744,71688979.3370349,22.3355437965935,206284653.022608
28,-27.2,0.0498663012545744,71688979.3370349,22.3355437965935,206284653.022608
28.1,-27.2,0.0498663012545744,71688979.3370349,22.3355437965935,206284653.022608
28.2,-27.2,0.0498663012545744,71688979.3370349,22.3355437965935,206284653.022608
28.3,-27.2,0.0498663012545744,71688979.3370349,22.3355437965935,206284653.022608
28.4,-27.2,0.0498663012545744,71688979.3370349,22.3355437965935,206284653.022608
28.5,-27.2,0.0481622043333743,37979345.2020158,21.9984121826298,115325204.837749
28.6,-27.2,0.0481622043333743,37979345.2020158,21.9984121826298,115325204.837749
28.7,-27.2,0.0481622043333743,37979345.2020158,21.9984121826298,115325204.837749
28.8,-27.2,0.0481622043333743,37979345.2020158,21.9984121826298,115325204.837749
28.9,-27.2,0.0481622043333743,37979345.2020158,21.9984121826298,115325204.837749
29,-27.2,0.0481622043333743,37979345.2020158,21.9984121826298,115325204.837749
29.1,-27.2,0.0461079803331794,17677694.1208164,21.614637950384,57417563.3489712
29.2,-27.2,0.0461079803331794,17677694.1208164,21.614637950384,57417563.3489712
29.3,-27.2,0.0461079803331794,17677694.1208164,21.614637950384,57417563.3489712
29.4,-27.2,0.0461079803331794,17677694.1208164,21.614637950384,57417563.3489712
29.5,-27.2,0.0461079803331794,17677694.1208164,21.614637950384,57417563.3489712
29.6,-27.2,0.0461079803331794,17677694.1208164,21.614637950384,57417563.3489712
29.7,-27.2,0.0404764304522177,2186893.61069711,20.6712677061347,8101825.88445526
29.8,-27.2,0.0404764304522177,2186893.61069711,20.6712677061347,8101825.88445526
29.9,-27.2,0.0404764304522177,2186893.61069711,20.6712677061347,8101825.88445526
30,-27.2,0.0404764304522177,2186893.61069711,20.6712677061347,8101825.88445526
30.1,-27.2,0.0404764304522177,2186893.61069711,20.6712677061347,8101825.88445526
30.2,-27.2,0.0404764304522177,2186893.61069711,20.6712677061347,8101825.88445526
30.3,-27.2,0.0404764304522177,2186893.61069711,20.6712677061347,8101825.88445526
30.4,-27.2,0.0527079063443969,204329735.184497,22.6570979282002,614632718.109495
30.5,-27.2,0.0527079063443969,204329735.184497,22.6570979282002,614632718.109495
30.6,-27.2,0.0527079063443969,204329735.184497,22.6570979282002,614632718.109495
30.7,-27.2,0.0527079063443969,204329735.184497,22.6570979282002,614632718.109495
30.8,-27.2,0.0527079063443969,204329735.184497,22.6570979282002,614632718.109495
30.9,-27.2,0.0527079063443969,204329735.184497,22.6570979282002,614632718.109495
31,-27.2,0.0648193398102968,18566684495.7063,24.9078357314378,49332715414.5399
31.1,-27.2,0.0648193398102968,18566684495.7063,24.9078357314378,49332715414.5399
31.2,-27.2,0.0648193398102968,18566684495.7063,24.9078357314378,49332715414.5399
32,-27.2,0.0718763008729984,260583574883.791,27.9358205523836,975042457905.436
32.1,-27.2,0.0718763008729984,260583574883.791,27.9358205523836,975042457905.436
32.2,-27.2,0.0735868716451458,488572957796.819,27.7053212825619,1568700730272.65
32.3,-27.2,0.0735868716451458,488572957796.819,27.7053212825619,1568700730272.65
32.4,-27.2,0.0735868716451458,488572957796.819,27.7053212825619,1568700730272.65
32.5,-27.2,0.0735868716451458,488572957796.819,27.7053212825619,1568700730272.65
32.6,-27.2,0.0735868716451458,488572957796.819,27.7053212825619,1568700730272.65
32.7,-27.2,0.0735868716451458,488572957796.819,27.7053212825619,1568700730272.65
32.8,-27.2,0.0735868716451458,488572957796.819,27.7053212825619,1568700730272.65
20,-27.1,0.0518918014712783,168398271.268102,26.6334902729991,1419358898.27768
20.1,-27.1,0.0518918014712783,168398271.268102,26.6334902729991,1419358898.27768
20.2,-27.1,0.0518918014712783,168398271.268102,26.6334902729991,1419358898.27768
20.3,-27.1,0.0518918014712783,168398271.268102,26.6334902729991,1419358898.27768
20.4,-27.1,0.05178235319695,161296211.578633,26.5358398428054,1321485885.23855
20.5,-27.1,0.05178235319695,161296211.578633,26.5358398428054,1321485885.23855
20.6,-27.1,0.05178235319695,161296211.578633,26.5358398428054,1321485885.23855
20.7,-27.1,0.05178235319695,161296211.578633,26.5358398428054,1321485885.23855
20.8,-27.1,0.05178235319695,161296211.578633,26.5358398428054,1321485885.23855
20.9,-27.1,0.05178235319695,161296211.578633,26.5358398428054,1321485885.23855
21,-27.1,0.0528593694993226,238952664.396172,26.3214191172908,1767946702.42181
21.1,-27.1,0.0528593694993226,238952664.396172,26.3214191172908,1767946702.42181
21.2,-27.1,0.0528593694993226,238952664.396172,26.3214191172908,1767946702.42181
21.3,-27.1,0.0528593694993226,238952664.396172,26.3214191172908,1767946702.42181
21.4,-27.1,0.0528593694993226,238952664.396172,26.3214191172908,1767946702.42181
21.5,-27.1,0.0528593694993226,238952664.396172,26.3214191172908,1767946702.42181
21.6,-27.1,0.0526563289493136,222041073.488788,26.3668194992408,1742922532.22288
21.7,-27.1,0.0526563289493136,222041073.488788,26.3668194992408,1742922532.22288
21.8,-27.1,0.0526563289493136,222041073.488788,26.3668194992408,1742922532.22288
21.9,-27.1,0.0526563289493136,222041073.488788,26.3668194992408,1742922532.22288
22,-27.1,0.0526563289493136,222041073.488788,26.3668194992408,1742922532.22288
22.1,-27.1,0.0526563289493136,222041073.488788,26.3668194992408,1742922532.22288
22.2,-27.1,0.0555672557301102,644143038.866941,25.9442095842564,3740032518.97239
22.3,-27.1,0.0555672557301102,644143038.866941,25.9442095842564,3740032518.97239
22.4,-27.1,0.0555672557301102,644143038.866941,25.9442095842564,3740032518.97239
22.5,-27.1,0.0555672557301102,644143038.866941,25.9442095842564,3740032518.97239
22.6,-27.1,0.0555374633087812,637203833.869933,25.9559131089329,3722053071.35153
22.7,-27.1,0.0555374633087812,637203833.869933,25.9559131089329,3722053071.35153
22.8,-27.1,0.0555374633087812,637203833.869933,25.9559131089329,3722053071.35153
22.9,-27.1,0.0580078752413406,1567346803.89811,25.6018629979694,6747457356.78188
23,-27.1,0.0580078752413406,1567346803.89811,25.6018629979694,6747457356.78188
23.1,-27.1,0.0580078752413406,1567346803.89811,25.6018629979694,6747457356.78188
23.2,-27.1,0.0580078752413406,1567346803.89811,25.6018629979694,6747457356.78188
23.3,-27.1,0.0580078752413406,1567346803.89811,25.6018629979694,6747457356.78188
23.4,-27.1,0.0580078752413406,1567346803.89811,25.6018629979694,6747457356.78188
23.5,-27.1,0.0587487425846965,2001815001.43684,24.6532168485008,5627966450.25595
23.6,-27.1,0.0587487425846965,2001815001.43684,24.6532168485008,5627966450.25595
23.7,-27.1,0.0587487425846965,2001815001.43684,24.6532168485008,5627966450.25595
23.8,-27.1,0.0587487425846965,2001815001.43684,24.6532168485008,5627966450.25595
23.9,-27.1,0.0587487425846965,2001815001.43684,24.6532168485008,5627966450.25595
24,-27.1,0.0587487425846965,2001815001.43684,24.6532168485008,5627966450.25595
24.1,-27.1,0.0571980978905936,1114981971.63286,24.1001429439774,2908100069.28197
24.2,-27.1,0.0571980978905936,1114981971.63286,24.1001429439774,2908100069.28197
24.3,-27.1,0.0571980978905936,1114981971.63286,24.1001429439774,2908100069.28197
24.4,-27.1,0.0571980978905936,1114981971.63286,24.1001429439774,2908100069.28197
24.5,-27.1,0.0571980978905936,1114981971.63286,24.1001429439774,2908100069.28197
24.6,-27.1,0.0571980978905936,1114981971.63286,24.1001429439774,2908100069.28197
24.7,-27.1,0.0579922646583799,1499030089.01455,24.2691354928803,3970570868.61365
24.8,-27.1,0.0579922646583799,1499030089.01455,24.2691354928803,3970570868.61365
24.9,-27.1,0.0579922646583799,1499030089.01455,24.2691354928803,3970570868.61365
25,-27.1,0.0579922646583799,1499030089.01455,24.2691354928803,3970570868.61365
25.1,-27.1,0.0579922646583799,1499030089.01455,24.2691354928803,3970570868.61365
25.2,-27.1,0.0579922646583799,1499030089.01455,24.2691354928803,3970570868.61365
25.3,-27.1,0.0579922646583799,1499030089.01455,24.2691354928803,3970570868.61365
25.4,-27.1,0.0555505944163993,600232819.598694,23.6200572520276,1558900088.8475
25.5,-27.1,0.0555505944163993,600232819.598694,23.6200572520276,1558900088.8475
25.6,-27.1,0.0555505944163993,600232819.598694,23.6200572520276,1558900088.8475
25.7,-27.1,0.0555505944163993,600232819.598694,23.6200572520276,1558900088.8475
25.8,-27.1,0.0555505944163993,600232819.598694,23.6200572520276,1558900088.8475
25.9,-27.1,0.0555505944163993,600232819.598694,23.6200572520276,1558900088.8475
26,-27.1,0.0550950261700069,505800025.427946,23.4895952448483,1317961417.72697
26.1,-27.1,0.0550950261700069,505800025.427946,23.4895952448483,1317961417.72697
26.2,-27.1,0.0550950261700069,505800025.427946,23.4895952448483,1317961417.72697
26.3,-27.1,0.0550950261700069,505800025.427946,23.4895952448483,1317961417.72697
26.4,-27.1,0.0550950261700069,505800025.427946,23.4895952448483,1317961417.72697
26.5,-27.1,0.0550950261700069,505800025.427946,23.4895952448483,1317961417.72697
26.6,-27.1,0.056296364097118,790967821.615712,23.716333981525,2058604776.91503
26.7,-27.1,0.056296364097118,790967821.615712,23.716333981525,2058604776.91503
26.8,-27.1,0.056296364097118,790967821.615712,23.716333981525,2058604776.91503
26.9,-27.1,0.056296364097118,790967821.615712,23.716333981525,2058604776.91503
27,-27.1,0.056296364097118,790967821.615712,23.716333981525,2058604776.91503
27.1,-27.1,0.056296364097118,790967821.615712,23.716333981525,2058604776.91503
27.2,-27.1,0.0537271693014523,302701606.7382,23.1327984210995,810510571.86344
27.3,-27.1,0.0537271693014523,302701606.7382,23.1327984210995,810510571.86344
27.4,-27.1,0.0537271693014523,302701606.7382,23.1327984210995,810510571.86344
27.5,-27.1,0.0537271693014523,302701606.7382,23.1327984210995,810510571.86344
27.6,-27.1,0.0537271693014523,302701606.7382,23.1327984210995,810510571.86344
27.7,-27.1,0.0537271693014523,302701606.7382,23.1327984210995,810510571.86344
27.8,-27.1,0.0537271693014523,302701606.7382,23.1327984210995,810510571.86344
27.9,-27.1,0.0498663012545744,71688979.3370349,22.3355437965935,206284653.022608
28,-27.1,0.0498663012545744,71688979.3370349,22.3355437965935,206284653.022608
28.1,-27.1,0.0498663012545744,71688979.3370349,22.3355437965935,206284653.022608
28.2,-27.1,0.0498663012545744,71688979.3370349,22.3355437965935,206284653.022608
28.3,-27.1,0.0498663012545744,71688979.3370349,22.3355437965935,206284653.022608
28.4,-27.1,0.0498663012545744,71688979.3370349,22.3355437965935,206284653.022608
28.5,-27.1,0.0481622043333743,37979345.2020158,21.9984121826298,115325204.837749
28.6,-27.1,0.0481622043333743,37979345.2020158,21.9984121826298,115325204.837749
28.7,-27.1,0.0481622043333743,37979345.2020158,21.9984121826298,115325204.837749
28.8,-27.1,0.0481622043333743,37979345.2020158,21.9984121826298,115325204.837749
28.9,-27.1,0.0481622043333743,37979345.2020158,21.9984121826298,115325204.837749
29,-27.1,0.0481622043333743,37979345.2020158,21.9984121826298,115325204.837749
29.1,-27.1,0.0461079803331794,17677694.1208164,21.614637950384,57417563.3489712
29.2,-27.1,0.0461079803331794,17677694.1208164,21.614637950384,57417563.3489712
29.3,-27.1,0.0461079803331794,17677694.1208164,21.614637950384,57417563.3489712
29.4,-27.1,0.0461079803331794,17677694.1208164,21.614637950384,57417563.3489712
29.5,-27.1,0.0461079803331794,17677694.1208164,21.614637950384,57417563.3489712
29.6,-27.1,0.0461079803331794,17677694.1208164,21.614637950384,57417563.3489712
29.7,-27.1,0.0404764304522177,2186893.61069711,20.6712677061347,8101825.88445526
29.8,-27.1,0.0404764304522177,2186893.61069711,20.6712677061347,8101825.88445526
29.9,-27.1,0.0404764304522177,2186893.61069711,20.6712677061347,8101825.88445526
30,-27.1,0.0404764304522177,2186893.61069711,20.6712677061347,8101825.88445526
30.1,-27.1,0.0404764304522177,2186893.61069711,20.6712677061347,8101825.88445526
30.2,-27.1,0.0404764304522177,2186893.61069711,20.6712677061347,8101825.88445526
30.3,-27.1,0.0404764304522177,2186893.61069711,20.6712677061347,8101825.88445526
30.4,-27.1,0.0527079063443969,204329735.184497,22.6570979282002,614632718.109495
30.5,-27.1,0.0527079063443969,204329735.184497,22.6570979282002,614632718.109495
30.6,-27.1,0.0527079063443969,204329735.184497,22.6570979282002,614632718.109495
30.7,-27.1,0.0527079063443969,204329735.184497,22.6570979282002,614632718.109495
30.8,-27.1,0.0527079063443969,204329735.184497,22.6570979282002,614632718.109495
30.9,-27.1,0.0527079063443969,204329735.184497,22.6570979282002,614632718.109495
31,-27.1,0.0648193398102968,18566684495.7063,24.9078357314378,49332715414.5399
32,-27.1,0.0718763008729984,260583574883.791,27.9358205523836,975042457905.436
32.1,-27.1,0.0718763008729984,260583574883.791,27.9358205523836,975042457905.436
32.2,-27.1,0.0735868716451458,488572957796.819,27.7053212825619,1568700730272.65
32.3,-27.1,0.0735868716451458,488572957796.819,27.7053212825619,1568700730272.65
32.4,-27.1,0.0735868716451458,488572957796.819,27.7053212825619,1568700730272.65
32.5,-27.1,0.0735868716451458,488572957796.819,27.7053212825619,1568700730272.65
32.6,-27.1,0.0735868716451458,488572957796.819,27.7053212825619,1568700730272.65
32.7,-27.1,0.0735868716451458,488572957796.819,27.7053212825619,1568700730272.65
32.8,-27.1,0.0735868716451458,488572957796.819,27.7053212825619,1568700730272.65
20,-27,0.0518918014712783,168398271.268102,26.6334902729991,1419358898.27768
20.1,-27,0.0518918014712783,168398271.268102,26.6334902729991,1419358898.27768
20.2,-27,0.0518918014712783,168398271.268102,26.6334902729991,1419358898.27768
20.3,-27,0.0518918014712783,168398271.268102,26.6334902729991,1419358898.27768
20.4,-27,0.05178235319695,161296211.578633,26.5358398428054,1321485885.23855
20.5,-27,0.05178235319695,161296211.578633,26.5358398428054,1321485885.23855
20.6,-27,0.05178235319695,161296211.578633,26.5358398428054,1321485885.23855
20.7,-27,0.05178235319695,161296211.578633,26.5358398428054,1321485885.23855
20.8,-27,0.05178235319695,161296211.578633,26.5358398428054,1321485885.23855
20.9,-27,0.05178235319695,161296211.578633,26.5358398428054,1321485885.23855
21,-27,0.0528593694993226,238952664.396172,26.3214191172908,1767946702.42181
21.1,-27,0.0528593694993226,238952664.396172,26.3214191172908,1767946702.42181
21.2,-27,0.0528593694993226,238952664.396172,26.3214191172908,1767946702.42181
21.3,-27,0.0528593694993226,238952664.396172,26.3214191172908,1767946702.42181
21.4,-27,0.0528593694993226,238952664.396172,26.3214191172908,1767946702.42181
21.5,-27,0.0528593694993226,238952664.396172,26.3214191172908,1767946702.42181
21.6,-27,0.0526563289493136,222041073.488788,26.3668194992408,1742922532.22288
21.7,-27,0.0526563289493136,222041073.488788,26.3668194992408,1742922532.22288
21.8,-27,0.0526563289493136,222041073.488788,26.3668194992408,1742922532.22288
21.9,-27,0.0526563289493136,222041073.488788,26.3668194992408,1742922532.22288
22,-27,0.0526563289493136,222041073.488788,26.3668194992408,1742922532.22288
22.1,-27,0.0526563289493136,222041073.488788,26.3668194992408,1742922532.22288
22.2,-27,0.0555672557301102,644143038.866941,25.9442095842564,3740032518.97239
22.3,-27,0.0555672557301102,644143038.866941,25.9442095842564,3740032518.97239
22.4,-27,0.0555672557301102,644143038.866941,25.9442095842564,3740032518.97239
22.5,-27,0.0555672557301102,644143038.866941,25.9442095842564,3740032518.97239
22.6,-27,0.0555374633087812,637203833.869933,25.9559131089329,3722053071.35153
22.7,-27,0.0555374633087812,637203833.869933,25.9559131089329,3722053071.35153
22.8,-27,0.0555374633087812,637203833.869933,25.9559131089329,3722053071.35153
22.9,-27,0.0580078752413406,1567346803.89811,25.6018629979694,6747457356.78188
23,-27,0.0580078752413406,1567346803.89811,25.6018629979694,6747457356.78188
23.1,-27,0.0580078752413406,1567346803.89811,25.6018629979694,6747457356.78188
23.2,-27,0.0580078752413406,1567346803.89811,25.6018629979694,6747457356.78188
23.3,-27,0.0580078752413406,1567346803.89811,25.6018629979694,6747457356.78188
23.4,-27,0.0580078752413406,1567346803.89811,25.6018629979694,6747457356.78188
23.5,-27,0.0587487425846965,2001815001.43684,24.6532168485008,5627966450.25595
23.6,-27,0.0587487425846965,2001815001.43684,24.6532168485008,5627966450.25595
23.7,-27,0.0587487425846965,2001815001.43684,24.6532168485008,5627966450.25595
23.8,-27,0.0587487425846965,2001815001.43684,24.6532168485008,5627966450.25595
23.9,-27,0.0587487425846965,2001815001.43684,24.6532168485008,5627966450.25595
24,-27,0.0587487425846965,2001815001.43684,24.6532168485008,5627966450.25595
24.1,-27,0.0571980978905936,1114981971.63286,24.1001429439774,2908100069.28197
24.2,-27,0.0571980978905936,1114981971.63286,24.1001429439774,2908100069.28197
24.3,-27,0.0571980978905936,1114981971.63286,24.1001429439774,2908100069.28197
24.4,-27,0.0571980978905936,1114981971.63286,24.1001429439774,2908100069.28197
24.5,-27,0.0571980978905936,1114981971.63286,24.1001429439774,2908100069.28197
24.6,-27,0.0571980978905936,1114981971.63286,24.1001429439774,2908100069.28197
24.7,-27,0.0579922646583799,1499030089.01455,24.2691354928803,3970570868.61365
24.8,-27,0.0579922646583799,1499030089.01455,24.2691354928803,3970570868.61365
24.9,-27,0.0579922646583799,1499030089.01455,24.2691354928803,3970570868.61365
25,-27,0.0579922646583799,1499030089.01455,24.2691354928803,3970570868.61365
25.1,-27,0.0579922646583799,1499030089.01455,24.2691354928803,3970570868.61365
25.2,-27,0.0579922646583799,1499030089.01455,24.2691354928803,3970570868.61365
25.3,-27,0.0579922646583799,1499030089.01455,24.2691354928803,3970570868.61365
25.4,-27,0.0555505944163993,600232819.598694,23.6200572520276,1558900088.8475
25.5,-27,0.0555505944163993,600232819.598694,23.6200572520276,1558900088.8475
25.6,-27,0.0555505944163993,600232819.598694,23.6200572520276,1558900088.8475
25.7,-27,0.0555505944163993,600232819.598694,23.6200572520276,1558900088.8475
25.8,-27,0.0555505944163993,600232819.598694,23.6200572520276,1558900088.8475
25.9,-27,0.0555505944163993,600232819.598694,23.6200572520276,1558900088.8475
26,-27,0.0550950261700069,505800025.427946,23.4895952448483,1317961417.72697
26.1,-27,0.0550950261700069,505800025.427946,23.4895952448483,1317961417.72697
26.2,-27,0.0550950261700069,505800025.427946,23.4895952448483,1317961417.72697
26.3,-27,0.0550950261700069,505800025.427946,23.4895952448483,1317961417.72697
26.4,-27,0.0550950261700069,505800025.427946,23.4895952448483,1317961417.72697
26.5,-27,0.0550950261700069,505800025.427946,23.4895952448483,1317961417.72697
26.6,-27,0.056296364097118,790967821.615712,23.716333981525,2058604776.91503
26.7,-27,0.056296364097118,790967821.615712,23.716333981525,2058604776.91503
26.8,-27,0.056296364097118,790967821.615712,23.716333981525,2058604776.91503
26.9,-27,0.056296364097118,790967821.615712,23.716333981525,2058604776.91503
27,-27,0.056296364097118,790967821.615712,23.716333981525,2058604776.91503
27.1,-27,0.056296364097118,790967821.615712,23.716333981525,2058604776.91503
27.2,-27,0.0537271693014523,302701606.7382,23.1327984210995,810510571.86344
27.3,-27,0.0537271693014523,302701606.7382,23.1327984210995,810510571.86344
27.4,-27,0.0537271693014523,302701606.7382,23.1327984210995,810510571.86344
27.5,-27,0.0537271693014523,302701606.7382,23.1327984210995,810510571.86344
27.6,-27,0.0537271693014523,302701606.7382,23.1327984210995,810510571.86344
27.7,-27,0.0537271693014523,302701606.7382,23.1327984210995,810510571.86344
27.8,-27,0.0537271693014523,302701606.7382,23.1327984210995,810510571.86344
27.9,-27,0.0498663012545744,71688979.3370349,22.3355437965935,206284653.022608
28,-27,0.0498663012545744,71688979.3370349,22.3355437965935,206284653.022608
28.1,-27,0.0498663012545744,71688979.3370349,22.3355437965935,206284653.022608
28.2,-27,0.0498663012545744,71688979.3370349,22.3355437965935,206284653.022608
28.3,-27,0.0498663012545744,71688979.3370349,22.3355437965935,206284653.022608
28.4,-27,0.0498663012545744,71688979.3370349,22.3355437965935,206284653.022608
28.5,-27,0.0481622043333743,37979345.2020158,21.9984121826298,115325204.837749
28.6,-27,0.0481622043333743,37979345.2020158,21.9984121826298,115325204.837749
28.7,-27,0.0481622043333743,37979345.2020158,21.9984121826298,115325204.837749
28.8,-27,0.0481622043333743,37979345.2020158,21.9984121826298,115325204.837749
28.9,-27,0.0481622043333743,37979345.2020158,21.9984121826298,115325204.837749
29,-27,0.0481622043333743,37979345.2020158,21.9984121826298,115325204.837749
29.1,-27,0.0461079803331794,17677694.1208164,21.614637950384,57417563.3489712
29.2,-27,0.0461079803331794,17677694.1208164,21.614637950384,57417563.3489712
29.3,-27,0.0461079803331794,17677694.1208164,21.614637950384,57417563.3489712
29.4,-27,0.0461079803331794,17677694.1208164,21.614637950384,57417563.3489712
29.5,-27,0.0461079803331794,17677694.1208164,21.614637950384,57417563.3489712
29.6,-27,0.0461079803331794,17677694.1208164,21.614637950384,57417563.3489712
29.7,-27,0.0404764304522177,2186893.61069711,20.6712677061347,8101825.88445526
29.8,-27,0.0404764304522177,2186893.61069711,20.6712677061347,8101825.88445526
29.9,-27,0.0404764304522177,2186893.61069711,20.6712677061347,8101825.88445526
30,-27,0.0404764304522177,2186893.61069711,20.6712677061347,8101825.88445526
30.1,-27,0.0404764304522177,2186893.61069711,20.6712677061347,8101825.88445526
30.2,-27,0.0404764304522177,2186893.61069711,20.6712677061347,8101825.88445526
30.3,-27,0.0404764304522177,2186893.61069711,20.6712677061347,8101825.88445526
30.4,-27,0.0527079063443969,204329735.184497,22.6570979282002,614632718.109495
30.5,-27,0.0527079063443969,204329735.184497,22.6570979282002,614632718.109495
30.6,-27,0.0527079063443969,204329735.184497,22.6570979282002,614632718.109495
30.7,-27,0.0527079063443969,204329735.184497,22.6570979282002,614632718.109495
30.8,-27,0.0527079063443969,204329735.184497,22.6570979282002,614632718.109495
30.9,-27,0.0527079063443969,204329735.184497,22.6570979282002,614632718.109495
32,-27,0.0718763008729984,260583574883.791,27.9358205523836,975042457905.436
32.1,-27,0.0718763008729984,260583574883.791,27.9358205523836,975042457905.436
32.2,-27,0.0735868716451458,488572957796.819,27.7053212825619,1568700730272.65
32.3,-27,0.0735868716451458,488572957796.819,27.7053212825619,1568700730272.65
32.4,-27,0.0735868716451458,488572957796.819,27.7053212825619,1568700730272.65
32.5,-27,0.0735868716451458,488572957796.819,27.7053212825619,1568700730272.65
32.6,-27,0.0735868716451458,488572957796.819,27.7053212825619,1568700730272.65
32.7,-27,0.0735868716451458,488572957796.819,27.7053212825619,1568700730272.65
32.8,-27,0.0735868716451458,488572957796.819,27.7053212825619,1568700730272.65
20,-26.9,0.0518918014712783,168398271.268102,26.6334902729991,1419358898.27768
20.1,-26.9,0.0518918014712783,168398271.268102,26.6334902729991,1419358898.27768
20.2,-26.9,0.0518918014712783,168398271.268102,26.6334902729991,1419358898.27768
20.3,-26.9,0.0518918014712783,168398271.268102,26.6334902729991,1419358898.27768
20.4,-26.9,0.05178235319695,161296211.578633,26.5358398428054,1321485885.23855
20.5,-26.9,0.05178235319695,161296211.578633,26.5358398428054,1321485885.23855
20.6,-26.9,0.05178235319695,161296211.578633,26.5358398428054,1321485885.23855
20.7,-26.9,0.05178235319695,161296211.578633,26.5358398428054,1321485885.23855
20.8,-26.9,0.05178235319695,161296211.578633,26.5358398428054,1321485885.23855
20.9,-26.9,0.05178235319695,161296211.578633,26.5358398428054,1321485885.23855
21,-26.9,0.0528593694993226,238952664.396172,26.3214191172908,1767946702.42181
21.1,-26.9,0.0528593694993226,238952664.396172,26.3214191172908,1767946702.42181
21.2,-26.9,0.0528593694993226,238952664.396172,26.3214191172908,1767946702.42181
21.3,-26.9,0.0528593694993226,238952664.396172,26.3214191172908,1767946702.42181
21.4,-26.9,0.0528593694993226,238952664.396172,26.3214191172908,1767946702.42181
21.5,-26.9,0.0528593694993226,238952664.396172,26.3214191172908,1767946702.42181
21.6,-26.9,0.0526563289493136,222041073.488788,26.3668194992408,1742922532.22288
21.7,-26.9,0.0526563289493136,222041073.488788,26.3668194992408,1742922532.22288
21.8,-26.9,0.0526563289493136,222041073.488788,26.3668194992408,1742922532.22288
21.9,-26.9,0.0526563289493136,222041073.488788,26.3668194992408,1742922532.22288
22,-26.9,0.0526563289493136,222041073.488788,26.3668194992408,1742922532.22288
22.1,-26.9,0.0526563289493136,222041073.488788,26.3668194992408,1742922532.22288
22.2,-26.9,0.0555672557301102,644143038.866941,25.9442095842564,3740032518.97239
22.3,-26.9,0.0555672557301102,644143038.866941,25.9442095842564,3740032518.97239
22.4,-26.9,0.0555672557301102,644143038.866941,25.9442095842564,3740032518.97239
22.5,-26.9,0.0555672557301102,644143038.866941,25.9442095842564,3740032518.97239
22.6,-26.9,0.0555374633087812,637203833.869933,25.9559131089329,3722053071.35153
22.7,-26.9,0.0555374633087812,637203833.869933,25.9559131089329,3722053071.35153
22.8,-26.9,0.0555374633087812,637203833.869933,25.9559131089329,3722053071.35153
22.9,-26.9,0.0580078752413406,1567346803.89811,25.6018629979694,6747457356.78188
23,-26.9,0.0580078752413406,1567346803.89811,25.6018629979694,6747457356.78188
23.1,-26.9,0.0580078752413406,1567346803.89811,25.6018629979694,6747457356.78188
23.2,-26.9,0.0580078752413406,1567346803.89811,25.6018629979694,6747457356.78188
23.3,-26.9,0.0580078752413406,1567346803.89811,25.6018629979694,6747457356.78188
23.4,-26.9,0.0580078752413406,1567346803.89811,25.6018629979694,6747457356.78188
23.5,-26.9,0.0587487425846965,2001815001.43684,24.6532168485008,5627966450.25595
23.6,-26.9,0.0587487425846965,2001815001.43684,24.6532168485008,5627966450.25595
23.7,-26.9,0.0587487425846965,2001815001.43684,24.6532168485008,5627966450.25595
23.8,-26.9,0.0587487425846965,2001815001.43684,24.6532168485008,5627966450.25595
23.9,-26.9,0.0587487425846965,2001815001.43684,24.6532168485008,5627966450.25595
24,-26.9,0.0587487425846965,2001815001.43684,24.6532168485008,5627966450.25595
24.1,-26.9,0.0571980978905936,1114981971.63286,24.1001429439774,2908100069.28197
24.2,-26.9,0.0571980978905936,1114981971.63286,24.1001429439774,2908100069.28197
24.3,-26.9,0.0571980978905936,1114981971.63286,24.1001429439774,2908100069.28197
24.4,-26.9,0.0571980978905936,1114981971.63286,24.1001429439774,2908100069.28197
24.5,-26.9,0.0571980978905936,1114981971.63286,24.1001429439774,2908100069.28197
24.6,-26.9,0.0571980978905936,1114981971.63286,24.1001429439774,2908100069.28197
24.7,-26.9,0.0579922646583799,1499030089.01455,24.2691354928803,3970570868.61365
24.8,-26.9,0.0579922646583799,1499030089.01455,24.2691354928803,3970570868.61365
24.9,-26.9,0.0579922646583799,1499030089.01455,24.2691354928803,3970570868.61365
25,-26.9,0.0579922646583799,1499030089.01455,24.2691354928803,3970570868.61365
25.1,-26.9,0.0579922646583799,1499030089.01455,24.2691354928803,3970570868.61365
25.2,-26.9,0.0579922646583799,1499030089.01455,24.2691354928803,3970570868.61365
25.3,-26.9,0.0579922646583799,1499030089.01455,24.2691354928803,3970570868.61365
25.4,-26.9,0.0555505944163993,600232819.598694,23.6200572520276,1558900088.8475
25.5,-26.9,0.0555505944163993,600232819.598694,23.6200572520276,1558900088.8475
25.6,-26.9,0.0555505944163993,600232819.598694,23.6200572520276,1558900088.8475
25.7,-26.9,0.0555505944163993,600232819.598694,23.6200572520276,1558900088.8475
25.8,-26.9,0.0555505944163993,600232819.598694,23.6200572520276,1558900088.8475
25.9,-26.9,0.0555505944163993,600232819.598694,23.6200572520276,1558900088.8475
26,-26.9,0.0550950261700069,505800025.427946,23.4895952448483,1317961417.72697
26.1,-26.9,0.0550950261700069,505800025.427946,23.4895952448483,1317961417.72697
26.2,-26.9,0.0550950261700069,505800025.427946,23.4895952448483,1317961417.72697
26.3,-26.9,0.0550950261700069,505800025.427946,23.4895952448483,1317961417.72697
26.4,-26.9,0.0550950261700069,505800025.427946,23.4895952448483,1317961417.72697
26.5,-26.9,0.0550950261700069,505800025.427946,23.4895952448483,1317961417.72697
26.6,-26.9,0.056296364097118,790967821.615712,23.716333981525,2058604776.91503
26.7,-26.9,0.056296364097118,790967821.615712,23.716333981525,2058604776.91503
26.8,-26.9,0.056296364097118,790967821.615712,23.716333981525,2058604776.91503
26.9,-26.9,0.056296364097118,790967821.615712,23.716333981525,2058604776.91503
27,-26.9,0.056296364097118,790967821.615712,23.716333981525,2058604776.91503
27.1,-26.9,0.056296364097118,790967821.615712,23.716333981525,2058604776.91503
27.2,-26.9,0.0537271693014523,302701606.7382,23.1327984210995,810510571.86344
27.3,-26.9,0.0537271693014523,302701606.7382,23.1327984210995,810510571.86344
27.4,-26.9,0.0537271693014523,302701606.7382,23.1327984210995,810510571.86344
27.5,-26.9,0.0537271693014523,302701606.7382,23.1327984210995,810510571.86344
27.6,-26.9,0.0537271693014523,302701606.7382,23.1327984210995,810510571.86344
27.7,-26.9,0.0537271693014523,302701606.7382,23.1327984210995,810510571.86344
27.8,-26.9,0.0537271693014523,302701606.7382,23.1327984210995,810510571.86344
27.9,-26.9,0.0498663012545744,71688979.3370349,22.3355437965935,206284653.022608
28,-26.9,0.0498663012545744,71688979.3370349,22.3355437965935,206284653.022608
28.1,-26.9,0.0498663012545744,71688979.3370349,22.3355437965935,206284653.022608
28.2,-26.9,0.0498663012545744,71688979.3370349,22.3355437965935,206284653.022608
28.3,-26.9,0.0498663012545744,71688979.3370349,22.3355437965935,206284653.022608
28.4,-26.9,0.0498663012545744,71688979.3370349,22.3355437965935,206284653.022608
28.5,-26.9,0.0481622043333743,37979345.2020158,21.9984121826298,115325204.837749
28.6,-26.9,0.0481622043333743,37979345.2020158,21.9984121826298,115325204.837749
28.7,-26.9,0.0481622043333743,37979345.2020158,21.9984121826298,115325204.837749
28.8,-26.9,0.0481622043333743,37979345.2020158,21.9984121826298,115325204.837749
28.9,-26.9,0.0481622043333743,37979345.2020158,21.9984121826298,115325204.837749
29,-26.9,0.0481622043333743,37979345.2020158,21.9984121826298,115325204.837749
29.1,-26.9,0.0461079803331794,17677694.1208164,21.614637950384,57417563.3489712
29.2,-26.9,0.0461079803331794,17677694.1208164,21.614637950384,57417563.3489712
29.3,-26.9,0.0461079803331794,17677694.1208164,21.614637950384,57417563.3489712
29.4,-26.9,0.0461079803331794,17677694.1208164,21.614637950384,57417563.3489712
29.5,-26.9,0.0461079803331794,17677694.1208164,21.614637950384,57417563.3489712
29.6,-26.9,0.0461079803331794,17677694.1208164,21.614637950384,57417563.3489712
29.7,-26.9,0.0404764304522177,2186893.61069711,20.6712677061347,8101825.88445526
29.8,-26.9,0.0404764304522177,2186893.61069711,20.6712677061347,8101825.88445526
29.9,-26.9,0.0404764304522177,2186893.61069711,20.6712677061347,8101825.88445526
30,-26.9,0.0404764304522177,2186893.61069711,20.6712677061347,8101825.88445526
30.1,-26.9,0.0404764304522177,2186893.61069711,20.6712677061347,8101825.88445526
30.2,-26.9,0.0404764304522177,2186893.61069711,20.6712677061347,8101825.88445526
30.3,-26.9,0.0404764304522177,2186893.61069711,20.6712677061347,8101825.88445526
30.4,-26.9,0.0527079063443969,204329735.184497,22.6570979282002,614632718.109495
30.5,-26.9,0.0527079063443969,204329735.184497,22.6570979282002,614632718.109495
30.6,-26.9,0.0527079063443969,204329735.184497,22.6570979282002,614632718.109495
30.7,-26.9,0.0527079063443969,204329735.184497,22.6570979282002,614632718.109495
30.8,-26.9,0.0527079063443969,204329735.184497,22.6570979282002,614632718.109495
30.9,-26.9,0.0527079063443969,204329735.184497,22.6570979282002,614632718.109495
32,-26.9,0.0718763008729984,260583574883.791,27.9358205523836,975042457905.436
32.1,-26.9,0.0718763008729984,260583574883.791,27.9358205523836,975042457905.436
32.2,-26.9,0.0735868716451458,488572957796.819,27.7053212825619,1568700730272.65
32.3,-26.9,0.0735868716451458,488572957796.819,27.7053212825619,1568700730272.65
32.4,-26.9,0.0735868716451458,488572957796.819,27.7053212825619,1568700730272.65
32.5,-26.9,0.0735868716451458,488572957796.819,27.7053212825619,1568700730272.65
32.6,-26.9,0.0735868716451458,488572957796.819,27.7053212825619,1568700730272.65
32.7,-26.9,0.0735868716451458,488572957796.819,27.7053212825619,1568700730272.65
32.8,-26.9,0.0735868716451458,488572957796.819,27.7053212825619,1568700730272.65
20,-26.8,0.0518918014712783,168398271.268102,26.6334902729991,1419358898.27768
20.1,-26.8,0.0518918014712783,168398271.268102,26.6334902729991,1419358898.27768
20.2,-26.8,0.0518918014712783,168398271.268102,26.6334902729991,1419358898.27768
20.3,-26.8,0.0518918014712783,168398271.268102,26.6334902729991,1419358898.27768
20.4,-26.8,0.05178235319695,161296211.578633,26.5358398428054,1321485885.23855
20.5,-26.8,0.05178235319695,161296211.578633,26.5358398428054,1321485885.23855
20.6,-26.8,0.05178235319695,161296211.578633,26.5358398428054,1321485885.23855
21.8,-26.8,0.0526563289493136,222041073.488788,26.3668194992408,1742922532.22288
21.9,-26.8,0.0526563289493136,222041073.488788,26.3668194992408,1742922532.22288
22,-26.8,0.0526563289493136,222041073.488788,26.3668194992408,1742922532.22288
22.1,-26.8,0.0526563289493136,222041073.488788,26.3668194992408,1742922532.22288
22.2,-26.8,0.0555672557301102,644143038.866941,25.9442095842564,3740032518.97239
22.3,-26.8,0.0555672557301102,644143038.866941,25.9442095842564,3740032518.97239
22.4,-26.8,0.0555672557301102,644143038.866941,25.9442095842564,3740032518.97239
22.5,-26.8,0.0555672557301102,644143038.866941,25.9442095842564,3740032518.97239
22.6,-26.8,0.0555374633087812,637203833.869933,25.9559131089329,3722053071.35153
22.7,-26.8,0.0555374633087812,637203833.869933,25.9559131089329,3722053071.35153
22.8,-26.8,0.0555374633087812,637203833.869933,25.9559131089329,3722053071.35153
22.9,-26.8,0.0580078752413406,1567346803.89811,25.6018629979694,6747457356.78188
23,-26.8,0.0580078752413406,1567346803.89811,25.6018629979694,6747457356.78188
23.1,-26.8,0.0580078752413406,1567346803.89811,25.6018629979694,6747457356.78188
23.2,-26.8,0.0580078752413406,1567346803.89811,25.6018629979694,6747457356.78188
23.3,-26.8,0.0580078752413406,1567346803.89811,25.6018629979694,6747457356.78188
23.4,-26.8,0.0580078752413406,1567346803.89811,25.6018629979694,6747457356.78188
23.5,-26.8,0.0587487425846965,2001815001.43684,24.6532168485008,5627966450.25595
23.6,-26.8,0.0587487425846965,2001815001.43684,24.6532168485008,5627966450.25595
23.7,-26.8,0.0587487425846965,2001815001.43684,24.6532168485008,5627966450.25595
23.8,-26.8,0.0587487425846965,2001815001.43684,24.6532168485008,5627966450.25595
23.9,-26.8,0.0587487425846965,2001815001.43684,24.6532168485008,5627966450.25595
24,-26.8,0.0587487425846965,2001815001.43684,24.6532168485008,5627966450.25595
24.1,-26.8,0.0571980978905936,1114981971.63286,24.1001429439774,2908100069.28197
24.2,-26.8,0.0571980978905936,1114981971.63286,24.1001429439774,2908100069.28197
24.3,-26.8,0.0571980978905936,1114981971.63286,24.1001429439774,2908100069.28197
24.4,-26.8,0.0571980978905936,1114981971.63286,24.1001429439774,2908100069.28197
24.5,-26.8,0.0571980978905936,1114981971.63286,24.1001429439774,2908100069.28197
24.6,-26.8,0.0571980978905936,1114981971.63286,24.1001429439774,2908100069.28197
24.7,-26.8,0.0579922646583799,1499030089.01455,24.2691354928803,3970570868.61365
24.8,-26.8,0.0579922646583799,1499030089.01455,24.2691354928803,3970570868.61365
24.9,-26.8,0.0579922646583799,1499030089.01455,24.2691354928803,3970570868.61365
25,-26.8,0.0579922646583799,1499030089.01455,24.2691354928803,3970570868.61365
25.1,-26.8,0.0579922646583799,1499030089.01455,24.2691354928803,3970570868.61365
25.2,-26.8,0.0579922646583799,1499030089.01455,24.2691354928803,3970570868.61365
25.3,-26.8,0.0579922646583799,1499030089.01455,24.2691354928803,3970570868.61365
25.4,-26.8,0.0555505944163993,600232819.598694,23.6200572520276,1558900088.8475
25.5,-26.8,0.0555505944163993,600232819.598694,23.6200572520276,1558900088.8475
25.6,-26.8,0.0555505944163993,600232819.598694,23.6200572520276,1558900088.8475
25.7,-26.8,0.0555505944163993,600232819.598694,23.6200572520276,1558900088.8475
25.8,-26.8,0.0555505944163993,600232819.598694,23.6200572520276,1558900088.8475
25.9,-26.8,0.0555505944163993,600232819.598694,23.6200572520276,1558900088.8475
26,-26.8,0.0550950261700069,505800025.427946,23.4895952448483,1317961417.72697
26.1,-26.8,0.0550950261700069,505800025.427946,23.4895952448483,1317961417.72697
26.2,-26.8,0.0550950261700069,505800025.427946,23.4895952448483,1317961417.72697
26.3,-26.8,0.0550950261700069,505800025.427946,23.4895952448483,1317961417.72697
26.4,-26.8,0.0550950261700069,505800025.427946,23.4895952448483,1317961417.72697
26.5,-26.8,0.0550950261700069,505800025.427946,23.4895952448483,1317961417.72697
26.6,-26.8,0.056296364097118,790967821.615712,23.716333981525,2058604776.91503
26.7,-26.8,0.056296364097118,790967821.615712,23.716333981525,2058604776.91503
26.8,-26.8,0.056296364097118,790967821.615712,23.716333981525,2058604776.91503
26.9,-26.8,0.056296364097118,790967821.615712,23.716333981525,2058604776.91503
27,-26.8,0.056296364097118,790967821.615712,23.716333981525,2058604776.91503
27.1,-26.8,0.056296364097118,790967821.615712,23.716333981525,2058604776.91503
27.2,-26.8,0.0537271693014523,302701606.7382,23.1327984210995,810510571.86344
27.3,-26.8,0.0537271693014523,302701606.7382,23.1327984210995,810510571.86344
27.4,-26.8,0.0537271693014523,302701606.7382,23.1327984210995,810510571.86344
27.5,-26.8,0.0537271693014523,302701606.7382,23.1327984210995,810510571.86344
27.6,-26.8,0.0537271693014523,302701606.7382,23.1327984210995,810510571.86344
27.7,-26.8,0.0537271693014523,302701606.7382,23.1327984210995,810510571.86344
27.8,-26.8,0.0537271693014523,302701606.7382,23.1327984210995,810510571.86344
27.9,-26.8,0.0498663012545744,71688979.3370349,22.3355437965935,206284653.022608
28,-26.8,0.0498663012545744,71688979.3370349,22.3355437965935,206284653.022608
28.1,-26.8,0.0498663012545744,71688979.3370349,22.3355437965935,206284653.022608
28.2,-26.8,0.0498663012545744,71688979.3370349,22.3355437965935,206284653.022608
28.3,-26.8,0.0498663012545744,71688979.3370349,22.3355437965935,206284653.022608
28.4,-26.8,0.0498663012545744,71688979.3370349,22.3355437965935,206284653.022608
28.5,-26.8,0.0481622043333743,37979345.2020158,21.9984121826298,115325204.837749
28.6,-26.8,0.0481622043333743,37979345.2020158,21.9984121826298,115325204.837749
28.7,-26.8,0.0481622043333743,37979345.2020158,21.9984121826298,115325204.837749
28.8,-26.8,0.0481622043333743,37979345.2020158,21.9984121826298,115325204.837749
28.9,-26.8,0.0481622043333743,37979345.2020158,21.9984121826298,115325204.837749
29,-26.8,0.0481622043333743,37979345.2020158,21.9984121826298,115325204.837749
29.1,-26.8,0.0461079803331794,17677694.1208164,21.614637950384,57417563.3489712
29.2,-26.8,0.0461079803331794,17677694.1208164,21.614637950384,57417563.3489712
29.3,-26.8,0.0461079803331794,17677694.1208164,21.614637950384,57417563.3489712
29.4,-26.8,0.0461079803331794,17677694.1208164,21.614637950384,57417563.3489712
29.5,-26.8,0.0461079803331794,17677694.1208164,21.614637950384,57417563.3489712
29.6,-26.8,0.0461079803331794,17677694.1208164,21.614637950384,57417563.3489712
29.7,-26.8,0.0404764304522177,2186893.61069711,20.6712677061347,8101825.88445526
29.8,-26.8,0.0404764304522177,2186893.61069711,20.6712677061347,8101825.88445526
29.9,-26.8,0.0404764304522177,2186893.61069711,20.6712677061347,8101825.88445526
30,-26.8,0.0404764304522177,2186893.61069711,20.6712677061347,8101825.88445526
30.1,-26.8,0.0404764304522177,2186893.61069711,20.6712677061347,8101825.88445526
30.2,-26.8,0.0404764304522177,2186893.61069711,20.6712677061347,8101825.88445526
30.3,-26.8,0.0404764304522177,2186893.61069711,20.6712677061347,8101825.88445526
30.4,-26.8,0.0527079063443969,204329735.184497,22.6570979282002,614632718.109495
30.5,-26.8,0.0527079063443969,204329735.184497,22.6570979282002,614632718.109495
30.6,-26.8,0.0527079063443969,204329735.184497,22.6570979282002,614632718.109495
30.7,-26.8,0.0527079063443969,204329735.184497,22.6570979282002,614632718.109495
30.8,-26.8,0.0527079063443969,204329735.184497,22.6570979282002,614632718.109495
20,-26.7,0.0528495587662831,239595770.598336,26.5317663831164,1899467122.33156
20.1,-26.7,0.0528495587662831,239595770.598336,26.5317663831164,1899467122.33156
20.2,-26.7,0.0528495587662831,239595770.598336,26.5317663831164,1899467122.33156
20.3,-26.7,0.0528495587662831,239595770.598336,26.5317663831164,1899467122.33156
20.4,-26.7,0.0518898065257012,168406064.607233,26.6540648218081,1459965023.48309
20.5,-26.7,0.0518898065257012,168406064.607233,26.6540648218081,1459965023.48309
20.6,-26.7,0.0518898065257012,168406064.607233,26.6540648218081,1459965023.48309
21.9,-26.7,0.0533992031360691,292725180.526397,26.481115140218,2338236730.00784
22,-26.7,0.0533992031360691,292725180.526397,26.481115140218,2338236730.00784
22.1,-26.7,0.0533992031360691,292725180.526397,26.481115140218,2338236730.00784
22.2,-26.7,0.0539095291788592,353250548.262174,26.5014648754461,2878784672.79931
22.3,-26.7,0.0539095291788592,353250548.262174,26.5014648754461,2878784672.79931
22.4,-26.7,0.0539095291788592,353250548.262174,26.5014648754461,2878784672.79931
22.5,-26.7,0.0539095291788592,353250548.262174,26.5014648754461,2878784672.79931
22.6,-26.7,0.053865729254244,347633047.332867,26.5126205232761,2852226391.9487
22.7,-26.7,0.053865729254244,347633047.332867,26.5126205232761,2852226391.9487
22.8,-26.7,0.053865729254244,347633047.332867,26.5126205232761,2852226391.9487
22.9,-26.7,0.0568256464113744,1025568157.68796,26.1591908175559,6125739087.298
23,-26.7,0.0568256464113744,1025568157.68796,26.1591908175559,6125739087.298
23.1,-26.7,0.0568256464113744,1025568157.68796,26.1591908175559,6125739087.298
23.2,-26.7,0.0568256464113744,1025568157.68796,26.1591908175559,6125739087.298
23.3,-26.7,0.0568256464113744,1025568157.68796,26.1591908175559,6125739087.298
23.4,-26.7,0.0568256464113744,1025568157.68796,26.1591908175559,6125739087.298
23.5,-26.7,0.0592424878753983,2473117001.33162,25.7549823215836,10668969326.423
23.6,-26.7,0.0592424878753983,2473117001.33162,25.7549823215836,10668969326.423
23.7,-26.7,0.0592424878753983,2473117001.33162,25.7549823215836,10668969326.423
23.8,-26.7,0.0592424878753983,2473117001.33162,25.7549823215836,10668969326.423
23.9,-26.7,0.0592424878753983,2473117001.33162,25.7549823215836,10668969326.423
24,-26.7,0.0592424878753983,2473117001.33162,25.7549823215836,10668969326.423
24.1,-26.7,0.0596777489162257,2822580123.2053,24.7740767138908,7900943382.86793
24.2,-26.7,0.0596777489162257,2822580123.2053,24.7740767138908,7900943382.86793
24.3,-26.7,0.0596777489162257,2822580123.2053,24.7740767138908,7900943382.86793
24.4,-26.7,0.0596777489162257,2822580123.2053,24.7740767138908,7900943382.86793
24.5,-26.7,0.0596777489162257,2822580123.2053,24.7740767138908,7900943382.86793
24.6,-26.7,0.0596777489162257,2822580123.2053,24.7740767138908,7900943382.86793
24.7,-26.7,0.0583397795687526,1701425149.06659,24.2636631255462,4404639483.31741
24.8,-26.7,0.0583397795687526,1701425149.06659,24.2636631255462,4404639483.31741
24.9,-26.7,0.0583397795687526,1701425149.06659,24.2636631255462,4404639483.31741
25,-26.7,0.0583397795687526,1701425149.06659,24.2636631255462,4404639483.31741
25.1,-26.7,0.0583397795687526,1701425149.06659,24.2636631255462,4404639483.31741
25.2,-26.7,0.0583397795687526,1701425149.06659,24.2636631255462,4404639483.31741
25.3,-26.7,0.0583397795687526,1701425149.06659,24.2636631255462,4404639483.31741
25.4,-26.7,0.0565698749830572,875908070.574812,23.7845141754378,2260163415.37186
25.5,-26.7,0.0565698749830572,875908070.574812,23.7845141754378,2260163415.37186
25.6,-26.7,0.0565698749830572,875908070.574812,23.7845141754378,2260163415.37186
25.7,-26.7,0.0565698749830572,875908070.574812,23.7845141754378,2260163415.37186
25.8,-26.7,0.0565698749830572,875908070.574812,23.7845141754378,2260163415.37186
25.9,-26.7,0.0565698749830572,875908070.574812,23.7845141754378,2260163415.37186
26,-26.7,0.0537711915489506,307485823.228737,23.1327915365302,818842151.734953
26.1,-26.7,0.0537711915489506,307485823.228737,23.1327915365302,818842151.734953
26.2,-26.7,0.0537711915489506,307485823.228737,23.1327915365302,818842151.734953
26.3,-26.7,0.0537711915489506,307485823.228737,23.1327915365302,818842151.734953
26.4,-26.7,0.0537711915489506,307485823.228737,23.1327915365302,818842151.734953
26.5,-26.7,0.0537711915489506,307485823.228737,23.1327915365302,818842151.734953
26.6,-26.7,0.0546908358202745,432771883.905194,23.2940516671554,1153957858.67828
26.7,-26.7,0.0546908358202745,432771883.905194,23.2940516671554,1153957858.67828
26.8,-26.7,0.0546908358202745,432771883.905194,23.2940516671554,1153957858.67828
26.9,-26.7,0.0546908358202745,432771883.905194,23.2940516671554,1153957858.67828
27,-26.7,0.0546908358202745,432771883.905194,23.2940516671554,1153957858.67828
27.1,-26.7,0.0546908358202745,432771883.905194,23.2940516671554,1153957858.67828
27.2,-26.7,0.0525326980467185,193133561.568895,22.8217585658719,538677990.958554
27.3,-26.7,0.0525326980467185,193133561.568895,22.8217585658719,538677990.958554
27.4,-26.7,0.0525326980467185,193133561.568895,22.8217585658719,538677990.958554
27.5,-26.7,0.0525326980467185,193133561.568895,22.8217585658719,538677990.958554
27.6,-26.7,0.0525326980467185,193133561.568895,22.8217585658719,538677990.958554
27.7,-26.7,0.0525326980467185,193133561.568895,22.8217585658719,538677990.958554
27.8,-26.7,0.0525326980467185,193133561.568895,22.8217585658719,538677990.958554
27.9,-26.7,0.0508940056631199,104751432.902726,22.4811424058672,306255618.641891
28,-26.7,0.0508940056631199,104751432.902726,22.4811424058672,306255618.641891
28.1,-26.7,0.0508940056631199,104751432.902726,22.4811424058672,306255618.641891
28.2,-26.7,0.0508940056631199,104751432.902726,22.4811424058672,306255618.641891
28.3,-26.7,0.0508940056631199,104751432.902726,22.4811424058672,306255618.641891
28.4,-26.7,0.0508940056631199,104751432.902726,22.4811424058672,306255618.641891
28.5,-26.7,0.0480798223829563,36737152.4664232,21.9542399241516,114969454.996245
28.6,-26.7,0.0480798223829563,36737152.4664232,21.9542399241516,114969454.996245
28.7,-26.7,0.0480798223829563,36737152.4664232,21.9542399241516,114969454.996245
28.8,-26.7,0.0480798223829563,36737152.4664232,21.9542399241516,114969454.996245
28.9,-26.7,0.0480798223829563,36737152.4664232,21.9542399241516,114969454.996245
29,-26.7,0.0480798223829563,36737152.4664232,21.9542399241516,114969454.996245
29.1,-26.7,0.047022861307228,24802285.4380212,21.7580678341154,80556475.4534504
29.2,-26.7,0.047022861307228,24802285.4380212,21.7580678341154,80556475.4534504
29.3,-26.7,0.047022861307228,24802285.4380212,21.7580678341154,80556475.4534504
29.4,-26.7,0.047022861307228,24802285.4380212,21.7580678341154,80556475.4534504
29.5,-26.7,0.047022861307228,24802285.4380212,21.7580678341154,80556475.4534504
29.6,-26.7,0.047022861307228,24802285.4380212,21.7580678341154,80556475.4534504
29.7,-26.7,0.0427544656896685,5082529.53049636,21.0312903777266,18197785.9828001
29.8,-26.7,0.0427544656896685,5082529.53049636,21.0312903777266,18197785.9828001
29.9,-26.7,0.0427544656896685,5082529.53049636,21.0312903777266,18197785.9828001
30,-26.7,0.0427544656896685,5082529.53049636,21.0312903777266,18197785.9828001
30.1,-26.7,0.0427544656896685,5082529.53049636,21.0312903777266,18197785.9828001
30.2,-26.7,0.0427544656896685,5082529.53049636,21.0312903777266,18197785.9828001
30.3,-26.7,0.0427544656896685,5082529.53049636,21.0312903777266,18197785.9828001
30.4,-26.7,0.0468367277555917,23055939.6676971,21.6602322460574,78448728.9159984
30.5,-26.7,0.0468367277555917,23055939.6676971,21.6602322460574,78448728.9159984
30.6,-26.7,0.0468367277555917,23055939.6676971,21.6602322460574,78448728.9159984
30.7,-26.7,0.0468367277555917,23055939.6676971,21.6602322460574,78448728.9159984
20,-26.6,0.0528495587662831,239595770.598336,26.5317663831164,1899467122.33156
20.1,-26.6,0.0528495587662831,239595770.598336,26.5317663831164,1899467122.33156
20.2,-26.6,0.0528495587662831,239595770.598336,26.5317663831164,1899467122.33156
20.3,-26.6,0.0528495587662831,239595770.598336,26.5317663831164,1899467122.33156
20.4,-26.6,0.0518898065257012,168406064.607233,26.6540648218081,1459965023.48309
20.5,-26.6,0.0518898065257012,168406064.607233,26.6540648218081,1459965023.48309
20.6,-26.6,0.0518898065257012,168406064.607233,26.6540648218081,1459965023.48309
22.1,-26.6,0.0533992031360691,292725180.526397,26.481115140218,2338236730.00784
22.2,-26.6,0.0539095291788592,353250548.262174,26.5014648754461,2878784672.79931
22.3,-26.6,0.0539095291788592,353250548.262174,26.5014648754461,2878784672.79931
22.4,-26.6,0.0539095291788592,353250548.262174,26.5014648754461,2878784672.79931
22.5,-26.6,0.0539095291788592,353250548.262174,26.5014648754461,2878784672.79931
22.6,-26.6,0.053865729254244,347633047.332867,26.5126205232761,2852226391.9487
22.7,-26.6,0.053865729254244,347633047.332867,26.5126205232761,2852226391.9487
22.8,-26.6,0.053865729254244,347633047.332867,26.5126205232761,2852226391.9487
22.9,-26.6,0.0568256464113744,1025568157.68796,26.1591908175559,6125739087.298
23,-26.6,0.0568256464113744,1025568157.68796,26.1591908175559,6125739087.298
23.1,-26.6,0.0568256464113744,1025568157.68796,26.1591908175559,6125739087.298
23.2,-26.6,0.0568256464113744,1025568157.68796,26.1591908175559,6125739087.298
23.3,-26.6,0.0568256464113744,1025568157.68796,26.1591908175559,6125739087.298
23.4,-26.6,0.0568256464113744,1025568157.68796,26.1591908175559,6125739087.298
23.5,-26.6,0.0592424878753983,2473117001.33162,25.7549823215836,10668969326.423
23.6,-26.6,0.0592424878753983,2473117001.33162,25.7549823215836,10668969326.423
23.7,-26.6,0.0592424878753983,2473117001.33162,25.7549823215836,10668969326.423
23.8,-26.6,0.0592424878753983,2473117001.33162,25.7549823215836,10668969326.423
23.9,-26.6,0.0592424878753983,2473117001.33162,25.7549823215836,10668969326.423
24,-26.6,0.0592424878753983,2473117001.33162,25.7549823215836,10668969326.423
24.1,-26.6,0.0596777489162257,2822580123.2053,24.7740767138908,7900943382.86793
24.2,-26.6,0.0596777489162257,2822580123.2053,24.7740767138908,7900943382.86793
24.3,-26.6,0.0596777489162257,2822580123.2053,24.7740767138908,7900943382.86793
24.4,-26.6,0.0596777489162257,2822580123.2053,24.7740767138908,7900943382.86793
24.5,-26.6,0.0596777489162257,2822580123.2053,24.7740767138908,7900943382.86793
24.6,-26.6,0.0596777489162257,2822580123.2053,24.7740767138908,7900943382.86793
24.7,-26.6,0.0583397795687526,1701425149.06659,24.2636631255462,4404639483.31741
24.8,-26.6,0.0583397795687526,1701425149.06659,24.2636631255462,4404639483.31741
24.9,-26.6,0.0583397795687526,1701425149.06659,24.2636631255462,4404639483.31741
25,-26.6,0.0583397795687526,1701425149.06659,24.2636631255462,4404639483.31741
25.1,-26.6,0.0583397795687526,1701425149.06659,24.2636631255462,4404639483.31741
25.2,-26.6,0.0583397795687526,1701425149.06659,24.2636631255462,4404639483.31741
25.3,-26.6,0.0583397795687526,1701425149.06659,24.2636631255462,4404639483.31741
25.4,-26.6,0.0565698749830572,875908070.574812,23.7845141754378,2260163415.37186
25.5,-26.6,0.0565698749830572,875908070.574812,23.7845141754378,2260163415.37186
25.6,-26.6,0.0565698749830572,875908070.574812,23.7845141754378,2260163415.37186
25.7,-26.6,0.0565698749830572,875908070.574812,23.7845141754378,2260163415.37186
25.8,-26.6,0.0565698749830572,875908070.574812,23.7845141754378,2260163415.37186
25.9,-26.6,0.0565698749830572,875908070.574812,23.7845141754378,2260163415.37186
26,-26.6,0.0537711915489506,307485823.228737,23.1327915365302,818842151.734953
26.1,-26.6,0.0537711915489506,307485823.228737,23.1327915365302,818842151.734953
26.2,-26.6,0.0537711915489506,307485823.228737,23.1327915365302,818842151.734953
26.3,-26.6,0.0537711915489506,307485823.228737,23.1327915365302,818842151.734953
26.4,-26.6,0.0537711915489506,307485823.228737,23.1327915365302,818842151.734953
26.5,-26.6,0.0537711915489506,307485823.228737,23.1327915365302,818842151.734953
26.6,-26.6,0.0546908358202745,432771883.905194,23.2940516671554,1153957858.67828
26.7,-26.6,0.0546908358202745,432771883.905194,23.2940516671554,1153957858.67828
26.8,-26.6,0.0546908358202745,432771883.905194,23.2940516671554,1153957858.67828
26.9,-26.6,0.0546908358202745,432771883.905194,23.2940516671554,1153957858.67828
27,-26.6,0.0546908358202745,432771883.905194,23.2940516671554,1153957858.67828
27.1,-26.6,0.0546908358202745,432771883.905194,23.2940516671554,1153957858.67828
27.2,-26.6,0.0525326980467185,193133561.568895,22.8217585658719,538677990.958554
27.3,-26.6,0.0525326980467185,193133561.568895,22.8217585658719,538677990.958554
27.4,-26.6,0.0525326980467185,193133561.568895,22.8217585658719,538677990.958554
27.5,-26.6,0.0525326980467185,193133561.568895,22.8217585658719,538677990.958554
27.6,-26.6,0.0525326980467185,193133561.568895,22.8217585658719,538677990.958554
27.7,-26.6,0.0525326980467185,193133561.568895,22.8217585658719,538677990.958554
27.8,-26.6,0.0525326980467185,193133561.568895,22.8217585658719,538677990.958554
27.9,-26.6,0.0508940056631199,104751432.902726,22.4811424058672,306255618.641891
28,-26.6,0.0508940056631199,104751432.902726,22.4811424058672,306255618.641891
28.1,-26.6,0.0508940056631199,104751432.902726,22.4811424058672,306255618.641891
28.2,-26.6,0.0508940056631199,104751432.902726,22.4811424058672,306255618.641891
28.3,-26.6,0.0508940056631199,104751432.902726,22.4811424058672,306255618.641891
28.4,-26.6,0.0508940056631199,104751432.902726,22.4811424058672,306255618.641891
28.5,-26.6,0.0480798223829563,36737152.4664232,21.9542399241516,114969454.996245
28.6,-26.6,0.0480798223829563,36737152.4664232,21.9542399241516,114969454.996245
28.7,-26.6,0.0480798223829563,36737152.4664232,21.9542399241516,114969454.996245
28.8,-26.6,0.0480798223829563,36737152.4664232,21.9542399241516,114969454.996245
28.9,-26.6,0.0480798223829563,36737152.4664232,21.9542399241516,114969454.996245
29,-26.6,0.0480798223829563,36737152.4664232,21.9542399241516,114969454.996245
29.1,-26.6,0.047022861307228,24802285.4380212,21.7580678341154,80556475.4534504
29.2,-26.6,0.047022861307228,24802285.4380212,21.7580678341154,80556475.4534504
29.3,-26.6,0.047022861307228,24802285.4380212,21.7580678341154,80556475.4534504
29.4,-26.6,0.047022861307228,24802285.4380212,21.7580678341154,80556475.4534504
29.5,-26.6,0.047022861307228,24802285.4380212,21.7580678341154,80556475.4534504
29.6,-26.6,0.047022861307228,24802285.4380212,21.7580678341154,80556475.4534504
29.7,-26.6,0.0427544656896685,5082529.53049636,21.0312903777266,18197785.9828001
29.8,-26.6,0.0427544656896685,5082529.53049636,21.0312903777266,18197785.9828001
29.9,-26.6,0.0427544656896685,5082529.53049636,21.0312903777266,18197785.9828001
30,-26.6,0.0427544656896685,5082529.53049636,21.0312903777266,18197785.9828001
30.1,-26.6,0.0427544656896685,5082529.53049636,21.0312903777266,18197785.9828001
30.2,-26.6,0.0427544656896685,5082529.53049636,21.0312903777266,18197785.9828001
30.3,-26.6,0.0427544656896685,5082529.53049636,21.0312903777266,18197785.9828001
30.4,-26.6,0.0468367277555917,23055939.6676971,21.6602322460574,78448728.9159984
30.5,-26.6,0.0468367277555917,23055939.6676971,21.6602322460574,78448728.9159984
30.6,-26.6,0.0468367277555917,23055939.6676971,21.6602322460574,78448728.9159984
30.7,-26.6,0.0468367277555917,23055939.6676971,21.6602322460574,78448728.9159984
20,-26.5,0.0528495587662831,239595770.598336,26.5317663831164,1899467122.33156
20.1,-26.5,0.0528495587662831,239595770.598336,26.5317663831164,1899467122.33156
20.2,-26.5,0.0528495587662831,239595770.598336,26.5317663831164,1899467122.33156
20.3,-26.5,0.0528495587662831,239595770.598336,26.5317663831164,1899467122.33156
20.4,-26.5,0.0518898065257012,168406064.607233,26.6540648218081,1459965023.48309
20.5,-26.5,0.0518898065257012,168406064.607233,26.6540648218081,1459965023.48309
20.6,-26.5,0.0518898065257012,168406064.607233,26.6540648218081,1459965023.48309
22.2,-26.5,0.0539095291788592,353250548.262174,26.5014648754461,2878784672.79931
22.3,-26.5,0.0539095291788592,353250548.262174,26.5014648754461,2878784672.79931
22.4,-26.5,0.0539095291788592,353250548.262174,26.5014648754461,2878784672.79931
22.5,-26.5,0.0539095291788592,353250548.262174,26.5014648754461,2878784672.79931
22.6,-26.5,0.053865729254244,347633047.332867,26.5126205232761,2852226391.9487
22.7,-26.5,0.053865729254244,347633047.332867,26.5126205232761,2852226391.9487
22.8,-26.5,0.053865729254244,347633047.332867,26.5126205232761,2852226391.9487
22.9,-26.5,0.0568256464113744,1025568157.68796,26.1591908175559,6125739087.298
23,-26.5,0.0568256464113744,1025568157.68796,26.1591908175559,6125739087.298
23.1,-26.5,0.0568256464113744,1025568157.68796,26.1591908175559,6125739087.298
23.2,-26.5,0.0568256464113744,1025568157.68796,26.1591908175559,6125739087.298
23.3,-26.5,0.0568256464113744,1025568157.68796,26.1591908175559,6125739087.298
23.4,-26.5,0.0568256464113744,1025568157.68796,26.1591908175559,6125739087.298
23.5,-26.5,0.0592424878753983,2473117001.33162,25.7549823215836,10668969326.423
23.6,-26.5,0.0592424878753983,2473117001.33162,25.7549823215836,10668969326.423
23.7,-26.5,0.0592424878753983,2473117001.33162,25.7549823215836,10668969326.423
23.8,-26.5,0.0592424878753983,2473117001.33162,25.7549823215836,10668969326.423
23.9,-26.5,0.0592424878753983,2473117001.33162,25.7549823215836,10668969326.423
24,-26.5,0.0592424878753983,2473117001.33162,25.7549823215836,10668969326.423
24.1,-26.5,0.0596777489162257,2822580123.2053,24.7740767138908,7900943382.86793
24.2,-26.5,0.0596777489162257,2822580123.2053,24.7740767138908,7900943382.86793
24.3,-26.5,0.0596777489162257,2822580123.2053,24.7740767138908,7900943382.86793
24.4,-26.5,0.0596777489162257,2822580123.2053,24.7740767138908,7900943382.86793
24.5,-26.5,0.0596777489162257,2822580123.2053,24.7740767138908,7900943382.86793
24.6,-26.5,0.0596777489162257,2822580123.2053,24.7740767138908,7900943382.86793
24.7,-26.5,0.0583397795687526,1701425149.06659,24.2636631255462,4404639483.31741
24.8,-26.5,0.0583397795687526,1701425149.06659,24.2636631255462,4404639483.31741
24.9,-26.5,0.0583397795687526,1701425149.06659,24.2636631255462,4404639483.31741
25,-26.5,0.0583397795687526,1701425149.06659,24.2636631255462,4404639483.31741
25.1,-26.5,0.0583397795687526,1701425149.06659,24.2636631255462,4404639483.31741
25.2,-26.5,0.0583397795687526,1701425149.06659,24.2636631255462,4404639483.31741
25.3,-26.5,0.0583397795687526,1701425149.06659,24.2636631255462,4404639483.31741
25.4,-26.5,0.0565698749830572,875908070.574812,23.7845141754378,2260163415.37186
25.5,-26.5,0.0565698749830572,875908070.574812,23.7845141754378,2260163415.37186
25.6,-26.5,0.0565698749830572,875908070.574812,23.7845141754378,2260163415.37186
25.7,-26.5,0.0565698749830572,875908070.574812,23.7845141754378,2260163415.37186
25.8,-26.5,0.0565698749830572,875908070.574812,23.7845141754378,2260163415.37186
25.9,-26.5,0.0565698749830572,875908070.574812,23.7845141754378,2260163415.37186
26,-26.5,0.0537711915489506,307485823.228737,23.1327915365302,818842151.734953
26.1,-26.5,0.0537711915489506,307485823.228737,23.1327915365302,818842151.734953
26.2,-26.5,0.0537711915489506,307485823.228737,23.1327915365302,818842151.734953
26.3,-26.5,0.0537711915489506,307485823.228737,23.1327915365302,818842151.734953
26.4,-26.5,0.0537711915489506,307485823.228737,23.1327915365302,818842151.734953
26.5,-26.5,0.0537711915489506,307485823.228737,23.1327915365302,818842151.734953
26.6,-26.5,0.0546908358202745,432771883.905194,23.2940516671554,1153957858.67828
26.7,-26.5,0.0546908358202745,432771883.905194,23.2940516671554,1153957858.67828
26.8,-26.5,0.0546908358202745,432771883.905194,23.2940516671554,1153957858.67828
26.9,-26.5,0.0546908358202745,432771883.905194,23.2940516671554,1153957858.67828
27,-26.5,0.0546908358202745,432771883.905194,23.2940516671554,1153957858.67828
27.1,-26.5,0.0546908358202745,432771883.905194,23.2940516671554,1153957858.67828
27.2,-26.5,0.0525326980467185,193133561.568895,22.8217585658719,538677990.958554
27.3,-26.5,0.0525326980467185,193133561.568895,22.8217585658719,538677990.958554
27.4,-26.5,0.0525326980467185,193133561.568895,22.8217585658719,538677990.958554
27.5,-26.5,0.0525326980467185,193133561.568895,22.8217585658719,538677990.958554
27.6,-26.5,0.0525326980467185,193133561.568895,22.8217585658719,538677990.958554
27.7,-26.5,0.0525326980467185,193133561.568895,22.8217585658719,538677990.958554
27.8,-26.5,0.0525326980467185,193133561.568895,22.8217585658719,538677990.958554
27.9,-26.5,0.0508940056631199,104751432.902726,22.4811424058672,306255618.641891
28,-26.5,0.0508940056631199,104751432.902726,22.4811424058672,306255618.641891
28.1,-26.5,0.0508940056631199,104751432.902726,22.4811424058672,306255618.641891
28.2,-26.5,0.0508940056631199,104751432.902726,22.4811424058672,306255618.641891
28.3,-26.5,0.0508940056631199,104751432.902726,22.4811424058672,306255618.641891
28.4,-26.5,0.0508940056631199,104751432.902726,22.4811424058672,306255618.641891
28.5,-26.5,0.0480798223829563,36737152.4664232,21.9542399241516,114969454.996245
28.6,-26.5,0.0480798223829563,36737152.4664232,21.9542399241516,114969454.996245
28.7,-26.5,0.0480798223829563,36737152.4664232,21.9542399241516,114969454.996245
28.8,-26.5,0.0480798223829563,36737152.4664232,21.9542399241516,114969454.996245
28.9,-26.5,0.0480798223829563,36737152.4664232,21.9542399241516,114969454.996245
29,-26.5,0.0480798223829563,36737152.4664232,21.9542399241516,114969454.996245
29.1,-26.5,0.047022861307228,24802285.4380212,21.7580678341154,80556475.4534504
29.2,-26.5,0.047022861307228,24802285.4380212,21.7580678341154,80556475.4534504
29.3,-26.5,0.047022861307228,24802285.4380212,21.7580678341154,80556475.4534504
29.4,-26.5,0.047022861307228,24802285.4380212,21.7580678341154,80556475.4534504
29.5,-26.5,0.047022861307228,24802285.4380212,21.7580678341154,80556475.4534504
29.6,-26.5,0.047022861307228,24802285.4380212,21.7580678341154,80556475.4534504
29.7,-26.5,0.0427544656896685,5082529.53049636,21.0312903777266,18197785.9828001
29.8,-26.5,0.0427544656896685,5082529.53049636,21.0312903777266,18197785.9828001
29.9,-26.5,0.0427544656896685,5082529.53049636,21.0312903777266,18197785.9828001
30,-26.5,0.0427544656896685,5082529.53049636,21.0312903777266,18197785.9828001
30.1,-26.5,0.0427544656896685,5082529.53049636,21.0312903777266,18197785.9828001
30.2,-26.5,0.0427544656896685,5082529.53049636,21.0312903777266,18197785.9828001
30.3,-26.5,0.0427544656896685,5082529.53049636,21.0312903777266,18197785.9828001
30.4,-26.5,0.0468367277555917,23055939.6676971,21.6602322460574,78448728.9159984
30.5,-26.5,0.0468367277555917,23055939.6676971,21.6602322460574,78448728.9159984
30.6,-26.5,0.0468367277555917,23055939.6676971,21.6602322460574,78448728.9159984
30.7,-26.5,0.0468367277555917,23055939.6676971,21.6602322460574,78448728.9159984
20,-26.4,0.0528495587662831,239595770.598336,26.5317663831164,1899467122.33156
20.1,-26.4,0.0528495587662831,239595770.598336,26.5317663831164,1899467122.33156
20.2,-26.4,0.0528495587662831,239595770.598336,26.5317663831164,1899467122.33156
20.3,-26.4,0.0528495587662831,239595770.598336,26.5317663831164,1899467122.33156
20.4,-26.4,0.0518898065257012,168406064.607233,26.6540648218081,1459965023.48309
20.5,-26.4,0.0518898065257012,168406064.607233,26.6540648218081,1459965023.48309
20.6,-26.4,0.0518898065257012,168406064.607233,26.6540648218081,1459965023.48309
22.3,-26.4,0.0539095291788592,353250548.262174,26.5014648754461,2878784672.79931
22.4,-26.4,0.0539095291788592,353250548.262174,26.5014648754461,2878784672.79931
22.5,-26.4,0.0539095291788592,353250548.262174,26.5014648754461,2878784672.79931
22.6,-26.4,0.053865729254244,347633047.332867,26.5126205232761,2852226391.9487
22.7,-26.4,0.053865729254244,347633047.332867,26.5126205232761,2852226391.9487
22.8,-26.4,0.053865729254244,347633047.332867,26.5126205232761,2852226391.9487
22.9,-26.4,0.0568256464113744,1025568157.68796,26.1591908175559,6125739087.298
23,-26.4,0.0568256464113744,1025568157.68796,26.1591908175559,6125739087.298
23.1,-26.4,0.0568256464113744,1025568157.68796,26.1591908175559,6125739087.298
23.2,-26.4,0.0568256464113744,1025568157.68796,26.1591908175559,6125739087.298
23.3,-26.4,0.0568256464113744,1025568157.68796,26.1591908175559,6125739087.298
23.4,-26.4,0.0568256464113744,1025568157.68796,26.1591908175559,6125739087.298
23.5,-26.4,0.0592424878753983,2473117001.33162,25.7549823215836,10668969326.423
23.6,-26.4,0.0592424878753983,2473117001.33162,25.7549823215836,10668969326.423
23.7,-26.4,0.0592424878753983,2473117001.33162,25.7549823215836,10668969326.423
23.8,-26.4,0.0592424878753983,2473117001.33162,25.7549823215836,10668969326.423
23.9,-26.4,0.0592424878753983,2473117001.33162,25.7549823215836,10668969326.423
24,-26.4,0.0592424878753983,2473117001.33162,25.7549823215836,10668969326.423
24.1,-26.4,0.0596777489162257,2822580123.2053,24.7740767138908,7900943382.86793
24.2,-26.4,0.0596777489162257,2822580123.2053,24.7740767138908,7900943382.86793
24.3,-26.4,0.0596777489162257,2822580123.2053,24.7740767138908,7900943382.86793
24.4,-26.4,0.0596777489162257,2822580123.2053,24.7740767138908,7900943382.86793
24.5,-26.4,0.0596777489162257,2822580123.2053,24.7740767138908,7900943382.86793
24.6,-26.4,0.0596777489162257,2822580123.2053,24.7740767138908,7900943382.86793
24.7,-26.4,0.0583397795687526,1701425149.06659,24.2636631255462,4404639483.31741
24.8,-26.4,0.0583397795687526,1701425149.06659,24.2636631255462,4404639483.31741
24.9,-26.4,0.0583397795687526,1701425149.06659,24.2636631255462,4404639483.31741
25,-26.4,0.0583397795687526,1701425149.06659,24.2636631255462,4404639483.31741
25.1,-26.4,0.0583397795687526,1701425149.06659,24.2636631255462,4404639483.31741
25.2,-26.4,0.0583397795687526,1701425149.06659,24.2636631255462,4404639483.31741
25.3,-26.4,0.0583397795687526,1701425149.06659,24.2636631255462,4404639483.31741
25.4,-26.4,0.0565698749830572,875908070.574812,23.7845141754378,2260163415.37186
25.5,-26.4,0.0565698749830572,875908070.574812,23.7845141754378,2260163415.37186
25.6,-26.4,0.0565698749830572,875908070.574812,23.7845141754378,2260163415.37186
25.7,-26.4,0.0565698749830572,875908070.574812,23.7845141754378,2260163415.37186
25.8,-26.4,0.0565698749830572,875908070.574812,23.7845141754378,2260163415.37186
25.9,-26.4,0.0565698749830572,875908070.574812,23.7845141754378,2260163415.37186
26,-26.4,0.0537711915489506,307485823.228737,23.1327915365302,818842151.734953
26.1,-26.4,0.0537711915489506,307485823.228737,23.1327915365302,818842151.734953
26.2,-26.4,0.0537711915489506,307485823.228737,23.1327915365302,818842151.734953
26.3,-26.4,0.0537711915489506,307485823.228737,23.1327915365302,818842151.734953
26.4,-26.4,0.0537711915489506,307485823.228737,23.1327915365302,818842151.734953
26.5,-26.4,0.0537711915489506,307485823.228737,23.1327915365302,818842151.734953
26.6,-26.4,0.0546908358202745,432771883.905194,23.2940516671554,1153957858.67828
26.7,-26.4,0.0546908358202745,432771883.905194,23.2940516671554,1153957858.67828
26.8,-26.4,0.0546908358202745,432771883.905194,23.2940516671554,1153957858.67828
26.9,-26.4,0.0546908358202745,432771883.905194,23.2940516671554,1153957858.67828
27,-26.4,0.0546908358202745,432771883.905194,23.2940516671554,1153957858.67828
27.1,-26.4,0.0546908358202745,432771883.905194,23.2940516671554,1153957858.67828
27.2,-26.4,0.0525326980467185,193133561.568895,22.8217585658719,538677990.958554
27.3,-26.4,0.0525326980467185,193133561.568895,22.8217585658719,538677990.958554
27.4,-26.4,0.0525326980467185,193133561.568895,22.8217585658719,538677990.958554
27.5,-26.4,0.0525326980467185,193133561.568895,22.8217585658719,538677990.958554
27.6,-26.4,0.0525326980467185,193133561.568895,22.8217585658719,538677990.958554
27.7,-26.4,0.0525326980467185,193133561.568895,22.8217585658719,538677990.958554
27.8,-26.4,0.0525326980467185,193133561.568895,22.8217585658719,538677990.958554
27.9,-26.4,0.0508940056631199,104751432.902726,22.4811424058672,306255618.641891
28,-26.4,0.0508940056631199,104751432.902726,22.4811424058672,306255618.641891
28.1,-26.4,0.0508940056631199,104751432.902726,22.4811424058672,306255618.641891
28.2,-26.4,0.0508940056631199,104751432.902726,22.4811424058672,306255618.641891
28.3,-26.4,0.0508940056631199,104751432.902726,22.4811424058672,306255618.641891
28.4,-26.4,0.0508940056631199,104751432.902726,22.4811424058672,306255618.641891
28.5,-26.4,0.0480798223829563,36737152.4664232,21.9542399241516,114969454.996245
28.6,-26.4,0.0480798223829563,36737152.4664232,21.9542399241516,114969454.996245
28.7,-26.4,0.0480798223829563,36737152.4664232,21.9542399241516,114969454.996245
28.8,-26.4,0.0480798223829563,36737152.4664232,21.9542399241516,114969454.996245
28.9,-26.4,0.0480798223829563,36737152.4664232,21.9542399241516,114969454.996245
29,-26.4,0.0480798223829563,36737152.4664232,21.9542399241516,114969454.996245
29.1,-26.4,0.047022861307228,24802285.4380212,21.7580678341154,80556475.4534504
29.2,-26.4,0.047022861307228,24802285.4380212,21.7580678341154,80556475.4534504
29.3,-26.4,0.047022861307228,24802285.4380212,21.7580678341154,80556475.4534504
29.4,-26.4,0.047022861307228,24802285.4380212,21.7580678341154,80556475.4534504
29.5,-26.4,0.047022861307228,24802285.4380212,21.7580678341154,80556475.4534504
29.6,-26.4,0.047022861307228,24802285.4380212,21.7580678341154,80556475.4534504
29.7,-26.4,0.0427544656896685,5082529.53049636,21.0312903777266,18197785.9828001
29.8,-26.4,0.0427544656896685,5082529.53049636,21.0312903777266,18197785.9828001
29.9,-26.4,0.0427544656896685,5082529.53049636,21.0312903777266,18197785.9828001
30,-26.4,0.0427544656896685,5082529.53049636,21.0312903777266,18197785.9828001
30.1,-26.4,0.0427544656896685,5082529.53049636,21.0312903777266,18197785.9828001
30.2,-26.4,0.0427544656896685,5082529.53049636,21.0312903777266,18197785.9828001
30.3,-26.4,0.0427544656896685,5082529.53049636,21.0312903777266,18197785.9828001
30.4,-26.4,0.0468367277555917,23055939.6676971,21.6602322460574,78448728.9159984
30.5,-26.4,0.0468367277555917,23055939.6676971,21.6602322460574,78448728.9159984
30.6,-26.4,0.0468367277555917,23055939.6676971,21.6602322460574,78448728.9159984
30.7,-26.4,0.0468367277555917,23055939.6676971,21.6602322460574,78448728.9159984
30.8,-26.4,0.0468367277555917,23055939.6676971,21.6602322460574,78448728.9159984
20,-26.3,0.0528495587662831,239595770.598336,26.5317663831164,1899467122.33156
20.1,-26.3,0.0528495587662831,239595770.598336,26.5317663831164,1899467122.33156
20.2,-26.3,0.0528495587662831,239595770.598336,26.5317663831164,1899467122.33156
20.3,-26.3,0.0528495587662831,239595770.598336,26.5317663831164,1899467122.33156
20.4,-26.3,0.0518898065257012,168406064.607233,26.6540648218081,1459965023.48309
20.5,-26.3,0.0518898065257012,168406064.607233,26.6540648218081,1459965023.48309
20.6,-26.3,0.0518898065257012,168406064.607233,26.6540648218081,1459965023.48309
20.7,-26.3,0.0518898065257012,168406064.607233,26.6540648218081,1459965023.48309
22.4,-26.3,0.0539095291788592,353250548.262174,26.5014648754461,2878784672.79931
22.5,-26.3,0.0539095291788592,353250548.262174,26.5014648754461,2878784672.79931
22.6,-26.3,0.053865729254244,347633047.332867,26.5126205232761,2852226391.9487
22.7,-26.3,0.053865729254244,347633047.332867,26.5126205232761,2852226391.9487
22.8,-26.3,0.053865729254244,347633047.332867,26.5126205232761,2852226391.9487
22.9,-26.3,0.0568256464113744,1025568157.68796,26.1591908175559,6125739087.298
23,-26.3,0.0568256464113744,1025568157.68796,26.1591908175559,6125739087.298
23.1,-26.3,0.0568256464113744,1025568157.68796,26.1591908175559,6125739087.298
23.2,-26.3,0.0568256464113744,1025568157.68796,26.1591908175559,6125739087.298
23.3,-26.3,0.0568256464113744,1025568157.68796,26.1591908175559,6125739087.298
23.4,-26.3,0.0568256464113744,1025568157.68796,26.1591908175559,6125739087.298
23.5,-26.3,0.0592424878753983,2473117001.33162,25.7549823215836,10668969326.423
23.6,-26.3,0.0592424878753983,2473117001.33162,25.7549823215836,10668969326.423
23.7,-26.3,0.0592424878753983,2473117001.33162,25.7549823215836,10668969326.423
23.8,-26.3,0.0592424878753983,2473117001.33162,25.7549823215836,10668969326.423
23.9,-26.3,0.0592424878753983,2473117001.33162,25.7549823215836,10668969326.423
24,-26.3,0.0592424878753983,2473117001.33162,25.7549823215836,10668969326.423
24.1,-26.3,0.0596777489162257,2822580123.2053,24.7740767138908,7900943382.86793
24.2,-26.3,0.0596777489162257,2822580123.2053,24.7740767138908,7900943382.86793
24.3,-26.3,0.0596777489162257,2822580123.2053,24.7740767138908,7900943382.86793
24.4,-26.3,0.0596777489162257,2822580123.2053,24.7740767138908,7900943382.86793
24.5,-26.3,0.0596777489162257,2822580123.2053,24.7740767138908,7900943382.86793
24.6,-26.3,0.0596777489162257,2822580123.2053,24.7740767138908,7900943382.86793
24.7,-26.3,0.0583397795687526,1701425149.06659,24.2636631255462,4404639483.31741
24.8,-26.3,0.0583397795687526,1701425149.06659,24.2636631255462,4404639483.31741
24.9,-26.3,0.0583397795687526,1701425149.06659,24.2636631255462,4404639483.31741
25,-26.3,0.0583397795687526,1701425149.06659,24.2636631255462,4404639483.31741
25.1,-26.3,0.0583397795687526,1701425149.06659,24.2636631255462,4404639483.31741
25.2,-26.3,0.0583397795687526,1701425149.06659,24.2636631255462,4404639483.31741
25.3,-26.3,0.0583397795687526,1701425149.06659,24.2636631255462,4404639483.31741
25.4,-26.3,0.0565698749830572,875908070.574812,23.7845141754378,2260163415.37186
25.5,-26.3,0.0565698749830572,875908070.574812,23.7845141754378,2260163415.37186
25.6,-26.3,0.0565698749830572,875908070.574812,23.7845141754378,2260163415.37186
25.7,-26.3,0.0565698749830572,875908070.574812,23.7845141754378,2260163415.37186
25.8,-26.3,0.0565698749830572,875908070.574812,23.7845141754378,2260163415.37186
25.9,-26.3,0.0565698749830572,875908070.574812,23.7845141754378,2260163415.37186
26,-26.3,0.0537711915489506,307485823.228737,23.1327915365302,818842151.734953
26.1,-26.3,0.0537711915489506,307485823.228737,23.1327915365302,818842151.734953
26.2,-26.3,0.0537711915489506,307485823.228737,23.1327915365302,818842151.734953
26.3,-26.3,0.0537711915489506,307485823.228737,23.1327915365302,818842151.734953
26.4,-26.3,0.0537711915489506,307485823.228737,23.1327915365302,818842151.734953
26.5,-26.3,0.0537711915489506,307485823.228737,23.1327915365302,818842151.734953
26.6,-26.3,0.0546908358202745,432771883.905194,23.2940516671554,1153957858.67828
26.7,-26.3,0.0546908358202745,432771883.905194,23.2940516671554,1153957858.67828
26.8,-26.3,0.0546908358202745,432771883.905194,23.2940516671554,1153957858.67828
26.9,-26.3,0.0546908358202745,432771883.905194,23.2940516671554,1153957858.67828
27,-26.3,0.0546908358202745,432771883.905194,23.2940516671554,1153957858.67828
27.1,-26.3,0.0546908358202745,432771883.905194,23.2940516671554,1153957858.67828
27.2,-26.3,0.0525326980467185,193133561.568895,22.8217585658719,538677990.958554
27.3,-26.3,0.0525326980467185,193133561.568895,22.8217585658719,538677990.958554
27.4,-26.3,0.0525326980467185,193133561.568895,22.8217585658719,538677990.958554
27.5,-26.3,0.0525326980467185,193133561.568895,22.8217585658719,538677990.958554
27.6,-26.3,0.0525326980467185,193133561.568895,22.8217585658719,538677990.958554
27.7,-26.3,0.0525326980467185,193133561.568895,22.8217585658719,538677990.958554
27.8,-26.3,0.0525326980467185,193133561.568895,22.8217585658719,538677990.958554
27.9,-26.3,0.0508940056631199,104751432.902726,22.4811424058672,306255618.641891
28,-26.3,0.0508940056631199,104751432.902726,22.4811424058672,306255618.641891
28.1,-26.3,0.0508940056631199,104751432.902726,22.4811424058672,306255618.641891
28.2,-26.3,0.0508940056631199,104751432.902726,22.4811424058672,306255618.641891
28.3,-26.3,0.0508940056631199,104751432.902726,22.4811424058672,306255618.641891
28.4,-26.3,0.0508940056631199,104751432.902726,22.4811424058672,306255618.641891
28.5,-26.3,0.0480798223829563,36737152.4664232,21.9542399241516,114969454.996245
28.6,-26.3,0.0480798223829563,36737152.4664232,21.9542399241516,114969454.996245
28.7,-26.3,0.0480798223829563,36737152.4664232,21.9542399241516,114969454.996245
28.8,-26.3,0.0480798223829563,36737152.4664232,21.9542399241516,114969454.996245
28.9,-26.3,0.0480798223829563,36737152.4664232,21.9542399241516,114969454.996245
29,-26.3,0.0480798223829563,36737152.4664232,21.9542399241516,114969454.996245
29.1,-26.3,0.047022861307228,24802285.4380212,21.7580678341154,80556475.4534504
29.2,-26.3,0.047022861307228,24802285.4380212,21.7580678341154,80556475.4534504
29.3,-26.3,0.047022861307228,24802285.4380212,21.7580678341154,80556475.4534504
29.4,-26.3,0.047022861307228,24802285.4380212,21.7580678341154,80556475.4534504
29.5,-26.3,0.047022861307228,24802285.4380212,21.7580678341154,80556475.4534504
29.6,-26.3,0.047022861307228,24802285.4380212,21.7580678341154,80556475.4534504
29.7,-26.3,0.0427544656896685,5082529.53049636,21.0312903777266,18197785.9828001
29.8,-26.3,0.0427544656896685,5082529.53049636,21.0312903777266,18197785.9828001
29.9,-26.3,0.0427544656896685,5082529.53049636,21.0312903777266,18197785.9828001
30,-26.3,0.0427544656896685,5082529.53049636,21.0312903777266,18197785.9828001
30.1,-26.3,0.0427544656896685,5082529.53049636,21.0312903777266,18197785.9828001
30.2,-26.3,0.0427544656896685,5082529.53049636,21.0312903777266,18197785.9828001
30.3,-26.3,0.0427544656896685,5082529.53049636,21.0312903777266,18197785.9828001
30.4,-26.3,0.0468367277555917,23055939.6676971,21.6602322460574,78448728.9159984
30.5,-26.3,0.0468367277555917,23055939.6676971,21.6602322460574,78448728.9159984
30.6,-26.3,0.0468367277555917,23055939.6676971,21.6602322460574,78448728.9159984
30.7,-26.3,0.0468367277555917,23055939.6676971,21.6602322460574,78448728.9159984
30.8,-26.3,0.0468367277555917,23055939.6676971,21.6602322460574,78448728.9159984
20,-26.2,0.0523713180035853,201061824.217269,26.7893011743462,1829039278.21344
20.1,-26.2,0.0523713180035853,201061824.217269,26.7893011743462,1829039278.21344
20.2,-26.2,0.0523713180035853,201061824.217269,26.7893011743462,1829039278.21344
20.3,-26.2,0.0523713180035853,201061824.217269,26.7893011743462,1829039278.21344
20.4,-26.2,0.0526567794117794,223380687.899228,26.7416578762592,1982332843.48626
20.5,-26.2,0.0526567794117794,223380687.899228,26.7416578762592,1982332843.48626
20.6,-26.2,0.0526567794117794,223380687.899228,26.7416578762592,1982332843.48626
20.7,-26.2,0.0526567794117794,223380687.899228,26.7416578762592,1982332843.48626
22.6,-26.2,0.053858659132457,347597144.139536,26.7010491226786,3204078159.04617
22.7,-26.2,0.053858659132457,347597144.139536,26.7010491226786,3204078159.04617
22.8,-26.2,0.053858659132457,347597144.139536,26.7010491226786,3204078159.04617
22.9,-26.2,0.056076288183216,782309025.928092,26.5213508809525,5921747631.26366
23,-26.2,0.056076288183216,782309025.928092,26.5213508809525,5921747631.26366
23.1,-26.2,0.056076288183216,782309025.928092,26.5213508809525,5921747631.26366
23.2,-26.2,0.056076288183216,782309025.928092,26.5213508809525,5921747631.26366
23.3,-26.2,0.056076288183216,782309025.928092,26.5213508809525,5921747631.26366
23.4,-26.2,0.056076288183216,782309025.928092,26.5213508809525,5921747631.26366
23.5,-26.2,0.0590669404384989,2330933879.51356,26.0288062603205,11549661477.8931
23.6,-26.2,0.0590669404384989,2330933879.51356,26.0288062603205,11549661477.8931
23.7,-26.2,0.0590669404384989,2330933879.51356,26.0288062603205,11549661477.8931
23.8,-26.2,0.0590669404384989,2330933879.51356,26.0288062603205,11549661477.8931
23.9,-26.2,0.0590669404384989,2330933879.51356,26.0288062603205,11549661477.8931
24,-26.2,0.0590669404384989,2330933879.51356,26.0288062603205,11549661477.8931
24.1,-26.2,0.0609994380523563,4719092941.58587,25.8509802997708,18468294538.4436
24.2,-26.2,0.0609994380523563,4719092941.58587,25.8509802997708,18468294538.4436
24.3,-26.2,0.0609994380523563,4719092941.58587,25.8509802997708,18468294538.4436
24.4,-26.2,0.0609994380523563,4719092941.58587,25.8509802997708,18468294538.4436
24.5,-26.2,0.0609994380523563,4719092941.58587,25.8509802997708,18468294538.4436
24.6,-26.2,0.0609994380523563,4719092941.58587,25.8509802997708,18468294538.4436
24.7,-26.2,0.062013219945404,6748360260.06887,25.3466359526469,19626236900.3259
24.8,-26.2,0.062013219945404,6748360260.06887,25.3466359526469,19626236900.3259
24.9,-26.2,0.062013219945404,6748360260.06887,25.3466359526469,19626236900.3259
25,-26.2,0.062013219945404,6748360260.06887,25.3466359526469,19626236900.3259
25.1,-26.2,0.062013219945404,6748360260.06887,25.3466359526469,19626236900.3259
25.2,-26.2,0.062013219945404,6748360260.06887,25.3466359526469,19626236900.3259
25.3,-26.2,0.062013219945404,6748360260.06887,25.3466359526469,19626236900.3259
25.4,-26.2,0.0595537119828724,2664983098.66144,24.4138543449701,6830927904.67061
25.5,-26.2,0.0595537119828724,2664983098.66144,24.4138543449701,6830927904.67061
25.6,-26.2,0.0595537119828724,2664983098.66144,24.4138543449701,6830927904.67061
25.7,-26.2,0.0595537119828724,2664983098.66144,24.4138543449701,6830927904.67061
25.8,-26.2,0.0595537119828724,2664983098.66144,24.4138543449701,6830927904.67061
25.9,-26.2,0.0595537119828724,2664983098.66144,24.4138543449701,6830927904.67061
26,-26.2,0.055225820267763,527228840.265485,23.364311188121,1408508148.47517
26.1,-26.2,0.055225820267763,527228840.265485,23.364311188121,1408508148.47517
26.2,-26.2,0.055225820267763,527228840.265485,23.364311188121,1408508148.47517
26.3,-26.2,0.055225820267763,527228840.265485,23.364311188121,1408508148.47517
26.4,-26.2,0.055225820267763,527228840.265485,23.364311188121,1408508148.47517
26.5,-26.2,0.055225820267763,527228840.265485,23.364311188121,1408508148.47517
26.6,-26.2,0.05203388329612,160050692.160023,22.6987736707784,453362120.851654
26.7,-26.2,0.05203388329612,160050692.160023,22.6987736707784,453362120.851654
26.8,-26.2,0.05203388329612,160050692.160023,22.6987736707784,453362120.851654
26.9,-26.2,0.05203388329612,160050692.160023,22.6987736707784,453362120.851654
27,-26.2,0.05203388329612,160050692.160023,22.6987736707784,453362120.851654
27.1,-26.2,0.05203388329612,160050692.160023,22.6987736707784,453362120.851654
27.2,-26.2,0.0548253382896716,452219954.784157,23.2029775233653,1260500696.32422
27.3,-26.2,0.0548253382896716,452219954.784157,23.2029775233653,1260500696.32422
27.4,-26.2,0.0548253382896716,452219954.784157,23.2029775233653,1260500696.32422
27.5,-26.2,0.0548253382896716,452219954.784157,23.2029775233653,1260500696.32422
27.6,-26.2,0.0548253382896716,452219954.784157,23.2029775233653,1260500696.32422
27.7,-26.2,0.0548253382896716,452219954.784157,23.2029775233653,1260500696.32422
27.8,-26.2,0.0548253382896716,452219954.784157,23.2029775233653,1260500696.32422
27.9,-26.2,0.0514538532349417,128636624.051375,22.5321174901303,386832935.269875
28,-26.2,0.0514538532349417,128636624.051375,22.5321174901303,386832935.269875
28.1,-26.2,0.0514538532349417,128636624.051375,22.5321174901303,386832935.269875
28.2,-26.2,0.0514538532349417,128636624.051375,22.5321174901303,386832935.269875
28.3,-26.2,0.0514538532349417,128636624.051375,22.5321174901303,386832935.269875
28.4,-26.2,0.0514538532349417,128636624.051375,22.5321174901303,386832935.269875
28.5,-26.2,0.0524337444465669,185235745.185274,22.7006772741326,553225561.525536
28.6,-26.2,0.0524337444465669,185235745.185274,22.7006772741326,553225561.525536
28.7,-26.2,0.0524337444465669,185235745.185274,22.7006772741326,553225561.525536
28.8,-26.2,0.0524337444465669,185235745.185274,22.7006772741326,553225561.525536
28.9,-26.2,0.0524337444465669,185235745.185274,22.7006772741326,553225561.525536
29,-26.2,0.0524337444465669,185235745.185274,22.7006772741326,553225561.525536
29.1,-26.2,0.0498448606899198,70655357.945847,22.2112359618379,225415686.669299
29.2,-26.2,0.0498448606899198,70655357.945847,22.2112359618379,225415686.669299
29.3,-26.2,0.0498448606899198,70655357.945847,22.2112359618379,225415686.669299
29.4,-26.2,0.0498448606899198,70655357.945847,22.2112359618379,225415686.669299
29.5,-26.2,0.0498448606899198,70655357.945847,22.2112359618379,225415686.669299
29.6,-26.2,0.0498448606899198,70655357.945847,22.2112359618379,225415686.669299
29.7,-26.2,0.0433658984314495,6373328.89207381,21.1209064004583,23250707.6995559
29.8,-26.2,0.0433658984314495,6373328.89207381,21.1209064004583,23250707.6995559
29.9,-26.2,0.0433658984314495,6373328.89207381,21.1209064004583,23250707.6995559
30,-26.2,0.0433658984314495,6373328.89207381,21.1209064004583,23250707.6995559
30.1,-26.2,0.0433658984314495,6373328.89207381,21.1209064004583,23250707.6995559
30.2,-26.2,0.0433658984314495,6373328.89207381,21.1209064004583,23250707.6995559
30.3,-26.2,0.0433658984314495,6373328.89207381,21.1209064004583,23250707.6995559
30.4,-26.2,0.0527702734359716,208960893.561046,22.6360288890861,653353583.102448
30.5,-26.2,0.0527702734359716,208960893.561046,22.6360288890861,653353583.102448
30.6,-26.2,0.0527702734359716,208960893.561046,22.6360288890861,653353583.102448
30.7,-26.2,0.0527702734359716,208960893.561046,22.6360288890861,653353583.102448
30.8,-26.2,0.0527702734359716,208960893.561046,22.6360288890861,653353583.102448
30.9,-26.2,0.0527702734359716,208960893.561046,22.6360288890861,653353583.102448
20,-26.1,0.0523713180035853,201061824.217269,26.7893011743462,1829039278.21344
20.1,-26.1,0.0523713180035853,201061824.217269,26.7893011743462,1829039278.21344
20.2,-26.1,0.0523713180035853,201061824.217269,26.7893011743462,1829039278.21344
20.3,-26.1,0.0523713180035853,201061824.217269,26.7893011743462,1829039278.21344
20.4,-26.1,0.0526567794117794,223380687.899228,26.7416578762592,1982332843.48626
20.5,-26.1,0.0526567794117794,223380687.899228,26.7416578762592,1982332843.48626
20.6,-26.1,0.0526567794117794,223380687.899228,26.7416578762592,1982332843.48626
20.7,-26.1,0.0526567794117794,223380687.899228,26.7416578762592,1982332843.48626
20.8,-26.1,0.0526567794117794,223380687.899228,26.7416578762592,1982332843.48626
22.7,-26.1,0.053858659132457,347597144.139536,26.7010491226786,3204078159.04617
22.8,-26.1,0.053858659132457,347597144.139536,26.7010491226786,3204078159.04617
22.9,-26.1,0.056076288183216,782309025.928092,26.5213508809525,5921747631.26366
23,-26.1,0.056076288183216,782309025.928092,26.5213508809525,5921747631.26366
23.1,-26.1,0.056076288183216,782309025.928092,26.5213508809525,5921747631.26366
23.2,-26.1,0.056076288183216,782309025.928092,26.5213508809525,5921747631.26366
23.3,-26.1,0.056076288183216,782309025.928092,26.5213508809525,5921747631.26366
23.4,-26.1,0.056076288183216,782309025.928092,26.5213508809525,5921747631.26366
23.5,-26.1,0.0590669404384989,2330933879.51356,26.0288062603205,11549661477.8931
23.6,-26.1,0.0590669404384989,2330933879.51356,26.0288062603205,11549661477.8931
23.7,-26.1,0.0590669404384989,2330933879.51356,26.0288062603205,11549661477.8931
23.8,-26.1,0.0590669404384989,2330933879.51356,26.0288062603205,11549661477.8931
23.9,-26.1,0.0590669404384989,2330933879.51356,26.0288062603205,11549661477.8931
24,-26.1,0.0590669404384989,2330933879.51356,26.0288062603205,11549661477.8931
24.1,-26.1,0.0609994380523563,4719092941.58587,25.8509802997708,18468294538.4436
24.2,-26.1,0.0609994380523563,4719092941.58587,25.8509802997708,18468294538.4436
24.3,-26.1,0.0609994380523563,4719092941.58587,25.8509802997708,18468294538.4436
24.4,-26.1,0.0609994380523563,4719092941.58587,25.8509802997708,18468294538.4436
24.5,-26.1,0.0609994380523563,4719092941.58587,25.8509802997708,18468294538.4436
24.6,-26.1,0.0609994380523563,4719092941.58587,25.8509802997708,18468294538.4436
24.7,-26.1,0.062013219945404,6748360260.06887,25.3466359526469,19626236900.3259
24.8,-26.1,0.062013219945404,6748360260.06887,25.3466359526469,19626236900.3259
24.9,-26.1,0.062013219945404,6748360260.06887,25.3466359526469,19626236900.3259
25,-26.1,0.062013219945404,6748360260.06887,25.3466359526469,19626236900.3259
25.1,-26.1,0.062013219945404,6748360260.06887,25.3466359526469,19626236900.3259
25.2,-26.1,0.062013219945404,6748360260.06887,25.3466359526469,19626236900.3259
25.3,-26.1,0.062013219945404,6748360260.06887,25.3466359526469,19626236900.3259
25.4,-26.1,0.0595537119828724,2664983098.66144,24.4138543449701,6830927904.67061
25.5,-26.1,0.0595537119828724,2664983098.66144,24.4138543449701,6830927904.67061
25.6,-26.1,0.0595537119828724,2664983098.66144,24.4138543449701,6830927904.67061
25.7,-26.1,0.0595537119828724,2664983098.66144,24.4138543449701,6830927904.67061
25.8,-26.1,0.0595537119828724,2664983098.66144,24.4138543449701,6830927904.67061
25.9,-26.1,0.0595537119828724,2664983098.66144,24.4138543449701,6830927904.67061
26,-26.1,0.055225820267763,527228840.265485,23.364311188121,1408508148.47517
26.1,-26.1,0.055225820267763,527228840.265485,23.364311188121,1408508148.47517
26.2,-26.1,0.055225820267763,527228840.265485,23.364311188121,1408508148.47517
26.3,-26.1,0.055225820267763,527228840.265485,23.364311188121,1408508148.47517
26.4,-26.1,0.055225820267763,527228840.265485,23.364311188121,1408508148.47517
26.5,-26.1,0.055225820267763,527228840.265485,23.364311188121,1408508148.47517
26.6,-26.1,0.05203388329612,160050692.160023,22.6987736707784,453362120.851654
26.7,-26.1,0.05203388329612,160050692.160023,22.6987736707784,453362120.851654
26.8,-26.1,0.05203388329612,160050692.160023,22.6987736707784,453362120.851654
26.9,-26.1,0.05203388329612,160050692.160023,22.6987736707784,453362120.851654
27,-26.1,0.05203388329612,160050692.160023,22.6987736707784,453362120.851654
27.1,-26.1,0.05203388329612,160050692.160023,22.6987736707784,453362120.851654
27.2,-26.1,0.0548253382896716,452219954.784157,23.2029775233653,1260500696.32422
27.3,-26.1,0.0548253382896716,452219954.784157,23.2029775233653,1260500696.32422
27.4,-26.1,0.0548253382896716,452219954.784157,23.2029775233653,1260500696.32422
27.5,-26.1,0.0548253382896716,452219954.784157,23.2029775233653,1260500696.32422
27.6,-26.1,0.0548253382896716,452219954.784157,23.2029775233653,1260500696.32422
27.7,-26.1,0.0548253382896716,452219954.784157,23.2029775233653,1260500696.32422
27.8,-26.1,0.0548253382896716,452219954.784157,23.2029775233653,1260500696.32422
27.9,-26.1,0.0514538532349417,128636624.051375,22.5321174901303,386832935.269875
28,-26.1,0.0514538532349417,128636624.051375,22.5321174901303,386832935.269875
28.1,-26.1,0.0514538532349417,128636624.051375,22.5321174901303,386832935.269875
28.2,-26.1,0.0514538532349417,128636624.051375,22.5321174901303,386832935.269875
28.3,-26.1,0.0514538532349417,128636624.051375,22.5321174901303,386832935.269875
28.4,-26.1,0.0514538532349417,128636624.051375,22.5321174901303,386832935.269875
28.5,-26.1,0.0524337444465669,185235745.185274,22.7006772741326,553225561.525536
28.6,-26.1,0.0524337444465669,185235745.185274,22.7006772741326,553225561.525536
28.7,-26.1,0.0524337444465669,185235745.185274,22.7006772741326,553225561.525536
28.8,-26.1,0.0524337444465669,185235745.185274,22.7006772741326,553225561.525536
28.9,-26.1,0.0524337444465669,185235745.185274,22.7006772741326,553225561.525536
29,-26.1,0.0524337444465669,185235745.185274,22.7006772741326,553225561.525536
29.1,-26.1,0.0498448606899198,70655357.945847,22.2112359618379,225415686.669299
29.2,-26.1,0.0498448606899198,70655357.945847,22.2112359618379,225415686.669299
29.3,-26.1,0.0498448606899198,70655357.945847,22.2112359618379,225415686.669299
29.4,-26.1,0.0498448606899198,70655357.945847,22.2112359618379,225415686.669299
29.5,-26.1,0.0498448606899198,70655357.945847,22.2112359618379,225415686.669299
29.6,-26.1,0.0498448606899198,70655357.945847,22.2112359618379,225415686.669299
29.7,-26.1,0.0433658984314495,6373328.89207381,21.1209064004583,23250707.6995559
29.8,-26.1,0.0433658984314495,6373328.89207381,21.1209064004583,23250707.6995559
29.9,-26.1,0.0433658984314495,6373328.89207381,21.1209064004583,23250707.6995559
30,-26.1,0.0433658984314495,6373328.89207381,21.1209064004583,23250707.6995559
30.1,-26.1,0.0433658984314495,6373328.89207381,21.1209064004583,23250707.6995559
30.2,-26.1,0.0433658984314495,6373328.89207381,21.1209064004583,23250707.6995559
30.3,-26.1,0.0433658984314495,6373328.89207381,21.1209064004583,23250707.6995559
30.4,-26.1,0.0527702734359716,208960893.561046,22.6360288890861,653353583.102448
30.5,-26.1,0.0527702734359716,208960893.561046,22.6360288890861,653353583.102448
30.6,-26.1,0.0527702734359716,208960893.561046,22.6360288890861,653353583.102448
30.7,-26.1,0.0527702734359716,208960893.561046,22.6360288890861,653353583.102448
30.8,-26.1,0.0527702734359716,208960893.561046,22.6360288890861,653353583.102448
30.9,-26.1,0.0527702734359716,208960893.561046,22.6360288890861,653353583.102448
31,-26.1,0.0660107767518455,28889327859.7861,25.0951276996508,76776447117.9754
20,-26,0.0523713180035853,201061824.217269,26.7893011743462,1829039278.21344
20.1,-26,0.0523713180035853,201061824.217269,26.7893011743462,1829039278.21344
20.2,-26,0.0523713180035853,201061824.217269,26.7893011743462,1829039278.21344
20.3,-26,0.0523713180035853,201061824.217269,26.7893011743462,1829039278.21344
20.4,-26,0.0526567794117794,223380687.899228,26.7416578762592,1982332843.48626
20.5,-26,0.0526567794117794,223380687.899228,26.7416578762592,1982332843.48626
20.6,-26,0.0526567794117794,223380687.899228,26.7416578762592,1982332843.48626
20.7,-26,0.0526567794117794,223380687.899228,26.7416578762592,1982332843.48626
22.7,-26,0.053858659132457,347597144.139536,26.7010491226786,3204078159.04617
22.8,-26,0.053858659132457,347597144.139536,26.7010491226786,3204078159.04617
22.9,-26,0.056076288183216,782309025.928092,26.5213508809525,5921747631.26366
23,-26,0.056076288183216,782309025.928092,26.5213508809525,5921747631.26366
23.1,-26,0.056076288183216,782309025.928092,26.5213508809525,5921747631.26366
23.2,-26,0.056076288183216,782309025.928092,26.5213508809525,5921747631.26366
23.3,-26,0.056076288183216,782309025.928092,26.5213508809525,5921747631.26366
23.4,-26,0.056076288183216,782309025.928092,26.5213508809525,5921747631.26366
23.5,-26,0.0590669404384989,2330933879.51356,26.0288062603205,11549661477.8931
23.6,-26,0.0590669404384989,2330933879.51356,26.0288062603205,11549661477.8931
23.7,-26,0.0590669404384989,2330933879.51356,26.0288062603205,11549661477.8931
23.8,-26,0.0590669404384989,2330933879.51356,26.0288062603205,11549661477.8931
23.9,-26,0.0590669404384989,2330933879.51356,26.0288062603205,11549661477.8931
24,-26,0.0590669404384989,2330933879.51356,26.0288062603205,11549661477.8931
24.1,-26,0.0609994380523563,4719092941.58587,25.8509802997708,18468294538.4436
24.2,-26,0.0609994380523563,4719092941.58587,25.8509802997708,18468294538.4436
24.3,-26,0.0609994380523563,4719092941.58587,25.8509802997708,18468294538.4436
24.4,-26,0.0609994380523563,4719092941.58587,25.8509802997708,18468294538.4436
24.5,-26,0.0609994380523563,4719092941.58587,25.8509802997708,18468294538.4436
24.6,-26,0.0609994380523563,4719092941.58587,25.8509802997708,18468294538.4436
24.7,-26,0.062013219945404,6748360260.06887,25.3466359526469,19626236900.3259
24.8,-26,0.062013219945404,6748360260.06887,25.3466359526469,19626236900.3259
24.9,-26,0.062013219945404,6748360260.06887,25.3466359526469,19626236900.3259
25,-26,0.062013219945404,6748360260.06887,25.3466359526469,19626236900.3259
25.1,-26,0.062013219945404,6748360260.06887,25.3466359526469,19626236900.3259
25.2,-26,0.062013219945404,6748360260.06887,25.3466359526469,19626236900.3259
25.3,-26,0.062013219945404,6748360260.06887,25.3466359526469,19626236900.3259
25.4,-26,0.0595537119828724,2664983098.66144,24.4138543449701,6830927904.67061
25.5,-26,0.0595537119828724,2664983098.66144,24.4138543449701,6830927904.67061
25.6,-26,0.0595537119828724,2664983098.66144,24.4138543449701,6830927904.67061
25.7,-26,0.0595537119828724,2664983098.66144,24.4138543449701,6830927904.67061
25.8,-26,0.0595537119828724,2664983098.66144,24.4138543449701,6830927904.67061
25.9,-26,0.0595537119828724,2664983098.66144,24.4138543449701,6830927904.67061
26,-26,0.055225820267763,527228840.265485,23.364311188121,1408508148.47517
26.1,-26,0.055225820267763,527228840.265485,23.364311188121,1408508148.47517
26.2,-26,0.055225820267763,527228840.265485,23.364311188121,1408508148.47517
26.3,-26,0.055225820267763,527228840.265485,23.364311188121,1408508148.47517
26.4,-26,0.055225820267763,527228840.265485,23.364311188121,1408508148.47517
26.5,-26,0.055225820267763,527228840.265485,23.364311188121,1408508148.47517
26.6,-26,0.05203388329612,160050692.160023,22.6987736707784,453362120.851654
26.7,-26,0.05203388329612,160050692.160023,22.6987736707784,453362120.851654
26.8,-26,0.05203388329612,160050692.160023,22.6987736707784,453362120.851654
26.9,-26,0.05203388329612,160050692.160023,22.6987736707784,453362120.851654
27,-26,0.05203388329612,160050692.160023,22.6987736707784,453362120.851654
27.1,-26,0.05203388329612,160050692.160023,22.6987736707784,453362120.851654
27.2,-26,0.0548253382896716,452219954.784157,23.2029775233653,1260500696.32422
27.3,-26,0.0548253382896716,452219954.784157,23.2029775233653,1260500696.32422
27.4,-26,0.0548253382896716,452219954.784157,23.2029775233653,1260500696.32422
27.5,-26,0.0548253382896716,452219954.784157,23.2029775233653,1260500696.32422
27.6,-26,0.0548253382896716,452219954.784157,23.2029775233653,1260500696.32422
27.7,-26,0.0548253382896716,452219954.784157,23.2029775233653,1260500696.32422
27.8,-26,0.0548253382896716,452219954.784157,23.2029775233653,1260500696.32422
27.9,-26,0.0514538532349417,128636624.051375,22.5321174901303,386832935.269875
28,-26,0.0514538532349417,128636624.051375,22.5321174901303,386832935.269875
28.1,-26,0.0514538532349417,128636624.051375,22.5321174901303,386832935.269875
28.2,-26,0.0514538532349417,128636624.051375,22.5321174901303,386832935.269875
28.3,-26,0.0514538532349417,128636624.051375,22.5321174901303,386832935.269875
28.4,-26,0.0514538532349417,128636624.051375,22.5321174901303,386832935.269875
28.5,-26,0.0524337444465669,185235745.185274,22.7006772741326,553225561.525536
28.6,-26,0.0524337444465669,185235745.185274,22.7006772741326,553225561.525536
28.7,-26,0.0524337444465669,185235745.185274,22.7006772741326,553225561.525536
28.8,-26,0.0524337444465669,185235745.185274,22.7006772741326,553225561.525536
28.9,-26,0.0524337444465669,185235745.185274,22.7006772741326,553225561.525536
29,-26,0.0524337444465669,185235745.185274,22.7006772741326,553225561.525536
29.1,-26,0.0498448606899198,70655357.945847,22.2112359618379,225415686.669299
29.2,-26,0.0498448606899198,70655357.945847,22.2112359618379,225415686.669299
29.3,-26,0.0498448606899198,70655357.945847,22.2112359618379,225415686.669299
29.4,-26,0.0498448606899198,70655357.945847,22.2112359618379,225415686.669299
29.5,-26,0.0498448606899198,70655357.945847,22.2112359618379,225415686.669299
29.6,-26,0.0498448606899198,70655357.945847,22.2112359618379,225415686.669299
29.7,-26,0.0433658984314495,6373328.89207381,21.1209064004583,23250707.6995559
29.8,-26,0.0433658984314495,6373328.89207381,21.1209064004583,23250707.6995559
29.9,-26,0.0433658984314495,6373328.89207381,21.1209064004583,23250707.6995559
30,-26,0.0433658984314495,6373328.89207381,21.1209064004583,23250707.6995559
30.1,-26,0.0433658984314495,6373328.89207381,21.1209064004583,23250707.6995559
30.2,-26,0.0433658984314495,6373328.89207381,21.1209064004583,23250707.6995559
30.3,-26,0.0433658984314495,6373328.89207381,21.1209064004583,23250707.6995559
30.4,-26,0.0527702734359716,208960893.561046,22.6360288890861,653353583.102448
30.5,-26,0.0527702734359716,208960893.561046,22.6360288890861,653353583.102448
30.6,-26,0.0527702734359716,208960893.561046,22.6360288890861,653353583.102448
30.7,-26,0.0527702734359716,208960893.561046,22.6360288890861,653353583.102448
30.8,-26,0.0527702734359716,208960893.561046,22.6360288890861,653353583.102448
30.9,-26,0.0527702734359716,208960893.561046,22.6360288890861,653353583.102448
31,-26,0.0660107767518455,28889327859.7861,25.0951276996508,76776447117.9754
20,-25.9,0.0523713180035853,201061824.217269,26.7893011743462,1829039278.21344
20.1,-25.9,0.0523713180035853,201061824.217269,26.7893011743462,1829039278.21344
20.2,-25.9,0.0523713180035853,201061824.217269,26.7893011743462,1829039278.21344
20.3,-25.9,0.0523713180035853,201061824.217269,26.7893011743462,1829039278.21344
20.4,-25.9,0.0526567794117794,223380687.899228,26.7416578762592,1982332843.48626
20.5,-25.9,0.0526567794117794,223380687.899228,26.7416578762592,1982332843.48626
20.6,-25.9,0.0526567794117794,223380687.899228,26.7416578762592,1982332843.48626
20.7,-25.9,0.0526567794117794,223380687.899228,26.7416578762592,1982332843.48626
22.8,-25.9,0.053858659132457,347597144.139536,26.7010491226786,3204078159.04617
22.9,-25.9,0.056076288183216,782309025.928092,26.5213508809525,5921747631.26366
23,-25.9,0.056076288183216,782309025.928092,26.5213508809525,5921747631.26366
23.1,-25.9,0.056076288183216,782309025.928092,26.5213508809525,5921747631.26366
23.2,-25.9,0.056076288183216,782309025.928092,26.5213508809525,5921747631.26366
23.3,-25.9,0.056076288183216,782309025.928092,26.5213508809525,5921747631.26366
23.4,-25.9,0.056076288183216,782309025.928092,26.5213508809525,5921747631.26366
23.5,-25.9,0.0590669404384989,2330933879.51356,26.0288062603205,11549661477.8931
23.6,-25.9,0.0590669404384989,2330933879.51356,26.0288062603205,11549661477.8931
23.7,-25.9,0.0590669404384989,2330933879.51356,26.0288062603205,11549661477.8931
23.8,-25.9,0.0590669404384989,2330933879.51356,26.0288062603205,11549661477.8931
23.9,-25.9,0.0590669404384989,2330933879.51356,26.0288062603205,11549661477.8931
24,-25.9,0.0590669404384989,2330933879.51356,26.0288062603205,11549661477.8931
24.1,-25.9,0.0609994380523563,4719092941.58587,25.8509802997708,18468294538.4436
24.2,-25.9,0.0609994380523563,4719092941.58587,25.8509802997708,18468294538.4436
24.3,-25.9,0.0609994380523563,4719092941.58587,25.8509802997708,18468294538.4436
24.4,-25.9,0.0609994380523563,4719092941.58587,25.8509802997708,18468294538.4436
24.5,-25.9,0.0609994380523563,4719092941.58587,25.8509802997708,18468294538.4436
24.6,-25.9,0.0609994380523563,4719092941.58587,25.8509802997708,18468294538.4436
24.7,-25.9,0.062013219945404,6748360260.06887,25.3466359526469,19626236900.3259
24.8,-25.9,0.062013219945404,6748360260.06887,25.3466359526469,19626236900.3259
24.9,-25.9,0.062013219945404,6748360260.06887,25.3466359526469,19626236900.3259
25,-25.9,0.062013219945404,6748360260.06887,25.3466359526469,19626236900.3259
25.1,-25.9,0.062013219945404,6748360260.06887,25.3466359526469,19626236900.3259
25.2,-25.9,0.062013219945404,6748360260.06887,25.3466359526469,19626236900.3259
25.3,-25.9,0.062013219945404,6748360260.06887,25.3466359526469,19626236900.3259
25.4,-25.9,0.0595537119828724,2664983098.66144,24.4138543449701,6830927904.67061
25.5,-25.9,0.0595537119828724,2664983098.66144,24.4138543449701,6830927904.67061
25.6,-25.9,0.0595537119828724,2664983098.66144,24.4138543449701,6830927904.67061
25.7,-25.9,0.0595537119828724,2664983098.66144,24.4138543449701,6830927904.67061
25.8,-25.9,0.0595537119828724,2664983098.66144,24.4138543449701,6830927904.67061
25.9,-25.9,0.0595537119828724,2664983098.66144,24.4138543449701,6830927904.67061
26,-25.9,0.055225820267763,527228840.265485,23.364311188121,1408508148.47517
26.1,-25.9,0.055225820267763,527228840.265485,23.364311188121,1408508148.47517
26.2,-25.9,0.055225820267763,527228840.265485,23.364311188121,1408508148.47517
26.3,-25.9,0.055225820267763,527228840.265485,23.364311188121,1408508148.47517
26.4,-25.9,0.055225820267763,527228840.265485,23.364311188121,1408508148.47517
26.5,-25.9,0.055225820267763,527228840.265485,23.364311188121,1408508148.47517
26.6,-25.9,0.05203388329612,160050692.160023,22.6987736707784,453362120.851654
26.7,-25.9,0.05203388329612,160050692.160023,22.6987736707784,453362120.851654
26.8,-25.9,0.05203388329612,160050692.160023,22.6987736707784,453362120.851654
26.9,-25.9,0.05203388329612,160050692.160023,22.6987736707784,453362120.851654
27,-25.9,0.05203388329612,160050692.160023,22.6987736707784,453362120.851654
27.1,-25.9,0.05203388329612,160050692.160023,22.6987736707784,453362120.851654
27.2,-25.9,0.0548253382896716,452219954.784157,23.2029775233653,1260500696.32422
27.3,-25.9,0.0548253382896716,452219954.784157,23.2029775233653,1260500696.32422
27.4,-25.9,0.0548253382896716,452219954.784157,23.2029775233653,1260500696.32422
27.5,-25.9,0.0548253382896716,452219954.784157,23.2029775233653,1260500696.32422
27.6,-25.9,0.0548253382896716,452219954.784157,23.2029775233653,1260500696.32422
27.7,-25.9,0.0548253382896716,452219954.784157,23.2029775233653,1260500696.32422
27.8,-25.9,0.0548253382896716,452219954.784157,23.2029775233653,1260500696.32422
27.9,-25.9,0.0514538532349417,128636624.051375,22.5321174901303,386832935.269875
28,-25.9,0.0514538532349417,128636624.051375,22.5321174901303,386832935.269875
28.1,-25.9,0.0514538532349417,128636624.051375,22.5321174901303,386832935.269875
28.2,-25.9,0.0514538532349417,128636624.051375,22.5321174901303,386832935.269875
28.3,-25.9,0.0514538532349417,128636624.051375,22.5321174901303,386832935.269875
28.4,-25.9,0.0514538532349417,128636624.051375,22.5321174901303,386832935.269875
28.5,-25.9,0.0524337444465669,185235745.185274,22.7006772741326,553225561.525536
28.6,-25.9,0.0524337444465669,185235745.185274,22.7006772741326,553225561.525536
28.7,-25.9,0.0524337444465669,185235745.185274,22.7006772741326,553225561.525536
28.8,-25.9,0.0524337444465669,185235745.185274,22.7006772741326,553225561.525536
28.9,-25.9,0.0524337444465669,185235745.185274,22.7006772741326,553225561.525536
29,-25.9,0.0524337444465669,185235745.185274,22.7006772741326,553225561.525536
29.1,-25.9,0.0498448606899198,70655357.945847,22.2112359618379,225415686.669299
29.2,-25.9,0.0498448606899198,70655357.945847,22.2112359618379,225415686.669299
29.3,-25.9,0.0498448606899198,70655357.945847,22.2112359618379,225415686.669299
29.4,-25.9,0.0498448606899198,70655357.945847,22.2112359618379,225415686.669299
29.5,-25.9,0.0498448606899198,70655357.945847,22.2112359618379,225415686.669299
29.6,-25.9,0.0498448606899198,70655357.945847,22.2112359618379,225415686.669299
29.7,-25.9,0.0433658984314495,6373328.89207381,21.1209064004583,23250707.6995559
29.8,-25.9,0.0433658984314495,6373328.89207381,21.1209064004583,23250707.6995559
29.9,-25.9,0.0433658984314495,6373328.89207381,21.1209064004583,23250707.6995559
30,-25.9,0.0433658984314495,6373328.89207381,21.1209064004583,23250707.6995559
30.1,-25.9,0.0433658984314495,6373328.89207381,21.1209064004583,23250707.6995559
30.2,-25.9,0.0433658984314495,6373328.89207381,21.1209064004583,23250707.6995559
30.3,-25.9,0.0433658984314495,6373328.89207381,21.1209064004583,23250707.6995559
30.4,-25.9,0.0527702734359716,208960893.561046,22.6360288890861,653353583.102448
30.5,-25.9,0.0527702734359716,208960893.561046,22.6360288890861,653353583.102448
30.6,-25.9,0.0527702734359716,208960893.561046,22.6360288890861,653353583.102448
30.7,-25.9,0.0527702734359716,208960893.561046,22.6360288890861,653353583.102448
30.8,-25.9,0.0527702734359716,208960893.561046,22.6360288890861,653353583.102448
30.9,-25.9,0.0527702734359716,208960893.561046,22.6360288890861,653353583.102448
31,-25.9,0.0660107767518455,28889327859.7861,25.0951276996508,76776447117.9754
31.1,-25.9,0.0660107767518455,28889327859.7861,25.0951276996508,76776447117.9754
31.8,-25.9,0.0724144811845483,315977037084.02,27.8383787161805,1134133473817.75
31.9,-25.9,0.0724144811845483,315977037084.02,27.8383787161805,1134133473817.75
20,-25.8,0.0523713180035853,201061824.217269,26.7893011743462,1829039278.21344
20.1,-25.8,0.0523713180035853,201061824.217269,26.7893011743462,1829039278.21344
20.2,-25.8,0.0523713180035853,201061824.217269,26.7893011743462,1829039278.21344
20.3,-25.8,0.0523713180035853,201061824.217269,26.7893011743462,1829039278.21344
20.4,-25.8,0.0526567794117794,223380687.899228,26.7416578762592,1982332843.48626
20.5,-25.8,0.0526567794117794,223380687.899228,26.7416578762592,1982332843.48626
20.6,-25.8,0.0526567794117794,223380687.899228,26.7416578762592,1982332843.48626
20.7,-25.8,0.0526567794117794,223380687.899228,26.7416578762592,1982332843.48626
22.8,-25.8,0.053858659132457,347597144.139536,26.7010491226786,3204078159.04617
22.9,-25.8,0.056076288183216,782309025.928092,26.5213508809525,5921747631.26366
23,-25.8,0.056076288183216,782309025.928092,26.5213508809525,5921747631.26366
23.1,-25.8,0.056076288183216,782309025.928092,26.5213508809525,5921747631.26366
23.2,-25.8,0.056076288183216,782309025.928092,26.5213508809525,5921747631.26366
23.3,-25.8,0.056076288183216,782309025.928092,26.5213508809525,5921747631.26366
23.4,-25.8,0.056076288183216,782309025.928092,26.5213508809525,5921747631.26366
23.5,-25.8,0.0590669404384989,2330933879.51356,26.0288062603205,11549661477.8931
23.6,-25.8,0.0590669404384989,2330933879.51356,26.0288062603205,11549661477.8931
23.7,-25.8,0.0590669404384989,2330933879.51356,26.0288062603205,11549661477.8931
23.8,-25.8,0.0590669404384989,2330933879.51356,26.0288062603205,11549661477.8931
23.9,-25.8,0.0590669404384989,2330933879.51356,26.0288062603205,11549661477.8931
24,-25.8,0.0590669404384989,2330933879.51356,26.0288062603205,11549661477.8931
24.1,-25.8,0.0609994380523563,4719092941.58587,25.8509802997708,18468294538.4436
24.2,-25.8,0.0609994380523563,4719092941.58587,25.8509802997708,18468294538.4436
24.3,-25.8,0.0609994380523563,4719092941.58587,25.8509802997708,18468294538.4436
24.4,-25.8,0.0609994380523563,4719092941.58587,25.8509802997708,18468294538.4436
24.5,-25.8,0.0609994380523563,4719092941.58587,25.8509802997708,18468294538.4436
24.6,-25.8,0.0609994380523563,4719092941.58587,25.8509802997708,18468294538.4436
24.9,-25.8,0.062013219945404,6748360260.06887,25.3466359526469,19626236900.3259
25,-25.8,0.062013219945404,6748360260.06887,25.3466359526469,19626236900.3259
25.1,-25.8,0.062013219945404,6748360260.06887,25.3466359526469,19626236900.3259
25.2,-25.8,0.062013219945404,6748360260.06887,25.3466359526469,19626236900.3259
25.3,-25.8,0.062013219945404,6748360260.06887,25.3466359526469,19626236900.3259
25.4,-25.8,0.0595537119828724,2664983098.66144,24.4138543449701,6830927904.67061
25.5,-25.8,0.0595537119828724,2664983098.66144,24.4138543449701,6830927904.67061
25.6,-25.8,0.0595537119828724,2664983098.66144,24.4138543449701,6830927904.67061
25.7,-25.8,0.0595537119828724,2664983098.66144,24.4138543449701,6830927904.67061
25.8,-25.8,0.0595537119828724,2664983098.66144,24.4138543449701,6830927904.67061
25.9,-25.8,0.0595537119828724,2664983098.66144,24.4138543449701,6830927904.67061
26,-25.8,0.055225820267763,527228840.265485,23.364311188121,1408508148.47517
26.1,-25.8,0.055225820267763,527228840.265485,23.364311188121,1408508148.47517
26.2,-25.8,0.055225820267763,527228840.265485,23.364311188121,1408508148.47517
26.3,-25.8,0.055225820267763,527228840.265485,23.364311188121,1408508148.47517
26.4,-25.8,0.055225820267763,527228840.265485,23.364311188121,1408508148.47517
26.5,-25.8,0.055225820267763,527228840.265485,23.364311188121,1408508148.47517
26.6,-25.8,0.05203388329612,160050692.160023,22.6987736707784,453362120.851654
26.7,-25.8,0.05203388329612,160050692.160023,22.6987736707784,453362120.851654
26.8,-25.8,0.05203388329612,160050692.160023,22.6987736707784,453362120.851654
26.9,-25.8,0.05203388329612,160050692.160023,22.6987736707784,453362120.851654
27,-25.8,0.05203388329612,160050692.160023,22.6987736707784,453362120.851654
27.1,-25.8,0.05203388329612,160050692.160023,22.6987736707784,453362120.851654
27.2,-25.8,0.0548253382896716,452219954.784157,23.2029775233653,1260500696.32422
27.3,-25.8,0.0548253382896716,452219954.784157,23.2029775233653,1260500696.32422
27.4,-25.8,0.0548253382896716,452219954.784157,23.2029775233653,1260500696.32422
27.5,-25.8,0.0548253382896716,452219954.784157,23.2029775233653,1260500696.32422
27.6,-25.8,0.0548253382896716,452219954.784157,23.2029775233653,1260500696.32422
27.7,-25.8,0.0548253382896716,452219954.784157,23.2029775233653,1260500696.32422
27.8,-25.8,0.0548253382896716,452219954.784157,23.2029775233653,1260500696.32422
27.9,-25.8,0.0514538532349417,128636624.051375,22.5321174901303,386832935.269875
28,-25.8,0.0514538532349417,128636624.051375,22.5321174901303,386832935.269875
28.1,-25.8,0.0514538532349417,128636624.051375,22.5321174901303,386832935.269875
28.2,-25.8,0.0514538532349417,128636624.051375,22.5321174901303,386832935.269875
28.3,-25.8,0.0514538532349417,128636624.051375,22.5321174901303,386832935.269875
28.4,-25.8,0.0514538532349417,128636624.051375,22.5321174901303,386832935.269875
28.5,-25.8,0.0524337444465669,185235745.185274,22.7006772741326,553225561.525536
28.6,-25.8,0.0524337444465669,185235745.185274,22.7006772741326,553225561.525536
28.7,-25.8,0.0524337444465669,185235745.185274,22.7006772741326,553225561.525536
28.8,-25.8,0.0524337444465669,185235745.185274,22.7006772741326,553225561.525536
28.9,-25.8,0.0524337444465669,185235745.185274,22.7006772741326,553225561.525536
29,-25.8,0.0524337444465669,185235745.185274,22.7006772741326,553225561.525536
29.1,-25.8,0.0498448606899198,70655357.945847,22.2112359618379,225415686.669299
29.2,-25.8,0.0498448606899198,70655357.945847,22.2112359618379,225415686.669299
29.3,-25.8,0.0498448606899198,70655357.945847,22.2112359618379,225415686.669299
29.4,-25.8,0.0498448606899198,70655357.945847,22.2112359618379,225415686.669299
29.5,-25.8,0.0498448606899198,70655357.945847,22.2112359618379,225415686.669299
29.6,-25.8,0.0498448606899198,70655357.945847,22.2112359618379,225415686.669299
29.7,-25.8,0.0433658984314495,6373328.89207381,21.1209064004583,23250707.6995559
29.8,-25.8,0.0433658984314495,6373328.89207381,21.1209064004583,23250707.6995559
29.9,-25.8,0.0433658984314495,6373328.89207381,21.1209064004583,23250707.6995559
30,-25.8,0.0433658984314495,6373328.89207381,21.1209064004583,23250707.6995559
30.1,-25.8,0.0433658984314495,6373328.89207381,21.1209064004583,23250707.6995559
30.2,-25.8,0.0433658984314495,6373328.89207381,21.1209064004583,23250707.6995559
30.3,-25.8,0.0433658984314495,6373328.89207381,21.1209064004583,23250707.6995559
30.4,-25.8,0.0527702734359716,208960893.561046,22.6360288890861,653353583.102448
30.5,-25.8,0.0527702734359716,208960893.561046,22.6360288890861,653353583.102448
30.6,-25.8,0.0527702734359716,208960893.561046,22.6360288890861,653353583.102448
30.7,-25.8,0.0527702734359716,208960893.561046,22.6360288890861,653353583.102448
30.8,-25.8,0.0527702734359716,208960893.561046,22.6360288890861,653353583.102448
30.9,-25.8,0.0527702734359716,208960893.561046,22.6360288890861,653353583.102448
31,-25.8,0.0660107767518455,28889327859.7861,25.0951276996508,76776447117.9754
31.1,-25.8,0.0660107767518455,28889327859.7861,25.0951276996508,76776447117.9754
31.2,-25.8,0.0660107767518455,28889327859.7861,25.0951276996508,76776447117.9754
31.6,-25.8,0.0724144811845483,315977037084.02,27.8383787161805,1134133473817.75
31.7,-25.8,0.0724144811845483,315977037084.02,27.8383787161805,1134133473817.75
31.8,-25.8,0.0724144811845483,315977037084.02,27.8383787161805,1134133473817.75
31.9,-25.8,0.0724144811845483,315977037084.02,27.8383787161805,1134133473817.75
20,-25.7,0.0523665137480003,200683618.802613,26.969631474093,1999297346.05668
20.1,-25.7,0.0523665137480003,200683618.802613,26.969631474093,1999297346.05668
20.2,-25.7,0.0523665137480003,200683618.802613,26.969631474093,1999297346.05668
20.3,-25.7,0.0523665137480003,200683618.802613,26.969631474093,1999297346.05668
20.4,-25.7,0.0531836053809856,271144282.420241,26.8621615300964,2547522727.88042
20.5,-25.7,0.0531836053809856,271144282.420241,26.8621615300964,2547522727.88042
20.6,-25.7,0.0531836053809856,271144282.420241,26.8621615300964,2547522727.88042
22.8,-25.7,0.0536974052307714,328873985.237541,26.9066673140084,3472526218.06527
22.9,-25.7,0.0550857097048779,546776602.657997,26.8658735656389,5129618463.91672
23,-25.7,0.0550857097048779,546776602.657997,26.8658735656389,5129618463.91672
23.1,-25.7,0.0550857097048779,546776602.657997,26.8658735656389,5129618463.91672
23.2,-25.7,0.0550857097048779,546776602.657997,26.8658735656389,5129618463.91672
23.3,-25.7,0.0550857097048779,546776602.657997,26.8658735656389,5129618463.91672
23.4,-25.7,0.0550857097048779,546776602.657997,26.8658735656389,5129618463.91672
23.5,-25.7,0.0573978682089992,1275297402.13045,26.6824037592565,9249460237.82725
23.6,-25.7,0.0573978682089992,1275297402.13045,26.6824037592565,9249460237.82725
23.7,-25.7,0.0573978682089992,1275297402.13045,26.6824037592565,9249460237.82725
23.8,-25.7,0.0573978682089992,1275297402.13045,26.6824037592565,9249460237.82725
23.9,-25.7,0.0573978682089992,1275297402.13045,26.6824037592565,9249460237.82725
24,-25.7,0.0573978682089992,1275297402.13045,26.6824037592565,9249460237.82725
24.1,-25.7,0.0608591672367238,4529330030.36811,26.3916856944277,21787750617.4857
24.2,-25.7,0.0608591672367238,4529330030.36811,26.3916856944277,21787750617.4857
25.5,-25.7,0.0608071586624937,4248066515.89812,24.6539933956144,10931582399.0646
25.6,-25.7,0.0608071586624937,4248066515.89812,24.6539933956144,10931582399.0646
25.7,-25.7,0.0608071586624937,4248066515.89812,24.6539933956144,10931582399.0646
25.8,-25.7,0.0608071586624937,4248066515.89812,24.6539933956144,10931582399.0646
25.9,-25.7,0.0608071586624937,4248066515.89812,24.6539933956144,10931582399.0646
26,-25.7,0.0621459016752399,6980494588.09556,24.8911650406281,18055706812.1766
26.1,-25.7,0.0621459016752399,6980494588.09556,24.8911650406281,18055706812.1766
26.2,-25.7,0.0621459016752399,6980494588.09556,24.8911650406281,18055706812.1766
26.3,-25.7,0.0621459016752399,6980494588.09556,24.8911650406281,18055706812.1766
26.4,-25.7,0.0621459016752399,6980494588.09556,24.8911650406281,18055706812.1766
26.5,-25.7,0.0621459016752399,6980494588.09556,24.8911650406281,18055706812.1766
26.6,-25.7,0.0630172597801435,9652790726.30113,25.0674252957254,25034592470.4206
26.7,-25.7,0.0630172597801435,9652790726.30113,25.0674252957254,25034592470.4206
26.8,-25.7,0.0630172597801435,9652790726.30113,25.0674252957254,25034592470.4206
26.9,-25.7,0.0630172597801435,9652790726.30113,25.0674252957254,25034592470.4206
27,-25.7,0.0630172597801435,9652790726.30113,25.0674252957254,25034592470.4206
27.1,-25.7,0.0630172597801435,9652790726.30113,25.0674252957254,25034592470.4206
27.2,-25.7,0.0647474782791305,18443184700.1884,25.5421009254278,48588520223.2561
27.3,-25.7,0.0647474782791305,18443184700.1884,25.5421009254278,48588520223.2561
27.4,-25.7,0.0647474782791305,18443184700.1884,25.5421009254278,48588520223.2561
27.5,-25.7,0.0647474782791305,18443184700.1884,25.5421009254278,48588520223.2561
27.6,-25.7,0.0647474782791305,18443184700.1884,25.5421009254278,48588520223.2561
27.7,-25.7,0.0647474782791305,18443184700.1884,25.5421009254278,48588520223.2561
27.8,-25.7,0.0647474782791305,18443184700.1884,25.5421009254278,48588520223.2561
27.9,-25.7,0.0636134273569035,12017801386.3129,25.098041481899,31027287605.684
28,-25.7,0.0636134273569035,12017801386.3129,25.098041481899,31027287605.684
28.1,-25.7,0.0636134273569035,12017801386.3129,25.098041481899,31027287605.684
28.2,-25.7,0.0636134273569035,12017801386.3129,25.098041481899,31027287605.684
28.3,-25.7,0.0636134273569035,12017801386.3129,25.098041481899,31027287605.684
28.4,-25.7,0.0636134273569035,12017801386.3129,25.098041481899,31027287605.684
28.5,-25.7,0.0588294745940943,2008555554.54492,23.9287953603463,5447559215.79978
28.6,-25.7,0.0588294745940943,2008555554.54492,23.9287953603463,5447559215.79978
28.7,-25.7,0.0588294745940943,2008555554.54492,23.9287953603463,5447559215.79978
28.8,-25.7,0.0588294745940943,2008555554.54492,23.9287953603463,5447559215.79978
28.9,-25.7,0.0588294745940943,2008555554.54492,23.9287953603463,5447559215.79978
29,-25.7,0.0588294745940943,2008555554.54492,23.9287953603463,5447559215.79978
29.1,-25.7,0.0577374000871397,1333023494.62636,23.6438574617329,3746598301.91366
29.2,-25.7,0.0577374000871397,1333023494.62636,23.6438574617329,3746598301.91366
29.3,-25.7,0.0577374000871397,1333023494.62636,23.6438574617329,3746598301.91366
29.4,-25.7,0.0577374000871397,1333023494.62636,23.6438574617329,3746598301.91366
29.5,-25.7,0.0577374000871397,1333023494.62636,23.6438574617329,3746598301.91366
29.6,-25.7,0.0577374000871397,1333023494.62636,23.6438574617329,3746598301.91366
29.7,-25.7,0.0395812939792584,1567398.86599106,20.5266394716718,6548585.89107721
29.8,-25.7,0.0395812939792584,1567398.86599106,20.5266394716718,6548585.89107721
29.9,-25.7,0.0395812939792584,1567398.86599106,20.5266394716718,6548585.89107721
30,-25.7,0.0395812939792584,1567398.86599106,20.5266394716718,6548585.89107721
30.1,-25.7,0.0395812939792584,1567398.86599106,20.5266394716718,6548585.89107721
30.2,-25.7,0.0395812939792584,1567398.86599106,20.5266394716718,6548585.89107721
30.3,-25.7,0.0395812939792584,1567398.86599106,20.5266394716718,6548585.89107721
30.4,-25.7,0.0530574964237456,231861831.419421,22.6355558325644,751338633.508113
30.5,-25.7,0.0530574964237456,231861831.419421,22.6355558325644,751338633.508113
30.6,-25.7,0.0530574964237456,231861831.419421,22.6355558325644,751338633.508113
30.7,-25.7,0.0530574964237456,231861831.419421,22.6355558325644,751338633.508113
30.8,-25.7,0.0530574964237456,231861831.419421,22.6355558325644,751338633.508113
30.9,-25.7,0.0530574964237456,231861831.419421,22.6355558325644,751338633.508113
31,-25.7,0.0710607626657171,191016438662.553,26.5840802453467,524813366236.976
31.1,-25.7,0.0710607626657171,191016438662.553,26.5840802453467,524813366236.976
31.2,-25.7,0.0710607626657171,191016438662.553,26.5840802453467,524813366236.976
31.3,-25.7,0.0710607626657171,191016438662.553,26.5840802453467,524813366236.976
31.4,-25.7,0.0710607626657171,191016438662.553,26.5840802453467,524813366236.976
31.5,-25.7,0.0710607626657171,191016438662.553,26.5840802453467,524813366236.976
31.6,-25.7,0.0692232823090684,97167202903.3441,28.5510205909757,499768039039.823
31.7,-25.7,0.0692232823090684,97167202903.3441,28.5510205909757,499768039039.823
31.8,-25.7,0.0692232823090684,97167202903.3441,28.5510205909757,499768039039.823
31.9,-25.7,0.0692232823090684,97167202903.3441,28.5510205909757,499768039039.823
20,-25.6,0.0523665137480003,200683618.802613,26.969631474093,1999297346.05668
20.1,-25.6,0.0523665137480003,200683618.802613,26.969631474093,1999297346.05668
20.2,-25.6,0.0523665137480003,200683618.802613,26.969631474093,1999297346.05668
20.3,-25.6,0.0523665137480003,200683618.802613,26.969631474093,1999297346.05668
20.4,-25.6,0.0531836053809856,271144282.420241,26.8621615300964,2547522727.88042
20.5,-25.6,0.0531836053809856,271144282.420241,26.8621615300964,2547522727.88042
20.6,-25.6,0.0531836053809856,271144282.420241,26.8621615300964,2547522727.88042
22.9,-25.6,0.0550857097048779,546776602.657997,26.8658735656389,5129618463.91672
23,-25.6,0.0550857097048779,546776602.657997,26.8658735656389,5129618463.91672
23.1,-25.6,0.0550857097048779,546776602.657997,26.8658735656389,5129618463.91672
23.2,-25.6,0.0550857097048779,546776602.657997,26.8658735656389,5129618463.91672
23.3,-25.6,0.0550857097048779,546776602.657997,26.8658735656389,5129618463.91672
23.4,-25.6,0.0550857097048779,546776602.657997,26.8658735656389,5129618463.91672
23.5,-25.6,0.0573978682089992,1275297402.13045,26.6824037592565,9249460237.82725
23.6,-25.6,0.0573978682089992,1275297402.13045,26.6824037592565,9249460237.82725
23.7,-25.6,0.0573978682089992,1275297402.13045,26.6824037592565,9249460237.82725
23.8,-25.6,0.0573978682089992,1275297402.13045,26.6824037592565,9249460237.82725
25.6,-25.6,0.0608071586624937,4248066515.89812,24.6539933956144,10931582399.0646
25.7,-25.6,0.0608071586624937,4248066515.89812,24.6539933956144,10931582399.0646
25.8,-25.6,0.0608071586624937,4248066515.89812,24.6539933956144,10931582399.0646
25.9,-25.6,0.0608071586624937,4248066515.89812,24.6539933956144,10931582399.0646
26,-25.6,0.0621459016752399,6980494588.09556,24.8911650406281,18055706812.1766
26.1,-25.6,0.0621459016752399,6980494588.09556,24.8911650406281,18055706812.1766
26.2,-25.6,0.0621459016752399,6980494588.09556,24.8911650406281,18055706812.1766
26.3,-25.6,0.0621459016752399,6980494588.09556,24.8911650406281,18055706812.1766
26.4,-25.6,0.0621459016752399,6980494588.09556,24.8911650406281,18055706812.1766
26.5,-25.6,0.0621459016752399,6980494588.09556,24.8911650406281,18055706812.1766
26.6,-25.6,0.0630172597801435,9652790726.30113,25.0674252957254,25034592470.4206
26.7,-25.6,0.0630172597801435,9652790726.30113,25.0674252957254,25034592470.4206
26.8,-25.6,0.0630172597801435,9652790726.30113,25.0674252957254,25034592470.4206
26.9,-25.6,0.0630172597801435,9652790726.30113,25.0674252957254,25034592470.4206
27,-25.6,0.0630172597801435,9652790726.30113,25.0674252957254,25034592470.4206
27.1,-25.6,0.0630172597801435,9652790726.30113,25.0674252957254,25034592470.4206
27.2,-25.6,0.0647474782791305,18443184700.1884,25.5421009254278,48588520223.2561
27.3,-25.6,0.0647474782791305,18443184700.1884,25.5421009254278,48588520223.2561
27.4,-25.6,0.0647474782791305,18443184700.1884,25.5421009254278,48588520223.2561
27.5,-25.6,0.0647474782791305,18443184700.1884,25.5421009254278,48588520223.2561
27.6,-25.6,0.0647474782791305,18443184700.1884,25.5421009254278,48588520223.2561
27.7,-25.6,0.0647474782791305,18443184700.1884,25.5421009254278,48588520223.2561
27.8,-25.6,0.0647474782791305,18443184700.1884,25.5421009254278,48588520223.2561
27.9,-25.6,0.0636134273569035,12017801386.3129,25.098041481899,31027287605.684
28,-25.6,0.0636134273569035,12017801386.3129,25.098041481899,31027287605.684
28.1,-25.6,0.0636134273569035,12017801386.3129,25.098041481899,31027287605.684
28.2,-25.6,0.0636134273569035,12017801386.3129,25.098041481899,31027287605.684
28.3,-25.6,0.0636134273569035,12017801386.3129,25.098041481899,31027287605.684
28.4,-25.6,0.0636134273569035,12017801386.3129,25.098041481899,31027287605.684
28.5,-25.6,0.0588294745940943,2008555554.54492,23.9287953603463,5447559215.79978
28.6,-25.6,0.0588294745940943,2008555554.54492,23.9287953603463,5447559215.79978
28.7,-25.6,0.0588294745940943,2008555554.54492,23.9287953603463,5447559215.79978
28.8,-25.6,0.0588294745940943,2008555554.54492,23.9287953603463,5447559215.79978
28.9,-25.6,0.0588294745940943,2008555554.54492,23.9287953603463,5447559215.79978
29,-25.6,0.0588294745940943,2008555554.54492,23.9287953603463,5447559215.79978
29.1,-25.6,0.0577374000871397,1333023494.62636,23.6438574617329,3746598301.91366
29.2,-25.6,0.0577374000871397,1333023494.62636,23.6438574617329,3746598301.91366
29.3,-25.6,0.0577374000871397,1333023494.62636,23.6438574617329,3746598301.91366
29.4,-25.6,0.0577374000871397,1333023494.62636,23.6438574617329,3746598301.91366
29.5,-25.6,0.0577374000871397,1333023494.62636,23.6438574617329,3746598301.91366
29.6,-25.6,0.0577374000871397,1333023494.62636,23.6438574617329,3746598301.91366
29.7,-25.6,0.0395812939792584,1567398.86599106,20.5266394716718,6548585.89107721
29.8,-25.6,0.0395812939792584,1567398.86599106,20.5266394716718,6548585.89107721
29.9,-25.6,0.0395812939792584,1567398.86599106,20.5266394716718,6548585.89107721
30,-25.6,0.0395812939792584,1567398.86599106,20.5266394716718,6548585.89107721
30.1,-25.6,0.0395812939792584,1567398.86599106,20.5266394716718,6548585.89107721
30.2,-25.6,0.0395812939792584,1567398.86599106,20.5266394716718,6548585.89107721
30.3,-25.6,0.0395812939792584,1567398.86599106,20.5266394716718,6548585.89107721
30.4,-25.6,0.0530574964237456,231861831.419421,22.6355558325644,751338633.508113
30.5,-25.6,0.0530574964237456,231861831.419421,22.6355558325644,751338633.508113
30.6,-25.6,0.0530574964237456,231861831.419421,22.6355558325644,751338633.508113
30.7,-25.6,0.0530574964237456,231861831.419421,22.6355558325644,751338633.508113
30.8,-25.6,0.0530574964237456,231861831.419421,22.6355558325644,751338633.508113
30.9,-25.6,0.0530574964237456,231861831.419421,22.6355558325644,751338633.508113
31,-25.6,0.0710607626657171,191016438662.553,26.5840802453467,524813366236.976
31.1,-25.6,0.0710607626657171,191016438662.553,26.5840802453467,524813366236.976
31.2,-25.6,0.0710607626657171,191016438662.553,26.5840802453467,524813366236.976
31.3,-25.6,0.0710607626657171,191016438662.553,26.5840802453467,524813366236.976
31.4,-25.6,0.0710607626657171,191016438662.553,26.5840802453467,524813366236.976
31.5,-25.6,0.0710607626657171,191016438662.553,26.5840802453467,524813366236.976
31.6,-25.6,0.0692232823090684,97167202903.3441,28.5510205909757,499768039039.823
31.7,-25.6,0.0692232823090684,97167202903.3441,28.5510205909757,499768039039.823
31.8,-25.6,0.0692232823090684,97167202903.3441,28.5510205909757,499768039039.823
31.9,-25.6,0.0692232823090684,97167202903.3441,28.5510205909757,499768039039.823
20,-25.5,0.0523665137480003,200683618.802613,26.969631474093,1999297346.05668
20.1,-25.5,0.0523665137480003,200683618.802613,26.969631474093,1999297346.05668
20.2,-25.5,0.0523665137480003,200683618.802613,26.969631474093,1999297346.05668
20.3,-25.5,0.0523665137480003,200683618.802613,26.969631474093,1999297346.05668
20.4,-25.5,0.0531836053809856,271144282.420241,26.8621615300964,2547522727.88042
20.5,-25.5,0.0531836053809856,271144282.420241,26.8621615300964,2547522727.88042
20.6,-25.5,0.0531836053809856,271144282.420241,26.8621615300964,2547522727.88042
22.9,-25.5,0.0550857097048779,546776602.657997,26.8658735656389,5129618463.91672
23,-25.5,0.0550857097048779,546776602.657997,26.8658735656389,5129618463.91672
23.1,-25.5,0.0550857097048779,546776602.657997,26.8658735656389,5129618463.91672
23.2,-25.5,0.0550857097048779,546776602.657997,26.8658735656389,5129618463.91672
23.3,-25.5,0.0550857097048779,546776602.657997,26.8658735656389,5129618463.91672
23.4,-25.5,0.0550857097048779,546776602.657997,26.8658735656389,5129618463.91672
23.5,-25.5,0.0573978682089992,1275297402.13045,26.6824037592565,9249460237.82725
23.6,-25.5,0.0573978682089992,1275297402.13045,26.6824037592565,9249460237.82725
23.7,-25.5,0.0573978682089992,1275297402.13045,26.6824037592565,9249460237.82725
25.7,-25.5,0.0608071586624937,4248066515.89812,24.6539933956144,10931582399.0646
25.8,-25.5,0.0608071586624937,4248066515.89812,24.6539933956144,10931582399.0646
25.9,-25.5,0.0608071586624937,4248066515.89812,24.6539933956144,10931582399.0646
26,-25.5,0.0621459016752399,6980494588.09556,24.8911650406281,18055706812.1766
26.1,-25.5,0.0621459016752399,6980494588.09556,24.8911650406281,18055706812.1766
26.2,-25.5,0.0621459016752399,6980494588.09556,24.8911650406281,18055706812.1766
26.3,-25.5,0.0621459016752399,6980494588.09556,24.8911650406281,18055706812.1766
26.4,-25.5,0.0621459016752399,6980494588.09556,24.8911650406281,18055706812.1766
26.5,-25.5,0.0621459016752399,6980494588.09556,24.8911650406281,18055706812.1766
26.6,-25.5,0.0630172597801435,9652790726.30113,25.0674252957254,25034592470.4206
26.7,-25.5,0.0630172597801435,9652790726.30113,25.0674252957254,25034592470.4206
26.8,-25.5,0.0630172597801435,9652790726.30113,25.0674252957254,25034592470.4206
26.9,-25.5,0.0630172597801435,9652790726.30113,25.0674252957254,25034592470.4206
27,-25.5,0.0630172597801435,9652790726.30113,25.0674252957254,25034592470.4206
27.1,-25.5,0.0630172597801435,9652790726.30113,25.0674252957254,25034592470.4206
27.2,-25.5,0.0647474782791305,18443184700.1884,25.5421009254278,48588520223.2561
27.3,-25.5,0.0647474782791305,18443184700.1884,25.5421009254278,48588520223.2561
27.4,-25.5,0.0647474782791305,18443184700.1884,25.5421009254278,48588520223.2561
27.5,-25.5,0.0647474782791305,18443184700.1884,25.5421009254278,48588520223.2561
27.6,-25.5,0.0647474782791305,18443184700.1884,25.5421009254278,48588520223.2561
27.7,-25.5,0.0647474782791305,18443184700.1884,25.5421009254278,48588520223.2561
27.8,-25.5,0.0647474782791305,18443184700.1884,25.5421009254278,48588520223.2561
27.9,-25.5,0.0636134273569035,12017801386.3129,25.098041481899,31027287605.684
28,-25.5,0.0636134273569035,12017801386.3129,25.098041481899,31027287605.684
28.1,-25.5,0.0636134273569035,12017801386.3129,25.098041481899,31027287605.684
28.2,-25.5,0.0636134273569035,12017801386.3129,25.098041481899,31027287605.684
28.3,-25.5,0.0636134273569035,12017801386.3129,25.098041481899,31027287605.684
28.4,-25.5,0.0636134273569035,12017801386.3129,25.098041481899,31027287605.684
28.5,-25.5,0.0588294745940943,2008555554.54492,23.9287953603463,5447559215.79978
28.6,-25.5,0.0588294745940943,2008555554.54492,23.9287953603463,5447559215.79978
28.7,-25.5,0.0588294745940943,2008555554.54492,23.9287953603463,5447559215.79978
28.8,-25.5,0.0588294745940943,2008555554.54492,23.9287953603463,5447559215.79978
28.9,-25.5,0.0588294745940943,2008555554.54492,23.9287953603463,5447559215.79978
29,-25.5,0.0588294745940943,2008555554.54492,23.9287953603463,5447559215.79978
29.1,-25.5,0.0577374000871397,1333023494.62636,23.6438574617329,3746598301.91366
29.2,-25.5,0.0577374000871397,1333023494.62636,23.6438574617329,3746598301.91366
29.3,-25.5,0.0577374000871397,1333023494.62636,23.6438574617329,3746598301.91366
29.4,-25.5,0.0577374000871397,1333023494.62636,23.6438574617329,3746598301.91366
29.5,-25.5,0.0577374000871397,1333023494.62636,23.6438574617329,3746598301.91366
29.6,-25.5,0.0577374000871397,1333023494.62636,23.6438574617329,3746598301.91366
29.7,-25.5,0.0395812939792584,1567398.86599106,20.5266394716718,6548585.89107721
29.8,-25.5,0.0395812939792584,1567398.86599106,20.5266394716718,6548585.89107721
29.9,-25.5,0.0395812939792584,1567398.86599106,20.5266394716718,6548585.89107721
30,-25.5,0.0395812939792584,1567398.86599106,20.5266394716718,6548585.89107721
30.1,-25.5,0.0395812939792584,1567398.86599106,20.5266394716718,6548585.89107721
30.2,-25.5,0.0395812939792584,1567398.86599106,20.5266394716718,6548585.89107721
30.3,-25.5,0.0395812939792584,1567398.86599106,20.5266394716718,6548585.89107721
30.4,-25.5,0.0530574964237456,231861831.419421,22.6355558325644,751338633.508113
30.5,-25.5,0.0530574964237456,231861831.419421,22.6355558325644,751338633.508113
30.6,-25.5,0.0530574964237456,231861831.419421,22.6355558325644,751338633.508113
30.7,-25.5,0.0530574964237456,231861831.419421,22.6355558325644,751338633.508113
30.8,-25.5,0.0530574964237456,231861831.419421,22.6355558325644,751338633.508113
30.9,-25.5,0.0530574964237456,231861831.419421,22.6355558325644,751338633.508113
31,-25.5,0.0710607626657171,191016438662.553,26.5840802453467,524813366236.976
31.1,-25.5,0.0710607626657171,191016438662.553,26.5840802453467,524813366236.976
31.2,-25.5,0.0710607626657171,191016438662.553,26.5840802453467,524813366236.976
31.3,-25.5,0.0710607626657171,191016438662.553,26.5840802453467,524813366236.976
31.4,-25.5,0.0710607626657171,191016438662.553,26.5840802453467,524813366236.976
31.5,-25.5,0.0710607626657171,191016438662.553,26.5840802453467,524813366236.976
31.6,-25.5,0.0692232823090684,97167202903.3441,28.5510205909757,499768039039.823
31.7,-25.5,0.0692232823090684,97167202903.3441,28.5510205909757,499768039039.823
31.8,-25.5,0.0692232823090684,97167202903.3441,28.5510205909757,499768039039.823
31.9,-25.5,0.0692232823090684,97167202903.3441,28.5510205909757,499768039039.823
20,-25.4,0.0523665137480003,200683618.802613,26.969631474093,1999297346.05668
20.1,-25.4,0.0523665137480003,200683618.802613,26.969631474093,1999297346.05668
20.2,-25.4,0.0523665137480003,200683618.802613,26.969631474093,1999297346.05668
20.3,-25.4,0.0523665137480003,200683618.802613,26.969631474093,1999297346.05668
20.4,-25.4,0.0531836053809856,271144282.420241,26.8621615300964,2547522727.88042
20.5,-25.4,0.0531836053809856,271144282.420241,26.8621615300964,2547522727.88042
23,-25.4,0.0550857097048779,546776602.657997,26.8658735656389,5129618463.91672
23.1,-25.4,0.0550857097048779,546776602.657997,26.8658735656389,5129618463.91672
23.2,-25.4,0.0550857097048779,546776602.657997,26.8658735656389,5129618463.91672
23.3,-25.4,0.0550857097048779,546776602.657997,26.8658735656389,5129618463.91672
23.4,-25.4,0.0550857097048779,546776602.657997,26.8658735656389,5129618463.91672
23.5,-25.4,0.0573978682089992,1275297402.13045,26.6824037592565,9249460237.82725
23.6,-25.4,0.0573978682089992,1275297402.13045,26.6824037592565,9249460237.82725
25.7,-25.4,0.0608071586624937,4248066515.89812,24.6539933956144,10931582399.0646
25.8,-25.4,0.0608071586624937,4248066515.89812,24.6539933956144,10931582399.0646
25.9,-25.4,0.0608071586624937,4248066515.89812,24.6539933956144,10931582399.0646
26,-25.4,0.0621459016752399,6980494588.09556,24.8911650406281,18055706812.1766
26.1,-25.4,0.0621459016752399,6980494588.09556,24.8911650406281,18055706812.1766
26.2,-25.4,0.0621459016752399,6980494588.09556,24.8911650406281,18055706812.1766
26.3,-25.4,0.0621459016752399,6980494588.09556,24.8911650406281,18055706812.1766
26.4,-25.4,0.0621459016752399,6980494588.09556,24.8911650406281,18055706812.1766
26.5,-25.4,0.0621459016752399,6980494588.09556,24.8911650406281,18055706812.1766
26.6,-25.4,0.0630172597801435,9652790726.30113,25.0674252957254,25034592470.4206
26.7,-25.4,0.0630172597801435,9652790726.30113,25.0674252957254,25034592470.4206
26.8,-25.4,0.0630172597801435,9652790726.30113,25.0674252957254,25034592470.4206
26.9,-25.4,0.0630172597801435,9652790726.30113,25.0674252957254,25034592470.4206
27,-25.4,0.0630172597801435,9652790726.30113,25.0674252957254,25034592470.4206
27.1,-25.4,0.0630172597801435,9652790726.30113,25.0674252957254,25034592470.4206
27.2,-25.4,0.0647474782791305,18443184700.1884,25.5421009254278,48588520223.2561
27.3,-25.4,0.0647474782791305,18443184700.1884,25.5421009254278,48588520223.2561
27.4,-25.4,0.0647474782791305,18443184700.1884,25.5421009254278,48588520223.2561
27.5,-25.4,0.0647474782791305,18443184700.1884,25.5421009254278,48588520223.2561
27.6,-25.4,0.0647474782791305,18443184700.1884,25.5421009254278,48588520223.2561
27.7,-25.4,0.0647474782791305,18443184700.1884,25.5421009254278,48588520223.2561
27.8,-25.4,0.0647474782791305,18443184700.1884,25.5421009254278,48588520223.2561
27.9,-25.4,0.0636134273569035,12017801386.3129,25.098041481899,31027287605.684
28,-25.4,0.0636134273569035,12017801386.3129,25.098041481899,31027287605.684
28.1,-25.4,0.0636134273569035,12017801386.3129,25.098041481899,31027287605.684
28.2,-25.4,0.0636134273569035,12017801386.3129,25.098041481899,31027287605.684
28.3,-25.4,0.0636134273569035,12017801386.3129,25.098041481899,31027287605.684
28.4,-25.4,0.0636134273569035,12017801386.3129,25.098041481899,31027287605.684
28.5,-25.4,0.0588294745940943,2008555554.54492,23.9287953603463,5447559215.79978
28.6,-25.4,0.0588294745940943,2008555554.54492,23.9287953603463,5447559215.79978
28.7,-25.4,0.0588294745940943,2008555554.54492,23.9287953603463,5447559215.79978
28.8,-25.4,0.0588294745940943,2008555554.54492,23.9287953603463,5447559215.79978
28.9,-25.4,0.0588294745940943,2008555554.54492,23.9287953603463,5447559215.79978
29,-25.4,0.0588294745940943,2008555554.54492,23.9287953603463,5447559215.79978
29.1,-25.4,0.0577374000871397,1333023494.62636,23.6438574617329,3746598301.91366
29.2,-25.4,0.0577374000871397,1333023494.62636,23.6438574617329,3746598301.91366
29.3,-25.4,0.0577374000871397,1333023494.62636,23.6438574617329,3746598301.91366
29.4,-25.4,0.0577374000871397,1333023494.62636,23.6438574617329,3746598301.91366
29.5,-25.4,0.0577374000871397,1333023494.62636,23.6438574617329,3746598301.91366
29.6,-25.4,0.0577374000871397,1333023494.62636,23.6438574617329,3746598301.91366
29.7,-25.4,0.0395812939792584,1567398.86599106,20.5266394716718,6548585.89107721
29.8,-25.4,0.0395812939792584,1567398.86599106,20.5266394716718,6548585.89107721
29.9,-25.4,0.0395812939792584,1567398.86599106,20.5266394716718,6548585.89107721
30,-25.4,0.0395812939792584,1567398.86599106,20.5266394716718,6548585.89107721
30.1,-25.4,0.0395812939792584,1567398.86599106,20.5266394716718,6548585.89107721
30.2,-25.4,0.0395812939792584,1567398.86599106,20.5266394716718,6548585.89107721
30.3,-25.4,0.0395812939792584,1567398.86599106,20.5266394716718,6548585.89107721
30.4,-25.4,0.0530574964237456,231861831.419421,22.6355558325644,751338633.508113
30.5,-25.4,0.0530574964237456,231861831.419421,22.6355558325644,751338633.508113
30.6,-25.4,0.0530574964237456,231861831.419421,22.6355558325644,751338633.508113
30.7,-25.4,0.0530574964237456,231861831.419421,22.6355558325644,751338633.508113
30.8,-25.4,0.0530574964237456,231861831.419421,22.6355558325644,751338633.508113
30.9,-25.4,0.0530574964237456,231861831.419421,22.6355558325644,751338633.508113
31,-25.4,0.0710607626657171,191016438662.553,26.5840802453467,524813366236.976
31.1,-25.4,0.0710607626657171,191016438662.553,26.5840802453467,524813366236.976
31.2,-25.4,0.0710607626657171,191016438662.553,26.5840802453467,524813366236.976
31.3,-25.4,0.0710607626657171,191016438662.553,26.5840802453467,524813366236.976
31.4,-25.4,0.0710607626657171,191016438662.553,26.5840802453467,524813366236.976
31.5,-25.4,0.0710607626657171,191016438662.553,26.5840802453467,524813366236.976
31.6,-25.4,0.0692232823090684,97167202903.3441,28.5510205909757,499768039039.823
31.7,-25.4,0.0692232823090684,97167202903.3441,28.5510205909757,499768039039.823
31.8,-25.4,0.0692232823090684,97167202903.3441,28.5510205909757,499768039039.823
31.9,-25.4,0.0692232823090684,97167202903.3441,28.5510205909757,499768039039.823
20,-25.3,0.0523665137480003,200683618.802613,26.969631474093,1999297346.05668
20.1,-25.3,0.0523665137480003,200683618.802613,26.969631474093,1999297346.05668
20.2,-25.3,0.0523665137480003,200683618.802613,26.969631474093,1999297346.05668
20.3,-25.3,0.0523665137480003,200683618.802613,26.969631474093,1999297346.05668
20.4,-25.3,0.0531836053809856,271144282.420241,26.8621615300964,2547522727.88042
20.5,-25.3,0.0531836053809856,271144282.420241,26.8621615300964,2547522727.88042
23.2,-25.3,0.0550857097048779,546776602.657997,26.8658735656389,5129618463.91672
23.3,-25.3,0.0550857097048779,546776602.657997,26.8658735656389,5129618463.91672
23.4,-25.3,0.0550857097048779,546776602.657997,26.8658735656389,5129618463.91672
25.8,-25.3,0.0608071586624937,4248066515.89812,24.6539933956144,10931582399.0646
25.9,-25.3,0.0608071586624937,4248066515.89812,24.6539933956144,10931582399.0646
26,-25.3,0.0621459016752399,6980494588.09556,24.8911650406281,18055706812.1766
26.1,-25.3,0.0621459016752399,6980494588.09556,24.8911650406281,18055706812.1766
26.2,-25.3,0.0621459016752399,6980494588.09556,24.8911650406281,18055706812.1766
26.3,-25.3,0.0621459016752399,6980494588.09556,24.8911650406281,18055706812.1766
26.4,-25.3,0.0621459016752399,6980494588.09556,24.8911650406281,18055706812.1766
26.5,-25.3,0.0621459016752399,6980494588.09556,24.8911650406281,18055706812.1766
26.6,-25.3,0.0630172597801435,9652790726.30113,25.0674252957254,25034592470.4206
26.7,-25.3,0.0630172597801435,9652790726.30113,25.0674252957254,25034592470.4206
26.8,-25.3,0.0630172597801435,9652790726.30113,25.0674252957254,25034592470.4206
26.9,-25.3,0.0630172597801435,9652790726.30113,25.0674252957254,25034592470.4206
27,-25.3,0.0630172597801435,9652790726.30113,25.0674252957254,25034592470.4206
27.1,-25.3,0.0630172597801435,9652790726.30113,25.0674252957254,25034592470.4206
27.2,-25.3,0.0647474782791305,18443184700.1884,25.5421009254278,48588520223.2561
27.3,-25.3,0.0647474782791305,18443184700.1884,25.5421009254278,48588520223.2561
27.4,-25.3,0.0647474782791305,18443184700.1884,25.5421009254278,48588520223.2561
27.5,-25.3,0.0647474782791305,18443184700.1884,25.5421009254278,48588520223.2561
27.6,-25.3,0.0647474782791305,18443184700.1884,25.5421009254278,48588520223.2561
27.7,-25.3,0.0647474782791305,18443184700.1884,25.5421009254278,48588520223.2561
27.8,-25.3,0.0647474782791305,18443184700.1884,25.5421009254278,48588520223.2561
27.9,-25.3,0.0636134273569035,12017801386.3129,25.098041481899,31027287605.684
28,-25.3,0.0636134273569035,12017801386.3129,25.098041481899,31027287605.684
28.1,-25.3,0.0636134273569035,12017801386.3129,25.098041481899,31027287605.684
28.2,-25.3,0.0636134273569035,12017801386.3129,25.098041481899,31027287605.684
28.3,-25.3,0.0636134273569035,12017801386.3129,25.098041481899,31027287605.684
28.4,-25.3,0.0636134273569035,12017801386.3129,25.098041481899,31027287605.684
28.5,-25.3,0.0588294745940943,2008555554.54492,23.9287953603463,5447559215.79978
28.6,-25.3,0.0588294745940943,2008555554.54492,23.9287953603463,5447559215.79978
28.7,-25.3,0.0588294745940943,2008555554.54492,23.9287953603463,5447559215.79978
28.8,-25.3,0.0588294745940943,2008555554.54492,23.9287953603463,5447559215.79978
28.9,-25.3,0.0588294745940943,2008555554.54492,23.9287953603463,5447559215.79978
29,-25.3,0.0588294745940943,2008555554.54492,23.9287953603463,5447559215.79978
29.1,-25.3,0.0577374000871397,1333023494.62636,23.6438574617329,3746598301.91366
29.2,-25.3,0.0577374000871397,1333023494.62636,23.6438574617329,3746598301.91366
29.3,-25.3,0.0577374000871397,1333023494.62636,23.6438574617329,3746598301.91366
29.4,-25.3,0.0577374000871397,1333023494.62636,23.6438574617329,3746598301.91366
29.5,-25.3,0.0577374000871397,1333023494.62636,23.6438574617329,3746598301.91366
29.6,-25.3,0.0577374000871397,1333023494.62636,23.6438574617329,3746598301.91366
29.7,-25.3,0.0395812939792584,1567398.86599106,20.5266394716718,6548585.89107721
29.8,-25.3,0.0395812939792584,1567398.86599106,20.5266394716718,6548585.89107721
29.9,-25.3,0.0395812939792584,1567398.86599106,20.5266394716718,6548585.89107721
30,-25.3,0.0395812939792584,1567398.86599106,20.5266394716718,6548585.89107721
30.1,-25.3,0.0395812939792584,1567398.86599106,20.5266394716718,6548585.89107721
30.2,-25.3,0.0395812939792584,1567398.86599106,20.5266394716718,6548585.89107721
30.3,-25.3,0.0395812939792584,1567398.86599106,20.5266394716718,6548585.89107721
30.4,-25.3,0.0530574964237456,231861831.419421,22.6355558325644,751338633.508113
30.5,-25.3,0.0530574964237456,231861831.419421,22.6355558325644,751338633.508113
30.6,-25.3,0.0530574964237456,231861831.419421,22.6355558325644,751338633.508113
30.7,-25.3,0.0530574964237456,231861831.419421,22.6355558325644,751338633.508113
30.8,-25.3,0.0530574964237456,231861831.419421,22.6355558325644,751338633.508113
30.9,-25.3,0.0530574964237456,231861831.419421,22.6355558325644,751338633.508113
31,-25.3,0.0710607626657171,191016438662.553,26.5840802453467,524813366236.976
31.1,-25.3,0.0710607626657171,191016438662.553,26.5840802453467,524813366236.976
31.2,-25.3,0.0710607626657171,191016438662.553,26.5840802453467,524813366236.976
31.3,-25.3,0.0710607626657171,191016438662.553,26.5840802453467,524813366236.976
31.4,-25.3,0.0710607626657171,191016438662.553,26.5840802453467,524813366236.976
31.5,-25.3,0.0710607626657171,191016438662.553,26.5840802453467,524813366236.976
31.6,-25.3,0.0692232823090684,97167202903.3441,28.5510205909757,499768039039.823
31.7,-25.3,0.0692232823090684,97167202903.3441,28.5510205909757,499768039039.823
31.8,-25.3,0.0692232823090684,97167202903.3441,28.5510205909757,499768039039.823
31.9,-25.3,0.0692232823090684,97167202903.3441,28.5510205909757,499768039039.823
20,-25.2,0.0543235320980172,411873655.977764,26.9447543630505,3683670544.02024
20.1,-25.2,0.0543235320980172,411873655.977764,26.9447543630505,3683670544.02024
20.2,-25.2,0.0543235320980172,411873655.977764,26.9447543630505,3683670544.02024
20.3,-25.2,0.0543235320980172,411873655.977764,26.9447543630505,3683670544.02024
20.4,-25.2,0.0548512299430136,501467817.443857,26.8876090374117,4357481297.13236
25.8,-25.2,0.0641559773491587,14890956993.3515,25.6160473597103,40600168208.6186
25.9,-25.2,0.0641559773491587,14890956993.3515,25.6160473597103,40600168208.6186
26,-25.2,0.0651190314113803,21502727967.4415,26.1810629759986,64574085737.1734
26.1,-25.2,0.0651190314113803,21502727967.4415,26.1810629759986,64574085737.1734
26.2,-25.2,0.0651190314113803,21502727967.4415,26.1810629759986,64574085737.1734
26.3,-25.2,0.0651190314113803,21502727967.4415,26.1810629759986,64574085737.1734
26.4,-25.2,0.0651190314113803,21502727967.4415,26.1810629759986,64574085737.1734
26.5,-25.2,0.0651190314113803,21502727967.4415,26.1810629759986,64574085737.1734
26.6,-25.2,0.0654539118432315,24223326996.8706,26.0508094765792,68913502313.6396
26.7,-25.2,0.0654539118432315,24223326996.8706,26.0508094765792,68913502313.6396
26.8,-25.2,0.0654539118432315,24223326996.8706,26.0508094765792,68913502313.6396
26.9,-25.2,0.0654539118432315,24223326996.8706,26.0508094765792,68913502313.6396
27,-25.2,0.0654539118432315,24223326996.8706,26.0508094765792,68913502313.6396
27.1,-25.2,0.0654539118432315,24223326996.8706,26.0508094765792,68913502313.6396
27.2,-25.2,0.0659564134907787,29243806404.8659,26.2294937080785,84484427322.6409
27.3,-25.2,0.0659564134907787,29243806404.8659,26.2294937080785,84484427322.6409
27.4,-25.2,0.0659564134907787,29243806404.8659,26.2294937080785,84484427322.6409
27.5,-25.2,0.0659564134907787,29243806404.8659,26.2294937080785,84484427322.6409
27.6,-25.2,0.0659564134907787,29243806404.8659,26.2294937080785,84484427322.6409
27.7,-25.2,0.0659564134907787,29243806404.8659,26.2294937080785,84484427322.6409
27.8,-25.2,0.0659564134907787,29243806404.8659,26.2294937080785,84484427322.6409
27.9,-25.2,0.06521814141794,21938809020.6965,25.5878410004559,57418715611.1527
28,-25.2,0.06521814141794,21938809020.6965,25.5878410004559,57418715611.1527
28.1,-25.2,0.06521814141794,21938809020.6965,25.5878410004559,57418715611.1527
28.2,-25.2,0.06521814141794,21938809020.6965,25.5878410004559,57418715611.1527
28.3,-25.2,0.06521814141794,21938809020.6965,25.5878410004559,57418715611.1527
28.4,-25.2,0.06521814141794,21938809020.6965,25.5878410004559,57418715611.1527
28.5,-25.2,0.0668229542574498,40215035004.6666,26.2800100970665,114308136212.019
28.6,-25.2,0.0668229542574498,40215035004.6666,26.2800100970665,114308136212.019
28.7,-25.2,0.0668229542574498,40215035004.6666,26.2800100970665,114308136212.019
28.8,-25.2,0.0668229542574498,40215035004.6666,26.2800100970665,114308136212.019
28.9,-25.2,0.0668229542574498,40215035004.6666,26.2800100970665,114308136212.019
29,-25.2,0.0668229542574498,40215035004.6666,26.2800100970665,114308136212.019
29.1,-25.2,0.0661334270586154,30716880019.3338,25.6350137386021,79705997635.3689
29.2,-25.2,0.0661334270586154,30716880019.3338,25.6350137386021,79705997635.3689
29.3,-25.2,0.0661334270586154,30716880019.3338,25.6350137386021,79705997635.3689
29.4,-25.2,0.0661334270586154,30716880019.3338,25.6350137386021,79705997635.3689
29.5,-25.2,0.0661334270586154,30716880019.3338,25.6350137386021,79705997635.3689
29.6,-25.2,0.0661334270586154,30716880019.3338,25.6350137386021,79705997635.3689
29.7,-25.2,0.0592675254132241,2349577871.98102,23.8462964792045,6613763821.1525
29.8,-25.2,0.0592675254132241,2349577871.98102,23.8462964792045,6613763821.1525
29.9,-25.2,0.0592675254132241,2349577871.98102,23.8462964792045,6613763821.1525
30,-25.2,0.0592675254132241,2349577871.98102,23.8462964792045,6613763821.1525
30.1,-25.2,0.0592675254132241,2349577871.98102,23.8462964792045,6613763821.1525
30.2,-25.2,0.0592675254132241,2349577871.98102,23.8462964792045,6613763821.1525
30.3,-25.2,0.0592675254132241,2349577871.98102,23.8462964792045,6613763821.1525
30.4,-25.2,0.0536767702093452,291972502.779819,22.7417827001108,930089067.552142
30.5,-25.2,0.0536767702093452,291972502.779819,22.7417827001108,930089067.552142
30.6,-25.2,0.0536767702093452,291972502.779819,22.7417827001108,930089067.552142
30.7,-25.2,0.0536767702093452,291972502.779819,22.7417827001108,930089067.552142
30.8,-25.2,0.0536767702093452,291972502.779819,22.7417827001108,930089067.552142
30.9,-25.2,0.0536767702093452,291972502.779819,22.7417827001108,930089067.552142
31,-25.2,0.0715798156941612,231459744980.262,26.6779284338341,632120537738.5
31.1,-25.2,0.0715798156941612,231459744980.262,26.6779284338341,632120537738.5
31.2,-25.2,0.0715798156941612,231459744980.262,26.6779284338341,632120537738.5
31.3,-25.2,0.0715798156941612,231459744980.262,26.6779284338341,632120537738.5
31.4,-25.2,0.0715798156941612,231459744980.262,26.6779284338341,632120537738.5
31.5,-25.2,0.0715798156941612,231459744980.262,26.6779284338341,632120537738.5
31.6,-25.2,0.0683689647692374,70958168158.862,28.6193961078836,387951813203.787
31.7,-25.2,0.0683689647692374,70958168158.862,28.6193961078836,387951813203.787
31.8,-25.2,0.0683689647692374,70958168158.862,28.6193961078836,387951813203.787
31.9,-25.2,0.0683689647692374,70958168158.862,28.6193961078836,387951813203.787
20,-25.1,0.0543235320980172,411873655.977764,26.9447543630505,3683670544.02024
20.1,-25.1,0.0543235320980172,411873655.977764,26.9447543630505,3683670544.02024
20.2,-25.1,0.0543235320980172,411873655.977764,26.9447543630505,3683670544.02024
20.3,-25.1,0.0543235320980172,411873655.977764,26.9447543630505,3683670544.02024
25.8,-25.1,0.0641559773491587,14890956993.3515,25.6160473597103,40600168208.6186
25.9,-25.1,0.0641559773491587,14890956993.3515,25.6160473597103,40600168208.6186
26,-25.1,0.0651190314113803,21502727967.4415,26.1810629759986,64574085737.1734
26.1,-25.1,0.0651190314113803,21502727967.4415,26.1810629759986,64574085737.1734
26.2,-25.1,0.0651190314113803,21502727967.4415,26.1810629759986,64574085737.1734
26.3,-25.1,0.0651190314113803,21502727967.4415,26.1810629759986,64574085737.1734
26.4,-25.1,0.0651190314113803,21502727967.4415,26.1810629759986,64574085737.1734
26.5,-25.1,0.0651190314113803,21502727967.4415,26.1810629759986,64574085737.1734
26.6,-25.1,0.0654539118432315,24223326996.8706,26.0508094765792,68913502313.6396
26.7,-25.1,0.0654539118432315,24223326996.8706,26.0508094765792,68913502313.6396
26.8,-25.1,0.0654539118432315,24223326996.8706,26.0508094765792,68913502313.6396
26.9,-25.1,0.0654539118432315,24223326996.8706,26.0508094765792,68913502313.6396
27,-25.1,0.0654539118432315,24223326996.8706,26.0508094765792,68913502313.6396
27.1,-25.1,0.0654539118432315,24223326996.8706,26.0508094765792,68913502313.6396
27.2,-25.1,0.0659564134907787,29243806404.8659,26.2294937080785,84484427322.6409
27.3,-25.1,0.0659564134907787,29243806404.8659,26.2294937080785,84484427322.6409
27.4,-25.1,0.0659564134907787,29243806404.8659,26.2294937080785,84484427322.6409
27.5,-25.1,0.0659564134907787,29243806404.8659,26.2294937080785,84484427322.6409
27.6,-25.1,0.0659564134907787,29243806404.8659,26.2294937080785,84484427322.6409
27.7,-25.1,0.0659564134907787,29243806404.8659,26.2294937080785,84484427322.6409
27.8,-25.1,0.0659564134907787,29243806404.8659,26.2294937080785,84484427322.6409
27.9,-25.1,0.06521814141794,21938809020.6965,25.5878410004559,57418715611.1527
28,-25.1,0.06521814141794,21938809020.6965,25.5878410004559,57418715611.1527
28.1,-25.1,0.06521814141794,21938809020.6965,25.5878410004559,57418715611.1527
28.2,-25.1,0.06521814141794,21938809020.6965,25.5878410004559,57418715611.1527
28.3,-25.1,0.06521814141794,21938809020.6965,25.5878410004559,57418715611.1527
28.4,-25.1,0.06521814141794,21938809020.6965,25.5878410004559,57418715611.1527
28.5,-25.1,0.0668229542574498,40215035004.6666,26.2800100970665,114308136212.019
28.6,-25.1,0.0668229542574498,40215035004.6666,26.2800100970665,114308136212.019
28.7,-25.1,0.0668229542574498,40215035004.6666,26.2800100970665,114308136212.019
28.8,-25.1,0.0668229542574498,40215035004.6666,26.2800100970665,114308136212.019
28.9,-25.1,0.0668229542574498,40215035004.6666,26.2800100970665,114308136212.019
29,-25.1,0.0668229542574498,40215035004.6666,26.2800100970665,114308136212.019
29.1,-25.1,0.0661334270586154,30716880019.3338,25.6350137386021,79705997635.3689
29.2,-25.1,0.0661334270586154,30716880019.3338,25.6350137386021,79705997635.3689
29.3,-25.1,0.0661334270586154,30716880019.3338,25.6350137386021,79705997635.3689
29.4,-25.1,0.0661334270586154,30716880019.3338,25.6350137386021,79705997635.3689
29.5,-25.1,0.0661334270586154,30716880019.3338,25.6350137386021,79705997635.3689
29.6,-25.1,0.0661334270586154,30716880019.3338,25.6350137386021,79705997635.3689
29.7,-25.1,0.0592675254132241,2349577871.98102,23.8462964792045,6613763821.1525
29.8,-25.1,0.0592675254132241,2349577871.98102,23.8462964792045,6613763821.1525
29.9,-25.1,0.0592675254132241,2349577871.98102,23.8462964792045,6613763821.1525
30,-25.1,0.0592675254132241,2349577871.98102,23.8462964792045,6613763821.1525
30.1,-25.1,0.0592675254132241,2349577871.98102,23.8462964792045,6613763821.1525
30.2,-25.1,0.0592675254132241,2349577871.98102,23.8462964792045,6613763821.1525
30.3,-25.1,0.0592675254132241,2349577871.98102,23.8462964792045,6613763821.1525
30.4,-25.1,0.0536767702093452,291972502.779819,22.7417827001108,930089067.552142
30.5,-25.1,0.0536767702093452,291972502.779819,22.7417827001108,930089067.552142
30.6,-25.1,0.0536767702093452,291972502.779819,22.7417827001108,930089067.552142
30.7,-25.1,0.0536767702093452,291972502.779819,22.7417827001108,930089067.552142
30.8,-25.1,0.0536767702093452,291972502.779819,22.7417827001108,930089067.552142
30.9,-25.1,0.0536767702093452,291972502.779819,22.7417827001108,930089067.552142
31,-25.1,0.0715798156941612,231459744980.262,26.6779284338341,632120537738.5
31.1,-25.1,0.0715798156941612,231459744980.262,26.6779284338341,632120537738.5
31.2,-25.1,0.0715798156941612,231459744980.262,26.6779284338341,632120537738.5
31.3,-25.1,0.0715798156941612,231459744980.262,26.6779284338341,632120537738.5
31.4,-25.1,0.0715798156941612,231459744980.262,26.6779284338341,632120537738.5
31.5,-25.1,0.0715798156941612,231459744980.262,26.6779284338341,632120537738.5
31.6,-25.1,0.0683689647692374,70958168158.862,28.6193961078836,387951813203.787
31.7,-25.1,0.0683689647692374,70958168158.862,28.6193961078836,387951813203.787
31.8,-25.1,0.0683689647692374,70958168158.862,28.6193961078836,387951813203.787
31.9,-25.1,0.0683689647692374,70958168158.862,28.6193961078836,387951813203.787
20,-25,0.0543235320980172,411873655.977764,26.9447543630505,3683670544.02024
20.1,-25,0.0543235320980172,411873655.977764,26.9447543630505,3683670544.02024
20.2,-25,0.0543235320980172,411873655.977764,26.9447543630505,3683670544.02024
20.3,-25,0.0543235320980172,411873655.977764,26.9447543630505,3683670544.02024
25.9,-25,0.0641559773491587,14890956993.3515,25.6160473597103,40600168208.6186
26,-25,0.0651190314113803,21502727967.4415,26.1810629759986,64574085737.1734
26.1,-25,0.0651190314113803,21502727967.4415,26.1810629759986,64574085737.1734
26.2,-25,0.0651190314113803,21502727967.4415,26.1810629759986,64574085737.1734
26.3,-25,0.0651190314113803,21502727967.4415,26.1810629759986,64574085737.1734
26.4,-25,0.0651190314113803,21502727967.4415,26.1810629759986,64574085737.1734
26.5,-25,0.0651190314113803,21502727967.4415,26.1810629759986,64574085737.1734
26.6,-25,0.0654539118432315,24223326996.8706,26.0508094765792,68913502313.6396
26.7,-25,0.0654539118432315,24223326996.8706,26.0508094765792,68913502313.6396
26.8,-25,0.0654539118432315,24223326996.8706,26.0508094765792,68913502313.6396
26.9,-25,0.0654539118432315,24223326996.8706,26.0508094765792,68913502313.6396
27,-25,0.0654539118432315,24223326996.8706,26.0508094765792,68913502313.6396
27.1,-25,0.0654539118432315,24223326996.8706,26.0508094765792,68913502313.6396
27.2,-25,0.0659564134907787,29243806404.8659,26.2294937080785,84484427322.6409
27.3,-25,0.0659564134907787,29243806404.8659,26.2294937080785,84484427322.6409
27.4,-25,0.0659564134907787,29243806404.8659,26.2294937080785,84484427322.6409
27.5,-25,0.0659564134907787,29243806404.8659,26.2294937080785,84484427322.6409
27.6,-25,0.0659564134907787,29243806404.8659,26.2294937080785,84484427322.6409
27.7,-25,0.0659564134907787,29243806404.8659,26.2294937080785,84484427322.6409
27.8,-25,0.0659564134907787,29243806404.8659,26.2294937080785,84484427322.6409
27.9,-25,0.06521814141794,21938809020.6965,25.5878410004559,57418715611.1527
28,-25,0.06521814141794,21938809020.6965,25.5878410004559,57418715611.1527
28.1,-25,0.06521814141794,21938809020.6965,25.5878410004559,57418715611.1527
28.2,-25,0.06521814141794,21938809020.6965,25.5878410004559,57418715611.1527
28.3,-25,0.06521814141794,21938809020.6965,25.5878410004559,57418715611.1527
28.4,-25,0.06521814141794,21938809020.6965,25.5878410004559,57418715611.1527
28.5,-25,0.0668229542574498,40215035004.6666,26.2800100970665,114308136212.019
28.6,-25,0.0668229542574498,40215035004.6666,26.2800100970665,114308136212.019
28.7,-25,0.0668229542574498,40215035004.6666,26.2800100970665,114308136212.019
28.8,-25,0.0668229542574498,40215035004.6666,26.2800100970665,114308136212.019
28.9,-25,0.0668229542574498,40215035004.6666,26.2800100970665,114308136212.019
29,-25,0.0668229542574498,40215035004.6666,26.2800100970665,114308136212.019
29.1,-25,0.0661334270586154,30716880019.3338,25.6350137386021,79705997635.3689
29.2,-25,0.0661334270586154,30716880019.3338,25.6350137386021,79705997635.3689
29.3,-25,0.0661334270586154,30716880019.3338,25.6350137386021,79705997635.3689
29.4,-25,0.0661334270586154,30716880019.3338,25.6350137386021,79705997635.3689
29.5,-25,0.0661334270586154,30716880019.3338,25.6350137386021,79705997635.3689
29.6,-25,0.0661334270586154,30716880019.3338,25.6350137386021,79705997635.3689
29.7,-25,0.0592675254132241,2349577871.98102,23.8462964792045,6613763821.1525
29.8,-25,0.0592675254132241,2349577871.98102,23.8462964792045,6613763821.1525
29.9,-25,0.0592675254132241,2349577871.98102,23.8462964792045,6613763821.1525
30,-25,0.0592675254132241,2349577871.98102,23.8462964792045,6613763821.1525
30.1,-25,0.0592675254132241,2349577871.98102,23.8462964792045,6613763821.1525
30.2,-25,0.0592675254132241,2349577871.98102,23.8462964792045,6613763821.1525
30.3,-25,0.0592675254132241,2349577871.98102,23.8462964792045,6613763821.1525
30.4,-25,0.0536767702093452,291972502.779819,22.7417827001108,930089067.552142
30.5,-25,0.0536767702093452,291972502.779819,22.7417827001108,930089067.552142
30.6,-25,0.0536767702093452,291972502.779819,22.7417827001108,930089067.552142
30.7,-25,0.0536767702093452,291972502.779819,22.7417827001108,930089067.552142
30.8,-25,0.0536767702093452,291972502.779819,22.7417827001108,930089067.552142
30.9,-25,0.0536767702093452,291972502.779819,22.7417827001108,930089067.552142
31,-25,0.0715798156941612,231459744980.262,26.6779284338341,632120537738.5
31.1,-25,0.0715798156941612,231459744980.262,26.6779284338341,632120537738.5
31.2,-25,0.0715798156941612,231459744980.262,26.6779284338341,632120537738.5
31.3,-25,0.0715798156941612,231459744980.262,26.6779284338341,632120537738.5
31.4,-25,0.0715798156941612,231459744980.262,26.6779284338341,632120537738.5
31.5,-25,0.0715798156941612,231459744980.262,26.6779284338341,632120537738.5
31.6,-25,0.0683689647692374,70958168158.862,28.6193961078836,387951813203.787
31.7,-25,0.0683689647692374,70958168158.862,28.6193961078836,387951813203.787
31.8,-25,0.0683689647692374,70958168158.862,28.6193961078836,387951813203.787
31.9,-25,0.0683689647692374,70958168158.862,28.6193961078836,387951813203.787
20,-24.9,0.0543235320980172,411873655.977764,26.9447543630505,3683670544.02024
20.1,-24.9,0.0543235320980172,411873655.977764,26.9447543630505,3683670544.02024
25.9,-24.9,0.0641559773491587,14890956993.3515,25.6160473597103,40600168208.6186
26,-24.9,0.0651190314113803,21502727967.4415,26.1810629759986,64574085737.1734
26.1,-24.9,0.0651190314113803,21502727967.4415,26.1810629759986,64574085737.1734
26.2,-24.9,0.0651190314113803,21502727967.4415,26.1810629759986,64574085737.1734
26.3,-24.9,0.0651190314113803,21502727967.4415,26.1810629759986,64574085737.1734
26.4,-24.9,0.0651190314113803,21502727967.4415,26.1810629759986,64574085737.1734
26.5,-24.9,0.0651190314113803,21502727967.4415,26.1810629759986,64574085737.1734
26.6,-24.9,0.0654539118432315,24223326996.8706,26.0508094765792,68913502313.6396
26.7,-24.9,0.0654539118432315,24223326996.8706,26.0508094765792,68913502313.6396
26.8,-24.9,0.0654539118432315,24223326996.8706,26.0508094765792,68913502313.6396
26.9,-24.9,0.0654539118432315,24223326996.8706,26.0508094765792,68913502313.6396
27,-24.9,0.0654539118432315,24223326996.8706,26.0508094765792,68913502313.6396
27.1,-24.9,0.0654539118432315,24223326996.8706,26.0508094765792,68913502313.6396
27.2,-24.9,0.0659564134907787,29243806404.8659,26.2294937080785,84484427322.6409
27.3,-24.9,0.0659564134907787,29243806404.8659,26.2294937080785,84484427322.6409
27.4,-24.9,0.0659564134907787,29243806404.8659,26.2294937080785,84484427322.6409
27.5,-24.9,0.0659564134907787,29243806404.8659,26.2294937080785,84484427322.6409
27.6,-24.9,0.0659564134907787,29243806404.8659,26.2294937080785,84484427322.6409
27.7,-24.9,0.0659564134907787,29243806404.8659,26.2294937080785,84484427322.6409
27.8,-24.9,0.0659564134907787,29243806404.8659,26.2294937080785,84484427322.6409
27.9,-24.9,0.06521814141794,21938809020.6965,25.5878410004559,57418715611.1527
28,-24.9,0.06521814141794,21938809020.6965,25.5878410004559,57418715611.1527
28.1,-24.9,0.06521814141794,21938809020.6965,25.5878410004559,57418715611.1527
28.2,-24.9,0.06521814141794,21938809020.6965,25.5878410004559,57418715611.1527
28.3,-24.9,0.06521814141794,21938809020.6965,25.5878410004559,57418715611.1527
28.4,-24.9,0.06521814141794,21938809020.6965,25.5878410004559,57418715611.1527
28.5,-24.9,0.0668229542574498,40215035004.6666,26.2800100970665,114308136212.019
28.6,-24.9,0.0668229542574498,40215035004.6666,26.2800100970665,114308136212.019
28.7,-24.9,0.0668229542574498,40215035004.6666,26.2800100970665,114308136212.019
28.8,-24.9,0.0668229542574498,40215035004.6666,26.2800100970665,114308136212.019
28.9,-24.9,0.0668229542574498,40215035004.6666,26.2800100970665,114308136212.019
29,-24.9,0.0668229542574498,40215035004.6666,26.2800100970665,114308136212.019
29.1,-24.9,0.0661334270586154,30716880019.3338,25.6350137386021,79705997635.3689
29.2,-24.9,0.0661334270586154,30716880019.3338,25.6350137386021,79705997635.3689
29.3,-24.9,0.0661334270586154,30716880019.3338,25.6350137386021,79705997635.3689
29.4,-24.9,0.0661334270586154,30716880019.3338,25.6350137386021,79705997635.3689
29.5,-24.9,0.0661334270586154,30716880019.3338,25.6350137386021,79705997635.3689
29.6,-24.9,0.0661334270586154,30716880019.3338,25.6350137386021,79705997635.3689
29.7,-24.9,0.0592675254132241,2349577871.98102,23.8462964792045,6613763821.1525
29.8,-24.9,0.0592675254132241,2349577871.98102,23.8462964792045,6613763821.1525
29.9,-24.9,0.0592675254132241,2349577871.98102,23.8462964792045,6613763821.1525
30,-24.9,0.0592675254132241,2349577871.98102,23.8462964792045,6613763821.1525
30.1,-24.9,0.0592675254132241,2349577871.98102,23.8462964792045,6613763821.1525
30.2,-24.9,0.0592675254132241,2349577871.98102,23.8462964792045,6613763821.1525
30.3,-24.9,0.0592675254132241,2349577871.98102,23.8462964792045,6613763821.1525
30.4,-24.9,0.0536767702093452,291972502.779819,22.7417827001108,930089067.552142
30.5,-24.9,0.0536767702093452,291972502.779819,22.7417827001108,930089067.552142
30.6,-24.9,0.0536767702093452,291972502.779819,22.7417827001108,930089067.552142
30.7,-24.9,0.0536767702093452,291972502.779819,22.7417827001108,930089067.552142
30.8,-24.9,0.0536767702093452,291972502.779819,22.7417827001108,930089067.552142
30.9,-24.9,0.0536767702093452,291972502.779819,22.7417827001108,930089067.552142
31,-24.9,0.0715798156941612,231459744980.262,26.6779284338341,632120537738.5
31.1,-24.9,0.0715798156941612,231459744980.262,26.6779284338341,632120537738.5
31.2,-24.9,0.0715798156941612,231459744980.262,26.6779284338341,632120537738.5
31.3,-24.9,0.0715798156941612,231459744980.262,26.6779284338341,632120537738.5
31.4,-24.9,0.0715798156941612,231459744980.262,26.6779284338341,632120537738.5
31.5,-24.9,0.0715798156941612,231459744980.262,26.6779284338341,632120537738.5
31.6,-24.9,0.0683689647692374,70958168158.862,28.6193961078836,387951813203.787
31.7,-24.9,0.0683689647692374,70958168158.862,28.6193961078836,387951813203.787
31.8,-24.9,0.0683689647692374,70958168158.862,28.6193961078836,387951813203.787
31.9,-24.9,0.0683689647692374,70958168158.862,28.6193961078836,387951813203.787
20,-24.8,0.0543235320980172,411873655.977764,26.9447543630505,3683670544.02024
25.9,-24.8,0.0641559773491587,14890956993.3515,25.6160473597103,40600168208.6186
26,-24.8,0.0651190314113803,21502727967.4415,26.1810629759986,64574085737.1734
26.1,-24.8,0.0651190314113803,21502727967.4415,26.1810629759986,64574085737.1734
26.2,-24.8,0.0651190314113803,21502727967.4415,26.1810629759986,64574085737.1734
26.3,-24.8,0.0651190314113803,21502727967.4415,26.1810629759986,64574085737.1734
26.4,-24.8,0.0651190314113803,21502727967.4415,26.1810629759986,64574085737.1734
26.5,-24.8,0.0651190314113803,21502727967.4415,26.1810629759986,64574085737.1734
26.6,-24.8,0.0654539118432315,24223326996.8706,26.0508094765792,68913502313.6396
26.7,-24.8,0.0654539118432315,24223326996.8706,26.0508094765792,68913502313.6396
26.8,-24.8,0.0654539118432315,24223326996.8706,26.0508094765792,68913502313.6396
26.9,-24.8,0.0654539118432315,24223326996.8706,26.0508094765792,68913502313.6396
27,-24.8,0.0654539118432315,24223326996.8706,26.0508094765792,68913502313.6396
27.1,-24.8,0.0654539118432315,24223326996.8706,26.0508094765792,68913502313.6396
27.2,-24.8,0.0659564134907787,29243806404.8659,26.2294937080785,84484427322.6409
27.3,-24.8,0.0659564134907787,29243806404.8659,26.2294937080785,84484427322.6409
27.4,-24.8,0.0659564134907787,29243806404.8659,26.2294937080785,84484427322.6409
27.5,-24.8,0.0659564134907787,29243806404.8659,26.2294937080785,84484427322.6409
27.6,-24.8,0.0659564134907787,29243806404.8659,26.2294937080785,84484427322.6409
27.7,-24.8,0.0659564134907787,29243806404.8659,26.2294937080785,84484427322.6409
27.8,-24.8,0.0659564134907787,29243806404.8659,26.2294937080785,84484427322.6409
27.9,-24.8,0.06521814141794,21938809020.6965,25.5878410004559,57418715611.1527
28,-24.8,0.06521814141794,21938809020.6965,25.5878410004559,57418715611.1527
28.1,-24.8,0.06521814141794,21938809020.6965,25.5878410004559,57418715611.1527
28.2,-24.8,0.06521814141794,21938809020.6965,25.5878410004559,57418715611.1527
28.3,-24.8,0.06521814141794,21938809020.6965,25.5878410004559,57418715611.1527
28.4,-24.8,0.06521814141794,21938809020.6965,25.5878410004559,57418715611.1527
28.5,-24.8,0.0668229542574498,40215035004.6666,26.2800100970665,114308136212.019
28.6,-24.8,0.0668229542574498,40215035004.6666,26.2800100970665,114308136212.019
28.7,-24.8,0.0668229542574498,40215035004.6666,26.2800100970665,114308136212.019
28.8,-24.8,0.0668229542574498,40215035004.6666,26.2800100970665,114308136212.019
28.9,-24.8,0.0668229542574498,40215035004.6666,26.2800100970665,114308136212.019
29,-24.8,0.0668229542574498,40215035004.6666,26.2800100970665,114308136212.019
29.1,-24.8,0.0661334270586154,30716880019.3338,25.6350137386021,79705997635.3689
29.2,-24.8,0.0661334270586154,30716880019.3338,25.6350137386021,79705997635.3689
29.3,-24.8,0.0661334270586154,30716880019.3338,25.6350137386021,79705997635.3689
29.4,-24.8,0.0661334270586154,30716880019.3338,25.6350137386021,79705997635.3689
29.5,-24.8,0.0661334270586154,30716880019.3338,25.6350137386021,79705997635.3689
29.6,-24.8,0.0661334270586154,30716880019.3338,25.6350137386021,79705997635.3689
29.7,-24.8,0.0592675254132241,2349577871.98102,23.8462964792045,6613763821.1525
29.8,-24.8,0.0592675254132241,2349577871.98102,23.8462964792045,6613763821.1525
29.9,-24.8,0.0592675254132241,2349577871.98102,23.8462964792045,6613763821.1525
30,-24.8,0.0592675254132241,2349577871.98102,23.8462964792045,6613763821.1525
30.1,-24.8,0.0592675254132241,2349577871.98102,23.8462964792045,6613763821.1525
30.2,-24.8,0.0592675254132241,2349577871.98102,23.8462964792045,6613763821.1525
30.3,-24.8,0.0592675254132241,2349577871.98102,23.8462964792045,6613763821.1525
30.4,-24.8,0.0536767702093452,291972502.779819,22.7417827001108,930089067.552142
30.5,-24.8,0.0536767702093452,291972502.779819,22.7417827001108,930089067.552142
30.6,-24.8,0.0536767702093452,291972502.779819,22.7417827001108,930089067.552142
30.7,-24.8,0.0536767702093452,291972502.779819,22.7417827001108,930089067.552142
30.8,-24.8,0.0536767702093452,291972502.779819,22.7417827001108,930089067.552142
30.9,-24.8,0.0536767702093452,291972502.779819,22.7417827001108,930089067.552142
31,-24.8,0.0715798156941612,231459744980.262,26.6779284338341,632120537738.5
31.1,-24.8,0.0715798156941612,231459744980.262,26.6779284338341,632120537738.5
31.2,-24.8,0.0715798156941612,231459744980.262,26.6779284338341,632120537738.5
31.3,-24.8,0.0715798156941612,231459744980.262,26.6779284338341,632120537738.5
31.4,-24.8,0.0715798156941612,231459744980.262,26.6779284338341,632120537738.5
31.5,-24.8,0.0715798156941612,231459744980.262,26.6779284338341,632120537738.5
31.6,-24.8,0.0683689647692374,70958168158.862,28.6193961078836,387951813203.787
31.7,-24.8,0.0683689647692374,70958168158.862,28.6193961078836,387951813203.787
31.8,-24.8,0.0683689647692374,70958168158.862,28.6193961078836,387951813203.787
31.9,-24.8,0.0683689647692374,70958168158.862,28.6193961078836,387951813203.787
26.1,-24.7,0.0630930777588117,10377279718.1587,26.9518651711628,45489063852.5172
26.2,-24.7,0.0630930777588117,10377279718.1587,26.9518651711628,45489063852.5172
26.3,-24.7,0.0630930777588117,10377279718.1587,26.9518651711628,45489063852.5172
26.4,-24.7,0.0630930777588117,10377279718.1587,26.9518651711628,45489063852.5172
26.5,-24.7,0.0630930777588117,10377279718.1587,26.9518651711628,45489063852.5172
26.6,-24.7,0.0643275480270688,16356417167.2667,26.9920611501699,63651091660.1736
26.7,-24.7,0.0643275480270688,16356417167.2667,26.9920611501699,63651091660.1736
26.8,-24.7,0.0643275480270688,16356417167.2667,26.9920611501699,63651091660.1736
26.9,-24.7,0.0643275480270688,16356417167.2667,26.9920611501699,63651091660.1736
27,-24.7,0.0643275480270688,16356417167.2667,26.9920611501699,63651091660.1736
27.1,-24.7,0.0643275480270688,16356417167.2667,26.9920611501699,63651091660.1736
27.2,-24.7,0.0667386374180316,39007653402.375,26.3015631762675,110577010296.528
27.3,-24.7,0.0667386374180316,39007653402.375,26.3015631762675,110577010296.528
27.4,-24.7,0.0667386374180316,39007653402.375,26.3015631762675,110577010296.528
27.5,-24.7,0.0667386374180316,39007653402.375,26.3015631762675,110577010296.528
27.6,-24.7,0.0667386374180316,39007653402.375,26.3015631762675,110577010296.528
27.7,-24.7,0.0667386374180316,39007653402.375,26.3015631762675,110577010296.528
27.8,-24.7,0.0667386374180316,39007653402.375,26.3015631762675,110577010296.528
27.9,-24.7,0.0620986308661926,6798064608.43025,24.6343942735822,17880015877.6679
28,-24.7,0.0620986308661926,6798064608.43025,24.6343942735822,17880015877.6679
28.1,-24.7,0.0620986308661926,6798064608.43025,24.6343942735822,17880015877.6679
28.2,-24.7,0.0620986308661926,6798064608.43025,24.6343942735822,17880015877.6679
28.3,-24.7,0.0620986308661926,6798064608.43025,24.6343942735822,17880015877.6679
28.4,-24.7,0.0620986308661926,6798064608.43025,24.6343942735822,17880015877.6679
28.5,-24.7,0.0658962563753459,28173408972.8496,25.6496627499954,73670861697.9652
28.6,-24.7,0.0658962563753459,28173408972.8496,25.6496627499954,73670861697.9652
28.7,-24.7,0.0658962563753459,28173408972.8496,25.6496627499954,73670861697.9652
28.8,-24.7,0.0658962563753459,28173408972.8496,25.6496627499954,73670861697.9652
28.9,-24.7,0.0658962563753459,28173408972.8496,25.6496627499954,73670861697.9652
29,-24.7,0.0658962563753459,28173408972.8496,25.6496627499954,73670861697.9652
29.1,-24.7,0.067408753024597,49587593227.9215,26.0843129547011,133537599360.438
29.2,-24.7,0.067408753024597,49587593227.9215,26.0843129547011,133537599360.438
29.3,-24.7,0.067408753024597,49587593227.9215,26.0843129547011,133537599360.438
29.4,-24.7,0.067408753024597,49587593227.9215,26.0843129547011,133537599360.438
29.5,-24.7,0.067408753024597,49587593227.9215,26.0843129547011,133537599360.438
29.6,-24.7,0.067408753024597,49587593227.9215,26.0843129547011,133537599360.438
29.7,-24.7,0.0643448580178048,15626507906.2974,24.9405457400777,41115269326.8648
29.8,-24.7,0.0643448580178048,15626507906.2974,24.9405457400777,41115269326.8648
29.9,-24.7,0.0643448580178048,15626507906.2974,24.9405457400777,41115269326.8648
30,-24.7,0.0643448580178048,15626507906.2974,24.9405457400777,41115269326.8648
30.1,-24.7,0.0643448580178048,15626507906.2974,24.9405457400777,41115269326.8648
30.2,-24.7,0.0643448580178048,15626507906.2974,24.9405457400777,41115269326.8648
30.3,-24.7,0.0643448580178048,15626507906.2974,24.9405457400777,41115269326.8648
30.4,-24.7,0.0677867133100003,56198390115.601,25.6154042264757,147273985689.94
30.5,-24.7,0.0677867133100003,56198390115.601,25.6154042264757,147273985689.94
30.6,-24.7,0.0677867133100003,56198390115.601,25.6154042264757,147273985689.94
30.7,-24.7,0.0677867133100003,56198390115.601,25.6154042264757,147273985689.94
30.8,-24.7,0.0677867133100003,56198390115.601,25.6154042264757,147273985689.94
30.9,-24.7,0.0677867133100003,56198390115.601,25.6154042264757,147273985689.94
31,-24.7,0.0719920565014307,271086728680.452,27.1894928585643,806571061504.77
31.1,-24.7,0.0719920565014307,271086728680.452,27.1894928585643,806571061504.77
31.2,-24.7,0.0719920565014307,271086728680.452,27.1894928585643,806571061504.77
31.3,-24.7,0.0719920565014307,271086728680.452,27.1894928585643,806571061504.77
31.4,-24.7,0.0719920565014307,271086728680.452,27.1894928585643,806571061504.77
31.5,-24.7,0.0719920565014307,271086728680.452,27.1894928585643,806571061504.77
31.6,-24.7,0.0661213718078425,31089416383.9751,28.8253259431677,202160100345.697
31.7,-24.7,0.0661213718078425,31089416383.9751,28.8253259431677,202160100345.697
31.8,-24.7,0.0661213718078425,31089416383.9751,28.8253259431677,202160100345.697
31.9,-24.7,0.0661213718078425,31089416383.9751,28.8253259431677,202160100345.697
26.5,-24.6,0.0630930777588117,10377279718.1587,26.9518651711628,45489063852.5172
26.6,-24.6,0.0643275480270688,16356417167.2667,26.9920611501699,63651091660.1736
26.7,-24.6,0.0643275480270688,16356417167.2667,26.9920611501699,63651091660.1736
26.8,-24.6,0.0643275480270688,16356417167.2667,26.9920611501699,63651091660.1736
26.9,-24.6,0.0643275480270688,16356417167.2667,26.9920611501699,63651091660.1736
27,-24.6,0.0643275480270688,16356417167.2667,26.9920611501699,63651091660.1736
27.1,-24.6,0.0643275480270688,16356417167.2667,26.9920611501699,63651091660.1736
27.2,-24.6,0.0667386374180316,39007653402.375,26.3015631762675,110577010296.528
27.3,-24.6,0.0667386374180316,39007653402.375,26.3015631762675,110577010296.528
27.4,-24.6,0.0667386374180316,39007653402.375,26.3015631762675,110577010296.528
27.5,-24.6,0.0667386374180316,39007653402.375,26.3015631762675,110577010296.528
27.6,-24.6,0.0667386374180316,39007653402.375,26.3015631762675,110577010296.528
27.7,-24.6,0.0667386374180316,39007653402.375,26.3015631762675,110577010296.528
27.8,-24.6,0.0667386374180316,39007653402.375,26.3015631762675,110577010296.528
27.9,-24.6,0.0620986308661926,6798064608.43025,24.6343942735822,17880015877.6679
28,-24.6,0.0620986308661926,6798064608.43025,24.6343942735822,17880015877.6679
28.1,-24.6,0.0620986308661926,6798064608.43025,24.6343942735822,17880015877.6679
28.2,-24.6,0.0620986308661926,6798064608.43025,24.6343942735822,17880015877.6679
28.3,-24.6,0.0620986308661926,6798064608.43025,24.6343942735822,17880015877.6679
28.4,-24.6,0.0620986308661926,6798064608.43025,24.6343942735822,17880015877.6679
28.5,-24.6,0.0658962563753459,28173408972.8496,25.6496627499954,73670861697.9652
28.6,-24.6,0.0658962563753459,28173408972.8496,25.6496627499954,73670861697.9652
28.7,-24.6,0.0658962563753459,28173408972.8496,25.6496627499954,73670861697.9652
28.8,-24.6,0.0658962563753459,28173408972.8496,25.6496627499954,73670861697.9652
28.9,-24.6,0.0658962563753459,28173408972.8496,25.6496627499954,73670861697.9652
29,-24.6,0.0658962563753459,28173408972.8496,25.6496627499954,73670861697.9652
29.1,-24.6,0.067408753024597,49587593227.9215,26.0843129547011,133537599360.438
29.2,-24.6,0.067408753024597,49587593227.9215,26.0843129547011,133537599360.438
29.3,-24.6,0.067408753024597,49587593227.9215,26.0843129547011,133537599360.438
29.4,-24.6,0.067408753024597,49587593227.9215,26.0843129547011,133537599360.438
29.5,-24.6,0.067408753024597,49587593227.9215,26.0843129547011,133537599360.438
29.6,-24.6,0.067408753024597,49587593227.9215,26.0843129547011,133537599360.438
29.7,-24.6,0.0643448580178048,15626507906.2974,24.9405457400777,41115269326.8648
29.8,-24.6,0.0643448580178048,15626507906.2974,24.9405457400777,41115269326.8648
29.9,-24.6,0.0643448580178048,15626507906.2974,24.9405457400777,41115269326.8648
30,-24.6,0.0643448580178048,15626507906.2974,24.9405457400777,41115269326.8648
30.1,-24.6,0.0643448580178048,15626507906.2974,24.9405457400777,41115269326.8648
30.2,-24.6,0.0643448580178048,15626507906.2974,24.9405457400777,41115269326.8648
30.3,-24.6,0.0643448580178048,15626507906.2974,24.9405457400777,41115269326.8648
30.4,-24.6,0.0677867133100003,56198390115.601,25.6154042264757,147273985689.94
30.5,-24.6,0.0677867133100003,56198390115.601,25.6154042264757,147273985689.94
30.6,-24.6,0.0677867133100003,56198390115.601,25.6154042264757,147273985689.94
30.7,-24.6,0.0677867133100003,56198390115.601,25.6154042264757,147273985689.94
30.8,-24.6,0.0677867133100003,56198390115.601,25.6154042264757,147273985689.94
30.9,-24.6,0.0677867133100003,56198390115.601,25.6154042264757,147273985689.94
31,-24.6,0.0719920565014307,271086728680.452,27.1894928585643,806571061504.77
31.1,-24.6,0.0719920565014307,271086728680.452,27.1894928585643,806571061504.77
31.2,-24.6,0.0719920565014307,271086728680.452,27.1894928585643,806571061504.77
31.3,-24.6,0.0719920565014307,271086728680.452,27.1894928585643,806571061504.77
31.4,-24.6,0.0719920565014307,271086728680.452,27.1894928585643,806571061504.77
31.5,-24.6,0.0719920565014307,271086728680.452,27.1894928585643,806571061504.77
31.6,-24.6,0.0661213718078425,31089416383.9751,28.8253259431677,202160100345.697
31.7,-24.6,0.0661213718078425,31089416383.9751,28.8253259431677,202160100345.697
31.8,-24.6,0.0661213718078425,31089416383.9751,28.8253259431677,202160100345.697
31.9,-24.6,0.0661213718078425,31089416383.9751,28.8253259431677,202160100345.697
26.6,-24.5,0.0643275480270688,16356417167.2667,26.9920611501699,63651091660.1736
26.7,-24.5,0.0643275480270688,16356417167.2667,26.9920611501699,63651091660.1736
26.8,-24.5,0.0643275480270688,16356417167.2667,26.9920611501699,63651091660.1736
26.9,-24.5,0.0643275480270688,16356417167.2667,26.9920611501699,63651091660.1736
27,-24.5,0.0643275480270688,16356417167.2667,26.9920611501699,63651091660.1736
27.1,-24.5,0.0643275480270688,16356417167.2667,26.9920611501699,63651091660.1736
27.2,-24.5,0.0667386374180316,39007653402.375,26.3015631762675,110577010296.528
27.3,-24.5,0.0667386374180316,39007653402.375,26.3015631762675,110577010296.528
27.4,-24.5,0.0667386374180316,39007653402.375,26.3015631762675,110577010296.528
27.5,-24.5,0.0667386374180316,39007653402.375,26.3015631762675,110577010296.528
27.6,-24.5,0.0667386374180316,39007653402.375,26.3015631762675,110577010296.528
27.7,-24.5,0.0667386374180316,39007653402.375,26.3015631762675,110577010296.528
27.8,-24.5,0.0667386374180316,39007653402.375,26.3015631762675,110577010296.528
27.9,-24.5,0.0620986308661926,6798064608.43025,24.6343942735822,17880015877.6679
28,-24.5,0.0620986308661926,6798064608.43025,24.6343942735822,17880015877.6679
28.1,-24.5,0.0620986308661926,6798064608.43025,24.6343942735822,17880015877.6679
28.2,-24.5,0.0620986308661926,6798064608.43025,24.6343942735822,17880015877.6679
28.3,-24.5,0.0620986308661926,6798064608.43025,24.6343942735822,17880015877.6679
28.4,-24.5,0.0620986308661926,6798064608.43025,24.6343942735822,17880015877.6679
28.5,-24.5,0.0658962563753459,28173408972.8496,25.6496627499954,73670861697.9652
28.6,-24.5,0.0658962563753459,28173408972.8496,25.6496627499954,73670861697.9652
28.7,-24.5,0.0658962563753459,28173408972.8496,25.6496627499954,73670861697.9652
28.8,-24.5,0.0658962563753459,28173408972.8496,25.6496627499954,73670861697.9652
28.9,-24.5,0.0658962563753459,28173408972.8496,25.6496627499954,73670861697.9652
29,-24.5,0.0658962563753459,28173408972.8496,25.6496627499954,73670861697.9652
29.1,-24.5,0.067408753024597,49587593227.9215,26.0843129547011,133537599360.438
29.2,-24.5,0.067408753024597,49587593227.9215,26.0843129547011,133537599360.438
29.3,-24.5,0.067408753024597,49587593227.9215,26.0843129547011,133537599360.438
29.4,-24.5,0.067408753024597,49587593227.9215,26.0843129547011,133537599360.438
29.5,-24.5,0.067408753024597,49587593227.9215,26.0843129547011,133537599360.438
29.6,-24.5,0.067408753024597,49587593227.9215,26.0843129547011,133537599360.438
29.7,-24.5,0.0643448580178048,15626507906.2974,24.9405457400777,41115269326.8648
29.8,-24.5,0.0643448580178048,15626507906.2974,24.9405457400777,41115269326.8648
29.9,-24.5,0.0643448580178048,15626507906.2974,24.9405457400777,41115269326.8648
30,-24.5,0.0643448580178048,15626507906.2974,24.9405457400777,41115269326.8648
30.1,-24.5,0.0643448580178048,15626507906.2974,24.9405457400777,41115269326.8648
30.2,-24.5,0.0643448580178048,15626507906.2974,24.9405457400777,41115269326.8648
30.3,-24.5,0.0643448580178048,15626507906.2974,24.9405457400777,41115269326.8648
30.4,-24.5,0.0677867133100003,56198390115.601,25.6154042264757,147273985689.94
30.5,-24.5,0.0677867133100003,56198390115.601,25.6154042264757,147273985689.94
30.6,-24.5,0.0677867133100003,56198390115.601,25.6154042264757,147273985689.94
30.7,-24.5,0.0677867133100003,56198390115.601,25.6154042264757,147273985689.94
30.8,-24.5,0.0677867133100003,56198390115.601,25.6154042264757,147273985689.94
30.9,-24.5,0.0677867133100003,56198390115.601,25.6154042264757,147273985689.94
31,-24.5,0.0719920565014307,271086728680.452,27.1894928585643,806571061504.77
31.1,-24.5,0.0719920565014307,271086728680.452,27.1894928585643,806571061504.77
31.2,-24.5,0.0719920565014307,271086728680.452,27.1894928585643,806571061504.77
31.3,-24.5,0.0719920565014307,271086728680.452,27.1894928585643,806571061504.77
31.4,-24.5,0.0719920565014307,271086728680.452,27.1894928585643,806571061504.77
31.5,-24.5,0.0719920565014307,271086728680.452,27.1894928585643,806571061504.77
31.6,-24.5,0.0661213718078425,31089416383.9751,28.8253259431677,202160100345.697
31.7,-24.5,0.0661213718078425,31089416383.9751,28.8253259431677,202160100345.697
31.8,-24.5,0.0661213718078425,31089416383.9751,28.8253259431677,202160100345.697
31.9,-24.5,0.0661213718078425,31089416383.9751,28.8253259431677,202160100345.697
26.7,-24.4,0.0643275480270688,16356417167.2667,26.9920611501699,63651091660.1736
26.8,-24.4,0.0643275480270688,16356417167.2667,26.9920611501699,63651091660.1736
26.9,-24.4,0.0643275480270688,16356417167.2667,26.9920611501699,63651091660.1736
27,-24.4,0.0643275480270688,16356417167.2667,26.9920611501699,63651091660.1736
27.1,-24.4,0.0643275480270688,16356417167.2667,26.9920611501699,63651091660.1736
27.2,-24.4,0.0667386374180316,39007653402.375,26.3015631762675,110577010296.528
27.3,-24.4,0.0667386374180316,39007653402.375,26.3015631762675,110577010296.528
27.4,-24.4,0.0667386374180316,39007653402.375,26.3015631762675,110577010296.528
27.5,-24.4,0.0667386374180316,39007653402.375,26.3015631762675,110577010296.528
27.6,-24.4,0.0667386374180316,39007653402.375,26.3015631762675,110577010296.528
27.7,-24.4,0.0667386374180316,39007653402.375,26.3015631762675,110577010296.528
27.8,-24.4,0.0667386374180316,39007653402.375,26.3015631762675,110577010296.528
27.9,-24.4,0.0620986308661926,6798064608.43025,24.6343942735822,17880015877.6679
28,-24.4,0.0620986308661926,6798064608.43025,24.6343942735822,17880015877.6679
28.1,-24.4,0.0620986308661926,6798064608.43025,24.6343942735822,17880015877.6679
28.2,-24.4,0.0620986308661926,6798064608.43025,24.6343942735822,17880015877.6679
28.3,-24.4,0.0620986308661926,6798064608.43025,24.6343942735822,17880015877.6679
28.4,-24.4,0.0620986308661926,6798064608.43025,24.6343942735822,17880015877.6679
28.5,-24.4,0.0658962563753459,28173408972.8496,25.6496627499954,73670861697.9652
28.6,-24.4,0.0658962563753459,28173408972.8496,25.6496627499954,73670861697.9652
28.7,-24.4,0.0658962563753459,28173408972.8496,25.6496627499954,73670861697.9652
28.8,-24.4,0.0658962563753459,28173408972.8496,25.6496627499954,73670861697.9652
28.9,-24.4,0.0658962563753459,28173408972.8496,25.6496627499954,73670861697.9652
29,-24.4,0.0658962563753459,28173408972.8496,25.6496627499954,73670861697.9652
29.1,-24.4,0.067408753024597,49587593227.9215,26.0843129547011,133537599360.438
29.2,-24.4,0.067408753024597,49587593227.9215,26.0843129547011,133537599360.438
29.3,-24.4,0.067408753024597,49587593227.9215,26.0843129547011,133537599360.438
29.4,-24.4,0.067408753024597,49587593227.9215,26.0843129547011,133537599360.438
29.5,-24.4,0.067408753024597,49587593227.9215,26.0843129547011,133537599360.438
29.6,-24.4,0.067408753024597,49587593227.9215,26.0843129547011,133537599360.438
29.7,-24.4,0.0643448580178048,15626507906.2974,24.9405457400777,41115269326.8648
29.8,-24.4,0.0643448580178048,15626507906.2974,24.9405457400777,41115269326.8648
29.9,-24.4,0.0643448580178048,15626507906.2974,24.9405457400777,41115269326.8648
30,-24.4,0.0643448580178048,15626507906.2974,24.9405457400777,41115269326.8648
30.1,-24.4,0.0643448580178048,15626507906.2974,24.9405457400777,41115269326.8648
30.2,-24.4,0.0643448580178048,15626507906.2974,24.9405457400777,41115269326.8648
30.3,-24.4,0.0643448580178048,15626507906.2974,24.9405457400777,41115269326.8648
30.4,-24.4,0.0677867133100003,56198390115.601,25.6154042264757,147273985689.94
30.5,-24.4,0.0677867133100003,56198390115.601,25.6154042264757,147273985689.94
30.6,-24.4,0.0677867133100003,56198390115.601,25.6154042264757,147273985689.94
30.7,-24.4,0.0677867133100003,56198390115.601,25.6154042264757,147273985689.94
30.8,-24.4,0.0677867133100003,56198390115.601,25.6154042264757,147273985689.94
30.9,-24.4,0.0677867133100003,56198390115.601,25.6154042264757,147273985689.94
31,-24.4,0.0719920565014307,271086728680.452,27.1894928585643,806571061504.77
31.1,-24.4,0.0719920565014307,271086728680.452,27.1894928585643,806571061504.77
31.2,-24.4,0.0719920565014307,271086728680.452,27.1894928585643,806571061504.77
31.3,-24.4,0.0719920565014307,271086728680.452,27.1894928585643,806571061504.77
31.4,-24.4,0.0719920565014307,271086728680.452,27.1894928585643,806571061504.77
31.5,-24.4,0.0719920565014307,271086728680.452,27.1894928585643,806571061504.77
31.6,-24.4,0.0661213718078425,31089416383.9751,28.8253259431677,202160100345.697
31.7,-24.4,0.0661213718078425,31089416383.9751,28.8253259431677,202160100345.697
31.8,-24.4,0.0661213718078425,31089416383.9751,28.8253259431677,202160100345.697
31.9,-24.4,0.0661213718078425,31089416383.9751,28.8253259431677,202160100345.697
26.8,-24.3,0.0643275480270688,16356417167.2667,26.9920611501699,63651091660.1736
26.9,-24.3,0.0643275480270688,16356417167.2667,26.9920611501699,63651091660.1736
27,-24.3,0.0643275480270688,16356417167.2667,26.9920611501699,63651091660.1736
27.1,-24.3,0.0643275480270688,16356417167.2667,26.9920611501699,63651091660.1736
27.2,-24.3,0.0667386374180316,39007653402.375,26.3015631762675,110577010296.528
27.3,-24.3,0.0667386374180316,39007653402.375,26.3015631762675,110577010296.528
27.4,-24.3,0.0667386374180316,39007653402.375,26.3015631762675,110577010296.528
27.5,-24.3,0.0667386374180316,39007653402.375,26.3015631762675,110577010296.528
27.6,-24.3,0.0667386374180316,39007653402.375,26.3015631762675,110577010296.528
27.7,-24.3,0.0667386374180316,39007653402.375,26.3015631762675,110577010296.528
27.8,-24.3,0.0667386374180316,39007653402.375,26.3015631762675,110577010296.528
27.9,-24.3,0.0620986308661926,6798064608.43025,24.6343942735822,17880015877.6679
28,-24.3,0.0620986308661926,6798064608.43025,24.6343942735822,17880015877.6679
28.1,-24.3,0.0620986308661926,6798064608.43025,24.6343942735822,17880015877.6679
28.2,-24.3,0.0620986308661926,6798064608.43025,24.6343942735822,17880015877.6679
28.3,-24.3,0.0620986308661926,6798064608.43025,24.6343942735822,17880015877.6679
28.4,-24.3,0.0620986308661926,6798064608.43025,24.6343942735822,17880015877.6679
28.5,-24.3,0.0658962563753459,28173408972.8496,25.6496627499954,73670861697.9652
28.6,-24.3,0.0658962563753459,28173408972.8496,25.6496627499954,73670861697.9652
28.7,-24.3,0.0658962563753459,28173408972.8496,25.6496627499954,73670861697.9652
28.8,-24.3,0.0658962563753459,28173408972.8496,25.6496627499954,73670861697.9652
28.9,-24.3,0.0658962563753459,28173408972.8496,25.6496627499954,73670861697.9652
29,-24.3,0.0658962563753459,28173408972.8496,25.6496627499954,73670861697.9652
29.1,-24.3,0.067408753024597,49587593227.9215,26.0843129547011,133537599360.438
29.2,-24.3,0.067408753024597,49587593227.9215,26.0843129547011,133537599360.438
29.3,-24.3,0.067408753024597,49587593227.9215,26.0843129547011,133537599360.438
29.4,-24.3,0.067408753024597,49587593227.9215,26.0843129547011,133537599360.438
29.5,-24.3,0.067408753024597,49587593227.9215,26.0843129547011,133537599360.438
29.6,-24.3,0.067408753024597,49587593227.9215,26.0843129547011,133537599360.438
29.7,-24.3,0.0643448580178048,15626507906.2974,24.9405457400777,41115269326.8648
29.8,-24.3,0.0643448580178048,15626507906.2974,24.9405457400777,41115269326.8648
29.9,-24.3,0.0643448580178048,15626507906.2974,24.9405457400777,41115269326.8648
30,-24.3,0.0643448580178048,15626507906.2974,24.9405457400777,41115269326.8648
30.1,-24.3,0.0643448580178048,15626507906.2974,24.9405457400777,41115269326.8648
30.2,-24.3,0.0643448580178048,15626507906.2974,24.9405457400777,41115269326.8648
30.3,-24.3,0.0643448580178048,15626507906.2974,24.9405457400777,41115269326.8648
30.4,-24.3,0.0677867133100003,56198390115.601,25.6154042264757,147273985689.94
30.5,-24.3,0.0677867133100003,56198390115.601,25.6154042264757,147273985689.94
30.6,-24.3,0.0677867133100003,56198390115.601,25.6154042264757,147273985689.94
30.7,-24.3,0.0677867133100003,56198390115.601,25.6154042264757,147273985689.94
30.8,-24.3,0.0677867133100003,56198390115.601,25.6154042264757,147273985689.94
30.9,-24.3,0.0677867133100003,56198390115.601,25.6154042264757,147273985689.94
31,-24.3,0.0719920565014307,271086728680.452,27.1894928585643,806571061504.77
31.1,-24.3,0.0719920565014307,271086728680.452,27.1894928585643,806571061504.77
31.2,-24.3,0.0719920565014307,271086728680.452,27.1894928585643,806571061504.77
31.3,-24.3,0.0719920565014307,271086728680.452,27.1894928585643,806571061504.77
31.4,-24.3,0.0719920565014307,271086728680.452,27.1894928585643,806571061504.77
31.5,-24.3,0.0719920565014307,271086728680.452,27.1894928585643,806571061504.77
31.6,-24.3,0.0661213718078425,31089416383.9751,28.8253259431677,202160100345.697
31.7,-24.3,0.0661213718078425,31089416383.9751,28.8253259431677,202160100345.697
31.8,-24.3,0.0661213718078425,31089416383.9751,28.8253259431677,202160100345.697
31.9,-24.3,0.0661213718078425,31089416383.9751,28.8253259431677,202160100345.697
26.9,-24.2,0.0614779402146519,5766236742.20943,27.6060075733473,32986995784.4202
27,-24.2,0.0614779402146519,5766236742.20943,27.6060075733473,32986995784.4202
27.1,-24.2,0.0614779402146519,5766236742.20943,27.6060075733473,32986995784.4202
27.2,-24.2,0.0664585301707415,35717142587.7444,26.9967051389866,124395087317.885
27.3,-24.2,0.0664585301707415,35717142587.7444,26.9967051389866,124395087317.885
27.4,-24.2,0.0664585301707415,35717142587.7444,26.9967051389866,124395087317.885
27.5,-24.2,0.0664585301707415,35717142587.7444,26.9967051389866,124395087317.885
27.6,-24.2,0.0664585301707415,35717142587.7444,26.9967051389866,124395087317.885
27.7,-24.2,0.0664585301707415,35717142587.7444,26.9967051389866,124395087317.885
27.8,-24.2,0.0664585301707415,35717142587.7444,26.9967051389866,124395087317.885
27.9,-24.2,0.0658675551233524,27778404872.2245,25.533467966271,72235763527.339
28,-24.2,0.0658675551233524,27778404872.2245,25.533467966271,72235763527.339
28.1,-24.2,0.0658675551233524,27778404872.2245,25.533467966271,72235763527.339
28.2,-24.2,0.0658675551233524,27778404872.2245,25.533467966271,72235763527.339
28.3,-24.2,0.0658675551233524,27778404872.2245,25.533467966271,72235763527.339
28.4,-24.2,0.0658675551233524,27778404872.2245,25.533467966271,72235763527.339
28.5,-24.2,0.0661053761912586,30322884419.8346,25.548888293011,78509875747.2792
28.6,-24.2,0.0661053761912586,30322884419.8346,25.548888293011,78509875747.2792
28.7,-24.2,0.0661053761912586,30322884419.8346,25.548888293011,78509875747.2792
28.8,-24.2,0.0661053761912586,30322884419.8346,25.548888293011,78509875747.2792
28.9,-24.2,0.0661053761912586,30322884419.8346,25.548888293011,78509875747.2792
29,-24.2,0.0661053761912586,30322884419.8346,25.548888293011,78509875747.2792
29.1,-24.2,0.0592955086557352,2378788087.91691,23.8984593654632,6518683416.71614
29.2,-24.2,0.0592955086557352,2378788087.91691,23.8984593654632,6518683416.71614
29.3,-24.2,0.0592955086557352,2378788087.91691,23.8984593654632,6518683416.71614
29.4,-24.2,0.0592955086557352,2378788087.91691,23.8984593654632,6518683416.71614
29.5,-24.2,0.0592955086557352,2378788087.91691,23.8984593654632,6518683416.71614
29.6,-24.2,0.0592955086557352,2378788087.91691,23.8984593654632,6518683416.71614
29.7,-24.2,0.0637980821882051,12703777325.7199,24.7344011000672,33959057825.7361
29.8,-24.2,0.0637980821882051,12703777325.7199,24.7344011000672,33959057825.7361
29.9,-24.2,0.0637980821882051,12703777325.7199,24.7344011000672,33959057825.7361
30,-24.2,0.0637980821882051,12703777325.7199,24.7344011000672,33959057825.7361
30.1,-24.2,0.0637980821882051,12703777325.7199,24.7344011000672,33959057825.7361
30.2,-24.2,0.0637980821882051,12703777325.7199,24.7344011000672,33959057825.7361
30.3,-24.2,0.0637980821882051,12703777325.7199,24.7344011000672,33959057825.7361
30.4,-24.2,0.0713573733525526,215834021459.321,27.5636130933709,705468581085.053
30.5,-24.2,0.0713573733525526,215834021459.321,27.5636130933709,705468581085.053
30.6,-24.2,0.0713573733525526,215834021459.321,27.5636130933709,705468581085.053
30.7,-24.2,0.0713573733525526,215834021459.321,27.5636130933709,705468581085.053
30.8,-24.2,0.0713573733525526,215834021459.321,27.5636130933709,705468581085.053
30.9,-24.2,0.0713573733525526,215834021459.321,27.5636130933709,705468581085.053
31,-24.2,0.0664821734316193,35732869041.874,28.6154461467712,220305014497.51
31.1,-24.2,0.0664821734316193,35732869041.874,28.6154461467712,220305014497.51
31.2,-24.2,0.0664821734316193,35732869041.874,28.6154461467712,220305014497.51
31.3,-24.2,0.0664821734316193,35732869041.874,28.6154461467712,220305014497.51
31.4,-24.2,0.0664821734316193,35732869041.874,28.6154461467712,220305014497.51
31.5,-24.2,0.0664821734316193,35732869041.874,28.6154461467712,220305014497.51
31.6,-24.2,0.0591911691287077,2442883144.22125,29.4159086150309,30179119961.8885
31.7,-24.2,0.0591911691287077,2442883144.22125,29.4159086150309,30179119961.8885
31.8,-24.2,0.0591911691287077,2442883144.22125,29.4159086150309,30179119961.8885
26.9,-24.1,0.0614779402146519,5766236742.20943,27.6060075733473,32986995784.4202
27,-24.1,0.0614779402146519,5766236742.20943,27.6060075733473,32986995784.4202
27.1,-24.1,0.0614779402146519,5766236742.20943,27.6060075733473,32986995784.4202
27.2,-24.1,0.0664585301707415,35717142587.7444,26.9967051389866,124395087317.885
27.3,-24.1,0.0664585301707415,35717142587.7444,26.9967051389866,124395087317.885
27.4,-24.1,0.0664585301707415,35717142587.7444,26.9967051389866,124395087317.885
27.5,-24.1,0.0664585301707415,35717142587.7444,26.9967051389866,124395087317.885
27.6,-24.1,0.0664585301707415,35717142587.7444,26.9967051389866,124395087317.885
27.7,-24.1,0.0664585301707415,35717142587.7444,26.9967051389866,124395087317.885
27.8,-24.1,0.0664585301707415,35717142587.7444,26.9967051389866,124395087317.885
27.9,-24.1,0.0658675551233524,27778404872.2245,25.533467966271,72235763527.339
28,-24.1,0.0658675551233524,27778404872.2245,25.533467966271,72235763527.339
28.1,-24.1,0.0658675551233524,27778404872.2245,25.533467966271,72235763527.339
28.2,-24.1,0.0658675551233524,27778404872.2245,25.533467966271,72235763527.339
28.3,-24.1,0.0658675551233524,27778404872.2245,25.533467966271,72235763527.339
28.4,-24.1,0.0658675551233524,27778404872.2245,25.533467966271,72235763527.339
28.5,-24.1,0.0661053761912586,30322884419.8346,25.548888293011,78509875747.2792
28.6,-24.1,0.0661053761912586,30322884419.8346,25.548888293011,78509875747.2792
28.7,-24.1,0.0661053761912586,30322884419.8346,25.548888293011,78509875747.2792
28.8,-24.1,0.0661053761912586,30322884419.8346,25.548888293011,78509875747.2792
28.9,-24.1,0.0661053761912586,30322884419.8346,25.548888293011,78509875747.2792
29,-24.1,0.0661053761912586,30322884419.8346,25.548888293011,78509875747.2792
29.1,-24.1,0.0592955086557352,2378788087.91691,23.8984593654632,6518683416.71614
29.2,-24.1,0.0592955086557352,2378788087.91691,23.8984593654632,6518683416.71614
29.3,-24.1,0.0592955086557352,2378788087.91691,23.8984593654632,6518683416.71614
29.4,-24.1,0.0592955086557352,2378788087.91691,23.8984593654632,6518683416.71614
29.5,-24.1,0.0592955086557352,2378788087.91691,23.8984593654632,6518683416.71614
29.6,-24.1,0.0592955086557352,2378788087.91691,23.8984593654632,6518683416.71614
29.7,-24.1,0.0637980821882051,12703777325.7199,24.7344011000672,33959057825.7361
29.8,-24.1,0.0637980821882051,12703777325.7199,24.7344011000672,33959057825.7361
29.9,-24.1,0.0637980821882051,12703777325.7199,24.7344011000672,33959057825.7361
30,-24.1,0.0637980821882051,12703777325.7199,24.7344011000672,33959057825.7361
30.1,-24.1,0.0637980821882051,12703777325.7199,24.7344011000672,33959057825.7361
30.2,-24.1,0.0637980821882051,12703777325.7199,24.7344011000672,33959057825.7361
30.3,-24.1,0.0637980821882051,12703777325.7199,24.7344011000672,33959057825.7361
30.4,-24.1,0.0713573733525526,215834021459.321,27.5636130933709,705468581085.053
30.5,-24.1,0.0713573733525526,215834021459.321,27.5636130933709,705468581085.053
30.6,-24.1,0.0713573733525526,215834021459.321,27.5636130933709,705468581085.053
30.7,-24.1,0.0713573733525526,215834021459.321,27.5636130933709,705468581085.053
30.8,-24.1,0.0713573733525526,215834021459.321,27.5636130933709,705468581085.053
30.9,-24.1,0.0713573733525526,215834021459.321,27.5636130933709,705468581085.053
31,-24.1,0.0664821734316193,35732869041.874,28.6154461467712,220305014497.51
31.1,-24.1,0.0664821734316193,35732869041.874,28.6154461467712,220305014497.51
31.2,-24.1,0.0664821734316193,35732869041.874,28.6154461467712,220305014497.51
31.3,-24.1,0.0664821734316193,35732869041.874,28.6154461467712,220305014497.51
31.4,-24.1,0.0664821734316193,35732869041.874,28.6154461467712,220305014497.51
31.5,-24.1,0.0664821734316193,35732869041.874,28.6154461467712,220305014497.51
31.6,-24.1,0.0591911691287077,2442883144.22125,29.4159086150309,30179119961.8885
31.7,-24.1,0.0591911691287077,2442883144.22125,29.4159086150309,30179119961.8885
31.8,-24.1,0.0591911691287077,2442883144.22125,29.4159086150309,30179119961.8885
27,-24,0.0614779402146519,5766236742.20943,27.6060075733473,32986995784.4202
27.1,-24,0.0614779402146519,5766236742.20943,27.6060075733473,32986995784.4202
27.2,-24,0.0664585301707415,35717142587.7444,26.9967051389866,124395087317.885
27.3,-24,0.0664585301707415,35717142587.7444,26.9967051389866,124395087317.885
27.4,-24,0.0664585301707415,35717142587.7444,26.9967051389866,124395087317.885
27.5,-24,0.0664585301707415,35717142587.7444,26.9967051389866,124395087317.885
27.6,-24,0.0664585301707415,35717142587.7444,26.9967051389866,124395087317.885
27.7,-24,0.0664585301707415,35717142587.7444,26.9967051389866,124395087317.885
27.8,-24,0.0664585301707415,35717142587.7444,26.9967051389866,124395087317.885
27.9,-24,0.0658675551233524,27778404872.2245,25.533467966271,72235763527.339
28,-24,0.0658675551233524,27778404872.2245,25.533467966271,72235763527.339
28.1,-24,0.0658675551233524,27778404872.2245,25.533467966271,72235763527.339
28.2,-24,0.0658675551233524,27778404872.2245,25.533467966271,72235763527.339
28.3,-24,0.0658675551233524,27778404872.2245,25.533467966271,72235763527.339
28.4,-24,0.0658675551233524,27778404872.2245,25.533467966271,72235763527.339
28.5,-24,0.0661053761912586,30322884419.8346,25.548888293011,78509875747.2792
28.6,-24,0.0661053761912586,30322884419.8346,25.548888293011,78509875747.2792
28.7,-24,0.0661053761912586,30322884419.8346,25.548888293011,78509875747.2792
28.8,-24,0.0661053761912586,30322884419.8346,25.548888293011,78509875747.2792
28.9,-24,0.0661053761912586,30322884419.8346,25.548888293011,78509875747.2792
29,-24,0.0661053761912586,30322884419.8346,25.548888293011,78509875747.2792
29.1,-24,0.0592955086557352,2378788087.91691,23.8984593654632,6518683416.71614
29.2,-24,0.0592955086557352,2378788087.91691,23.8984593654632,6518683416.71614
29.3,-24,0.0592955086557352,2378788087.91691,23.8984593654632,6518683416.71614
29.4,-24,0.0592955086557352,2378788087.91691,23.8984593654632,6518683416.71614
29.5,-24,0.0592955086557352,2378788087.91691,23.8984593654632,6518683416.71614
29.6,-24,0.0592955086557352,2378788087.91691,23.8984593654632,6518683416.71614
29.7,-24,0.0637980821882051,12703777325.7199,24.7344011000672,33959057825.7361
29.8,-24,0.0637980821882051,12703777325.7199,24.7344011000672,33959057825.7361
29.9,-24,0.0637980821882051,12703777325.7199,24.7344011000672,33959057825.7361
30,-24,0.0637980821882051,12703777325.7199,24.7344011000672,33959057825.7361
30.1,-24,0.0637980821882051,12703777325.7199,24.7344011000672,33959057825.7361
30.2,-24,0.0637980821882051,12703777325.7199,24.7344011000672,33959057825.7361
30.3,-24,0.0637980821882051,12703777325.7199,24.7344011000672,33959057825.7361
30.4,-24,0.0713573733525526,215834021459.321,27.5636130933709,705468581085.053
30.5,-24,0.0713573733525526,215834021459.321,27.5636130933709,705468581085.053
30.6,-24,0.0713573733525526,215834021459.321,27.5636130933709,705468581085.053
30.7,-24,0.0713573733525526,215834021459.321,27.5636130933709,705468581085.053
30.8,-24,0.0713573733525526,215834021459.321,27.5636130933709,705468581085.053
30.9,-24,0.0713573733525526,215834021459.321,27.5636130933709,705468581085.053
31,-24,0.0664821734316193,35732869041.874,28.6154461467712,220305014497.51
31.1,-24,0.0664821734316193,35732869041.874,28.6154461467712,220305014497.51
31.2,-24,0.0664821734316193,35732869041.874,28.6154461467712,220305014497.51
31.3,-24,0.0664821734316193,35732869041.874,28.6154461467712,220305014497.51
31.4,-24,0.0664821734316193,35732869041.874,28.6154461467712,220305014497.51
31.5,-24,0.0664821734316193,35732869041.874,28.6154461467712,220305014497.51
31.6,-24,0.0591911691287077,2442883144.22125,29.4159086150309,30179119961.8885
31.7,-24,0.0591911691287077,2442883144.22125,29.4159086150309,30179119961.8885
31.8,-24,0.0591911691287077,2442883144.22125,29.4159086150309,30179119961.8885
27,-23.9,0.0614779402146519,5766236742.20943,27.6060075733473,32986995784.4202
27.1,-23.9,0.0614779402146519,5766236742.20943,27.6060075733473,32986995784.4202
27.2,-23.9,0.0664585301707415,35717142587.7444,26.9967051389866,124395087317.885
27.3,-23.9,0.0664585301707415,35717142587.7444,26.9967051389866,124395087317.885
27.4,-23.9,0.0664585301707415,35717142587.7444,26.9967051389866,124395087317.885
27.5,-23.9,0.0664585301707415,35717142587.7444,26.9967051389866,124395087317.885
27.6,-23.9,0.0664585301707415,35717142587.7444,26.9967051389866,124395087317.885
27.7,-23.9,0.0664585301707415,35717142587.7444,26.9967051389866,124395087317.885
27.8,-23.9,0.0664585301707415,35717142587.7444,26.9967051389866,124395087317.885
27.9,-23.9,0.0658675551233524,27778404872.2245,25.533467966271,72235763527.339
28,-23.9,0.0658675551233524,27778404872.2245,25.533467966271,72235763527.339
28.1,-23.9,0.0658675551233524,27778404872.2245,25.533467966271,72235763527.339
28.2,-23.9,0.0658675551233524,27778404872.2245,25.533467966271,72235763527.339
28.3,-23.9,0.0658675551233524,27778404872.2245,25.533467966271,72235763527.339
28.4,-23.9,0.0658675551233524,27778404872.2245,25.533467966271,72235763527.339
28.5,-23.9,0.0661053761912586,30322884419.8346,25.548888293011,78509875747.2792
28.6,-23.9,0.0661053761912586,30322884419.8346,25.548888293011,78509875747.2792
28.7,-23.9,0.0661053761912586,30322884419.8346,25.548888293011,78509875747.2792
28.8,-23.9,0.0661053761912586,30322884419.8346,25.548888293011,78509875747.2792
28.9,-23.9,0.0661053761912586,30322884419.8346,25.548888293011,78509875747.2792
29,-23.9,0.0661053761912586,30322884419.8346,25.548888293011,78509875747.2792
29.1,-23.9,0.0592955086557352,2378788087.91691,23.8984593654632,6518683416.71614
29.2,-23.9,0.0592955086557352,2378788087.91691,23.8984593654632,6518683416.71614
29.3,-23.9,0.0592955086557352,2378788087.91691,23.8984593654632,6518683416.71614
29.4,-23.9,0.0592955086557352,2378788087.91691,23.8984593654632,6518683416.71614
29.5,-23.9,0.0592955086557352,2378788087.91691,23.8984593654632,6518683416.71614
29.6,-23.9,0.0592955086557352,2378788087.91691,23.8984593654632,6518683416.71614
29.7,-23.9,0.0637980821882051,12703777325.7199,24.7344011000672,33959057825.7361
29.8,-23.9,0.0637980821882051,12703777325.7199,24.7344011000672,33959057825.7361
29.9,-23.9,0.0637980821882051,12703777325.7199,24.7344011000672,33959057825.7361
30,-23.9,0.0637980821882051,12703777325.7199,24.7344011000672,33959057825.7361
30.1,-23.9,0.0637980821882051,12703777325.7199,24.7344011000672,33959057825.7361
30.2,-23.9,0.0637980821882051,12703777325.7199,24.7344011000672,33959057825.7361
30.3,-23.9,0.0637980821882051,12703777325.7199,24.7344011000672,33959057825.7361
30.4,-23.9,0.0713573733525526,215834021459.321,27.5636130933709,705468581085.053
30.5,-23.9,0.0713573733525526,215834021459.321,27.5636130933709,705468581085.053
30.6,-23.9,0.0713573733525526,215834021459.321,27.5636130933709,705468581085.053
30.7,-23.9,0.0713573733525526,215834021459.321,27.5636130933709,705468581085.053
30.8,-23.9,0.0713573733525526,215834021459.321,27.5636130933709,705468581085.053
30.9,-23.9,0.0713573733525526,215834021459.321,27.5636130933709,705468581085.053
31,-23.9,0.0664821734316193,35732869041.874,28.6154461467712,220305014497.51
31.1,-23.9,0.0664821734316193,35732869041.874,28.6154461467712,220305014497.51
31.2,-23.9,0.0664821734316193,35732869041.874,28.6154461467712,220305014497.51
31.3,-23.9,0.0664821734316193,35732869041.874,28.6154461467712,220305014497.51
31.4,-23.9,0.0664821734316193,35732869041.874,28.6154461467712,220305014497.51
31.5,-23.9,0.0664821734316193,35732869041.874,28.6154461467712,220305014497.51
31.6,-23.9,0.0591911691287077,2442883144.22125,29.4159086150309,30179119961.8885
31.7,-23.9,0.0591911691287077,2442883144.22125,29.4159086150309,30179119961.8885
31.8,-23.9,0.0591911691287077,2442883144.22125,29.4159086150309,30179119961.8885
27,-23.8,0.0614779402146519,5766236742.20943,27.6060075733473,32986995784.4202
27.1,-23.8,0.0614779402146519,5766236742.20943,27.6060075733473,32986995784.4202
27.2,-23.8,0.0664585301707415,35717142587.7444,26.9967051389866,124395087317.885
27.3,-23.8,0.0664585301707415,35717142587.7444,26.9967051389866,124395087317.885
27.4,-23.8,0.0664585301707415,35717142587.7444,26.9967051389866,124395087317.885
27.5,-23.8,0.0664585301707415,35717142587.7444,26.9967051389866,124395087317.885
27.6,-23.8,0.0664585301707415,35717142587.7444,26.9967051389866,124395087317.885
27.7,-23.8,0.0664585301707415,35717142587.7444,26.9967051389866,124395087317.885
27.8,-23.8,0.0664585301707415,35717142587.7444,26.9967051389866,124395087317.885
27.9,-23.8,0.0658675551233524,27778404872.2245,25.533467966271,72235763527.339
28,-23.8,0.0658675551233524,27778404872.2245,25.533467966271,72235763527.339
28.1,-23.8,0.0658675551233524,27778404872.2245,25.533467966271,72235763527.339
28.2,-23.8,0.0658675551233524,27778404872.2245,25.533467966271,72235763527.339
28.3,-23.8,0.0658675551233524,27778404872.2245,25.533467966271,72235763527.339
28.4,-23.8,0.0658675551233524,27778404872.2245,25.533467966271,72235763527.339
28.5,-23.8,0.0661053761912586,30322884419.8346,25.548888293011,78509875747.2792
28.6,-23.8,0.0661053761912586,30322884419.8346,25.548888293011,78509875747.2792
28.7,-23.8,0.0661053761912586,30322884419.8346,25.548888293011,78509875747.2792
28.8,-23.8,0.0661053761912586,30322884419.8346,25.548888293011,78509875747.2792
28.9,-23.8,0.0661053761912586,30322884419.8346,25.548888293011,78509875747.2792
29,-23.8,0.0661053761912586,30322884419.8346,25.548888293011,78509875747.2792
29.1,-23.8,0.0592955086557352,2378788087.91691,23.8984593654632,6518683416.71614
29.2,-23.8,0.0592955086557352,2378788087.91691,23.8984593654632,6518683416.71614
29.3,-23.8,0.0592955086557352,2378788087.91691,23.8984593654632,6518683416.71614
29.4,-23.8,0.0592955086557352,2378788087.91691,23.8984593654632,6518683416.71614
29.5,-23.8,0.0592955086557352,2378788087.91691,23.8984593654632,6518683416.71614
29.6,-23.8,0.0592955086557352,2378788087.91691,23.8984593654632,6518683416.71614
29.7,-23.8,0.0637980821882051,12703777325.7199,24.7344011000672,33959057825.7361
29.8,-23.8,0.0637980821882051,12703777325.7199,24.7344011000672,33959057825.7361
29.9,-23.8,0.0637980821882051,12703777325.7199,24.7344011000672,33959057825.7361
30,-23.8,0.0637980821882051,12703777325.7199,24.7344011000672,33959057825.7361
30.1,-23.8,0.0637980821882051,12703777325.7199,24.7344011000672,33959057825.7361
30.2,-23.8,0.0637980821882051,12703777325.7199,24.7344011000672,33959057825.7361
30.3,-23.8,0.0637980821882051,12703777325.7199,24.7344011000672,33959057825.7361
30.4,-23.8,0.0713573733525526,215834021459.321,27.5636130933709,705468581085.053
30.5,-23.8,0.0713573733525526,215834021459.321,27.5636130933709,705468581085.053
30.6,-23.8,0.0713573733525526,215834021459.321,27.5636130933709,705468581085.053
30.7,-23.8,0.0713573733525526,215834021459.321,27.5636130933709,705468581085.053
30.8,-23.8,0.0713573733525526,215834021459.321,27.5636130933709,705468581085.053
30.9,-23.8,0.0713573733525526,215834021459.321,27.5636130933709,705468581085.053
31,-23.8,0.0664821734316193,35732869041.874,28.6154461467712,220305014497.51
31.1,-23.8,0.0664821734316193,35732869041.874,28.6154461467712,220305014497.51
31.2,-23.8,0.0664821734316193,35732869041.874,28.6154461467712,220305014497.51
31.3,-23.8,0.0664821734316193,35732869041.874,28.6154461467712,220305014497.51
31.4,-23.8,0.0664821734316193,35732869041.874,28.6154461467712,220305014497.51
31.5,-23.8,0.0664821734316193,35732869041.874,28.6154461467712,220305014497.51
31.6,-23.8,0.0591911691287077,2442883144.22125,29.4159086150309,30179119961.8885
31.7,-23.8,0.0591911691287077,2442883144.22125,29.4159086150309,30179119961.8885
27,-23.7,0.0626648853597239,8916570589.82047,27.6296733819469,49414335749.3388
27.1,-23.7,0.0626648853597239,8916570589.82047,27.6296733819469,49414335749.3388
27.2,-23.7,0.0637906995230398,13471215807.6613,27.6670906800719,68234560041.4794
27.3,-23.7,0.0637906995230398,13471215807.6613,27.6670906800719,68234560041.4794
27.4,-23.7,0.0637906995230398,13471215807.6613,27.6670906800719,68234560041.4794
27.5,-23.7,0.0637906995230398,13471215807.6613,27.6670906800719,68234560041.4794
27.6,-23.7,0.0637906995230398,13471215807.6613,27.6670906800719,68234560041.4794
27.7,-23.7,0.0637906995230398,13471215807.6613,27.6670906800719,68234560041.4794
27.8,-23.7,0.0637906995230398,13471215807.6613,27.6670906800719,68234560041.4794
27.9,-23.7,0.0657497622698755,27632932822.4476,27.5260704606576,118304093741.043
28,-23.7,0.0657497622698755,27632932822.4476,27.5260704606576,118304093741.043
28.1,-23.7,0.0657497622698755,27632932822.4476,27.5260704606576,118304093741.043
28.2,-23.7,0.0657497622698755,27632932822.4476,27.5260704606576,118304093741.043
28.3,-23.7,0.0657497622698755,27632932822.4476,27.5260704606576,118304093741.043
28.4,-23.7,0.0657497622698755,27632932822.4476,27.5260704606576,118304093741.043
28.5,-23.7,0.0689169776641224,87371584431.2961,26.6954572651236,252670827122.645
28.6,-23.7,0.0689169776641224,87371584431.2961,26.6954572651236,252670827122.645
28.7,-23.7,0.0689169776641224,87371584431.2961,26.6954572651236,252670827122.645
28.8,-23.7,0.0689169776641224,87371584431.2961,26.6954572651236,252670827122.645
28.9,-23.7,0.0689169776641224,87371584431.2961,26.6954572651236,252670827122.645
29,-23.7,0.0689169776641224,87371584431.2961,26.6954572651236,252670827122.645
29.1,-23.7,0.0656051642010088,25015626054.2424,25.2416899277265,65240498979.8231
29.2,-23.7,0.0656051642010088,25015626054.2424,25.2416899277265,65240498979.8231
29.3,-23.7,0.0656051642010088,25015626054.2424,25.2416899277265,65240498979.8231
29.4,-23.7,0.0656051642010088,25015626054.2424,25.2416899277265,65240498979.8231
29.5,-23.7,0.0656051642010088,25015626054.2424,25.2416899277265,65240498979.8231
29.6,-23.7,0.0656051642010088,25015626054.2424,25.2416899277265,65240498979.8231
29.7,-23.7,0.0663589791358935,32989787680.3164,25.2835730349434,86766738485.3683
29.8,-23.7,0.0663589791358935,32989787680.3164,25.2835730349434,86766738485.3683
29.9,-23.7,0.0663589791358935,32989787680.3164,25.2835730349434,86766738485.3683
30,-23.7,0.0663589791358935,32989787680.3164,25.2835730349434,86766738485.3683
30.1,-23.7,0.0663589791358935,32989787680.3164,25.2835730349434,86766738485.3683
30.2,-23.7,0.0663589791358935,32989787680.3164,25.2835730349434,86766738485.3683
30.3,-23.7,0.0663589791358935,32989787680.3164,25.2835730349434,86766738485.3683
30.4,-23.7,0.0698576129023926,124680307702.801,28.0091332265051,505807134358.667
30.5,-23.7,0.0698576129023926,124680307702.801,28.0091332265051,505807134358.667
30.6,-23.7,0.0698576129023926,124680307702.801,28.0091332265051,505807134358.667
30.7,-23.7,0.0698576129023926,124680307702.801,28.0091332265051,505807134358.667
30.8,-23.7,0.0698576129023926,124680307702.801,28.0091332265051,505807134358.667
30.9,-23.7,0.0698576129023926,124680307702.801,28.0091332265051,505807134358.667
31,-23.7,0.0633884865039842,11489975130.7636,28.9292069343131,95121929343.8073
31.1,-23.7,0.0633884865039842,11489975130.7636,28.9292069343131,95121929343.8073
31.2,-23.7,0.0633884865039842,11489975130.7636,28.9292069343131,95121929343.8073
31.3,-23.7,0.0633884865039842,11489975130.7636,28.9292069343131,95121929343.8073
31.4,-23.7,0.0633884865039842,11489975130.7636,28.9292069343131,95121929343.8073
31.5,-23.7,0.0633884865039842,11489975130.7636,28.9292069343131,95121929343.8073
31.6,-23.7,0.0582800450583478,1755728308.32717,29.464495854063,23804143991.8076
27.1,-23.6,0.0626648853597239,8916570589.82047,27.6296733819469,49414335749.3388
27.2,-23.6,0.0637906995230398,13471215807.6613,27.6670906800719,68234560041.4794
27.3,-23.6,0.0637906995230398,13471215807.6613,27.6670906800719,68234560041.4794
27.4,-23.6,0.0637906995230398,13471215807.6613,27.6670906800719,68234560041.4794
27.5,-23.6,0.0637906995230398,13471215807.6613,27.6670906800719,68234560041.4794
27.6,-23.6,0.0637906995230398,13471215807.6613,27.6670906800719,68234560041.4794
27.7,-23.6,0.0637906995230398,13471215807.6613,27.6670906800719,68234560041.4794
27.8,-23.6,0.0637906995230398,13471215807.6613,27.6670906800719,68234560041.4794
27.9,-23.6,0.0657497622698755,27632932822.4476,27.5260704606576,118304093741.043
28,-23.6,0.0657497622698755,27632932822.4476,27.5260704606576,118304093741.043
28.1,-23.6,0.0657497622698755,27632932822.4476,27.5260704606576,118304093741.043
28.2,-23.6,0.0657497622698755,27632932822.4476,27.5260704606576,118304093741.043
28.3,-23.6,0.0657497622698755,27632932822.4476,27.5260704606576,118304093741.043
28.4,-23.6,0.0657497622698755,27632932822.4476,27.5260704606576,118304093741.043
28.5,-23.6,0.0689169776641224,87371584431.2961,26.6954572651236,252670827122.645
28.6,-23.6,0.0689169776641224,87371584431.2961,26.6954572651236,252670827122.645
28.7,-23.6,0.0689169776641224,87371584431.2961,26.6954572651236,252670827122.645
28.8,-23.6,0.0689169776641224,87371584431.2961,26.6954572651236,252670827122.645
28.9,-23.6,0.0689169776641224,87371584431.2961,26.6954572651236,252670827122.645
29,-23.6,0.0689169776641224,87371584431.2961,26.6954572651236,252670827122.645
29.1,-23.6,0.0656051642010088,25015626054.2424,25.2416899277265,65240498979.8231
29.2,-23.6,0.0656051642010088,25015626054.2424,25.2416899277265,65240498979.8231
29.3,-23.6,0.0656051642010088,25015626054.2424,25.2416899277265,65240498979.8231
29.4,-23.6,0.0656051642010088,25015626054.2424,25.2416899277265,65240498979.8231
29.5,-23.6,0.0656051642010088,25015626054.2424,25.2416899277265,65240498979.8231
29.6,-23.6,0.0656051642010088,25015626054.2424,25.2416899277265,65240498979.8231
29.7,-23.6,0.0663589791358935,32989787680.3164,25.2835730349434,86766738485.3683
29.8,-23.6,0.0663589791358935,32989787680.3164,25.2835730349434,86766738485.3683
29.9,-23.6,0.0663589791358935,32989787680.3164,25.2835730349434,86766738485.3683
30,-23.6,0.0663589791358935,32989787680.3164,25.2835730349434,86766738485.3683
30.1,-23.6,0.0663589791358935,32989787680.3164,25.2835730349434,86766738485.3683
30.2,-23.6,0.0663589791358935,32989787680.3164,25.2835730349434,86766738485.3683
30.3,-23.6,0.0663589791358935,32989787680.3164,25.2835730349434,86766738485.3683
30.4,-23.6,0.0698576129023926,124680307702.801,28.0091332265051,505807134358.667
30.5,-23.6,0.0698576129023926,124680307702.801,28.0091332265051,505807134358.667
30.6,-23.6,0.0698576129023926,124680307702.801,28.0091332265051,505807134358.667
30.7,-23.6,0.0698576129023926,124680307702.801,28.0091332265051,505807134358.667
30.8,-23.6,0.0698576129023926,124680307702.801,28.0091332265051,505807134358.667
30.9,-23.6,0.0698576129023926,124680307702.801,28.0091332265051,505807134358.667
31,-23.6,0.0633884865039842,11489975130.7636,28.9292069343131,95121929343.8073
31.1,-23.6,0.0633884865039842,11489975130.7636,28.9292069343131,95121929343.8073
31.2,-23.6,0.0633884865039842,11489975130.7636,28.9292069343131,95121929343.8073
31.3,-23.6,0.0633884865039842,11489975130.7636,28.9292069343131,95121929343.8073
31.4,-23.6,0.0633884865039842,11489975130.7636,28.9292069343131,95121929343.8073
31.5,-23.6,0.0633884865039842,11489975130.7636,28.9292069343131,95121929343.8073
31.6,-23.6,0.0582800450583478,1755728308.32717,29.464495854063,23804143991.8076
27.3,-23.5,0.0637906995230398,13471215807.6613,27.6670906800719,68234560041.4794
27.4,-23.5,0.0637906995230398,13471215807.6613,27.6670906800719,68234560041.4794
27.5,-23.5,0.0637906995230398,13471215807.6613,27.6670906800719,68234560041.4794
27.6,-23.5,0.0637906995230398,13471215807.6613,27.6670906800719,68234560041.4794
27.7,-23.5,0.0637906995230398,13471215807.6613,27.6670906800719,68234560041.4794
27.8,-23.5,0.0637906995230398,13471215807.6613,27.6670906800719,68234560041.4794
27.9,-23.5,0.0657497622698755,27632932822.4476,27.5260704606576,118304093741.043
28,-23.5,0.0657497622698755,27632932822.4476,27.5260704606576,118304093741.043
28.1,-23.5,0.0657497622698755,27632932822.4476,27.5260704606576,118304093741.043
28.2,-23.5,0.0657497622698755,27632932822.4476,27.5260704606576,118304093741.043
28.3,-23.5,0.0657497622698755,27632932822.4476,27.5260704606576,118304093741.043
28.4,-23.5,0.0657497622698755,27632932822.4476,27.5260704606576,118304093741.043
28.5,-23.5,0.0689169776641224,87371584431.2961,26.6954572651236,252670827122.645
28.6,-23.5,0.0689169776641224,87371584431.2961,26.6954572651236,252670827122.645
28.7,-23.5,0.0689169776641224,87371584431.2961,26.6954572651236,252670827122.645
28.8,-23.5,0.0689169776641224,87371584431.2961,26.6954572651236,252670827122.645
28.9,-23.5,0.0689169776641224,87371584431.2961,26.6954572651236,252670827122.645
29,-23.5,0.0689169776641224,87371584431.2961,26.6954572651236,252670827122.645
29.1,-23.5,0.0656051642010088,25015626054.2424,25.2416899277265,65240498979.8231
29.2,-23.5,0.0656051642010088,25015626054.2424,25.2416899277265,65240498979.8231
29.3,-23.5,0.0656051642010088,25015626054.2424,25.2416899277265,65240498979.8231
29.4,-23.5,0.0656051642010088,25015626054.2424,25.2416899277265,65240498979.8231
29.5,-23.5,0.0656051642010088,25015626054.2424,25.2416899277265,65240498979.8231
29.6,-23.5,0.0656051642010088,25015626054.2424,25.2416899277265,65240498979.8231
29.7,-23.5,0.0663589791358935,32989787680.3164,25.2835730349434,86766738485.3683
29.8,-23.5,0.0663589791358935,32989787680.3164,25.2835730349434,86766738485.3683
29.9,-23.5,0.0663589791358935,32989787680.3164,25.2835730349434,86766738485.3683
30,-23.5,0.0663589791358935,32989787680.3164,25.2835730349434,86766738485.3683
30.1,-23.5,0.0663589791358935,32989787680.3164,25.2835730349434,86766738485.3683
30.2,-23.5,0.0663589791358935,32989787680.3164,25.2835730349434,86766738485.3683
30.3,-23.5,0.0663589791358935,32989787680.3164,25.2835730349434,86766738485.3683
30.4,-23.5,0.0698576129023926,124680307702.801,28.0091332265051,505807134358.667
30.5,-23.5,0.0698576129023926,124680307702.801,28.0091332265051,505807134358.667
30.6,-23.5,0.0698576129023926,124680307702.801,28.0091332265051,505807134358.667
30.7,-23.5,0.0698576129023926,124680307702.801,28.0091332265051,505807134358.667
30.8,-23.5,0.0698576129023926,124680307702.801,28.0091332265051,505807134358.667
30.9,-23.5,0.0698576129023926,124680307702.801,28.0091332265051,505807134358.667
31,-23.5,0.0633884865039842,11489975130.7636,28.9292069343131,95121929343.8073
31.1,-23.5,0.0633884865039842,11489975130.7636,28.9292069343131,95121929343.8073
31.2,-23.5,0.0633884865039842,11489975130.7636,28.9292069343131,95121929343.8073
31.3,-23.5,0.0633884865039842,11489975130.7636,28.9292069343131,95121929343.8073
31.4,-23.5,0.0633884865039842,11489975130.7636,28.9292069343131,95121929343.8073
31.5,-23.5,0.0633884865039842,11489975130.7636,28.9292069343131,95121929343.8073
27.4,-23.4,0.0637906995230398,13471215807.6613,27.6670906800719,68234560041.4794
27.5,-23.4,0.0637906995230398,13471215807.6613,27.6670906800719,68234560041.4794
27.6,-23.4,0.0637906995230398,13471215807.6613,27.6670906800719,68234560041.4794
27.7,-23.4,0.0637906995230398,13471215807.6613,27.6670906800719,68234560041.4794
27.8,-23.4,0.0637906995230398,13471215807.6613,27.6670906800719,68234560041.4794
27.9,-23.4,0.0657497622698755,27632932822.4476,27.5260704606576,118304093741.043
28,-23.4,0.0657497622698755,27632932822.4476,27.5260704606576,118304093741.043
28.1,-23.4,0.0657497622698755,27632932822.4476,27.5260704606576,118304093741.043
28.2,-23.4,0.0657497622698755,27632932822.4476,27.5260704606576,118304093741.043
28.3,-23.4,0.0657497622698755,27632932822.4476,27.5260704606576,118304093741.043
28.4,-23.4,0.0657497622698755,27632932822.4476,27.5260704606576,118304093741.043
28.5,-23.4,0.0689169776641224,87371584431.2961,26.6954572651236,252670827122.645
28.6,-23.4,0.0689169776641224,87371584431.2961,26.6954572651236,252670827122.645
28.7,-23.4,0.0689169776641224,87371584431.2961,26.6954572651236,252670827122.645
28.8,-23.4,0.0689169776641224,87371584431.2961,26.6954572651236,252670827122.645
28.9,-23.4,0.0689169776641224,87371584431.2961,26.6954572651236,252670827122.645
29,-23.4,0.0689169776641224,87371584431.2961,26.6954572651236,252670827122.645
29.1,-23.4,0.0656051642010088,25015626054.2424,25.2416899277265,65240498979.8231
29.2,-23.4,0.0656051642010088,25015626054.2424,25.2416899277265,65240498979.8231
29.3,-23.4,0.0656051642010088,25015626054.2424,25.2416899277265,65240498979.8231
29.4,-23.4,0.0656051642010088,25015626054.2424,25.2416899277265,65240498979.8231
29.5,-23.4,0.0656051642010088,25015626054.2424,25.2416899277265,65240498979.8231
29.6,-23.4,0.0656051642010088,25015626054.2424,25.2416899277265,65240498979.8231
29.7,-23.4,0.0663589791358935,32989787680.3164,25.2835730349434,86766738485.3683
29.8,-23.4,0.0663589791358935,32989787680.3164,25.2835730349434,86766738485.3683
29.9,-23.4,0.0663589791358935,32989787680.3164,25.2835730349434,86766738485.3683
30,-23.4,0.0663589791358935,32989787680.3164,25.2835730349434,86766738485.3683
30.1,-23.4,0.0663589791358935,32989787680.3164,25.2835730349434,86766738485.3683
30.2,-23.4,0.0663589791358935,32989787680.3164,25.2835730349434,86766738485.3683
30.3,-23.4,0.0663589791358935,32989787680.3164,25.2835730349434,86766738485.3683
30.4,-23.4,0.0698576129023926,124680307702.801,28.0091332265051,505807134358.667
30.5,-23.4,0.0698576129023926,124680307702.801,28.0091332265051,505807134358.667
30.6,-23.4,0.0698576129023926,124680307702.801,28.0091332265051,505807134358.667
30.7,-23.4,0.0698576129023926,124680307702.801,28.0091332265051,505807134358.667
30.8,-23.4,0.0698576129023926,124680307702.801,28.0091332265051,505807134358.667
30.9,-23.4,0.0698576129023926,124680307702.801,28.0091332265051,505807134358.667
31,-23.4,0.0633884865039842,11489975130.7636,28.9292069343131,95121929343.8073
31.1,-23.4,0.0633884865039842,11489975130.7636,28.9292069343131,95121929343.8073
31.2,-23.4,0.0633884865039842,11489975130.7636,28.9292069343131,95121929343.8073
31.3,-23.4,0.0633884865039842,11489975130.7636,28.9292069343131,95121929343.8073
31.4,-23.4,0.0633884865039842,11489975130.7636,28.9292069343131,95121929343.8073
31.5,-23.4,0.0633884865039842,11489975130.7636,28.9292069343131,95121929343.8073
27.6,-23.3,0.0637906995230398,13471215807.6613,27.6670906800719,68234560041.4794
27.7,-23.3,0.0637906995230398,13471215807.6613,27.6670906800719,68234560041.4794
27.8,-23.3,0.0637906995230398,13471215807.6613,27.6670906800719,68234560041.4794
27.9,-23.3,0.0657497622698755,27632932822.4476,27.5260704606576,118304093741.043
28,-23.3,0.0657497622698755,27632932822.4476,27.5260704606576,118304093741.043
28.1,-23.3,0.0657497622698755,27632932822.4476,27.5260704606576,118304093741.043
28.2,-23.3,0.0657497622698755,27632932822.4476,27.5260704606576,118304093741.043
28.3,-23.3,0.0657497622698755,27632932822.4476,27.5260704606576,118304093741.043
28.4,-23.3,0.0657497622698755,27632932822.4476,27.5260704606576,118304093741.043
28.5,-23.3,0.0689169776641224,87371584431.2961,26.6954572651236,252670827122.645
28.6,-23.3,0.0689169776641224,87371584431.2961,26.6954572651236,252670827122.645
28.7,-23.3,0.0689169776641224,87371584431.2961,26.6954572651236,252670827122.645
28.8,-23.3,0.0689169776641224,87371584431.2961,26.6954572651236,252670827122.645
28.9,-23.3,0.0689169776641224,87371584431.2961,26.6954572651236,252670827122.645
29,-23.3,0.0689169776641224,87371584431.2961,26.6954572651236,252670827122.645
29.1,-23.3,0.0656051642010088,25015626054.2424,25.2416899277265,65240498979.8231
29.2,-23.3,0.0656051642010088,25015626054.2424,25.2416899277265,65240498979.8231
29.3,-23.3,0.0656051642010088,25015626054.2424,25.2416899277265,65240498979.8231
29.4,-23.3,0.0656051642010088,25015626054.2424,25.2416899277265,65240498979.8231
29.5,-23.3,0.0656051642010088,25015626054.2424,25.2416899277265,65240498979.8231
29.6,-23.3,0.0656051642010088,25015626054.2424,25.2416899277265,65240498979.8231
29.7,-23.3,0.0663589791358935,32989787680.3164,25.2835730349434,86766738485.3683
29.8,-23.3,0.0663589791358935,32989787680.3164,25.2835730349434,86766738485.3683
29.9,-23.3,0.0663589791358935,32989787680.3164,25.2835730349434,86766738485.3683
30,-23.3,0.0663589791358935,32989787680.3164,25.2835730349434,86766738485.3683
30.1,-23.3,0.0663589791358935,32989787680.3164,25.2835730349434,86766738485.3683
30.2,-23.3,0.0663589791358935,32989787680.3164,25.2835730349434,86766738485.3683
30.3,-23.3,0.0663589791358935,32989787680.3164,25.2835730349434,86766738485.3683
30.4,-23.3,0.0698576129023926,124680307702.801,28.0091332265051,505807134358.667
30.5,-23.3,0.0698576129023926,124680307702.801,28.0091332265051,505807134358.667
30.6,-23.3,0.0698576129023926,124680307702.801,28.0091332265051,505807134358.667
30.7,-23.3,0.0698576129023926,124680307702.801,28.0091332265051,505807134358.667
30.8,-23.3,0.0698576129023926,124680307702.801,28.0091332265051,505807134358.667
30.9,-23.3,0.0698576129023926,124680307702.801,28.0091332265051,505807134358.667
31,-23.3,0.0633884865039842,11489975130.7636,28.9292069343131,95121929343.8073
31.1,-23.3,0.0633884865039842,11489975130.7636,28.9292069343131,95121929343.8073
31.2,-23.3,0.0633884865039842,11489975130.7636,28.9292069343131,95121929343.8073
31.3,-23.3,0.0633884865039842,11489975130.7636,28.9292069343131,95121929343.8073
31.4,-23.3,0.0633884865039842,11489975130.7636,28.9292069343131,95121929343.8073
31.5,-23.3,0.0633884865039842,11489975130.7636,28.9292069343131,95121929343.8073
27.8,-23.2,0.0663335350300067,34213333349.1007,27.380013268997,141651916883.561
27.9,-23.2,0.065296219259825,23397940370.5179,27.6736156642097,110263227789.428
28,-23.2,0.065296219259825,23397940370.5179,27.6736156642097,110263227789.428
28.1,-23.2,0.065296219259825,23397940370.5179,27.6736156642097,110263227789.428
28.2,-23.2,0.065296219259825,23397940370.5179,27.6736156642097,110263227789.428
28.3,-23.2,0.065296219259825,23397940370.5179,27.6736156642097,110263227789.428
28.4,-23.2,0.065296219259825,23397940370.5179,27.6736156642097,110263227789.428
28.5,-23.2,0.0675313985727552,53065192353.1348,27.5353641933069,211503829282.321
28.6,-23.2,0.0675313985727552,53065192353.1348,27.5353641933069,211503829282.321
28.7,-23.2,0.0675313985727552,53065192353.1348,27.5353641933069,211503829282.321
28.8,-23.2,0.0675313985727552,53065192353.1348,27.5353641933069,211503829282.321
28.9,-23.2,0.0675313985727552,53065192353.1348,27.5353641933069,211503829282.321
29,-23.2,0.0675313985727552,53065192353.1348,27.5353641933069,211503829282.321
29.1,-23.2,0.0698713619628986,124084351443.806,26.7635466747764,355547619377.245
29.2,-23.2,0.0698713619628986,124084351443.806,26.7635466747764,355547619377.245
29.3,-23.2,0.0698713619628986,124084351443.806,26.7635466747764,355547619377.245
29.4,-23.2,0.0698713619628986,124084351443.806,26.7635466747764,355547619377.245
29.5,-23.2,0.0698713619628986,124084351443.806,26.7635466747764,355547619377.245
29.6,-23.2,0.0698713619628986,124084351443.806,26.7635466747764,355547619377.245
29.7,-23.2,0.0666450940001715,36737492420.6849,25.3787099985355,95972373615.021
29.8,-23.2,0.0666450940001715,36737492420.6849,25.3787099985355,95972373615.021
29.9,-23.2,0.0666450940001715,36737492420.6849,25.3787099985355,95972373615.021
30,-23.2,0.0666450940001715,36737492420.6849,25.3787099985355,95972373615.021
30.1,-23.2,0.0666450940001715,36737492420.6849,25.3787099985355,95972373615.021
30.2,-23.2,0.0666450940001715,36737492420.6849,25.3787099985355,95972373615.021
30.3,-23.2,0.0666450940001715,36737492420.6849,25.3787099985355,95972373615.021
30.4,-23.2,0.070846099916662,179402516582.764,27.6129128364733,619676255880.602
30.5,-23.2,0.070846099916662,179402516582.764,27.6129128364733,619676255880.602
30.6,-23.2,0.070846099916662,179402516582.764,27.6129128364733,619676255880.602
30.7,-23.2,0.070846099916662,179402516582.764,27.6129128364733,619676255880.602
30.8,-23.2,0.070846099916662,179402516582.764,27.6129128364733,619676255880.602
30.9,-23.2,0.070846099916662,179402516582.764,27.6129128364733,619676255880.602
31,-23.2,0.0638881485607237,13863299888.2046,28.9295502517638,108663582322.176
31.1,-23.2,0.0638881485607237,13863299888.2046,28.9295502517638,108663582322.176
31.2,-23.2,0.0638881485607237,13863299888.2046,28.9295502517638,108663582322.176
31.3,-23.2,0.0638881485607237,13863299888.2046,28.9295502517638,108663582322.176
31.4,-23.2,0.0638881485607237,13863299888.2046,28.9295502517638,108663582322.176
31.5,-23.2,0.0638881485607237,13863299888.2046,28.9295502517638,108663582322.176
27.9,-23.1,0.065296219259825,23397940370.5179,27.6736156642097,110263227789.428
28,-23.1,0.065296219259825,23397940370.5179,27.6736156642097,110263227789.428
28.1,-23.1,0.065296219259825,23397940370.5179,27.6736156642097,110263227789.428
28.2,-23.1,0.065296219259825,23397940370.5179,27.6736156642097,110263227789.428
28.3,-23.1,0.065296219259825,23397940370.5179,27.6736156642097,110263227789.428
28.4,-23.1,0.065296219259825,23397940370.5179,27.6736156642097,110263227789.428
28.5,-23.1,0.0675313985727552,53065192353.1348,27.5353641933069,211503829282.321
28.6,-23.1,0.0675313985727552,53065192353.1348,27.5353641933069,211503829282.321
28.7,-23.1,0.0675313985727552,53065192353.1348,27.5353641933069,211503829282.321
28.8,-23.1,0.0675313985727552,53065192353.1348,27.5353641933069,211503829282.321
28.9,-23.1,0.0675313985727552,53065192353.1348,27.5353641933069,211503829282.321
29,-23.1,0.0675313985727552,53065192353.1348,27.5353641933069,211503829282.321
29.1,-23.1,0.0698713619628986,124084351443.806,26.7635466747764,355547619377.245
29.2,-23.1,0.0698713619628986,124084351443.806,26.7635466747764,355547619377.245
29.3,-23.1,0.0698713619628986,124084351443.806,26.7635466747764,355547619377.245
29.4,-23.1,0.0698713619628986,124084351443.806,26.7635466747764,355547619377.245
29.5,-23.1,0.0698713619628986,124084351443.806,26.7635466747764,355547619377.245
29.6,-23.1,0.0698713619628986,124084351443.806,26.7635466747764,355547619377.245
29.7,-23.1,0.0666450940001715,36737492420.6849,25.3787099985355,95972373615.021
29.8,-23.1,0.0666450940001715,36737492420.6849,25.3787099985355,95972373615.021
29.9,-23.1,0.0666450940001715,36737492420.6849,25.3787099985355,95972373615.021
30,-23.1,0.0666450940001715,36737492420.6849,25.3787099985355,95972373615.021
30.1,-23.1,0.0666450940001715,36737492420.6849,25.3787099985355,95972373615.021
30.2,-23.1,0.0666450940001715,36737492420.6849,25.3787099985355,95972373615.021
30.3,-23.1,0.0666450940001715,36737492420.6849,25.3787099985355,95972373615.021
30.4,-23.1,0.070846099916662,179402516582.764,27.6129128364733,619676255880.602
30.5,-23.1,0.070846099916662,179402516582.764,27.6129128364733,619676255880.602
30.6,-23.1,0.070846099916662,179402516582.764,27.6129128364733,619676255880.602
30.7,-23.1,0.070846099916662,179402516582.764,27.6129128364733,619676255880.602
30.8,-23.1,0.070846099916662,179402516582.764,27.6129128364733,619676255880.602
30.9,-23.1,0.070846099916662,179402516582.764,27.6129128364733,619676255880.602
31,-23.1,0.0638881485607237,13863299888.2046,28.9295502517638,108663582322.176
31.1,-23.1,0.0638881485607237,13863299888.2046,28.9295502517638,108663582322.176
31.2,-23.1,0.0638881485607237,13863299888.2046,28.9295502517638,108663582322.176
31.3,-23.1,0.0638881485607237,13863299888.2046,28.9295502517638,108663582322.176
31.4,-23.1,0.0638881485607237,13863299888.2046,28.9295502517638,108663582322.176
28,-23,0.065296219259825,23397940370.5179,27.6736156642097,110263227789.428
28.1,-23,0.065296219259825,23397940370.5179,27.6736156642097,110263227789.428
28.2,-23,0.065296219259825,23397940370.5179,27.6736156642097,110263227789.428
28.3,-23,0.065296219259825,23397940370.5179,27.6736156642097,110263227789.428
28.4,-23,0.065296219259825,23397940370.5179,27.6736156642097,110263227789.428
28.5,-23,0.0675313985727552,53065192353.1348,27.5353641933069,211503829282.321
28.6,-23,0.0675313985727552,53065192353.1348,27.5353641933069,211503829282.321
28.7,-23,0.0675313985727552,53065192353.1348,27.5353641933069,211503829282.321
28.8,-23,0.0675313985727552,53065192353.1348,27.5353641933069,211503829282.321
28.9,-23,0.0675313985727552,53065192353.1348,27.5353641933069,211503829282.321
29,-23,0.0675313985727552,53065192353.1348,27.5353641933069,211503829282.321
29.1,-23,0.0698713619628986,124084351443.806,26.7635466747764,355547619377.245
29.2,-23,0.0698713619628986,124084351443.806,26.7635466747764,355547619377.245
29.3,-23,0.0698713619628986,124084351443.806,26.7635466747764,355547619377.245
29.4,-23,0.0698713619628986,124084351443.806,26.7635466747764,355547619377.245
29.5,-23,0.0698713619628986,124084351443.806,26.7635466747764,355547619377.245
29.6,-23,0.0698713619628986,124084351443.806,26.7635466747764,355547619377.245
29.7,-23,0.0666450940001715,36737492420.6849,25.3787099985355,95972373615.021
29.8,-23,0.0666450940001715,36737492420.6849,25.3787099985355,95972373615.021
29.9,-23,0.0666450940001715,36737492420.6849,25.3787099985355,95972373615.021
30,-23,0.0666450940001715,36737492420.6849,25.3787099985355,95972373615.021
30.1,-23,0.0666450940001715,36737492420.6849,25.3787099985355,95972373615.021
30.2,-23,0.0666450940001715,36737492420.6849,25.3787099985355,95972373615.021
30.3,-23,0.0666450940001715,36737492420.6849,25.3787099985355,95972373615.021
30.4,-23,0.070846099916662,179402516582.764,27.6129128364733,619676255880.602
30.5,-23,0.070846099916662,179402516582.764,27.6129128364733,619676255880.602
30.6,-23,0.070846099916662,179402516582.764,27.6129128364733,619676255880.602
30.7,-23,0.070846099916662,179402516582.764,27.6129128364733,619676255880.602
30.8,-23,0.070846099916662,179402516582.764,27.6129128364733,619676255880.602
30.9,-23,0.070846099916662,179402516582.764,27.6129128364733,619676255880.602
31,-23,0.0638881485607237,13863299888.2046,28.9295502517638,108663582322.176
31.1,-23,0.0638881485607237,13863299888.2046,28.9295502517638,108663582322.176
31.2,-23,0.0638881485607237,13863299888.2046,28.9295502517638,108663582322.176
31.3,-23,0.0638881485607237,13863299888.2046,28.9295502517638,108663582322.176
31.4,-23,0.0638881485607237,13863299888.2046,28.9295502517638,108663582322.176
28.1,-22.9,0.065296219259825,23397940370.5179,27.6736156642097,110263227789.428
28.2,-22.9,0.065296219259825,23397940370.5179,27.6736156642097,110263227789.428
28.3,-22.9,0.065296219259825,23397940370.5179,27.6736156642097,110263227789.428
28.4,-22.9,0.065296219259825,23397940370.5179,27.6736156642097,110263227789.428
28.5,-22.9,0.0675313985727552,53065192353.1348,27.5353641933069,211503829282.321
28.6,-22.9,0.0675313985727552,53065192353.1348,27.5353641933069,211503829282.321
28.7,-22.9,0.0675313985727552,53065192353.1348,27.5353641933069,211503829282.321
28.8,-22.9,0.0675313985727552,53065192353.1348,27.5353641933069,211503829282.321
28.9,-22.9,0.0675313985727552,53065192353.1348,27.5353641933069,211503829282.321
29,-22.9,0.0675313985727552,53065192353.1348,27.5353641933069,211503829282.321
29.1,-22.9,0.0698713619628986,124084351443.806,26.7635466747764,355547619377.245
29.2,-22.9,0.0698713619628986,124084351443.806,26.7635466747764,355547619377.245
29.3,-22.9,0.0698713619628986,124084351443.806,26.7635466747764,355547619377.245
29.4,-22.9,0.0698713619628986,124084351443.806,26.7635466747764,355547619377.245
29.5,-22.9,0.0698713619628986,124084351443.806,26.7635466747764,355547619377.245
29.6,-22.9,0.0698713619628986,124084351443.806,26.7635466747764,355547619377.245
29.7,-22.9,0.0666450940001715,36737492420.6849,25.3787099985355,95972373615.021
29.8,-22.9,0.0666450940001715,36737492420.6849,25.3787099985355,95972373615.021
29.9,-22.9,0.0666450940001715,36737492420.6849,25.3787099985355,95972373615.021
30,-22.9,0.0666450940001715,36737492420.6849,25.3787099985355,95972373615.021
30.1,-22.9,0.0666450940001715,36737492420.6849,25.3787099985355,95972373615.021
30.2,-22.9,0.0666450940001715,36737492420.6849,25.3787099985355,95972373615.021
30.3,-22.9,0.0666450940001715,36737492420.6849,25.3787099985355,95972373615.021
30.4,-22.9,0.070846099916662,179402516582.764,27.6129128364733,619676255880.602
30.5,-22.9,0.070846099916662,179402516582.764,27.6129128364733,619676255880.602
30.6,-22.9,0.070846099916662,179402516582.764,27.6129128364733,619676255880.602
30.7,-22.9,0.070846099916662,179402516582.764,27.6129128364733,619676255880.602
30.8,-22.9,0.070846099916662,179402516582.764,27.6129128364733,619676255880.602
30.9,-22.9,0.070846099916662,179402516582.764,27.6129128364733,619676255880.602
31,-22.9,0.0638881485607237,13863299888.2046,28.9295502517638,108663582322.176
31.1,-22.9,0.0638881485607237,13863299888.2046,28.9295502517638,108663582322.176
31.2,-22.9,0.0638881485607237,13863299888.2046,28.9295502517638,108663582322.176
31.3,-22.9,0.0638881485607237,13863299888.2046,28.9295502517638,108663582322.176
31.4,-22.9,0.0638881485607237,13863299888.2046,28.9295502517638,108663582322.176
28.2,-22.8,0.065296219259825,23397940370.5179,27.6736156642097,110263227789.428
28.3,-22.8,0.065296219259825,23397940370.5179,27.6736156642097,110263227789.428
28.4,-22.8,0.065296219259825,23397940370.5179,27.6736156642097,110263227789.428
28.5,-22.8,0.0675313985727552,53065192353.1348,27.5353641933069,211503829282.321
28.6,-22.8,0.0675313985727552,53065192353.1348,27.5353641933069,211503829282.321
28.7,-22.8,0.0675313985727552,53065192353.1348,27.5353641933069,211503829282.321
28.8,-22.8,0.0675313985727552,53065192353.1348,27.5353641933069,211503829282.321
28.9,-22.8,0.0675313985727552,53065192353.1348,27.5353641933069,211503829282.321
29,-22.8,0.0675313985727552,53065192353.1348,27.5353641933069,211503829282.321
29.1,-22.8,0.0698713619628986,124084351443.806,26.7635466747764,355547619377.245
29.2,-22.8,0.0698713619628986,124084351443.806,26.7635466747764,355547619377.245
29.3,-22.8,0.0698713619628986,124084351443.806,26.7635466747764,355547619377.245
29.4,-22.8,0.0698713619628986,124084351443.806,26.7635466747764,355547619377.245
29.5,-22.8,0.0698713619628986,124084351443.806,26.7635466747764,355547619377.245
29.6,-22.8,0.0698713619628986,124084351443.806,26.7635466747764,355547619377.245
29.7,-22.8,0.0666450940001715,36737492420.6849,25.3787099985355,95972373615.021
29.8,-22.8,0.0666450940001715,36737492420.6849,25.3787099985355,95972373615.021
29.9,-22.8,0.0666450940001715,36737492420.6849,25.3787099985355,95972373615.021
30,-22.8,0.0666450940001715,36737492420.6849,25.3787099985355,95972373615.021
30.1,-22.8,0.0666450940001715,36737492420.6849,25.3787099985355,95972373615.021
30.2,-22.8,0.0666450940001715,36737492420.6849,25.3787099985355,95972373615.021
30.3,-22.8,0.0666450940001715,36737492420.6849,25.3787099985355,95972373615.021
30.4,-22.8,0.070846099916662,179402516582.764,27.6129128364733,619676255880.602
30.5,-22.8,0.070846099916662,179402516582.764,27.6129128364733,619676255880.602
30.6,-22.8,0.070846099916662,179402516582.764,27.6129128364733,619676255880.602
30.7,-22.8,0.070846099916662,179402516582.764,27.6129128364733,619676255880.602
30.8,-22.8,0.070846099916662,179402516582.764,27.6129128364733,619676255880.602
30.9,-22.8,0.070846099916662,179402516582.764,27.6129128364733,619676255880.602
31,-22.8,0.0638881485607237,13863299888.2046,28.9295502517638,108663582322.176
31.1,-22.8,0.0638881485607237,13863299888.2046,28.9295502517638,108663582322.176
31.2,-22.8,0.0638881485607237,13863299888.2046,28.9295502517638,108663582322.176
31.3,-22.8,0.0638881485607237,13863299888.2046,28.9295502517638,108663582322.176
31.4,-22.8,0.0638881485607237,13863299888.2046,28.9295502517638,108663582322.176
28.3,-22.7,0.0649473981460541,20588073829.1574,27.7993577012868,107543668493.079
28.4,-22.7,0.0649473981460541,20588073829.1574,27.7993577012868,107543668493.079
28.5,-22.7,0.0627424905826055,9177998899.34161,28.2221722270189,64137804215.5833
28.6,-22.7,0.0627424905826055,9177998899.34161,28.2221722270189,64137804215.5833
28.7,-22.7,0.0627424905826055,9177998899.34161,28.2221722270189,64137804215.5833
28.8,-22.7,0.0627424905826055,9177998899.34161,28.2221722270189,64137804215.5833
28.9,-22.7,0.0627424905826055,9177998899.34161,28.2221722270189,64137804215.5833
29,-22.7,0.0627424905826055,9177998899.34161,28.2221722270189,64137804215.5833
29.1,-22.7,0.0653184084810667,23652482934.3782,28.1293705079817,137644021574.477
29.2,-22.7,0.0653184084810667,23652482934.3782,28.1293705079817,137644021574.477
29.3,-22.7,0.0653184084810667,23652482934.3782,28.1293705079817,137644021574.477
29.4,-22.7,0.0653184084810667,23652482934.3782,28.1293705079817,137644021574.477
29.5,-22.7,0.0653184084810667,23652482934.3782,28.1293705079817,137644021574.477
29.6,-22.7,0.0653184084810667,23652482934.3782,28.1293705079817,137644021574.477
29.7,-22.7,0.0667924269886177,40570418745.8515,28.1899615803767,219610078134.749
29.8,-22.7,0.0667924269886177,40570418745.8515,28.1899615803767,219610078134.749
29.9,-22.7,0.0667924269886177,40570418745.8515,28.1899615803767,219610078134.749
30,-22.7,0.0667924269886177,40570418745.8515,28.1899615803767,219610078134.749
30.1,-22.7,0.0667924269886177,40570418745.8515,28.1899615803767,219610078134.749
30.2,-22.7,0.0667924269886177,40570418745.8515,28.1899615803767,219610078134.749
30.3,-22.7,0.0667924269886177,40570418745.8515,28.1899615803767,219610078134.749
30.4,-22.7,0.067300055502025,48760084497.3545,28.3288053729043,259236951418.443
30.5,-22.7,0.067300055502025,48760084497.3545,28.3288053729043,259236951418.443
30.6,-22.7,0.067300055502025,48760084497.3545,28.3288053729043,259236951418.443
30.7,-22.7,0.067300055502025,48760084497.3545,28.3288053729043,259236951418.443
30.8,-22.7,0.067300055502025,48760084497.3545,28.3288053729043,259236951418.443
30.9,-22.7,0.067300055502025,48760084497.3545,28.3288053729043,259236951418.443
31,-22.7,0.0613195134251143,5393878186.28775,29.1636949838529,49077338216.451
31.1,-22.7,0.0613195134251143,5393878186.28775,29.1636949838529,49077338216.451
31.2,-22.7,0.0613195134251143,5393878186.28775,29.1636949838529,49077338216.451
31.3,-22.7,0.0613195134251143,5393878186.28775,29.1636949838529,49077338216.451
28.4,-22.6,0.0649473981460541,20588073829.1574,27.7993577012868,107543668493.079
28.5,-22.6,0.0627424905826055,9177998899.34161,28.2221722270189,64137804215.5833
28.6,-22.6,0.0627424905826055,9177998899.34161,28.2221722270189,64137804215.5833
28.7,-22.6,0.0627424905826055,9177998899.34161,28.2221722270189,64137804215.5833
28.8,-22.6,0.0627424905826055,9177998899.34161,28.2221722270189,64137804215.5833
28.9,-22.6,0.0627424905826055,9177998899.34161,28.2221722270189,64137804215.5833
29,-22.6,0.0627424905826055,9177998899.34161,28.2221722270189,64137804215.5833
29.1,-22.6,0.0653184084810667,23652482934.3782,28.1293705079817,137644021574.477
29.2,-22.6,0.0653184084810667,23652482934.3782,28.1293705079817,137644021574.477
29.3,-22.6,0.0653184084810667,23652482934.3782,28.1293705079817,137644021574.477
29.4,-22.6,0.0653184084810667,23652482934.3782,28.1293705079817,137644021574.477
29.5,-22.6,0.0653184084810667,23652482934.3782,28.1293705079817,137644021574.477
29.6,-22.6,0.0653184084810667,23652482934.3782,28.1293705079817,137644021574.477
29.7,-22.6,0.0667924269886177,40570418745.8515,28.1899615803767,219610078134.749
29.8,-22.6,0.0667924269886177,40570418745.8515,28.1899615803767,219610078134.749
29.9,-22.6,0.0667924269886177,40570418745.8515,28.1899615803767,219610078134.749
30,-22.6,0.0667924269886177,40570418745.8515,28.1899615803767,219610078134.749
30.1,-22.6,0.0667924269886177,40570418745.8515,28.1899615803767,219610078134.749
30.2,-22.6,0.0667924269886177,40570418745.8515,28.1899615803767,219610078134.749
30.3,-22.6,0.0667924269886177,40570418745.8515,28.1899615803767,219610078134.749
30.4,-22.6,0.067300055502025,48760084497.3545,28.3288053729043,259236951418.443
30.5,-22.6,0.067300055502025,48760084497.3545,28.3288053729043,259236951418.443
30.6,-22.6,0.067300055502025,48760084497.3545,28.3288053729043,259236951418.443
30.7,-22.6,0.067300055502025,48760084497.3545,28.3288053729043,259236951418.443
30.8,-22.6,0.067300055502025,48760084497.3545,28.3288053729043,259236951418.443
30.9,-22.6,0.067300055502025,48760084497.3545,28.3288053729043,259236951418.443
31,-22.6,0.0613195134251143,5393878186.28775,29.1636949838529,49077338216.451
31.1,-22.6,0.0613195134251143,5393878186.28775,29.1636949838529,49077338216.451
31.2,-22.6,0.0613195134251143,5393878186.28775,29.1636949838529,49077338216.451
31.3,-22.6,0.0613195134251143,5393878186.28775,29.1636949838529,49077338216.451
28.8,-22.5,0.0627424905826055,9177998899.34161,28.2221722270189,64137804215.5833
28.9,-22.5,0.0627424905826055,9177998899.34161,28.2221722270189,64137804215.5833
29,-22.5,0.0627424905826055,9177998899.34161,28.2221722270189,64137804215.5833
29.1,-22.5,0.0653184084810667,23652482934.3782,28.1293705079817,137644021574.477
29.2,-22.5,0.0653184084810667,23652482934.3782,28.1293705079817,137644021574.477
29.3,-22.5,0.0653184084810667,23652482934.3782,28.1293705079817,137644021574.477
29.4,-22.5,0.0653184084810667,23652482934.3782,28.1293705079817,137644021574.477
29.5,-22.5,0.0653184084810667,23652482934.3782,28.1293705079817,137644021574.477
29.6,-22.5,0.0653184084810667,23652482934.3782,28.1293705079817,137644021574.477
29.7,-22.5,0.0667924269886177,40570418745.8515,28.1899615803767,219610078134.749
29.8,-22.5,0.0667924269886177,40570418745.8515,28.1899615803767,219610078134.749
29.9,-22.5,0.0667924269886177,40570418745.8515,28.1899615803767,219610078134.749
30,-22.5,0.0667924269886177,40570418745.8515,28.1899615803767,219610078134.749
30.1,-22.5,0.0667924269886177,40570418745.8515,28.1899615803767,219610078134.749
30.2,-22.5,0.0667924269886177,40570418745.8515,28.1899615803767,219610078134.749
30.3,-22.5,0.0667924269886177,40570418745.8515,28.1899615803767,219610078134.749
30.4,-22.5,0.067300055502025,48760084497.3545,28.3288053729043,259236951418.443
30.5,-22.5,0.067300055502025,48760084497.3545,28.3288053729043,259236951418.443
30.6,-22.5,0.067300055502025,48760084497.3545,28.3288053729043,259236951418.443
30.7,-22.5,0.067300055502025,48760084497.3545,28.3288053729043,259236951418.443
30.8,-22.5,0.067300055502025,48760084497.3545,28.3288053729043,259236951418.443
30.9,-22.5,0.067300055502025,48760084497.3545,28.3288053729043,259236951418.443
31,-22.5,0.0613195134251143,5393878186.28775,29.1636949838529,49077338216.451
31.1,-22.5,0.0613195134251143,5393878186.28775,29.1636949838529,49077338216.451
31.2,-22.5,0.0613195134251143,5393878186.28775,29.1636949838529,49077338216.451
31.3,-22.5,0.0613195134251143,5393878186.28775,29.1636949838529,49077338216.451
29,-22.4,0.0627424905826055,9177998899.34161,28.2221722270189,64137804215.5833
29.1,-22.4,0.0653184084810667,23652482934.3782,28.1293705079817,137644021574.477
29.2,-22.4,0.0653184084810667,23652482934.3782,28.1293705079817,137644021574.477
29.3,-22.4,0.0653184084810667,23652482934.3782,28.1293705079817,137644021574.477
29.4,-22.4,0.0653184084810667,23652482934.3782,28.1293705079817,137644021574.477
29.5,-22.4,0.0653184084810667,23652482934.3782,28.1293705079817,137644021574.477
29.6,-22.4,0.0653184084810667,23652482934.3782,28.1293705079817,137644021574.477
29.7,-22.4,0.0667924269886177,40570418745.8515,28.1899615803767,219610078134.749
29.8,-22.4,0.0667924269886177,40570418745.8515,28.1899615803767,219610078134.749
29.9,-22.4,0.0667924269886177,40570418745.8515,28.1899615803767,219610078134.749
30,-22.4,0.0667924269886177,40570418745.8515,28.1899615803767,219610078134.749
30.1,-22.4,0.0667924269886177,40570418745.8515,28.1899615803767,219610078134.749
30.2,-22.4,0.0667924269886177,40570418745.8515,28.1899615803767,219610078134.749
30.3,-22.4,0.0667924269886177,40570418745.8515,28.1899615803767,219610078134.749
30.4,-22.4,0.067300055502025,48760084497.3545,28.3288053729043,259236951418.443
30.5,-22.4,0.067300055502025,48760084497.3545,28.3288053729043,259236951418.443
30.6,-22.4,0.067300055502025,48760084497.3545,28.3288053729043,259236951418.443
30.7,-22.4,0.067300055502025,48760084497.3545,28.3288053729043,259236951418.443
30.8,-22.4,0.067300055502025,48760084497.3545,28.3288053729043,259236951418.443
30.9,-22.4,0.067300055502025,48760084497.3545,28.3288053729043,259236951418.443
31,-22.4,0.0613195134251143,5393878186.28775,29.1636949838529,49077338216.451
31.1,-22.4,0.0613195134251143,5393878186.28775,29.1636949838529,49077338216.451
31.2,-22.4,0.0613195134251143,5393878186.28775,29.1636949838529,49077338216.451
29.1,-22.3,0.0653184084810667,23652482934.3782,28.1293705079817,137644021574.477
29.2,-22.3,0.0653184084810667,23652482934.3782,28.1293705079817,137644021574.477
29.3,-22.3,0.0653184084810667,23652482934.3782,28.1293705079817,137644021574.477
29.4,-22.3,0.0653184084810667,23652482934.3782,28.1293705079817,137644021574.477
29.5,-22.3,0.0653184084810667,23652482934.3782,28.1293705079817,137644021574.477
29.6,-22.3,0.0653184084810667,23652482934.3782,28.1293705079817,137644021574.477
29.7,-22.3,0.0667924269886177,40570418745.8515,28.1899615803767,219610078134.749
29.8,-22.3,0.0667924269886177,40570418745.8515,28.1899615803767,219610078134.749
29.9,-22.3,0.0667924269886177,40570418745.8515,28.1899615803767,219610078134.749
30,-22.3,0.0667924269886177,40570418745.8515,28.1899615803767,219610078134.749
30.1,-22.3,0.0667924269886177,40570418745.8515,28.1899615803767,219610078134.749
30.2,-22.3,0.0667924269886177,40570418745.8515,28.1899615803767,219610078134.749
30.7,-22.3,0.067300055502025,48760084497.3545,28.3288053729043,259236951418.443
30.8,-22.3,0.067300055502025,48760084497.3545,28.3288053729043,259236951418.443
30.9,-22.3,0.067300055502025,48760084497.3545,28.3288053729043,259236951418.443
31,-22.3,0.0613195134251143,5393878186.28775,29.1636949838529,49077338216.451
29.3,-22.2,0.059886282426028,3226676927.29092,28.7500982292363,31491050626.4286
29.4,-22.2,0.059886282426028,3226676927.29092,28.7500982292363,31491050626.4286
29.5,-22.2,0.059886282426028,3226676927.29092,28.7500982292363,31491050626.4286
29.6,-22.2,0.059886282426028,3226676927.29092,28.7500982292363,31491050626.4286
29.7,-22.2,0.062472098962661,8328893956.71671,28.5850286113013,66056705615.2507
29.8,-22.2,0.062472098962661,8328893956.71671,28.5850286113013,66056705615.2507
29.9,-22.2,0.062472098962661,8328893956.71671,28.5850286113013,66056705615.2507
